主字段,章节,等级,知识解析,拓展解析
中医学定义,中医基础理论::绪论::中医学的基本概念,1,定义::以[[整体观念]]为指导思想，以[[脏腑经络]]的生理和病理为基础，以[[辨证论治]]为诊疗特点，研究人的生命规律以及疾病的发生、发展和防治规律<br>###核心::三大核心要素：整体观念（思想指导）、脏腑经络（理论基础）、辨证论治（临床特色）,研究::兼研究养生、康复等促进健康、延长寿命的方法
理论体系形成基础与标志,中医基础理论::绪论::形成与发展::先秦至汉,1,基础::①[[古代自然科学]]的渗透；②[[古代哲学思想]]的影响；③对生命现象的长期观察；④长期医疗经验的积累<br>###标志::《黄帝内经》《难经》《伤寒杂病论》《神农本草经》等著作的问世,早期::《山海经》记载[[38种]]疾病；《五十二病方》记载[[52种]]病证，病名103个
《黄帝内经》,中医基础理论::绪论::形成与发展::先秦至汉,1,地位::中医学理论体系[[初步形成]]的标志，是理论体系形成的基础与源泉<br>###内容::构建了中医学理论体系基本框架；建立以[[五脏为中心]]的功能系统；创立[[经络学说]]<br>###贡献::奠定[[藏象经络理论]]基础；提出[[治未病]]观点；提出诊病[[四德]],调节::以精、气、血、津液、神的作用维系和调节脏腑形体官窍的生理功能
《难经》,中医基础理论::绪论::形成与发展::先秦至汉,2,脉学::对脉学特别是[[寸口脉诊]]有较详细而系统的论述和创见<br>###理论::阐扬和发展藏象理论中[[命门]]、[[三焦]]以及经络理论,地位::补充《内经》不足，与《内经》同为后世指导临床实践的理论基础
《伤寒杂病论》,中医基础理论::绪论::形成与发展::先秦至汉,1,作者::张机（字仲景），后世尊称[[医圣]]<br>###地位::中医学第一部[[辨证论治]]专著，确立了辨证论治理论体系<br>###内容::《伤寒论》创造性提出[[六经辨证]]理论；《金匮要略》以脏腑论内伤杂病,方剂::创立了对外感、内伤疾病的辨证纲领和治疗方剂，后世尊为[[医方之祖]]<br>###病因::千般疢难不越三条：经络受邪入脏腑（内因）、血脉壅塞（外因）、房室金刃虫兽所伤（不内外因），给后世三因学说以深刻影响
《神农本草经》,中医基础理论::绪论::形成与发展::先秦至汉,1,地位::现存最早的[[药学专著]]，收载药物[[365种]]，分上中下三品<br>###药性::奠定中药学[[四气五味]]药性理论基础：寒、凉、温、热四性；酸、苦、甘、辛、咸五味<br>###原则::明确[[治寒以热药，治热以寒药]]的用药原则,配伍::提出[[七情和合]]的药物配伍理论
《脉经》,中医基础理论::绪论::形成与发展::晋,2,作者::王叔和<br>###地位::第一部[[脉学专著]]<br>###内容::提倡[[寸口诊法]]；论述[[24种]]病脉的脉象形态及所主病证；提出[[八组相类脉]]的脉象鉴别,影响::推动了寸口脉诊法的普遍应用
《针灸甲乙经》,中医基础理论::绪论::形成与发展::晋,2,作者::皇甫谧<br>###地位::现存最早的[[针灸学专著]]<br>###内容::系统阐述藏象、经络、[[腧穴]]、标本、[[九针]]、刺法、诊法、病证、治法等,应用::详述针灸用针形状制作、针灸禁忌、经络与孔穴部位考订、临床适应证与操作方法
《肘后备急方》,中医基础理论::绪论::形成与发展::晋,2,作者::葛洪<br>###地位::第一部[[临床急症]]著作<br>###内容::论述外感热病、传染性疾病、皮肤病、疮疡外科及骨伤科病,"贡献::记载""青蒿一握，以水二升绞取汁，尽服之""治寒热病及各种疟疾"
《诸病源候论》,中医基础理论::绪论::形成与发展::隋,2,作者::巢元方<br>###地位::第一部[[病因病机证候学]]专著<br>###内容::以[[1729论]]分述诸科病证的病因、病机和症状，尤重于病源研究,"创见::指出疥疮由[[疥虫]]所致；寸白虫因食不熟牛肉造成；传染病由自然界[[乖戾之气]]引起，有""转相染易""特点<br>###调护::诸证之末多附有【[*导引法::通过呼吸吐纳和肢体运动来养生治病的方法*]】"
《千金方》,中医基础理论::绪论::形成与发展::唐,2,作者::孙思邈，后世尊为[[药王]]<br>###地位::包括《备急千金要方》与《千金翼方》，是我国第一部[[医学百科全书]]<br>###内容::涉及脏腑之论、针灸之法、脉证之辨、食治之宜、养生之术、备急之方等,伦理::提出[[大医精诚]]为医学道德准则，开创中国医学伦理学之先河<br>###方剂::《备急千金要方》保存唐以前大量古方，对方剂学发展作出重大贡献
《小儿药证直诀》,中医基础理论::绪论::形成与发展::宋,2,"作者::钱乙<br>###贡献::开创[[脏腑证治]]先河，将五脏辨证方法运用于临床实践<br>###体质::小儿""[[血气未实]]""""五脏六腑，成而未全，全而未壮""<br>###病机::""[[脏腑柔弱]]，易虚易实，易寒易热""",治法::治疗强调[[补泻要同时调理]]以善其后
三因学说,中医基础理论::绪论::形成与发展::宋,1,作者::陈无择《三因极一病证方论》<br>###分类::[[外感六淫]]为外因；[[七情内伤]]为内因；饮食所伤、虫兽所伤、跌打损伤等为[[不内外因]],影响::以病因与病证相结合的方法系统阐述三因理论，对后世病因学发展影响深远
金元四大家,中医基础理论::绪论::形成与发展::金元时期,1,概述::[[刘完素]]、[[张从正]]、[[李杲]]、[[朱震亨]]，后人尊称为[[金元四大家]]<br>###意义::对中医理论和实践有突破性创新，对中医学发展起到里程碑作用,派别::刘完素—寒凉派；张从正—攻邪派；李杲—补土派；朱震亨—滋阴派
刘完素,中医基础理论::绪论::形成与发展::金元时期,1,"派别::[[寒凉派]]<br>###著作::《素问玄机原病式》<br>###主张::主火论，提出""[[六气皆从火化]]""""[[五志过极皆能化火]]""为外感和内伤疾病主要病机",治法::治疗中多用[[寒凉药]]
张从正,中医基础理论::绪论::形成与发展::金元时期,1,"派别::[[攻下派]]（攻邪派）<br>###著作::《儒门事亲》<br>###主张::力倡攻邪论，提出""[[病由邪生]]""，邪非人身所有，""[[邪去正自安]]""","治法::""养生当论食补，[[治病当用药攻]]""，多用[[汗、吐、下]]三法"
李杲,中医基础理论::绪论::形成与发展::金元时期,1,"派别::[[补土派]]<br>###著作::《脾胃论》<br>###主张::力倡脾胃论，提出""[[内伤脾胃，百病由生]]""""胃虚，元气不足，诸病所生""",师承::师从[[张元素]]（易水学派创始人）<br>###治法::强调[[胃气]]对发病的决定性作用，善用温补脾胃之法，对脾胃升降理论多有阐发
朱震亨,中医基础理论::绪论::形成与发展::金元时期,1,"派别::[[滋阴派]]（养阴派）<br>###著作::《格致余论》<br>###主张::力倡相火论，主张""[[阳常有余，阴常不足]]""","相火::生理相火有""[[生生不息]]""功能；相火妄动属病理邪火，能煎熬真阴<br>###治法::善用[[滋阴降火]]，善用养阴药"
命门学说,中医基础理论::绪论::形成与发展::明,2,核心::命门所藏的[[阴阳水火]]是全身五脏六腑阴阳的根本<br>###地位::命门是调节全身脏腑阴阳的[[枢纽]]，其阴阳盛衰决定全身脏腑阴阳盛衰,学派::[[温补学派]]代表：张介宾、赵献可
张介宾,中医基础理论::绪论::形成与发展::明,2,"著作::《景岳全书》<br>###主张::提出""[[阳非有余]]""""[[真阴不足]]""的见解，对朱丹溪""阳有余阴不足论""提出不同看法",治法::强调温补[[肾阳]]和滋养[[肾阴]]在养生康复与防治疾病中的重要性
赵献可,中医基础理论::绪论::形成与发展::明,3,"著作::《医贯》<br>###主张::认为[[命门]]为人身之主，注重""命门之火""在养生、防病中的重要意义",学派::属温补学派，与张介宾同为主张温补命门之火的代表
《本草纲目》,中医基础理论::绪论::形成与发展::明,2,作者::李时珍<br>###内容::载中药[[1892种]]，分为[[16部60类]]，总结明以前历代药物学实践经验和理论,影响::在世界医药学发展史上具有重要地位<br>###脉学::另著《濒湖脉学》，论脉精辟，为脉学门径之书，流传甚广
李中梓,中医基础理论::绪论::形成与发展::明,2,"主张::提出""[[肾为先天本，脾为后天本]]""""[[乙癸同源]]""的见解",治法::主张治疗疾病当固[[先后天根本]]
吴又可,中医基础理论::绪论::形成与发展::明,1,"著作::《温疫论》<br>###学说::创【[*戾气::不同于六淫的一类强烈致病邪气*]】学说，提出温疫病因为""戾气""而非一般[[六淫]]病邪","特征::戾气多""从口鼻而入""，常相互传染形成广泛流行；不同疫病有不同发病季节；人与禽畜皆有疫病<br>###名言::""非风非寒非暑非湿，乃天地间别有一种异气所成"""
明代其他著作,中医基础理论::绪论::形成与发展::明,3,徐春甫::《古今医统大全》辑录[[230余部]]医籍，为著名中医学全书<br>###王肯堂::《证治准绳》以临床各科疾病方证为主，为著名中医学临床医学丛书,
温病理论概述,中医基础理论::绪论::形成与发展::清,1,定义::温病是感受[[温邪]]所引起的一类外感急性热病的总称<br>###发展::理论源自《内经》《难经》《伤寒杂病论》，至[[明清]]臻于成熟,贡献者::明代吴有性及清代叶桂、薛雪、吴玠、王士雄等对温病理论和实践创新作出卓越贡献
叶桂,中医基础理论::绪论::形成与发展::清,1,"著作::《温热论》<br>###学说::创温热病的[[卫气营血辨证]]理论<br>###传变::阐明卫→气→营→血四阶段顺传；""[[温邪上受，首先犯肺，逆传心包]]""为逆传","杂病::《临证指南医案》提出""[[久病入络]]""""[[久痛入络]]""之论，完善创新了络病学说"
薛雪,中医基础理论::绪论::形成与发展::清,2,著作::《湿热条辨》<br>###贡献::创新温病理论的[[湿热病因]]理论，阐明湿热病的病因、症状、传变规律、治则治法,地位::与叶桂、吴玠、王士雄并称为温病四大家
吴玠,中医基础理论::绪论::形成与发展::清,1,"著作::《温病条辨》<br>###学说::创立温热病的[[三焦辨证]]理论<br>###传变::""凡病温者，始于上焦，在手太阴""→上焦传中焦（胃与脾）→中焦传下焦（肝与肾）",
王士雄,中医基础理论::绪论::形成与发展::清,2,"著作::《温热经纬》《霍乱论》<br>###贡献::明确提出""[[新感]]""""[[伏邪]]""两大辨证纲领",方法::以《内经》《伤寒论》理论为经，取叶桂、薛雪等诸家之说为纬，重视审同察异、灵活施治
吴谦,中医基础理论::绪论::形成与发展::清,3,著作::《医宗金鉴》<br>###地位::太医院的中医学[[教科书]]<br>###内容::临床各科理法方药歌诀俱备,
王清任,中医基础理论::绪论::形成与发展::清,2,"著作::《医林改错》<br>###贡献::改正古医籍中人体解剖方面某些错误；肯定""[[灵机记性不在心在脑]]""",理论::发展了[[瘀血致病]]理论，创立多首治疗瘀血病证的有效方剂，对气血理论发展作出重要贡献
整体观念,中医基础理论::绪论::基本特点::整体观念,1,定义::人体是一个[[有机的整体]]，并与[[自然环境]]、[[社会环境]]相统一,内容::包括两大方面：人体是有机整体；人与外界环境（自然、社会）的统一性
五脏一体观,中医基础理论::绪论::基本特点::整体观念,1,定义::人体的各个部分在功能结构上是[[完整统一]]的<br>###内容::以五脏为中心，配合六腑，通过经络系统联络五体、五官、九窍等，构成有机整体,
形神一体观,中医基础理论::绪论::基本特点::整体观念,1,"定义::人的[[形体]]与[[精神]]相互依附、不可分割<br>###表述::即""[[形与神俱]]""",
精气神一体观,中医基础理论::绪论::基本特点::整体观念,1,定义::精、气、神为人之[[三宝]]<br>###关系::精可化气，气可化精，[[精气生神]]，精气养神，而神驭精与气,补充::精可概括为精、血、津液
病理与诊治整体性,中医基础理论::绪论::基本特点::整体观念,2,"病理::分析病证机制时着眼整体，""[[有诸内，必形诸外]]""<br>###诊断::""视其外应，以知其内脏""——整体把握[[病机]]<br>###治疗::""从阴引阳，从阳引阴""；""病上者下取之，病下者上取之""",
人与自然—季节气候,中医基础理论::绪论::基本特点::整体观念,1,"生理::四时春温夏热秋凉冬寒对应春生夏长秋收冬藏，人体须与之适应<br>###脉象::""[[春弦夏洪，秋毛冬石]]，四季和缓，谓之平脉""<br>###经络::""天温日明则血津液而卫气浮，天寒日阴则人血凝泣而卫气沉""","病理::""春善病鼽衄，仲夏善病胸胁，长夏善病洞泄寒中，秋善病风疟，冬善病痹厥""<br>###汗液::""天暑衣厚则腠理开，故汗出；天寒则腠理闭……水下留于膀胱，则为溺与气"""
人与自然—因时防治,中医基础理论::绪论::基本特点::整体观念,1,"原则::[[因时制宜]]，四时养生<br>###名言::""必先岁气，无伐天和""；""法于四时""；""[[春夏养阳，秋冬养阴]]""；""虚邪贼风，避之有时""","治法::""[[冬病夏治]]""""[[夏病冬治]]""；""动作以避寒，阴居以避暑"""
人与自然—昼夜晨昏,中医基础理论::绪论::基本特点::整体观念,2,"生理::""阳气者，一日而主外，[[平旦人气生]]，日中而阳气隆，日西而阳气已虚，气门乃闭""<br>###病理::""夫百病者，多以[[旦慧、昼安、夕加、夜甚]]""","防治::""【[*子午流注针法::按日按时辰选取特定穴位进行针灸的方法*]】"""
人与自然—地域环境,中医基础理论::绪论::基本特点::整体观念,2,"生理::地域气候差异影响人体：江南多湿热，腠理多稀疏；北方多寒燥，腠理多致密<br>###防治::[[因地制宜]]，""医之治病也，一病而治各不同，皆愈……地势使然也""","病理::""小者小异""""大者大异""，东方之域其病为痈疡，南方者其病为挛痹"
人与社会环境,中医基础理论::绪论::基本特点::整体观念,2,"生理::社会环境不同，造就个人身心机能与体质的差异<br>###病理::剧烈骤然变化的社会环境影响脏腑经络生理功能；""[[尝贵后贱]]""可致""脱营""，""[[尝富后贫]]""可致""失精""",
病·症·证,中医基础理论::绪论::基本特点::辨证论治,1,病::邪气作用人体引起机体阴阳失调的完整生命过程，有特定病因、发病规律和病理演变（[[全过程]]）<br>###症::疾病过程中个别、孤立的现象，包括症状与体征（[[现阶段]]）<br>###证::疾病发展过程中某一阶段或某一类型的病理概括，包含病因、病位、病性、病势及邪正关系（[[阶段性]]）,区别::病是全过程的异常生命过程；症是孤立的外在表现；证是阶段性病机本质概括
辨证,中医基础理论::绪论::基本特点::辨证论治,1,定义::将四诊收集的症状与体征，辨清病因、病性、病位、病势，综合判断为某种性质的证候<br>###四辨::辨[[病因]]（发生原因与机理）、辨[[病位]]（疾病所在部位）、辨[[病性]]（虚实寒热）、辨[[病势]]（发展变化趋势及转归）,
论治,中医基础理论::绪论::基本特点::辨证论治,1,定义::根据辨证分析确定治疗原则与治疗方法<br>###步骤::[[因证立法]]→[[随法选方]]→[[据方施治]],关系::辨证是论治的[[前提与依据]]；论治是治疗手段与方法，也可检验辨证正确与否
同病异治,中医基础理论::绪论::基本特点::辨证论治,1,定义::同一种疾病，因多种因素导致证候不同，治疗也有差异<br>###举例::感冒因病因病机和体质差异出现风寒、风热等不同证候，有辛温解表、辛凉解表等不同治法,举例::麻疹不同阶段治法不同：初期解表透疹，中期清肺热，后期滋养肺胃阴
异病同治,中医基础理论::绪论::基本特点::辨证论治,1,定义::不同疾病出现大致相同的病机和证，可用大致相同的治法<br>###举例::久泻脱肛和子宫下垂均表现为[[中气下陷证]]，均可[[升提中气]],"核心::中医治病着眼于[[病机]]的区别，""证同治亦同，证异治亦异"""
精气学说概述,中医基础理论::中医哲学基础::精气学说,1,定义::研究[[精气]]内涵及其运动变化规律的学说，是有关宇宙生成及发展变化的古代哲学思想<br>###核心::精气是宇宙的[[本原]]；宇宙是万物相通的[[有机整体]]；人类亦由精气构成,来源::精气首见于《周易·系辞上》与《管子》<br>###发展::精气概念源于【[*水地说::将水中之精视为万物本原的古代哲学认识*】，气概念源于【[*云气说::以云气变化来认识气的古代哲学认识*】，后汇流发展为[[气一元论]]
精的概念,中医基础理论::中医哲学基础::精气学说,1,定义::精，又称精气，一般[[泛指气]]，是充塞宇宙之中的无形而运动不息的极细微物质<br>###特指::某些情况下专指气中的[[精粹部分]]，是构成人类的本原,哲学::《论衡》认为精气是[[元气]]最精微的部分，是构成人体及其道德精神的精微之气<br>###发展::精气概念存在于宇宙中无形而动的精微客观实在，与气概念同一，汇流于气学范畴，发展为气一元论
气的概念,中医基础理论::中医哲学基础::精气学说,1,定义::存在于宇宙中不断运动且[[无形可见]]的极细微物质，是宇宙万物的共同构成本原,来源::气的概念源于[[云气说]]
精气是宇宙本原,中医基础理论::中医哲学基础::精气学说,1,原理::宇宙中一切事物都由精或气构成，万物的生成皆为精或气自身运动的结果<br>###无形::精气处于[[弥散]]而运动的状态，充塞宇宙空间，是精气的[[基本存在形式]]<br>###有形::精气处于[[凝聚]]而稳定的状态，有形之物为气凝聚而成,"转化::无形之气凝聚成有质之形，形散质溃又复归于无形之气，""无形""与""有形""处于不断转化中"
气机,中医基础理论::中医哲学基础::精气学说,1,定义::【[*气机::气的运动*】，是精气运动变化的基本形式<br>###形式::气运行的形式为[[升降聚散]],
气化,中医基础理论::中医哲学基础::精气学说,1,定义::【[*气化::气的运动所产生的各种变化*】<br>###形式::①气与形转化：无形之气聚合成有形之物（[[气生形]]），有形之物消散化为无形之气（[[形化气]]）；②形与形转化：有形之物相互转化；③气与气转化：天气下降为地气，地气上腾为天气；④有形之体自身更新变化,"化变::""物生谓之[[化]]""（气的缓和运动促成的变化）；""物极谓之[[变]]""（气的剧烈运动促成的显著变化）"
精气的中介作用,中医基础理论::中医哲学基础::精气学说,1,"定义::精气是天地万物相互联系的[[中介]]<br>###联系::维系天地万物之间的相互联系（""人与天地相参也，与日月相应也""""天地一体""）<br>###感应::使万物得以相互感应（""类同则召，气同则合，声比则应""）",举例::乐器共振共鸣、磁石吸铁、日月吸引海水形成潮汐、季节气候变化影响人的生理与病理等<br>###原理::形由气化，气充形间，气能感物，物感则应，有形之物与无形之气不论远近皆能相互感应
精气学说对中医学的影响,中医基础理论::中医哲学基础::精气学说,1,精理论::中医学的精指藏于脏腑中的液态精华物质，包括[[先天之精]]（父母遗传）和[[后天之精]]（水谷之精）；精气学说对精理论产生起到方法学作用<br>###气理论::中医学的气指人体内生命力很强、不断运动且无形可见的极细微物质，是激发和调控生命活动的动力源泉,整体观念::精气学说对中医学整体观念的构建产生重要影响：人体自身是有机整体，人与自然、社会环境相统一
阴阳基本概念,中医基础理论::中医哲学基础::阴阳学说::基本概念,1,"定义::自然界相互关联的某些事物或现象[[对立双方]]属性的概括<br>###名言::""阴阳者，[[天地之道也]]，万物之纲纪，变化之父母，生杀之本始，神明之府也，治病必求于本""","征兆::""水火者，阴阳之[[征兆]]也""——水火是阴阳最典型的代表"
阴阳属性,中医基础理论::中医哲学基础::阴阳学说::基本概念,1,阳::[[运动、外向、上升、温热、明亮、无形、兴奋]]<br>###阴::[[静止、内守、下降、寒凉、晦暗、有形、抑制]],"名言::""天地者，万物之上下也；阴阳者，血气之男女也；左右者，阴阳之道路也"""
阴阳特性-普遍性,中医基础理论::中医哲学基础::阴阳学说::基本概念,1,定义::阴阳代表自然界中普遍存在的既相互对立又相互关联的众多事物<br>###范围::概括宇宙万物发生发展变化及相互关系，包括人体组织结构、生理功能、病机变化及诊断治疗,"名言::""人生有形，[[不离阴阳]]"""
阴阳特性-关联性与规定性,中医基础理论::中医哲学基础::阴阳学说::基本概念,1,关联性::划分阴阳的对立事物必须共处于[[同一范畴、同一层次、同一统一体]]中，如寒与上、昼与外不能用阴阳概括<br>###规定性::阴阳各自属性有明确规定，具有[[不可变性]]和[[不可反称性]]，如水属阴、火属阳不可反称,注::规定性又称绝对性（九版教材）；人体脏腑中心阴心阳、肾阴肾阳、肝阴肝阳皆有特定内涵不可反称
阴阳特性-相对性,中医基础理论::中医哲学基础::阴阳学说::基本概念,1,"定义::事物阴阳属性并非一成不变，""阴阳二字，因以对待而言，所指无定在""<br>###表现::①[[互相转化]]：阴可转阳、阳可转阴；②[[无限可分]]：阳中有阳、阳中有阴，""数之可十，推之可百""；③阴阳属性[[随比较对象而变]]",
阴阳基本内容概述,中医基础理论::中医哲学基础::阴阳学说::基本内容,1,内容::[[对立制约]]、[[互根互用]]、[[交感互藏]]、[[消长平衡]]、[[相互转化]]<br>###层次::最基本规律：对立制约与互根互用；基本形式：消长与转化,
对立制约,中医基础理论::中医哲学基础::阴阳学说::基本内容,1,"定义::阴阳双方在一个统一体内[[相互斗争、相互排斥和相互制约]]<br>###地位::[[最基本规律]]，强调a制b，b制a<br>###平衡::""[[阴平阳秘]]，精神乃治""——阴阳相互制约而达到协调平衡","举例::春夏阳气上升抑制寒凉之气，秋冬阴气上升抑制温热之气；""动极者镇之以静，阴亢者胜之以阳"""
对立制约-临床意义,中医基础理论::中医哲学基础::阴阳学说::基本内容,1,"太过::""[[阴胜则阳病]]，[[阳胜则阴病]]""<br>###不及::""[[阳虚则阴盛]]""""[[阴虚则阳亢]]""；或""阳虚则寒""""阴虚则热""",治疗::[[寒者热之]]，[[热者寒之]]；阳病治阴，阴病治阳
互根互用,中医基础理论::中医哲学基础::阴阳学说::基本内容,1,"互根::阴阳[[相互依存]]，互为根本——""无阴则阳无以生，无阳则阴无以化""<br>###互用::阴阳[[相互资生]]，促进和助长——""阴在内，阳之守也；阳在外，阴之使也""<br>###地位::[[最基本规律]]，强调没有a就没有b","病理::互根互用关系破坏则""[[孤阴不生，独阳不长]]""，甚则""阴阳离绝，精气乃绝""或""阴损及阳，阳损及阴"""
互根互用-临床应用,中医基础理论::中医哲学基础::阴阳学说::基本内容,2,"治法::基于互根理论：阴中求阳、阳中求阴；补气生血、补血养气<br>###生理::""阳生阴长，阳杀阴藏""；精与气、气与血关系；白天兴奋与夜晚抑制相统一","失调::昼夜精寐关系失调则""昼不精，夜不瞑"""
交感互藏,中医基础理论::中医哲学基础::阴阳学说::基本内容,2,"交感::阴阳[[相互发生作用]]，是宇宙万物生成和变化的根源——""天地氤氲，万物化醇；男女构精，万物化生""<br>###互藏::阴阳双方都[[蕴含着另一方]]——""天本阳也，然阳中有阴；地本阴也，然阴中有阳""",动力::阴阳互藏是交感合和的[[动力根源]]，是构筑互根互用的基础和纽带，还是消长与转化的[[内在根据]]
消长平衡,中医基础理论::中医哲学基础::阴阳学说::基本内容,1,定义::阴阳[[数量多少]]发生变化，可稳定在一定范围内<br>###根本原因::消长根本原因在于阴阳[[对立制约]]与[[互根互用]]<br>###层次::消长（[[量变]]）是转化的前提，转化（[[质变]]）是消长的结果,制约::对立制约→阴阳[[互为消长]]：阴长阳消、阳长阴消<br>###互根::互根互用→阴阳[[皆消皆长]]：此长彼亦长，此消彼亦消
消长平衡-主要体现,中医基础理论::中医哲学基础::阴阳学说::基本内容,2,"互为消长::①""[[阳长阴消]]""：从冬至春及夏，气候从寒转暖变热；②""[[阴长阳消]]""：由夏至秋及冬，气候由热转凉变寒<br>###皆消皆长::春夏气温升高→降雨量增多（阴阳皆长）；秋冬气候转凉→降雨量减少（阴阳皆消）","生命::""年四十而[[阴气自半]]也，起居衰矣""——上半生阴随阳长，下半生阳随阴消"
消长平衡-病理与治疗,中医基础理论::中医哲学基础::阴阳学说::基本内容,2,"对立制约::""阴胜则阳病，阳胜则阴病；阳胜则热，阴胜则寒""；""阳虚阴盛""""阴虚阳亢""<br>###互根互用::""[[精气两虚]]""""[[气血两虚]]""""[[阴损及阳]]""""[[阳损及阴]]""","治疗::""[[壮水之主，以制阳光]]""；""[[益火之源，以消阴翳]]"""
相互转化,中医基础理论::中医哲学基础::阴阳学说::基本内容,1,"定义::在一定条件下，阴阳可以向其[[相反的方向]]转化（重、极、甚）<br>###名言::""[[物极必反]]""""[[重阴必阳，重阳必阴]]""""寒极生热，热极生寒""",关系::阴阳互藏互根是转化的[[内在根据]]；消长是转化的[[前提]]；转化（质变）是消长（量变）的[[结果]]
相互转化-形式,中医基础理论::中医哲学基础::阴阳学说::基本内容,2,渐变::四季寒暑交替、一天昼夜转化<br>###突变::夏季酷热骤冷和冰雹突袭；急性热病由高热突然出现体温下降、[[四肢厥冷]],"名言::""物生谓之化，物极谓之变""""成败倚伏生乎动，动而不已，则变作矣"""
说明人体组织结构,中医基础理论::中医哲学基础::阴阳学说::在中医学中的运用,1,部位::阳：上部、体表、背、四肢外侧；阴：下部、体内、腹、四肢内侧<br>###脏腑::阳：[[六腑]]；阴：[[五脏]]<br>###经络::阳：手足三阳经、阳维、阳跷、[[督脉]]；阴：手足三阴经、阴维、阴跷、[[任脉]],
概括生理功能,中医基础理论::中医哲学基础::阴阳学说::在中医学中的运用,1,物质::说明生理活动物质基础：精、气、血、津液<br>###形式::说明生理活动基本形式：[[升降出入]]<br>###脏腑::说明脏腑生理功能及关系<br>###防御::说明机体防御功能：卫阳、营阴,
分析病因阴阳属性,中医基础理论::中医哲学基础::阴阳学说::在中医学中的运用,2,阳因::六淫中[[风暑热（火）]]属阳<br>###阴因::[[寒湿]]属阴；饮食居处、情志失调等属阴,
病理-阴阳偏盛,中医基础理论::中医哲学基础::阴阳学说::在中医学中的运用,1,总则::[[邪气盛则实]]<br>###阳偏盛::[[阳胜则热]]（实热证）；[[阳胜则阴病]]（实热伤阴）<br>###阴偏盛::[[阴胜则寒]]（实寒证）；[[阴胜则阳病]]（实寒伤阳）,
病理-阴阳偏衰,中医基础理论::中医哲学基础::阴阳学说::在中医学中的运用,1,总则::[[精气夺则虚]]<br>###阳偏衰::[[阳虚则寒]]（虚寒证）<br>###阴偏衰::[[阴虚则热]]（虚热证）,
病理-阴阳互损与转化,中医基础理论::中医哲学基础::阴阳学说::在中医学中的运用,1,阳损及阴::[[阳虚]]为主的阴阳两虚——阳虚延及阴虚<br>###阴损及阳::[[阴虚]]为主的阴阳两虚——阴虚延及阳虚<br>###转化::阳证转阴：热证高热不退→出现四肢厥冷（虚寒）；阴证转阳：外感寒湿证误治后出现高热等实热证,
用于诊断,中医基础理论::中医哲学基础::阴阳学说::在中医学中的运用,2,四诊::色泽：鲜明属阳，晦暗属阴；气息、寒热动静喜恶、脉象均分阴阳<br>###概括::病证可分为[[阴证]]、[[阳证]],
指导养生,中医基础理论::中医哲学基础::阴阳学说::在中医学中的运用,2,"原则::""必先岁气，无伐天和""；""法于四时""""四气调神""<br>###方法::""[[春夏养阳，秋冬养阴]]""；""虚邪贼风，避之有时""；""[[冬病夏治]]，夏病冬养""",
治则-阴阳偏盛,中医基础理论::中医哲学基础::阴阳学说::在中医学中的运用,1,"总则::""[[实则泻之]]""（损其有余）<br>###未虚::单纯泻之——寒者热之、热者寒之<br>###有虚::泻兼[[兼顾不足]]：阳盛兼阴虚→清热兼顾滋阴；阴盛兼阳虚→散寒兼顾补阳",举例::肝火盛加生地、黄连以清心火
治则-阴阳偏衰-直接补,中医基础理论::中医哲学基础::阴阳学说::在中医学中的运用,1,"总则::""[[虚则补之]]""（补其不足）<br>###阴虚::滋阴壮水 = ""[[壮水之主，以制阳光]]"" = [[阳病治阴]]（""诸寒之而热者，取之阴""）<br>###阳虚::扶阳益火 = ""[[益火之源，以消阴翳]]"" = [[阴病治阳]]（""诸热之而寒者，取之阳""）",巧记::正面为虚——滋、益、取、壮、求、治均为正面，动词后面是目的，是需要补的。如扶阳抑阴、益火、取之阳、求阳都表示[[阳虚]]；反之为阴虚
治则-阴阳偏衰-间接补,中医基础理论::中医哲学基础::阴阳学说::在中医学中的运用,1,"原则::[[阴中求阳]]与[[阳中求阴]]（《景岳全书》）<br>###阴中求阳::""善补阳者，必于阴中求阳，则阳得阴助而[[生化无穷]]""——补阳时佐以补阴药，用于阳虚证<br>###阳中求阴::""善补阴者，必于阳中求阴，则阴得阳升而[[泉源不竭]]""——补阴时佐以补阳药，用于阴虚证",
治则-阴阳互损,中医基础理论::中医哲学基础::阴阳学说::在中医学中的运用,1,总则::[[阴阳双补]]<br>###阳损及阴::补[[阳]]为主，兼顾补阴<br>###阴损及阳::补[[阴]]为主，兼顾补阳,
药物性能阴阳归纳,中医基础理论::中医哲学基础::阴阳学说::在中医学中的运用,2,阳药::性：热、温；味：辛甘淡；趋势：[[升浮]]<br>###阴药::性：寒、凉；味：酸苦咸；趋势：[[沉降]],阳功::升阳发热、祛风散寒、涌吐开窍<br>###阴功::泻下清热、利尿、重镇安神、潜阳息风、消导积滞、降逆、收敛
阴阳对照表,中医基础理论::中医哲学基础::阴阳学说::在中医学中的运用,2,阳中之阳::上午、平旦至日中、夏、[[皮肤]]、[[心]]<br>###阳中之阴::下午、日中至黄昏、秋、[[肌肉]]、[[肺]]<br>###阴中之阴::前半夜、合夜至鸡鸣、冬、[[骨]]、[[肾]]<br>###阴中之阳::后半夜、鸡鸣至平旦、春、[[筋]]、[[肝]],阴中至阴::[[脾]]<br>###注意::皮肤属阳中之阳、心属阳中之阳，并非指心与皮肤相对应，不可与五行归类表相混淆
五行基本概念,中医基础理论::中医哲学基础::五行学说::基本概念,1,定义::[[木、火、土、金、水]]五类物质及其[[运动变化]],归类法::【[*取象比类法::通过观察事物形象和功能进行归类的方法*]]；【[*推演络绎法::根据已知归类推演相关事物的方法*]]
五行特性,中医基础理论::中医哲学基础::五行学说::基本概念,1,"木::""[[木曰曲直]]""→生长、柔和、能屈能伸→生长、升发、[[条达]]、舒畅<br>###火::""[[火曰炎上]]""→炎热、上升、光明→温热、上升、光明<br>###土::""[[土爰稼穑]]""→种植收获→[[生化]]、承载、受纳<br>###金::""[[金曰从革]]""→刚柔相济→沉降、[[肃杀]]、收敛<br>###水::""[[水曰润下]]""→滋润下行→滋润、下行、寒凉、[[闭藏]]",
五行五脏功能对应,中医基础理论::中医哲学基础::五行学说::基本概念,1,肝-木::主[[疏泄]]；体阴而用阳；喜条达而恶抑郁；[[刚脏]]；主升主动<br>###心-火::主[[血脉]]，温煦全身；主[[神明]]<br>###脾-土::运化水谷；运化水液；为[[气血生化之源]]<br>###肺-金::[[肃降]]。主呼吸、通调水道输布水液<br>###肾-水::主[[藏精]]；主水,
五行归类-木,中医基础理论::中医哲学基础::五行学说::基本概念,2,五味::[[酸]]<br>###五色::[[青]]<br>###五脏::[[肝]]<br>###五腑::[[胆]]<br>###五官::[[目]]<br>###形体::[[筋]]<br>###情志::[[怒]],五音::角<br>###五化::生<br>###五气::风<br>###方位::东<br>###季节::春<br>###五声::呼<br>###变动::握
五行归类-火,中医基础理论::中医哲学基础::五行学说::基本概念,2,五味::[[苦]]<br>###五色::[[赤]]<br>###五脏::[[心]]<br>###五腑::[[小肠]]<br>###五官::[[舌]]<br>###形体::[[脉]]<br>###情志::[[喜]],五音::徵<br>###五化::长<br>###五气::暑<br>###方位::南<br>###季节::夏<br>###五声::笑<br>###变动::忧
五行归类-土,中医基础理论::中医哲学基础::五行学说::基本概念,2,五味::[[甘]]<br>###五色::[[黄]]<br>###五脏::[[脾]]<br>###五腑::[[胃]]<br>###五官::[[口]]<br>###形体::[[肉]]<br>###情志::[[思]],五音::宫<br>###五化::化<br>###五气::湿<br>###方位::中<br>###季节::长夏<br>###五声::歌<br>###变动::哕
五行归类-金,中医基础理论::中医哲学基础::五行学说::基本概念,2,五味::[[辛]]<br>###五色::[[白]]<br>###五脏::[[肺]]<br>###五腑::[[大肠]]<br>###五官::[[鼻]]<br>###形体::[[皮]]<br>###情志::[[悲]],五音::商<br>###五化::收<br>###五气::燥<br>###方位::西<br>###季节::秋<br>###五声::哭<br>###变动::咳
五行归类-水,中医基础理论::中医哲学基础::五行学说::基本概念,2,五味::[[咸]]<br>###五色::[[黑]]<br>###五脏::[[肾]]<br>###五腑::[[膀胱]]<br>###五官::[[耳]]<br>###形体::[[骨]]<br>###情志::[[恐]],五音::羽<br>###五化::藏<br>###五气::寒<br>###方位::北<br>###季节::冬<br>###五声::呻<br>###变动::栗
相生,中医基础理论::中医哲学基础::五行学说::生克乘侮,1,"定义::五行中某一行对其[[子行]]的资生、促进与助长<br>###次序::[[木生火→火生土→土生金→金生水→水生木]]<br>###关系::""生我""者为[[母]]，""我生""者为[[子]]",举例::木生火：木为火之母，火为木之子
相克,中医基础理论::中医哲学基础::五行学说::生克乘侮,1,"定义::五行之间存在有序的[[递相克制、制约]]关系<br>###次序::[[木克土→土克水→水克火→火克金→金克木]]<br>###关系::""克我""者为[[所不胜]]，""我克""者为[[所胜]]",举例::木克土：木为土之所不胜，土为木之所胜
制化,中医基础理论::中医哲学基础::五行学说::生克乘侮,1,"定义::五行间相互资生、相互制约，维持平衡，推动稳定发展<br>###原理::""[[亢则害，承乃制，制则生化]]""——一行亢盛必然随之制约，防止亢而为害","名言::""盖造化之机，不可无生，亦不可无制。无生则发育无由，无制则亢而为害"""
胜复,中医基础理论::中医哲学基础::五行学说::生克乘侮,2,"定义::一行亢盛（[[胜气]]），引起其所不胜一行（[[复气]]）的报复性制约，使五行复归协调稳定<br>###规律::""有胜则复""；""微者复微，甚者复甚""","机制::按相克规律的自我调节机制<br>###别称::又称""[[子复母仇]]""——如木为胜气，金为复气（木克土→土生金→金克木）"
相乘,中医基础理论::中医哲学基础::五行学说::生克乘侮,1,"定义::一行对其所胜的[[过度制约与克制]]，又称""[[倍克]]""<br>###次序::木乘土、土乘水、水乘火、火乘金、金乘木<br>###原因::①[[太过]]：某脏过盛致所胜受过分克伐（如木旺乘土）；②[[不及]]：某脏过弱不能耐受所不胜正常克制（如土虚木乘）","病情::""所不胜……邪气挟其力而来，残削必甚，故为[[贼邪]]""——相乘时病情较[[深重]]"
相侮,中医基础理论::中医哲学基础::五行学说::生克乘侮,1,"定义::一行对其所不胜的[[反向制约与克制]]，即""[[反克]]""<br>###次序::木侮金、火侮水、水侮土、土侮木、金侮火<br>###原因::①[[太过]]：某脏盛致所不胜无力克制反被克（如木反侮金/木火刑金）；②[[不及]]：某脏虚致其所胜出现反克（如木虚土侮）","病情::""所胜……邪气亦不能深入，故为[[微邪]]""——相侮时病情较[[轻浅]]<br>###原文::""气有余，则制己所胜""（相乘）；""气有余，则侮所不胜""（相侮）"
母病及子,中医基础理论::中医哲学基础::五行学说::生克乘侮,1,"定义::一行异常累及[[子行]]，导致子母两行皆异常<br>###规律::多为母行虚弱引起子行不足，[[母虚导致母子皆虚]]<br>###病情::""邪扶生气而来，虽进而易退""——母病及子病情[[轻浅]]","治则::""虚则补其母，实则泻其子"""
子病及母,中医基础理论::中医哲学基础::五行学说::生克乘侮,1,定义::一行异常影响到[[母行]]，导致子母两行皆异常<br>###类型::①[[子病犯母]]：子行亢盛引起母行亢盛，母子皆盛；②子行虚弱导致母行虚弱，子母俱不足；③[[子盗母气]]：子行亢盛损伤母行，子盛母衰,"病情::""受我之气者，其力方旺，还而相克，来势必甚""——子病及母病情较[[深重]]<br>###治则::""虚则补其母，实则泻其子"""
中土五行,中医基础理论::中医哲学基础::五行学说::生克乘侮,3,"定义::五行学说的另一种模型<br>###土位::土与木、火、金、水四行关系：""土与木、火、金、水杂以成百物""<br>###四行::木、火、金、水四行之间的关系：[[递进发展]]",
说明五脏生理-资生关系,中医基础理论::中医哲学基础::五行学说::在中医学中的应用,1,木生火::肝藏血[[济心]]，肝之疏泄助心行血<br>###火生土::[[心阳温脾土]]，助脾运化<br>###土生金::脾气运化以[[充肺]]<br>###金生水::肺之精津下行[[滋肾精]]，肺气肃降助肾纳气<br>###水生木::肾藏精[[滋养肝血]]，肾阴资助肝阴防止肝阳上亢,
说明五脏生理-制约关系,中医基础理论::中医哲学基础::五行学说::在中医学中的应用,1,水克火::肾水上济于心，防止心火过烈<br>###火克金::心火阳热抑制肺气清肃太过<br>###金克木::肺气清肃抑制肝阳上亢<br>###木克土::肝气条达疏泄脾气壅塞<br>###土克水::脾之运化水液可防肾水泛滥,"名言::""心……其主肾也""""肺……其主心也""""脾……其主肝也""""肾……其主脾也""——""主""指制约（相克），克中有生，制则生化"
五脏病变-相生传变,中医基础理论::中医哲学基础::五行学说::在中医学中的应用,1,母病及子::肝病及心、心病及脾、脾病及肺、肺病及肾、肾病及肝<br>###子病及母::肝病及肾、肾病及肺、肺病及脾、脾病及心、心病及肝,举例母及子::肾病及肝：①肾精虚→肝肾精血亏虚；②肾阴虚→肝阳上亢；③肾阳虚→肝阳虚少腹冷痛<br>###举例子及母::心病及肝：心血虚累及肝血虚→心肝血虚；心火旺引动肝火→心肝火旺（泻子）
五脏病变-相乘,中医基础理论::中医哲学基础::五行学说::在中医学中的应用,1,定义::相克太过致病<br>###太过::[[木旺乘土]]：肝郁或肝逆致脾胃运化失常，见胸胁苦满、脘腹胀痛、泛酸、泄泻<br>###不及::[[土虚木乘]]：先脾胃虚弱，后不能耐受肝气克伐，见头晕乏力、纳呆、腹痛泄泻,"名言::""[[见肝之病，知肝传脾]]""属于木旺乘土"
五脏病变-相侮,中医基础理论::中医哲学基础::五行学说::在中医学中的应用,1,定义::反向克制致病<br>###太过::[[木火刑金]]：暴怒肝火犯肺，急躁易怒、面红目赤、甚咳逆上气、咯血<br>###不及::[[土虚水侮]]：脾土虚衰不能制约肾水,
指导疾病诊断,中医基础理论::中医哲学基础::五行学说::在中医学中的应用,2,原则::判部位、定相兼、判预后<br>###举例::面青喜酸脉弦→肝病；面赤口苦脉洪→心病；脾虚面见青色→肝病犯脾；心病面见黑色→水气凌心,季节::可阐发五脏病与季节的关系，如春多肝病等
指导疾病治疗,中医基础理论::中医哲学基础::五行学说::在中医学中的应用,1,"用药::根据五色五味指导脏腑用药<br>###传变::""[[见肝之病，知肝传脾，当先实脾]]""——控制疾病的传变<br>###原则::确定治则治法",
指导针灸与情志治疗,中医基础理论::中医哲学基础::五行学说::在中医学中的应用,2,"针灸::井、荥、输、经、合""[[五输穴]]""分别配属木火土金水五行<br>###情志::""怒伤肝，[[悲胜怒]]""""喜伤心，[[恐胜喜]]""""思伤脾，[[怒胜思]]""""忧伤肺，[[喜胜忧]]""""恐伤肾，[[思胜恐]]""",
相生治则-补母泻子,中医基础理论::中医哲学基础::五行学说::治则治法,1,虚则补母::适用于母子关系的虚证——如肝血不足，除补肝血外还可[[补肾]]资助<br>###实则泻子::适用于母子关系的实证——如肝火盛，除清肝火外还可通过[[清心火]]助清肝火,难点::心火亢盛引动肝火→虽为心肝火旺，按五行理论仍应选用治则[[泻子]]
滋水涵木,中医基础理论::中医哲学基础::五行学说::治则治法,1,别名::滋补肝肾、滋肾养肝<br>###治法::滋肾阴养肝阴、肝血<br>###适应证::[[水不涵木]]：肾阴虚致肝阴虚，甚肝阳上亢，见眩晕、眼干目涩、五心烦热,
益火补土,中医基础理论::中医哲学基础::五行学说::治则治法,1,别名::温肾健脾、温补脾肾<br>###治法::温肾阳补脾阳<br>###适应证::肾阳虚不能温脾，以致脾阳不振，见畏寒肢冷、纳差腹胀、泄泻浮肿,"注意::就五行生克而言，火不生土应为心火不生脾土。但命门学说兴起后，""火不生土""多指[[命门之火（肾阳）]]不能温煦脾土，很少指心火与脾阳关系"
培土生金,中医基础理论::中医哲学基础::五行学说::治则治法,1,别名::补养肺脾<br>###治法::补脾生气以补益肺气<br>###适应证::脾气虚致肺气虚；或肺气虚兼脾运不健，见久咳痰多清稀、食欲减退、便溏肢乏,
金水相生,中医基础理论::中医哲学基础::五行学说::治则治法,1,别名::滋养肺肾、滋肺益肾<br>###治法::滋养肺肾之阴<br>###适应证::[[肺肾阴虚证]]：肺阴虚不能养肾阴或肾阴虚不能养肺阴，见干咳咯血、骨蒸潮热、口干盗汗、腰酸,
相克治则-抑强扶弱,中医基础理论::中医哲学基础::五行学说::治则治法,1,抑强::适用于相克[[太过]]引起的相乘相侮——如木旺乘土（肝脾不调），治以疏肝平肝为主<br>###扶弱::适用于相克[[不及]]引起的相乘相侮——如土虚木乘（肝旺脾虚），治以健脾益气为主,
抑木扶土,中医基础理论::中医哲学基础::五行学说::治则治法,1,别名::疏肝健脾、平肝和胃、调理肝脾<br>###治法::疏肝泄肝结合健脾补中<br>###适应证::[[木旺乘土]]（抑木为主）：肝气犯脾、肝气犯胃；[[土虚木乘]]（扶土为主）：肝旺脾虚,
培土制水,中医基础理论::中医哲学基础::五行学说::治则治法,1,别名::[[敦土利水]]<br>###治法::健脾利水以治疗水湿停聚病证<br>###适应证::脾虚不运，水湿泛滥而致水肿胀满之证,扩展::若肾阳虚衰不能温煦脾阳，致水肿胀满为主，则用温运脾阳、健脾利水之法；五版教材认为此属水反克土，治当温肾为主兼顾健脾
佐金平木,中医基础理论::中医哲学基础::五行学说::治则治法,1,别名::滋肺清肝、泻肝清肺<br>###治法::清肃肺气抑制肝木；或滋肺阴、清肝火<br>###适应证::[[肝火犯肺证]]：肝火偏盛影响肺气清肃，见胁痛、口渴、咳嗽,
泻南补北,中医基础理论::中医哲学基础::五行学说::治则治法,1,别名::泻火补水、滋阴降火<br>###治法::泻心火补肾水<br>###适应证::肾阴不足、心火偏亢，[[水火不济，心肾不交]]之证,"注意::肾阴虚使相火偏旺，称""水不制火""，属一脏本身水火阴阳偏盛偏衰，[[不属于]]五行生克的水不克火"
藏象概念,中医基础理论::藏象::概述,1,"定义::藏：[[藏于体内的内脏]]；象：[[表现于外的生理病理现象]]<br>###名言::""象，形象也。藏居于内，形见于外，故曰藏象""",分类::按生理功能特点分为[[脏]]、[[腑]]、[[奇恒之腑]]三类
藏象学说形成基础,中医基础理论::藏象::概述,2,基础::①古代解剖学知识（[[基础]]）；②长期对人体生理病理现象的观察；③反复医疗实践；④古代哲学思想的渗透,
藏象学说特点-整体性,中医基础理论::藏象::概述,1,核心::以[[五脏为中心]]的人体自身整体性<br>###表里::脏腑分阴阳，一阴一阳相为表里——依据：经络循行路线的阴阳相对与相互结络；脏腑在生理病理上密切相关<br>###联络::通过经络系统，以[[气血津液]]为物质基础，五脏与形体诸窍联结成整体,情志::五脏生理活动与精神情志活动密切相关
藏象学说特点-统一性,中医基础理论::藏象::概述,2,自然::五脏与[[自然环境]]的统一性：人的生命活动规律受自然环境的制约与影响<br>###协调::脏腑生理功能之间的平衡协调是维持机体内在环境相对恒定的重要环节,
脏腑分类-五脏,中医基础理论::藏象::概述,1,"内容::心、肝、脾、肺、肾<br>###功能::[[化生与贮藏精气]]<br>###特点::""[[藏精气而不泻]]，[[满而不实]]""","治疗::脏病多[[虚]]，五脏宜[[补]]<br>###别称::能藏神而称为""神脏"""
脏腑分类-六腑,中医基础理论::藏象::概述,1,"内容::胆、胃、小肠、大肠、膀胱、三焦<br>###功能::[[受盛与传化水谷]]<br>###特点::""[[传化物而不藏]]，[[实而不满]]""",治疗::腑病多[[实]]，六腑宜[[泻]]
脏腑分类-奇恒之腑,中医基础理论::藏象::概述,1,内容::脑、髓、骨、脉、[[胆]]、女子胞<br>###功能::[[贮藏精气]]<br>###特点::[[藏而不泻]]、形态中空,注意::胆既属六腑又属奇恒之腑
经典论述-官职,中医基础理论::藏象::概述,2,心::[[君主之官]]，神明出焉<br>###肺::[[相傅之官]]，治节出焉<br>###肝::[[将军之官]]，谋虑出焉<br>###脾胃::[[仓廪之官]]，五味出焉<br>###肾::[[作强之官]]，伎巧出焉,胆::中正之官，决断出焉<br>###膻中::臣使之官，喜乐出焉<br>###大肠::传导之官，变化出焉<br>###小肠::受盛之官，化物出焉<br>###三焦::决渎之官，水道出焉<br>###膀胱::州都之官，津液藏焉
经典论述-六节藏象论,中医基础理论::藏象::概述,2,"心::""心者，[[生之本]]，神之变也""<br>###肺::""肺者，[[气之本]]，魄之处也""<br>###肾::""肾者主蛰，[[封藏之本]]，精之处也""<br>###肝::""肝者，[[罢极之本]]，魂之居也""","脾胃::""脾胃大肠小肠三焦膀胱者，仓廪之本，营之居也"""
心概述,中医基础理论::藏象::五脏::心,1,别称::心为[[君主之官]]、生之本、五脏六腑之大主、[[火脏]]、阳脏<br>###五行::心在五行属火，为[[阳中之太阳]]<br>###功能::①心主[[血脉]]；②心主[[藏神]]<br>###特性::①心主通明；②心气下降；③心为阳中之阳,联系::在体合脉，其华在面，在窍为舌，在志为喜，在液为汗，在时为夏
心主血脉-主血,中医基础理论::藏象::五脏::心,1,"定义::""诸血者，皆属于心""<br>###行血::心气[[推动调控]]血液运行，营养全身<br>###生血::水谷之精在心阳作用下化为血液 = ""[[奉心化赤]]""",
心主血脉-主脉与条件,中医基础理论::藏象::五脏::心,1,主脉::心气推动调控心脏搏动和脉管舒缩，维持[[脉道通利]]<br>###条件::①[[心气充沛]]（主导）；②血液充盈；③脉道通利,关联::血液循环归心所主，但与[[肺朝百脉]]助心行血相关
心主血脉-失调,中医基础理论::藏象::五脏::心,2,气虚血虚::面白舌淡，心悸胸闷，脉弱无力<br>###脉阻::胸部刺痛，唇舌青紫，脉细涩或结代,"关系::心主血脉是心主神志的[[物质基础]]——""血者，神气也"""
心主藏神,中医基础理论::藏象::五脏::心,1,"定义::""所以任物者谓之心""，心为""[[五脏六腑之大主]]""<br>###广义::整个人体生命活动的[[主宰和总体现]]<br>###狭义::人的意识、思维、情志等[[精神活动]]",功能::①统帅全身脏腑经络形体官窍的生理活动；②主司意识、思维、情志等精神活动<br>###失调::精神萎靡、意识不清、反应迟钝、健忘失眠等
五神脏,中医基础理论::藏象::五脏::心,1,"定义::神、魂、魄、意、志分藏五脏，称""[[五神脏]]""<br>###分配::心藏[[神]]，肺藏魂，肝藏魂，脾藏意，肾藏志","原文::""两精相搏谓之神，随神往来者谓之魂，并精而出入者谓之魄""<br>###脉神::""心藏脉，脉舍神"""
心生理特性,中医基础理论::藏象::五脏::心,2,通明::心脉以[[通畅]]为本，心神以[[清明]]为要<br>###下降::心位在上，宜[[下降]]<br>###阳中之阳::阳脏、火脏：促进心动、温通血脉、兴奋精神，使生机不息,
心在体合脉,中医基础理论::藏象::五脏::心,2,"机理::""脉为血之府""""壅遏营气，令无所避，是谓脉""<br>###关系::""心之合，脉也；其荣，色也""",失调::心气/血虚：脉细软、结代无力
心其华在面,中医基础理论::藏象::五脏::心,1,机理::全身血气皆上注于面<br>###面象::心气虚→面色㿠白；心血虚→面色无华；心脉痹阻→面色青紫；心火旺→面色红赤；心阳暴脱→面色苍白,
心在窍为舌,中医基础理论::藏象::五脏::心,1,定义::舌为心之苗，心之外候<br>###功能::舌主司味觉和表达语言<br>###机理::①心的经脉通于舌；②心气通于舌；③舌色灵敏反映心主血脉机能,失调::心阳虚→舌淡白胖嫩；心阴血不足→舌红绛瘦瘪；心火上炎→舌红生疮；心血瘀阻→舌紫暗有瘀斑；心神失常→舌卷、舌强、语謇
心在志为喜,中医基础理论::藏象::五脏::心,2,"适度::""喜则气和志达，营卫通利""<br>###过度::""喜乐者，神散而不藏""""神有余则笑不休，神不足则悲""","过极::五志过极可伤心：""愁忧恐惧则伤心"""
心在液为汗,中医基础理论::藏象::五脏::心,1,"定义::心精心血为汗液生化之源——""[[汗为心之液]]""<br>###机理::""[[阳加于阴谓之汗]]""；血与津液同出一源→""[[血汗同源]]""→血为心所主→汗为心之液",大汗::大汗可大量耗散津液，致心气或心阳无所附→[[心气脱失]]或[[心阳暴脱]]<br>###失调::心气虚→气短自汗；心阴虚→潮热盗汗
心与夏气相通应,中医基础理论::藏象::五脏::心,3,缓::心阳虚衰患者，病情往往在夏季缓解<br>###重::阳盛阴虚之体的情志病与心脏病，夏季往往加重,"名言::""阳胜则身热……能冬不能夏"""
心包,中医基础理论::藏象::五脏::心,2,功能::[[代君受邪]]<br>###病证::热入心包、痰热蒙蔽心包,
肺概述,中医基础理论::藏象::五脏::肺,1,别称::肺为[[相傅之官]]、气之本、[[华盖]]、[[娇脏]]、水之上源、贮痰之器<br>###五行::肺在五行属金，为[[阳中之少阴]]<br>###功能::①主气（司呼吸）；②主宣发肃降；③主行水；④朝百脉；⑤主治节,特性::①肺为华盖；②肺为娇脏；③肺气宣降；④肺喜润恶燥<br>###联系::在体合皮，其华在毛；在窍为鼻，喉为肺之门户；在志为忧；在液为涕；在时为秋
肺主气-主呼吸之气,中医基础理论::藏象::五脏::肺,1,"总论::""诸气者，皆属于肺""""天气通于肺""<br>###原理::肺主气基于肺主呼吸机能；呼吸调匀是气生成和气机调畅的[[根本条件]]<br>###维持::肺主呼吸由肺气的[[宣发和肃降]]运动维系",关联::呼吸调节以[[肺肾]]最为相关
肺主气-主一身之气,中医基础理论::藏象::五脏::肺,1,"定义::""肺者，气之本也""<br>###生成::肺主一身之气生成体现于[[宗气]]生成<br>###运行::体现于对全身[[气机]]的调节作用",失常::肺呼吸功能失常→咳喘气逆或胸闷气喘；气虚→体倦乏力、少气懒言
肺主宣发,中医基础理论::藏象::五脏::肺,1,"定义::肺气向上的[[升宣]]和向外周的布散<br>###内容::①呼出体内浊气；②将脾转输的津液和精微布散全身——""上焦开发，宣五谷味，熏肤、充身、泽毛，若雾露之溉""；③宣发[[卫气]]于皮毛肌腠，调节腠理开合，排出汗液",失调::呼气不畅、胸闷咳喘、鼻塞喷嚏、恶寒无汗（卫气被遏、腠理闭塞）
肺主肃降,中医基础理论::藏象::五脏::肺,1,定义::肺气向下的[[通降]]和使呼吸道保持洁净<br>###内容::①吸入清气下纳于肾以资元气；②将津液精微向下布散，浊液下输肾或膀胱；③肃清肺和呼吸道内异物,"失调::呼吸短促或表浅、咳喘气逆、咳痰咯血<br>###名言::""肺苦气上逆""""诸气膹郁，皆属于肺"""
肺宣降协调,中医基础理论::藏象::五脏::肺,1,要点::肺为华盖之脏，其气以[[清肃下降]]为主<br>###气机::肺的气机运动包括升降出入,"特点::五版教材""肺主宣发肃降""为生理功能；八版、十版""肺气宣降""为生理特性"
肺主行水,中医基础理论::藏象::五脏::肺,1,"定义::肺气的宣发肃降运动推动、调节全身水液输布和排泄 = ""[[通调水道]]""<br>###别称::肺为[[水之上源]]——因肺居高位（华盖），参与调节全身水液代谢",宣发::津液和精微向上向外布散，输送到皮毛的水液在卫气推动下化为汗液排出<br>###肃降::浊液下输肾或膀胱<br>###依赖::肺通调水道有赖于肝主疏泄、脾之运化、肾气蒸化、三焦气化、腠理开合
肺主行水-治法,中医基础理论::藏象::五脏::肺,2,"开鬼门::[[宣肺利水]]法——宣通肺气、发汗利水治疗风水皮水<br>###提壶揭盖::宣肺或升提之方药通利小便——""[[开上源以利下流]]""",失调::肺主行水失调→津液代谢障碍：尿少、痰饮、浮肿
肺朝百脉,中医基础理论::藏象::五脏::肺,1,定义::全身血液通过百脉汇聚于肺，经肺呼吸进行体内外清浊之气交换，再将富有清气的血液通过百脉输送到全身<br>###功能::肺有[[辅心行血]]的作用,失常::肺气虚或壅塞不能辅心行血→心血瘀（心悸胸闷、唇舌青紫）
肺主治节,中医基础理论::藏象::五脏::肺,1,定义::肺气具有治理调节肺之呼吸及全身之气、血、津液的作用<br>###内容::①治理调节呼吸运动；②治理调节全身气机；③治理调节血液运行；④治理调节津液代谢,
肺生理特性,中医基础理论::藏象::五脏::肺,1,"华盖::肺在五脏六腑位置最高——①肺居高位，脏腑外卫；②肺主一身之表；③肺主一身之气<br>###娇脏::清虚娇嫩，易受邪侵——""[[治上焦如羽，非轻不举]]""<br>###喜润恶燥::燥易伤肺",
肺在体合皮,中医基础理论::藏象::五脏::肺,1,"肺对皮毛::①宣发卫气于皮毛；②宣发输布精气充养皮毛<br>###皮毛对肺::①宣散肺气，调节呼吸；②皮毛受邪，常内传于肺<br>###汗孔::又称""玄府""""气门""，不仅是排汗门户，还是体内外气体交换场所",十二皮部::按十二经脉在体表分布将皮肤分为十二部分，每条经脉濡养一部分皮肤<br>###腠理::肌肉和皮肤的纹理，与三焦相通，卫气充斥腠理之中控制开合
肺在窍为鼻,中医基础理论::藏象::五脏::肺,2,"定义::""鼻者，肺之官""<br>###机理::鼻的通气和嗅觉全赖于肺气的宣发——""肺气通于鼻，肺和则鼻能知臭香矣""","喉::喉为肺之门户，主司发音——""金破不鸣""""金实不鸣"""
肺志液时,中医基础理论::藏象::五脏::肺,3,"志::在志为[[忧（悲）]]——""悲则气消""<br>###液::在液为[[涕]]——润泽鼻窍，抵御外邪<br>###时::与[[秋]]气相通应",
肺藏魄,中医基础理论::藏象::五脏::肺,3,"定义::""魄""为与生俱来的本能感觉和动作<br>###名言::""并精而出入者谓之魄""""魄之为用，能动作，痛痒由之而觉也""",举例::新生儿啼哭、吮吸、四肢运动、耳听目视、肌肤触觉等
脾概述,中医基础理论::藏象::五脏::脾,1,别称::脾为[[孤脏]]、生痰之源；脾胃为仓廪之官、[[气血生化之源]]、[[后天之本]]<br>###五行::脾在五行属土，为[[阴中之至阴]]<br>###功能::①主[[运化]]；②主[[统血]]；③主[[升清]],特性::①脾气上升；②喜燥恶湿；③脾为孤脏，脾居中央灌四旁<br>###联系::在体合肌肉而主四肢，其华在唇，在窍为口，在志为思，在液为涎，在时为长夏或四时
脾运化食物,中医基础理论::藏象::五脏::脾,1,"定义::脾为后天之本，[[气血生化之源]]<br>###内涵::①脾能将水谷化为精微；②脾气转输精微<br>###途径::①上输心肺化生气血，通过心肺布散全身（""脾气散精，上归于肺""）；②向四周布散到其他脏腑（""脾为孤脏，中央土以灌四傍""）",机制::运化水谷机制：①脾气升清；②阳气温煦<br>###失调::脾失健运：腹胀、便溏、食欲不振、倦怠、消瘦
脾运化水液,中医基础理论::藏象::五脏::脾,1,"途径::①上输于肺由肺布散全身；②向四周布散；③小肠大肠部分水液经三焦下输膀胱；④在水液代谢中起[[枢纽]]作用<br>###名言::""水为至阴，其本在肾；水化于气，其标在脾；水惟畏土，其制在脾""","病理::""诸湿肿满，皆属于脾""""脾为生痰之源""<br>###治则::""治湿不治脾，非其治也""<br>###失调::①津亏；②津液代谢障碍（痰饮水湿）"
脾主统血,中医基础理论::藏象::五脏::脾,1,"定义::脾气统摄血液运行于脉中，不使其逸出于脉外<br>###机制::①脾藏营；②[[气的固摄作用]]的体现<br>###名言::""五脏六腑之血，全赖脾气统摄""",习惯::脾不统血与气不摄血机理一致，习惯将下部出血与肌肉出血称[[脾不统血]]<br>###失常::出血（时间长、色淡质稀，伴有气虚）
脾主升清,中医基础理论::藏象::五脏::脾,1,"定义::""升""指脾气运动以上升为主；""清""指水谷精微等营养物质；""升清""即精微吸收和上输心肺头目<br>###核心::""[[脾以升为健]]""""[[脾气主升]]""<br>###名言::""清气在下，则生飧泄；浊气在上，则生膑胀""","与胃对::脾的升清与胃的降浊（""胃宜降则和""）相对而言"
脾不升清与中气下陷,中医基础理论::藏象::五脏::脾,1,不升清::神疲乏力、头目眩晕、腹胀泄泻便溏、心悸气短、食少纳呆<br>###中气下陷::腹部坠胀、久泄脱肛，甚至[[内脏下垂]]（胃下垂、肾下垂、阴挺、脱肛）,内涵::五版教材认为脾主升清等同脾主升，包括：①脾气散精上归于肺；②脾气以升为健；③脾气升举内脏维持脏器恒定
脾生理特性,中医基础理论::藏象::五脏::脾,1,"喜燥恶湿::""脾生湿""""湿困脾""""脾恶湿""""脾燥则升""<br>###孤脏::脾居中央而灌四傍：①转输布散水谷精微；②脾胃为气机升降之[[枢纽]]",
脾在体合肉,中医基础理论::藏象::五脏::脾,1,"机理::""脾主身之肌肉""——四肢与肌肉依赖脾胃运化的水谷精微<br>###名言::""清阳实四肢""""四肢皆禀气于胃……必因于脾乃得禀也""<br>###依据::""[[治痿独取阳明]]""的理论依据",失调::脾胃运化障碍→肌肉瘦削、四肢软弱无力、倦怠甚至萎缩不用
脾窍华志液时,中医基础理论::藏象::五脏::脾,2,"窍::在窍为口——""脾气通于口，脾和则口能知五谷矣""<br>###华::其华在唇——口唇色泽反映气血盈亏和脾胃运化强弱<br>###志::在志为[[思]]——""思出于心，而脾应之""<br>###液::在液为[[涎]]——""涎出于脾而溢于胃""，保护润泽口腔，助食物咀嚼消化<br>###时::与[[长夏]]或四时之气相通应",区分::涎清稀，出自两颊，自口角流出（注意与唾比较）
肝概述,中医基础理论::藏象::五脏::肝,1,别称::肝为[[将军之官]]、罢极之本、[[血海]]、五脏之贼<br>###五行::肝在五行属木，为[[阴中之少阳]]<br>###功能::①主[[疏泄]]；②主[[藏血]],特性::①肝气升发；②肝为[[刚脏]]；③肝[[体阴而用阳]]；④喜条达而恶抑郁<br>###联系::在体合筋，其华在爪，在窍为目，在志为怒，在液为泪，在时为春
肝主疏泄-总论,中医基础理论::藏象::五脏::肝,1,定义::肝具有维持全身气机[[疏通畅达]]，通而不滞，散而不郁的作用<br>###根本::基本功能/中心环节：[[调畅气机]]<br>###反映::反映了肝为刚脏，主升、主动的生理特点,表现::①促进血液与津液运行输布；②促进脾胃运化和胆汁分泌排泄；③调畅精神志；④调节生殖
肝疏泄-调畅气机,中医基础理论::藏象::五脏::肝,1,定义::肝主疏泄功能的[[根本体现]]——肝气疏通畅达全身气机<br>###郁结::疏泄失职：情志抑郁、善太息、胸胁两乳少腹胀痛不舒<br>###亢逆::疏泄太过：急躁易怒、头痛头胀、面红目赤，甚则血随气逆吐血昏厥,"虚弱::疏泄不及：情志抑郁、胆怯、懈怠乏力、头晕目眩、两胁虚闷<br>###名言::""血之与气并走于上，则为大厥""""肝气虚则恐"""
肝疏泄-促进血行津布,中医基础理论::藏象::五脏::肝,1,血行::肝气疏泄畅达气机→气行则[[血行]]<br>###津布::气行则津液布散,血失常::①肝气郁→停滞为瘀（月经后期、痛经、闭经）；②肝气逆→血随气逆（吐血、崩漏）；③肝气虚→月经愆期<br>###津失常::滋生痰饮水湿→梅核气、痰核、瘿瘤、乳癖、水肿、鼓胀，可用疏肝理气治之
肝疏泄-脾胃运化,中医基础理论::藏象::五脏::肝,1,"协调::协调脾升胃降，调节脾胃气机升降<br>###犯脾::""[[肝脾不和]]""：影响脾气升清→腹胀腹泻<br>###犯胃::""[[肝胃不和]]""：影响胃气降泄→纳呆、脘胀、嗳气、呕吐",机理::木旺乘土
肝疏泄-胆汁,中医基础理论::藏象::五脏::肝,1,"生成::胆汁又称""精汁""，为肝之余气（精气）所化生<br>###排泄::胆汁贮存于胆，排泄进入小肠参与消化",郁结::肝气郁结→胆汁排泄障碍→厌食腹胀、胆汁郁积形成结石→胁痛黄疸<br>###亢逆::肝胆火旺→胆汁上溢→口苦、泛吐苦水
肝疏泄-调畅情志,中医基础理论::藏象::五脏::肝,1,"原理::适度情志活动以气机调畅、气血调和为重要条件<br>###调节::肝主疏泄畅达气机可调节情志<br>###名言::""血脉和利，精神乃居""",失常::情志抑郁闷闷不乐或性情急躁亢奋易怒；情志异常亦可影响肝气疏泄导致肝郁或亢逆
肝疏泄-调节生殖,中医基础理论::藏象::五脏::肝,1,"原理::男子排精、女子排卵行经是肝主疏泄与肝主闭藏（肾）相互协调的结果<br>###名言::""主闭藏者肾也，可疏泄者肝也""","男::失常→精瘀、梦遗<br>###女::失常→月经后期量少经行不畅、痛经或月经先期量多崩漏；""[[女子以肝为先天]]"""
肝藏血-贮藏血液,中医基础理论::藏象::五脏::肝,1,潜养::潜养肝及其形体官窍<br>###经血::为经血之源——肝与冲脉并称[[血海]]<br>###涵养::化生和涵养肝气；化生和濡养[[魂]],"名言::""肝受血而能视，足受血而能步，掌受血而能握，指受血而能摄""<br>###失调::筋→麻木、拘挛、颤动；目→干涩、眼花；爪→脆薄干枯易折断"
肝藏血-调节血量与防止出血,中医基础理论::藏象::五脏::肝,1,"调节::""人卧则血归于肝""""人动则血运于诸经，人静则血归于肝脏""<br>###防出血::机理：①肝能收摄血液；②肝气疏泄适度调畅气机；③肝主凝血",不藏血病机::①肝气虚弱；②肝火亢盛；③肝阴不足<br>###不藏血变化::①肝血不足；②出血（血不循经）
肝生理特性,中医基础理论::藏象::五脏::肝,1,刚脏::五脏之贼——①特性柔和舒展；②肝气疏泄；③内寄相火，主升主动<br>###体阴用阳::肝主疏泄其用属阳，肝主藏血其体属阴——临床多表现肝阴肝血虚而肝阳上亢<br>###条达::喜条达而恶抑郁,最能体现::最能体现肝的生理特点的是[[肝为刚脏，主升主动]]，反映此特点的生理功能为[[肝主疏泄]]
肝在体合筋,中医基础理论::藏象::五脏::肝,1,"定义::""诸筋者，皆属于节""，爪为筋之余<br>###机理::肝为""[[罢极之本]]""——肢体筋腱有力、关节屈伸灵活取决于津液濡润、血量充足、血行流畅",功能::筋：连接关节、肌肉，主司关节运动
肝在窍为目,中医基础理论::藏象::五脏::肝,1,"机理::目的视觉机能主要依赖[[肝血]]的濡养与[[肝气]]的疏泄<br>###经络::肝足厥阴经上行连目系<br>###名言::""五脏六腑之精气，皆上注于目而为之精""",病理::肝阴血不足→两目干涩视物不清夜盲；肝经风热→目赤痒痛；肝火上炎→目赤生翳；肝阳上亢→头目眩晕；肝风内动→目斜上视
五轮学说,中医基础理论::藏象::五脏::肝,2,定义::将眼目不同部位分属五脏<br>###分配::[[风轮]]（黑睛）属肝；[[血轮]]（内外眦血络）属心；[[气轮]]（白睛）属肺；[[水轮]]（瞳仁）属肾；[[肉轮]]（眼睑）属脾,"原文::""骨之精为瞳子，筋之精为黑眼，血之精为络，其窠气之精为白眼，肌肉之精为约束"""
肝志液时,中医基础理论::藏象::五脏::肝,2,志::在志为[[怒]]——大怒引起肝气上逆，面红目赤、头胀头痛，甚则呕血昏厥<br>###液::在液为[[泪]]——由肝精肝血经肝气疏泄于目而化生<br>###时::与[[春]]气相通应,"名言::""阳气者，大怒则形气绝，而血菀于上，使人薄厥""""肝气虚则恐，实则怒"""
肝藏魂,中医基础理论::藏象::五脏::肝,3,"定义::""随神往来者谓之魂""——肝主意识、思维活动以及梦幻活动<br>###机理::肝藏血，血舍魂——魂由肝血化生和涵养",失调::肝血不足→失眠多梦、梦魇梦游、幻觉；肝火亢盛→狂乱烦躁、夜寐不安
肾概述,中医基础理论::藏象::五脏::肾,1,别称::肾为[[作强之官]]、[[先天之本]]、五脏阴阳之本、水火之宅、封藏之本、气之根、水脏<br>###五行::肾在五行属水，为[[阴中之太阴]]<br>###功能::①主[[藏精]]；②主水；③主[[纳气]]；④主一身之阴阳,特性::①主封藏守位；②肾气上升；③肾恶燥；④肾为水火之宅，脏腑阴阳之本<br>###联系::在体合骨，生髓，通脑，其华在发，在窍为耳及二阴，在志为恐，在液为唾，在时为冬
肾藏精-总论,中医基础理论::藏象::五脏::肾,1,"定义::肾具有贮存、[[封藏]]精气的作用<br>###来源::包括""[[先天之精]]""和""[[后天之精]]""<br>###关系::①肾精以先天之精为基础，后天之精为辅助；②后天之精有赖于水谷之精，亦赖于""五脏六腑之精而藏之""","名言::""肾者主水，受五脏六腑之精而藏之，故五脏盛乃能泻""——藏中有泻"
肾藏精-生长发育与生殖,中医基础理论::藏象::五脏::肾,1,总论::肾中精气具有促进机体生长、发育和逐步具备生殖的能力<br>###天癸::【[*天癸::肾精及肾气充盈到一定程度产生的促进生殖功能成熟的物质*]]——男子排精、女子排卵月经来潮，具备生殖能力<br>###标志::齿、骨、发的生长状况可作为观察肾中精气的标志,失调::小儿→五迟五软；成人→早衰、耳鸣耳聋、齿摇发脱<br>###关系::人的生、长、壮、老、已与肾精气盛衰密切相关
肾藏精-脏腑之本,中医基础理论::藏象::五脏::肾,1,"地位::肾为""[[脏腑之本]]，十二脉之根，呼吸之本，三焦之源""<br>###肾阳::""五脏之阳气，非此不能发""——肾阳为脏腑阳之本<br>###肾阴::""五脏之阴气，非此不能滋""——肾阴为脏腑阴之本","总称::肾阴肾阳又称为""[[五脏阴阳之本]]"""
肾藏精-主髓化血与抵御外邪,中医基础理论::藏象::五脏::肾,2,"化血::肾精生髓→髓充于骨→骨中精化为生血之源——""血之源头在乎肾""<br>###抵御::肾精保卫机体、抵御外邪——""精者，身之本也""""足于精者，百病不生""",藏中有泻::①流溢脏腑化生脏腑之精；②泻溢精气以为生殖之用；③藏精起亟以备应急之需
肾主水,中医基础理论::藏象::五脏::肾,1,"定义::""肾者水脏，主津液""<br>###气化::肾中精气的蒸腾气化主宰着整个津液代谢<br>###膀胱::尿液生成和排泄都必须依赖肾气的蒸腾气化作用","胃关::""[[肾者胃之关]]""——肾中精气蒸腾气化作用<br>###失调关::肾阳虚→关门不利→尿少、小便不利、水肿<br>###失调开::气不化水→小便清长、尿量增多；肾气虚衰→尿失禁"
肾主纳气,中医基础理论::藏象::五脏::肾,1,"定义::肾摄纳肺所吸入的清气，防止呼吸表浅，保持吸气深度<br>###原理::肾主纳气是肾的[[封藏作用]]在呼吸运动的体现<br>###名言::""肺为气之主，[[肾为气之根]]""""呼出心与肺，吸入肾与肝""",失调::肾不纳气：呼吸表浅，或呼多吸少，动则气喘
肾主一身阴阳,中医基础理论::藏象::五脏::肾,1,"定义::""肾为[[水火之宅]]，寓真阴而涵真阳""<br>###地位::肾阴肾阳为[[五脏阴阳之本]]，肾为阴阳之根、脏腑之本",
肾生理特性-主封藏守位,中医基础理论::藏象::五脏::肾,1,封藏::最具有生理意义的是固摄精气，防止精气无故流失——与生长发育生殖关系最密切<br>###守位::肾中相火涵于肾中，潜藏不露，发挥温煦推动作用,少壮火::【[*少火::生理状态下各脏腑的阳气*]]；【[*壮火::病理状态下各脏腑的亢盛之火*]]<br>###君相火::【[*君火::心火*]]；【[*相火::其他脏腑之火*]]——雷火为肝之相火，龙火为肾之相火
肾生理特性-水火宅与恶燥,中医基础理论::藏象::五脏::肾,2,"水火宅::肾为水火之宅，脏腑阴阳之本<br>###肾气升::肾位在下，其气当升——肾阳鼓动肾阴与心气交感互济，维持人体阴阳水火协调<br>###恶燥::肾为水脏，易燥伤阴液——""热邪不燥胃津，必耗肾液""",
肾在体合骨,中医基础理论::藏象::五脏::肾,1,定义::在体合骨，生髓，荣齿，其华在发<br>###骨::肾藏精生髓而充养骨骼——肾精不足→小儿囟门迟闭、骨软无力；老年骨质脆弱易骨折<br>###齿::齿为骨之余，肾之标，骨之本,髓::脑为[[髓之海]]，骨为髓之府，诸髓者皆属于脑
肾其华在发,中医基础理论::藏象::五脏::肾,2,"定义::发之色泽荣枯是肾脏功能的反映<br>###机理::""发为血之余""——发的生长赖精血以养<br>###失调::肾精肾气不足→牙齿松动脱落、未老先衰、头发枯萎早脱早白",望诊::温热病中望齿的润燥和有无光泽，是判断肾精及津液盛衰的重要标志
肾在窍为耳,中医基础理论::藏象::五脏::肾,2,"机理::肾精濡养于耳维持听觉功能——""肾气通于耳，肾和则耳能闻五音矣""<br>###失调::肾精肾气虚衰→听力减退、耳鸣、甚则耳聋",
肾在窍为二阴,中医基础理论::藏象::五脏::肾,2,前阴::排尿和生殖——尿液生成排泄依赖肾气蒸化和固摄作用协调；生殖功能与肾精肾气密切相关<br>###后阴::排泄粪便——肾阴不足→便秘；肾阳虚→泄泻或便秘；肾气虚衰→久泄滑脱,"肛门::又称""魄门""——""魄门亦为五脏使，水谷不得久藏""，启闭与五脏相关"
肾志液时,中医基础理论::藏象::五脏::肾,2,"志::在志为[[恐]]——""恐则气下""""恐伤肾""→二便失禁、遗精滑精<br>###液::在液为[[唾]]——稠厚，由肾精所生，出自舌下。多唾或久唾易耗伤肾中精气<br>###时::与[[冬]]气相通应",区分::唾：稠厚，出自舌下（肾精所化）；涎：清稀，出自两颊（脾精所化）<br>###惊恐::惊为不自知事出突然受惊（惊则气乱）；恐为自知多自内生（恐则气下）
肾藏志,中医基础理论::藏象::五脏::肾,3,"定义::肾主意志和记忆——""意之所存谓之志""""肾藏精，精舍志""<br>###失调::意志消沉、情感淡漠、记忆能力下降、精神萎靡不振、神情呆滞、健忘痴呆","名言::""肾盛怒而不止则伤志，志伤则喜忘其前言"""
肾功能小结,中医基础理论::藏象::五脏::肾,1,核心::[[藏精]]是肾最基本功能<br>###延伸::主生长发育和生殖、主水、主纳气等功能是藏精功能的延伸,
上古天真论-女子,中医基础理论::藏象::五脏::肾,1,二七::天癸至，任脉通，太冲脉盛，月事以时下，故有子<br>###三七::肾气平均，真牙生而长极<br>###四七::筋骨坚，发长极，身体盛壮<br>###五七::阳明脉衰，面始焦，发始堕,六七::三阳脉衰于上，面皆焦，发始白<br>###七七::任脉虚，太冲脉衰少，天癸竭，地道不通，故形坏而无子
上古天真论-男子,中医基础理论::藏象::五脏::肾,1,二八::肾气盛，天癸至，精气溢泻，阴阳和，故能有子<br>###三八::肾气平均，筋骨劲强，真牙生而长极<br>###四八::筋骨隆盛，肌肉满壮<br>###五八::肾气衰，发堕齿槁,六八::阳气衰竭于上，面焦，发鬓斑白<br>###七八::肝气衰，筋不能动，天癸竭，精少，肾藏衰，形体皆极<br>###八八::则齿发去
命门,中医基础理论::藏象::五脏::肾,2,"内经::命门者，[[目]]也<br>###难经::""肾两者，非皆肾也，其左为肾，右为命门""——[[右肾]]为命门<br>###滑寿虞传::[[两肾]]总号为命门","赵献可::《医贯》——命门在[[两肾之间]]""七节之旁中有小心""<br>###张介宾::《景岳全书》——命门为[[子宫精室，水火之宅]]，""命门为元气之根，为水火之宅""<br>###孙一奎::《医旨绪余》——命门乃两肾中间之[[动气]]"
涎与唾区别,中医基础理论::藏象::五脏::综合对照,1,涎::质地较[[清稀]]，由[[脾]]主运化化生，出自两颊，自口角流出——脾在液为涎<br>###唾::质地较[[稠厚]]，由[[肾]]精气化生，出自舌下——肾在液为唾,涎功能::保护清洁口腔，湿润溶解食物，使之易于吞咽消化<br>###唾功能::溶解食物利吞咽，保护滋润口腔，还有滋养肾中精气的作用
六腑总论,中医基础理论::藏象::六腑::概述,1,"概念::胆、胃、大肠、小肠、膀胱、三焦的总称<br>###功能::[[受盛传化水谷]]——主持饮食受纳、消化、吸收和糟粕传导排泄<br>###特点::""[[泻而不藏]]，[[实而不能满]]""<br>###运动::""六腑以通为用，以降为顺，[[降中寓升]]""",注意::传化之府指胃、大肠、小肠、三焦、膀胱，不包括胆
七冲门,中医基础理论::藏象::六腑::概述,2,定义::消化道的七道门户，出自《难经·四十四难》<br>###内容::唇为飞门、齿为[[户门]]、会厌为吸门、胃为[[贲门]]、太仓下口为[[幽门]]、大肠小肠会为[[阑门]]、下极为[[魄门]],"魄门::""[[魄门亦为五藏使]]""——肛门启闭依赖心神主宰、肝气条达、脾气升提、肺气宣降、肾气固摄"
胆概述,中医基础理论::藏象::六腑::胆,1,别名::[[中精之府]]、清净之府、[[中正之官]]<br>###特殊::胆既是六腑又是奇恒之腑——中空似腑，排泄胆汁参与消化；但内盛[[精汁]]又似五脏藏精,原因::胆无传化饮食糟粕的功能，且为中清之府，似脏非脏、似腑非腑
胆贮藏排泄胆汁,中医基础理论::藏象::六腑::胆,1,"生成::胆汁由[[肝之精气]]化生汇聚而成，又称""精汁""<br>###功能::贮存于胆囊，排泄进入小肠参与饮食物消化吸收，依赖肝的疏泄完成",病理::①胆汁排泄受阻→胁下胀满、食欲不振、厌油腻；②湿热蕴结肝胆→胆汁外溢→[[黄疸]]（目黄、身黄、小便黄）；③胆气上逆→口苦、呕吐黄绿苦水
胆主决断,中医基础理论::藏象::六腑::胆,1,"定义::胆具有对事物进行判断、做出决定的功能——""胆者，中正之官，决断出焉""<br>###依据::决断能力取决于[[胆气强弱]]",病理::①胆火盛→口苦、烦躁易怒、胁痛；②肝胆气虚/心胆气虚→胆怯易惊、善恐、遇事不决、失眠多梦；③胆虚痰扰→口苦呕逆、惊悸不宁
胆生理特性,中医基础理论::藏象::六腑::胆,2,"下降::胆气以下降为顺——胆汁宜降<br>###主升::胆禀少阳春升之气——""胆气春升，则余脏从之""<br>###静谧::性喜静谧，喜宁谧而恶扰烦","注意::""胆气主升""和""胆气以下降为顺""出自不同教材，从不同角度概括胆的生理特征"
胃概述,中医基础理论::藏象::六腑::胃,1,别名::[[太仓]]、[[水谷之海]]、水谷气血之海<br>###功能::①主[[受纳]]水谷；②主[[腐熟]]水谷<br>###机理::【受纳】接受容纳饮食水谷；【腐熟】胃气将饮食物初步消化形成食糜,病理::受纳与腐熟失常→食欲不振、消化不良、胃脘胀痛
胃主通降,中医基础理论::藏象::六腑::胃,1,定义::胃气具有向[[下]]运动以维持胃肠道通畅的生理特性<br>###体现::①饮食物入胃容纳水谷；②食糜下传小肠；③食物残渣下传大肠排出<br>###枢纽::脾胃是脏腑气机升降之[[枢纽]]——脾气升则肝肾之气皆升，胃气降则心肺之气皆降,"病理::①胃气不降→纳呆脘闷、大便秘结；②胃气上逆→嗳气酸腐、恶心呕吐呃逆；③浊气在上→口臭<br>###名言::""[[胃不和则卧不安]]""——胃气不降影响心火和肺气下降"
胃喜润恶燥,中医基础理论::藏象::六腑::胃,1,定义::胃为[[阳明燥土]]之腑，需胃中津液滋润以维持受纳腐熟功能和通降下行<br>###治则::用苦寒泻下应[[中病即止]]，以免化燥伤阴,
小肠概述,中医基础理论::藏象::六腑::小肠,1,别名::[[受盛之官]]<br>###功能::①主[[受盛化物]]；②主[[泌别清浊]]；③小肠主液<br>###特性::[[升清降浊]],
小肠受盛化物,中医基础理论::藏象::六腑::小肠,1,"受盛::接受由胃下移之食糜而容纳<br>###化物::食糜在小肠内由脾气与小肠共同作用进一步消化，化为精微和糟粕两部分<br>###名言::""受盛之官，化物出焉""",病理::受盛失常→腹部胀闷疼痛；化物失常→消化吸收障碍、腹泻便溏、完谷不化
小肠泌别清浊,中医基础理论::藏象::六腑::小肠,1,清者::精微部分（谷精和津液），由小肠吸收，经脾气输转全身<br>###浊者::食物残渣经阑门传送到大肠形成粪便；水液经三焦下渗膀胱形成尿液<br>###本质::小肠泌别清浊实际为脾升胃降的[[具体体现]],"病理::清浊不分→尿少而便溏泄泻<br>###应用::""[[利小肠所以实大便]]""——小肠内水液多少与尿量有关，体现""小肠主液"""
小肠主液,中医基础理论::藏象::六腑::小肠,1,定义::小肠在吸收谷精的同时吸收大量[[津液]]<br>###途径::①吸收津液与谷精合为水谷之精由脾气输转全身；②部分水液经三焦下渗膀胱生成尿液,"病理::""小肠主液……小肠热结则液燥""——小肠实热→小便短赤灼涩痛，甚则尿血"
大肠概述,中医基础理论::藏象::六腑::大肠,1,别名::[[传导之官]]<br>###功能::①主[[传导糟粕]]；②主[[津]]<br>###特性::以[[通降]]为顺，传导有度,
大肠传导糟粕,中医基础理论::藏象::六腑::大肠,1,功能::接受小肠下移的食物残渣，吸收水分，形成糟粕，经肛门排泄粪便<br>###关联::与胃气通降、肺气肃降、脾气运化、肾气推动和固摄有关,病理::传导失常→大便秘结或泄泻；湿热蕴结→腹痛、里急后重、下痢脓血
大肠主津,中医基础理论::藏象::六腑::大肠,2,定义::大肠接受食物残渣，吸收水分，参与体内津液代谢<br>###病理::津液不吸收→肠鸣腹痛泄泻；实热消烁津液→大便秘结不通,
膀胱概述,中医基础理论::藏象::六腑::膀胱,1,别名::[[州都之官]]、津液之府、尿腑、净腑、水腑<br>###功能::①贮藏尿液；②排泄尿液<br>###特性::司[[开合]],
膀胱贮尿排尿,中医基础理论::藏象::六腑::膀胱,1,"贮尿::津液代谢后浊液下归膀胱——贮藏有赖于肾气及膀胱之气的[[固摄]]<br>###排尿::肾气及膀胱气化作用调节——气化正常则膀胱开合有度<br>###名言::""膀胱者，州都之官，津液藏焉，[[气化则能出矣]]""","病理::肾气失固→合少开多→夜尿多、遗尿、尿失禁；气化失常→开少合多→小便不利或癃闭<br>###名言::""膀胱不利为[[癃]]，不约为[[遗尿]]"""
三焦概述,中医基础理论::藏象::六腑::三焦,1,"地位::三焦为""[[孤腑]]""——脏腑之中惟三焦最大，无与匹配<br>###别名::决渎之官、原气之别使<br>###功能::①通行[[诸气]]；②运行[[津液]]","名言::""三焦者，决渎之官，[[水道出焉]]""""三焦者，[[原气之别使]]也"""
三焦通行诸气,中医基础理论::藏象::六腑::三焦,1,通道::三焦是一身之气上下运行、升降出入的[[通道]]，又是气化的场所<br>###元气::元气根于肾，通过三焦而充沛于全身<br>###三气::通行宗气、营气、卫气——胸中宗气自上而下到达脐下以资先天元气,"名言::""三焦通，则内外左右上下皆通也"""
三焦运行津液,中医基础理论::藏象::六腑::三焦,1,"定义::全身津液上下输布运行的[[通道]]——必须以三焦为通道<br>###气化::""[[三焦气化]]""——三焦疏通水道运行水液以调节津液代谢平衡","名言::""上焦不治则水泛高原，中焦不治则水留中脘，下焦不治则水乱二便"""
上焦如雾,中医基础理论::藏象::六腑::三焦,1,"部位::横膈以上，包括心、肺及头面部<br>###特点::""[[上焦如雾]]""——心肺输布营养至全身，如雾露之灌溉<br>###治则::""[[治上焦如羽，非轻不举]]""","名言::""上焦开发，宣五谷味，熏肤、充身、泽毛，若雾露之溉，是谓气"""
中焦如沤,中医基础理论::藏象::六腑::三焦,1,"部位::横膈以下、脐以上，包括脾胃、肝胆等<br>###特点::""[[中焦如沤]]""——消化饮食物如发酵酿造<br>###地位::中焦是升降之枢，气血生化之源<br>###治则::""[[治中焦如衡，非平不安]]""","血化::""中焦受气取汁，变化而赤，是谓血""<br>###注::就解剖位置肝胆属中焦；温病学三焦辨证将肝归下焦（肝肾同源）"
下焦如渎,中医基础理论::藏象::六腑::三焦,1,"部位::脐以下，包括肾、小肠、大肠、膀胱、女子胞、精室及两下肢<br>###特点::""[[下焦如渎]]""——排泄糟粕和尿液，如沟渠之通导<br>###治则::""[[治下焦如权，非重不沉]]""",辨证::三焦辨证为温病由浅及深三个病变阶段——始于上焦，终于下焦
奇恒之腑概念,中医基础理论::藏象::奇恒之腑::概述,1,"内容::脑、髓、骨、脉、胆、女子胞的总称<br>###命名::似脏非脏，似腑非腑，异于常态——""奇恒""<br>###特点::①形态[[中空]]，似腑；②功能[[藏贮精气]]而不泻，似脏",
脑概述,中医基础理论::藏象::奇恒之腑::脑,1,"定义::脑居颅内，由髓汇集而成——""诸髓者，皆属于脑""""脑为[[髓海]]""<br>###别称::""头者，[[精明之府]]""",
脑功能,中医基础理论::藏象::奇恒之腑::脑,1,"生命::主宰生命活动——""脑为[[元神之府]]""，是生命的枢机<br>###精神::主司精神活动——包括意识、思维、情志<br>###感觉::主感觉运动——口舌眼鼻耳五官诸窍皆位于头面与脑相通","名言::""髓海不足，则脑转耳鸣，胫酸眩冒，懈怠安卧""<br>###关系::脑髓充盈与肾精密切相关，且与五脏六腑之精有关——精神活动虽由脑与心主司，尚有""五神脏""之说"
髓,中医基础理论::藏象::奇恒之腑::髓,2,定义::骨腔中脂膏状的微精物质，分[[脑髓]]、[[脊髓]]和[[骨髓]]<br>###功能::充养脑髓、滋养骨骼、化生血液、主灵性技巧,"名言::""骨者，髓之府"""
骨,中医基础理论::藏象::奇恒之腑::骨,3,"功能::藏髓、支撑形体、保护内脏<br>###关系::由肾精充养，由肾气推动调控——""肾主骨""是肾精及肾气促进生长发育的具体体现",标志::骨的发育标志人形体的发育
脉,中医基础理论::藏象::奇恒之腑::脉,2,"别称::""脉者，[[血之府]]也""<br>###功能::容纳和运输血液的通道——心主身之血脉",
女子胞功能,中医基础理论::藏象::奇恒之腑::女子胞,1,别称::胞宫、子宫、子脏<br>###功能::①主持[[月经]]；②孕育[[胎儿]],
女子胞-天癸冲任,中医基础理论::藏象::奇恒之腑::女子胞,1,"天癸::肾中精气化生""天癸""→生殖器官发育成熟→月经来潮/绝经<br>###冲任::天癸至与竭和[[冲任]]二脉盛衰密切相关——治疗月经病及不孕症多调理冲任",关系::女子胞与冲、任、督、带及十二经脉均有密切关系
女子胞-脏腑关系,中医基础理论::藏象::奇恒之腑::女子胞,1,"最密切::女子胞与[[心肝脾肾]]关系尤为密切<br>###别称::""[[女子以肝为先天]]""<br>###经脉::最密切的脏腑经络：心、肝、脾、肾、冲任二脉",失调::①气血不和→胞宫功能失调；②心肝脾肾功能障碍→胞宫功能失调；③冲任气血不足→胞宫功能失常
心肺关系,中医基础理论::藏象::脏腑关系::脏与脏,1,"核心::气与血相互依存、相互为用——心主血，肺主气<br>###中心::[[宗气]]是联系心主行血和肺主呼吸的中心环节<br>###名言::""呼出心与肺""",病理::①心气不足→行血无力→心血瘀阻→肺气壅滞→咳嗽喘促；②肺气不足→血运无力→心悸心痛
心脾关系,中医基础理论::藏象::脏腑关系::脏与脏,1,血液生成::心主血供养于脾，心阳温脾；脾旺血足则心血充盈<br>###血液运行::心行血推动血行；脾统血控制血液不逸出脉外,病理::心脾两虚：眩晕、心悸失眠多梦、腹胀体倦乏力、面色无华
心肝关系,中医基础理论::藏象::脏腑关系::脏与脏,1,血液::心主行血使肝有所藏，肝主藏血调节血量<br>###情志::心主藏神有利于肝主疏泄，肝主疏泄有利于心神内守,病理::①心血不足与肝血亏虚相互影响→心肝血虚；②心神不安/肝气郁结→精神恍惚；③心火/肝火→心烦失眠、急躁易怒
心肾关系,中医基础理论::藏象::脏腑关系::脏与脏,1,"水火既济::心火下降于肾制约肾阴使肾水不寒；肾水上济于心制约心阳使心火不亢 = ""[[心肾相交]]""<br>###精神互用::心主神，神全可益精；肾主精，积精可全神<br>###君相安位::心为[[君火]]居上主宰；肾为[[相火]]居下为阳气之根","病理::""[[心肾不交]]""：肾阴虚于下而心火亢于上→心烦失眠、眩晕耳鸣、腰膝酸软、五心烦热"
肺脾关系,中医基础理论::藏象::脏腑关系::脏与脏,1,"气生成::宗气生成：肺吸入清气 + 脾运化水谷精气→宗气。""肺为主气之枢，脾为生气之源""<br>###津液::肺气宣降主行水，脾主运化水饮上输于肺——""脾为生痰之源，肺为贮痰之器""",病理::肺脾两虚：少气、神疲、乏力、懒言、声低息微
肺肝关系,中医基础理论::藏象::脏腑关系::脏与脏,1,"核心::人体气机升降——肝主升（生于左），肺主降（藏于右）= ""[[龙虎回环]]""<br>###重要::肝气主升、肺气主降为全身气机调畅最重要的环节",病理::①肝失疏泄/肝火犯肺→咳嗽气急（[[木火刑金]]）；②肺失清肃→肝气上逆→眩晕头痛
肺肾关系,中医基础理论::藏象::脏腑关系::脏与脏,1,"水液::肺为水之上源，肾为主水之脏——互相配合完成津液代谢<br>###呼吸::肺主呼气，肾主纳气——""肺为气之主，[[肾为气之根]]""<br>###阴液::""[[金水相生]]""——肺阴下输于肾，肾阴上滋于肺",病理::①肾不纳气→气喘呼多吸少；②肺肾阴虚→潮热五心烦热颧红盗汗；③肺累及肾→尿少水肿
肝脾关系,中医基础理论::藏象::脏腑关系::脏与脏,1,消化::肝主疏泄协调脾胃升降促进脾运化；脾气健旺使肝气条达疏泄<br>###血液::肝藏血，脾统血，使血不离经脉；脾生血使肝有所藏,病理::①[[肝脾不调]]：胸闷太息、纳呆腹胀、肠鸣泄泻；②脾胃湿热熏蒸肝胆→黄疸
肝肾关系,中医基础理论::藏象::脏腑关系::脏与脏,1,"精血同源::""[[乙癸同源]]""——肝藏血，肾藏精，精血皆由水谷之精化生且能相互资生<br>###藏泄互用::肝气疏泄使肾气封藏有度，肾气闭藏防肝气疏泄太过——调节月经和泄精<br>###阴阳互滋::肾阴滋养肝阴共同制约肝阳；肾阳资助肝阳共同温煦肝脉",病理::①肝肾精血虚→头昏目眩、腰膝酸软；②肝阳上亢→眩晕中风；③下焦虚寒→少腹冷痛、宫寒不孕
脾肾关系,中医基础理论::藏象::脏腑关系::脏与脏,1,先后天::脾为后天之本，运化依赖肾的蒸化；肾为先天之本，精气充盈依赖脾运化水谷精微的充养<br>###水液::脾主运化水液，肾为主水之脏（肾阳气化，开合有度）,病理::①脾肾精虚→生长发育迟缓或未老先衰；②脾肾阳虚→畏寒腹痛、五更泄泻、完谷不化；③脾肾两虚水湿内停→浮肿腹胀便溏
腑与腑关系,中医基础理论::藏象::脏腑关系::腑与腑,2,核心::体现于饮食物在消化、吸收、排泄过程中的相互联系与密切配合<br>###特点::六腑以降为顺，以通为用<br>###病变::常多表现在传化及排泄异常,传变::胃失和降→小肠泌别清浊失常→大肠传化糟粕失常；胆排泄障碍→影响脾胃运化；三焦不通→水液不行→尿少
心与小肠,中医基础理论::藏象::脏腑关系::脏与腑,1,联系::浊气归心→心血滋养心阳温煦助小肠化物；小肠化物泌清别浊→化生心血<br>###病理::[[心火下移小肠]]；小肠实热上熏于心；小肠虚寒日久致心血不足,
肺与大肠,中医基础理论::藏象::脏腑关系::脏与腑,1,肃降::肺气清肃下降→布散津液→促进大肠传导<br>###传导::大肠传导→糟粕下行→有利于肺气清肃,病理::①肺失肃降→腑气不通、肠燥便秘；②肺气虚弱→气虚便秘或大便溏泄；③大肠实热→腑气阻滞→胸闷咳喘
脾与胃,中医基础理论::藏象::脏腑关系::脏与腑,1,"纳运::[[纳运相得]]——脾主运化，胃主受纳<br>###升降::[[升降相因]]——脾主升清，胃主降浊，是脾胃间最根本最重要的关系。""脾宜升则健，胃宜降则和""<br>###燥湿::[[燥湿相济]]——脾喜燥恶湿，胃喜润恶燥。""太阴湿土得阳始运，阳明燥土得阴自安""",病理::①纳运失常→纳少脘痞、腹胀泄泻；②升降失常→胃脘坠胀、呕吐呃逆或内脏下垂；③燥湿失常→湿困脾运、排便异常
肝与胆,中医基础理论::藏象::脏腑关系::脏与腑,1,同司疏泄::肝主疏泄分泌胆汁促进排泄；胆附于肝藏泄胆汁有利于肝气疏泄<br>###共主勇怯::肝主[[谋虑]]，胆主[[决断]],病理::肝胆气滞、肝胆湿热、肝胆火旺；情志抑郁或惊恐胆怯
肾与膀胱,中医基础理论::藏象::脏腑关系::脏与腑,1,功能::肾气蒸化司膀胱开合，固摄小便；膀胱开合有度有利于肾主水之功<br>###合作::共同完成尿液生成、贮存、排泄,
精的概念,中医基础理论::精气血津液神::精,1,定义::精是由[[禀受于父母]]的生命物质与后天水谷精微相融合而形成的[[精华物质]]，是人体生命的本原，是构成人体和维持人体生命活动的[[最基本物质]]<br>###形态::精一般呈[[液态]]贮藏于脏腑之中或流动于脏腑之间,古文::夫精者，身之本也。是故五脏者，主藏精。食气入胃，散精于肝。
精的范畴,中医基础理论::精气血津液神::精,1,广义::[[广义之精]]包括气、血、津液等人体一切精微物质<br>###狭义::[[狭义之精]]专指[[生殖之精]]<br>###范畴::精概念的范畴仅限于先天之精、水谷之精、生殖之精及脏腑之精，[[不包含]]血、津液,
先天之精,中医基础理论::精气血津液神::精,1,定义::生命的[[本原物质]]，受之父母，[[先身而生]]<br>###功能::是构成人体[[胚胎]]和[[繁衍后代]]的基本物质,古文::以母为基，以父为楯。两神相搏，合而成形，常先身生，是谓精。
后天之精,中医基础理论::精气血津液神::精,1,来源::自然界清气、饮食物中摄取的营养精华以及脏腑气化所生成的精微物质<br>###基础::[[清气]]与[[饮食水谷]]是后天化生精微物质的基础<br>###水谷之精::由饮食水谷所化生的精微物质又称[[水谷之精]],
精的贮藏,中医基础理论::精气血津液神::精,2,总述::人体之精贮藏于脏腑身形中<br>###肾藏精::肾所藏先天之精在胎儿时期便贮藏于各脏腑中；后天之精经脾肺输送到各脏腑，部分输送于肾中以充养先天之精<br>###封藏::肾的藏精功能主要依赖肾气的[[封藏]]作用，肾精化生肾气，固摄封藏使精藏于肾中而不妄泄,古文::肾者主水，受五脏六腑之精而藏之。肾者主蛰，封藏之本，精之处也。<br>###病理::肾气虚亏、封藏失职，可出现遗精、滑精等症状<br>###要旨::肾为[[先天之本]]
精的施泄,中医基础理论::精气血津液神::精,2,形式一::分藏于各脏腑，濡养脏腑，并化气以推动和调节其功能活动<br>###形式二::[[生殖之精]]的施泄以繁衍生命,先天之精::化生[[元气]]，布散全身<br>###后天之精::由脾肺等转输到各脏腑，成为脏腑之精<br>###生殖之精::以先天之精为主体，在后天之精资助下化生，与[[肾气封藏]]、[[肝气疏泄]]及[[脾气运化]]密切相关
精的功能（上）,中医基础理论::精气血津液神::精,1,繁衍::精是生命的本原，生殖之精具有[[繁衍生命]]的作用<br>###濡养::精能[[濡养]]、滋润脏腑、形体、官窍<br>###化血::肾藏精，精生髓，[[精髓]]可化生血液<br>###化气::先天之精化生元气，水谷之精化生水谷之气，肺吸入清气，三者合而成[[一身之气]],古文::精不泄，归精于肝而化清血。精化为气。
精的功能（下）,中医基础理论::精气血津液神::精,1,化神::积精则[[全神]]，精亏则神疲，精亡则神散<br>###抗邪::保卫机体、[[抵御外邪]]入侵,古文::神者，水谷之精气也。精气不散，神守不分。故藏于精者，春不病温。
气的概念,中医基础理论::精气血津液神::气,1,定义::人体内[[活力很强]]、[[运动不息]]的极细微物质<br>###地位::是构成人体和维持人体生命活动的[[基本物质]]之一,
气的生成,中医基础理论::精气血津液神::气,1,来源::[[先天之气]](元气)、[[水谷之气]](最重要)、[[清气]](自然界)<br>###脏腑::肾为生气之[[根]]；脾胃为生气之[[源]]；肺为生气之[[主]],肾::先天之精化生先天之气，是人体之气的根本<br>###脾胃::水谷之精化生水谷之气，成为人体之气的[[主要来源]]<br>###肺::主呼吸之气，主司宗气生成(清气与水谷之气结合生成宗气)
气的推动作用,中医基础理论::精气血津液神::气,1,推动::激发兴奋与促进([[阳气]])<br>###调控::减缓、抑制与宁静([[阴气]])<br>###内容::①生长发育与生殖 ②脏腑经络生理功能 ③精血津液生成运行输布 ④精神活动,病理::推动减弱可致早衰、脏腑功能减弱、血虚、血液运行不利、水液停滞等
气的温煦作用,中医基础理论::精气血津液神::气,1,温煦::[[阳气]]温煦人体(阴气主凉润)<br>###内容::①维持正常体温恒定 ②温养脏腑经络形体官窍 ③保证精血津液正常运行,病理::温煦失常→体温低下、畏寒、脏腑功能减弱、血津运行迟滞等寒象<br>###古文::气不足便是寒。气实者，热也；气虚者，寒也。气主煦之。
气的防御作用,中医基础理论::精气血津液神::气,1,护卫::[[护卫肌表]]，抵御外邪<br>###驱邪::正邪交争，[[驱邪外出]]<br>###修复::自我修复，恢复健康,古文::正气存内，邪不可干。邪之所凑，其气必虚。卫气者，为言护卫周身，温分肉，肥腠理，不使外邪侵犯也。<br>###病理::防御减弱则易染疾病，患病后难以痊愈
气的固摄作用,中医基础理论::精气血津液神::气,1,固血::固摄[[血液]]，使之循行于脉中，不逸出脉外<br>###固液::固摄[[精液]]、[[汗液]]、[[尿液]]、唾液、胃肠液等，调控其分泌量或排泄量<br>###对象::固摄对象概括为[[血、津、精]],病理::固摄减弱→出血、自汗、多尿、小便失禁、流涎、泄泻滑脱、遗精、滑精、早泄等
气的中介与气化,中医基础理论::精气血津液神::气,2,中介::气感应传导信息，维系机体整体联系，是脏腑形体官窍之间相互联系的[[中介]]<br>###气化::通过气的运动产生的各种变化，即精气血津液各自的[[新陈代谢]]及其[[相互转化]],营养::气还具有营养作用，如水谷精气、营气<br>###古文::味归形，形归气；气归精，精归化。
气机的概念与形式,中医基础理论::精气血津液神::气,1,概念::[[气机]]即气的运动<br>###形式::基本形式为[[升降]]与[[出入]]<br>###正常::气机调畅，即升降出入运动的平衡协调和畅通无阻,古文::出入废则神机化灭，升降息则气立孤危。非出入，则无以生长壮老已；非升降，则无以生长化收藏。是以升降出入，无器不有。<br>###意义::气的升降出入运动是人体生命活动的根本，停息即意味生命终止
脏腑气机规律,中医基础理论::精气血津液神::气,2,五脏::心肺在上者[[宜降]]；肝肾在下者[[宜升]]；脾胃居中，通连上下，为升降转输的[[枢纽]]<br>###六腑::以通为用，以降为顺，降中寓升,
气机失调,中医基础理论::精气血津液神::气,1,总述::气的运动阻滞，升降出入运动之间平衡失调，统称[[气机失调]]<br>###类型::[[气机不畅]](运行受阻)→[[气滞]](局部阻滞)→[[气逆]](上升太过或下降不及)→[[气陷]](上升不及或下降太过)→[[气脱]](外出太过不能内守)→[[气闭]](不能外达而郁结塞闭),古文::百病生于气也。<br>###治则::调畅气机为治疗疾病的[[基本法则]]
气化,中医基础理论::精气血津液神::气,2,概念::气的运动所产生的各种变化<br>###内容::体内精微物质的化生及输布，精微物质之间、精微物质与能量之间的互相转化，以及废物的排泄<br>###实质::体内[[物质新陈代谢]]过程，是物质转化和能量转化的过程,表现::精化为气、气化为精；精血同源互化；津血同源互化；浊气呼出、汗液尿液排泄、粪便排泄等
元气,中医基础理论::精气血津液神::气,1,概念::人体[[最根本、最重要]]的气，是人体生命活动的[[原动力]]。即原气、真气、先天之气<br>###生成::肾所藏先天之精化生，根于[[命门]]，赖后天精气充养<br>###分布::从肾发出，以[[三焦]]为通路，循行全身，内而五脏六腑，外而肌肉腠理，[[无处不到]],脏腑::肾、脾胃<br>###古文::命门者……原气之所系也。三焦者，原气之别使也，主通行三气，经历于五脏六腑。<br>###病理::元气虚衰→生长发育迟缓、生殖功能低下、未老先衰等虚衰性病变
元气的功能,中医基础理论::精气血津液神::气,1,发育::推动调节人体[[生长发育与生殖]]<br>###脏腑::推动调控各脏腑、经络、形体官窍的生理活动,古文::命门为元气之根，为水火之宅，五脏之阴气非此不能滋，五脏之阳气非此不能发。
宗气,中医基础理论::精气血津液神::气,1,概念::水谷精气与自然界清气相结合、积聚于[[胸中]]之气<br>###别称::宗气积聚之处称为[[膻中]]、【*气海::气聚之处*】<br>###生成::脾气运化的[[水谷之气]]＋肺吸入的[[自然界清气]],脏腑::脾胃、肺<br>###古文::其大气之搏而不行者，积于胸中，命曰气海。
宗气的分布与功能,中医基础理论::精气血津液神::气,1,分布::积聚胸中，上走[[息道]]，贯注[[心脉]]，蓄于丹田注于足阳明之气街<br>###呼吸::上走息道以行呼吸，与呼吸、语言、[[发声]]有关<br>###行血::贯心脉以行血气，与血液运行、[[心搏强弱及节律]]有关<br>###资元::资先天元气,其他::与肢体寒温和活动能力、视听言动感受能力有关<br>###诊法::胃之大络，名曰[[虚里]]，候宗气盛衰<br>###古文::宗气者，动气也。凡呼吸、语言、声音，以及肢体运动，筋力强弱者，宗气之功用也。<br>###病理::宗气虚→呼吸短促微弱、语言不清、脉来躁急或微弱无力
卫气,中医基础理论::精气血津液神::气,1,概念::行于[[脉外]]具有[[保卫]]作用的气，又称[[卫阳]]<br>###生成::脾胃化生的水谷精气，其[[慓悍]]部分分化生卫气，其气慓疾滑利<br>###分布::行于脉外，不受脉道约束，外而皮肤肌腠，内而胸腹脏腑，布散全身,古文::卫者，水谷之悍气也。其气慓疾滑利，不能入于脉也。谷入于胃，以传与肺，五脏六腑，皆以受气，其清者为营，浊者为卫。
卫气的功能,中医基础理论::精气血津液神::气,1,防御::保卫肌表，[[防御外邪]]<br>###温养::温养全身(脏腑、肌肉、皮毛)，即[[温分肉，充皮肤，肥腠理]]<br>###开阖::调节[[腠理]]开阖，促使汗液有节制排泄，维持体温恒定<br>###睡眠::与睡眠有关，[[昼精而夜瞑]],古文::卫气者，为言护卫周身，温分肉，肥腠理，司开阖者也。卫气和，则分肉解利，皮肤润柔，腠理致密矣。<br>###病理::卫气虚→恶寒发热、汗出异常(无汗/多汗/自汗)、抗邪能力低下、昼不精夜不寐
营气,中医基础理论::精气血津液神::气,1,概念::行于[[脉中]]而具有[[营养]]作用的气，又称[[营阴]]<br>###生成::脾胃化生的水谷精气，其[[精华]]部分化生营气并进入脉中运行全身<br>###分布::与血同行，循脉运行全身，[[营周不休]],常识::临床常[[营血并称]]<br>###古文::营者，水谷之精气也。和调于五脏，洒陈于六腑，乃能入于脉也。故循脉上下，贯五脏，络六腑也。
营气的功能,中医基础理论::精气血津液神::气,1,化血::营气者，泌其津液，注之于脉，[[化以为血]]<br>###营养::营气循脉运行，[[营养全身]]脏腑组织,古文::此所受气者，泌糟粕，蒸津液，化其精微，上注于肺脉，乃化而为血，以奉生身，莫贵于此，故独得行于经隧，命曰营气。
营卫关系,中医基础理论::精气血津液神::气,1,共同来源::都以[[水谷精气]]为主要生成来源<br>###区别::[[营在脉中]]，[[卫在脉外]]<br>###阴阳::营主内守属于[[阴]]，卫主外卫属于[[阳]],协调::营卫和调维持正常体温、腠理开合、汗液分泌、昼精夜寐及抗邪能力<br>###病理::营卫不和→恶寒发热、无汗或多汗、昼不精夜不瞑、易感冒
血的概念,中医基础理论::精气血津液神::血,1,定义::循行于脉中具有营养的[[红色液态物质]]，是构成人体和维持人体生命活动的基本物质之一<br>###离经::血液逸出脉外形成出血，称为[[离经之血]]；不能及时排出或消散则变为[[瘀血]],
血的生成-物质基础,中医基础理论::精气血津液神::血,1,水谷::[[水谷之精]]化生营气和津液进入脉中成血<br>###肾精::肾藏精，精生[[髓]]，髓可化为血；肾精输于肝，化以为血,古文::中焦受气取汁，变化而赤，是谓血。肾藏精，精者，血之所成也。精不泄，归精于肝而化清血。
血的生成-脏腑,中医基础理论::精气血津液神::血,1,脾胃::血液生化之[[源]]，运化的水谷精微所产营气和津液是血液主要构成成分<br>###肝肾::肾藏精生髓化血；肝藏血，[[精血同源]]；肝疏泄配合肾精化血<br>###心肺::营津上注心肺，在心气作用下变化成红色血液([[心生血]])；上注于肺脉与清气融合化血,版本::十版/十一版→脾胃、肾肝、心肺；八版/九版→脾胃、心肺、肾；人卫三版→脾胃、肝肾、心肺<br>###古文::血乃中焦之汁……奉心化赤而为血。此所受气者，泌糟粕，蒸津液，化其精微，上注于肺脉，乃化而为血。
血的运行-因素,中医基础理论::精气血津液神::血,2,气::气的推动与宁静协调；温煦与凉润平衡；固摄作用<br>###脉道::脉道[[完好无损]]与[[通畅无阻]]<br>###血液::血液清浊与黏稠状态<br>###病邪::[[阳热]]、[[阴寒]]等病邪影响,
血的运行-脏腑,中医基础理论::精气血津液神::血,1,心::主血脉，[[心气]]是血液运行动力，起主导作用<br>###肺::[[朝百脉]]，主治节辅助心脏主管全身血脉；宗气贯心脉行气血<br>###肝::主疏泄调畅气机保证血行通畅；[[肝藏血]]调节血量，防止血逸脉外<br>###脾::主[[统血]]，防止血逸,促进::心气推动、肺气宣降、肝气疏泄<br>###固摄::脾统血、肝藏血
血的功能,中医基础理论::精气血津液神::血,1,濡养::[[濡养滋润]]，表现为面色红润、肌肉丰满、皮肤毛发润泽、感觉运动灵活自如<br>###化神::血为精神活动的主要物质，[[血脉和利，精神乃居]],其他::血液可化生乳汁、经水，养育胎儿<br>###古文::血主濡之。肝受血而能视，足受血而能步，掌受血而能握，指受血而能摄。血气者，人之神，不可不谨养。
津液的概念,中医基础理论::精气血津液神::津液,1,定义::机体一切[[正常水液]]的总称，包括脏腑组织器官的内在体液及其正常分泌物<br>###来源::都来源于饮食，有赖于[[脾胃]]的运化功能而生成<br>###别称::又称[[阴津]]、[[阴液]],
津与液的区别,中医基础理论::精气血津液神::津液,1,津::质地[[清稀]]，流动性大，布散体表皮肤、肌肉、孔窍，渗入血脉；功能为[[滋润]]<br>###液::质地[[浓稠]]，流动性小，灌注骨节、脏腑、脑、髓；功能为[[濡养]],古文津::腠理发泄，汗出溱泽<br>###古文液::谷入气满，淖泽注于骨，骨属屈伸，泄泽补益脑髓，皮肤润泽
津液的生成,中医基础理论::精气血津液神::津液,1,来源::饮食水谷，通过脾胃运化及有关脏腑生成<br>###主导::以[[脾]]为主导<br>###脏腑::由[[胃]]、[[小肠]]、[[大肠]]共同完成,古文::饮入于胃，游溢精气，上输于脾，脾气散精，上归于肺，通调水道，下输膀胱，水精四布，五经并行。
津液的输布,中医基础理论::精气血津液神::津液,1,脾::脾气[[散精]]与升清，上输于肺或直接灌溉四傍<br>###肺::肺[[通调水道]]，为[[水之上源]]，宣发输布上部外周，肃降输布内部下部<br>###肾::肾气[[蒸腾气化]]，[[肾主水]]对津液输布排泄起主宰作用<br>###肝::肝主疏泄调畅气机，[[气行则津布]]<br>###三焦::[[决渎]]为水道，水道通利则津液正常输布,病理脾::脾失运化→水湿痰饮或水肿胀满<br>###病理肺::肺失通调→痰饮，甚则水泛为肿<br>###病理肝::肝失疏泄→津液停滞，痰饮水肿；痰气互结致梅核气、痰瘤、鼓胀
津液的排泄,中医基础理论::精气血津液神::津液,1,途径::[[尿液]](最主要)、[[汗液]]、呼气、粪便<br>###脏腑::肾(最重要)、肺、脾<br>###要旨::水之本在肾，水之标在肺，水之制在脾,尿::肾气蒸化下输膀胱的津液生成尿液。失常则尿少、尿闭、水肿<br>###汗::肺气宣发将津液外输体表化为汗液。失常则汗液排泄异常<br>###古文::肾者，胃之关也，关门不利，故聚水而从其类也。上下溢于皮肤，故为胕肿。
津液的功能,中医基础理论::精气血津液神::津液,1,滋润::[[滋润濡养]]各脏腑组织器官<br>###充脉::[[津液＋营气＝血液]]，滋养滑利血脉，调节血液浓度及血量([[津血同源]])<br>###阴阳::调节机体阴阳平衡<br>###排泄::排泄代谢产物<br>###载气::津液为气的载体之一,
神的概念,中医基础理论::精气血津液神::神,1,广义::人体生命活动的[[主宰]]及其外在总体表现的统称，包括形色、眼神、言谈、表情、应答、举止等<br>###狭义::指[[意识]]、[[思维]]、[[情志]]等精神活动<br>###形神::形为神之质，神为形之用；形存则神存，形亡则神灭,
神的生成,中医基础理论::精气血津液神::神,1,元神::先天之神，由先天精气所生，为生命之根本([[脑为元神之府]])<br>###物质::神的物质基础为精、气、血、津液<br>###五脏::[[五脏藏神]]：肝藏血血舍魂，脾藏营营舍意，心藏脉脉舍神，肺藏气气舍魄，肾藏精精舍志,古文::两精相搏谓之神。血气者，人之神。气和而生，津液相成，神乃自生。
神的分类,中医基础理论::精气血津液神::神,2,五神::[[神、魂、魄、意、志]]，概括感觉、意识、思维等精神活动。[[心]]统率魂魄意志，为精神活动主宰<br>###情志::[[七情]]：喜怒忧思悲恐惊；[[五志]]分属五脏(心喜、肝怒、肺忧、脾思、肾恐)<br>###思维::意→志→思→虑→智,古文::两精相搏谓之神，随神往来者谓之魂，并精而出入者谓之魄，所以任物者谓之心，心有所忆谓之意，意之所存谓之志，因志而存变谓之思，因思而远慕谓之虑，因虑而处物谓之智。
神的作用,中医基础理论::精气血津液神::神,1,主宰生命::神是生理和心理活动的主宰，其盛衰是生命力盛衰的综合体现<br>###主宰精神::统率意识、思维、情志等精神活动<br>###调节::调节[[精气血津液]]的代谢和脏腑功能,古文::得神者昌，失神者亡。<br>###要旨::形与神俱则生，形与神离则死；神是机体生命存在的根本标志
精与气的关系,中医基础理论::精气血津液神::相互关系,1,气生精::气充则精盈，气虚则精亏。治法：[[补气生精]]、补气固精<br>###精化气::精足则气旺，精亏则气衰。精亏与失精患者可兼见气虚,古文::善治精者，能使精中生气；善治气者，能使气中生精。
精血同源,中医基础理论::精气血津液神::相互关系,1,概念::精能化血，血能养精，精与血相互滋生和相互转化<br>###别称::又称[[肝肾同源]]<br>###精化血::水谷之精和肾精是血液化生的基础物质<br>###血养精::血液充养脏腑化生脏腑之精，滋养肾精,发为血之余::肾精化血荣养头发，肾精亏耗→头发枯槁脱落<br>###病理::肝血不足与肾精亏损相互影响→头晕眼花、耳聋耳鸣
津血同源,中医基础理论::精气血津液神::相互关系,1,概念::血和津液都由水谷精微化生，同具滋润濡养作用，可相互资生转化<br>###津生血::津液是血液重要组成部分，脉外津液进入脉中则[[化而为血]]<br>###血化津::脉中津液可渗出脉外化为津液<br>###血汗::津液可化为汗液排泄，故有[[血汗同源]]之说,夺汗无血::大汗剧烈吐泻→血脉空虚津枯血燥，应慎用破血逐瘀之剂或放血疗法<br>###夺血无汗::失血过多→脉外津液不足，应慎用发汗等方法<br>###古文::夺汗者无血。夺血者无汗。衄家不可发汗。亡血家不可发汗。
气血关系概述,中医基础理论::精气血津液神::相互关系,1,气为血帅::包括[[气能生血]]、[[气能行血]]、[[气能摄血]]<br>###血为气母::包括[[血能养气]]、[[血能载气]],
气能生血,中医基础理论::精气血津液神::相互关系,1,含义::气参与促进血液的生成<br>###相关::营气、脾胃之气、肾肝之气、心肺之气均参与<br>###治法::治疗[[血虚]]病证，[[配用补气药]],
气能行血,中医基础理论::精气血津液神::相互关系,1,含义::[[气行则血行]]，气的推动作用是血液运行的动力<br>###相关::[[心气]]、[[肺气]]、[[肝气]]<br>###治法::治疗血瘀、血随气逆(咳血面红目赤头痛甚则吐血)、血随气陷(脘腹坠胀便血崩漏尿血)等，常使用补气、行气、降气、升提等法,应用::治疗[[血瘀证]]，常酌配补(益)气、行(理)气药物
气能摄血,中医基础理论::精气血津液神::相互关系,1,含义::气具有统摄血液在脉中正常循行而[[不逸出脉外]]的作用<br>###脏腑::主要体现在[[脾气统血]]中<br>###病理::脾不统血/气不摄血→吐血、咳血、尿血、便血、衄血、崩漏等多种出血,治法::用[[补气法]]治疗出血，体现气能摄血([[补气摄血]]法)
血能养气与载气,中医基础理论::精气血津液神::相互关系,1,养气::血对气具有[[濡养]]作用，血虚日久往往兼有气虚，当养血与补气兼顾<br>###载气::血液是气的载体。[[气不得血，则散而无统]],气随血脱::大出血患者气无所依附→气脱病变<br>###治法::[[益气固脱]]和止血补血法<br>###古文::血为气之守。
气与津的关系,中医基础理论::精气血津液神::相互关系,1,气生津::气是津液生成的动力，[[脾胃之气]]最重要。气虚致津液不足→[[补气生津]]<br>###气行津::气推动津液输布排泄。气不行津→痰饮、水湿、水肿([[气不化水]])<br>###气摄津::气固摄津液防无故流失。气不摄津→多汗、自汗、多尿、遗尿、口角流涎等,古文::善治痰者，不治痰而治气，气顺则一身之津液，亦随气而顺矣。<br>###治则::补气行气法与利湿化痰法配合(治痰先治气、治湿兼理脾)
津与气的关系,中医基础理论::精气血津液神::相互关系,1,津生气::津液受阳气蒸腾温化化生为气([[水化气]])。津液亏虚可致气虚→津气亏虚<br>###津载气::津液是气的载体之一,气随津泄::暑热伤津，气随汗液外泄→少气懒言、体倦乏力等气虚表现<br>###气随津脱::大汗、剧烈吐泻等津液大量丢失→气随之大量外脱，可见精神萎靡、肌肤湿冷、四肢厥逆、脉微欲绝<br>###古文::吐下之余，定无完气。<br>###注意::发汗、涌吐和泻下三法应[[中病即止]]，勿使过用而生变证
精气与神的关系,中医基础理论::精气血津液神::相互关系,1,精气化神::神以精气为物质基础。精盈则[[神明]]，精亏则神疲；气充则神明，气虚则神衰。气为[[神之母]]<br>###神驭精气::脏腑功能及精气血等物质代谢都必须受神的[[调控主宰]]<br>###协调::神安则精固气畅，神荡则精失气衰,古文::积精全神。得神者昌，失神者亡。<br>###形神::形是神之宅，神乃形之主
经络的概念,中医基础理论::经络::总论,1,定义::经脉与络脉的统称<br>###功能::运行全身[[气血]]、联络脏腑形体官窍、沟通上下内外、[[感应传导信息]]的通路系统<br>###地位::是人体结构的重要组成部分,
经络系统组成-经脉,中医基础理论::经络::总论,1,十二正经::手三阴(肺、心包、心)、手三阳(大肠、三焦、小肠)、足三阴(脾、肝、肾)、足三阳(胃、胆、膀胱)，与脏腑有直接[[属络]]关系<br>###奇经八脉::督、任、冲、带、阴维、阳维、阴跷、阳跷，联络统率调节正经<br>###十二经别::十二经脉别出的经脉，概括为[[离入出合]]，又称[[六合]],正经::气血运行的主要通道，循环贯注<br>###奇经::十二经脉气血充盛有余则渗注于奇经<br>###经别::十二经脉的最大分支，加强表里两经在体内的联系
经络系统组成-络脉,中医基础理论::经络::总论,1,别络::十五别络(十二经脉＋任督各一＋[[脾之大络]])，为最大络脉，加强表里两经体表联系<br>###浮络::循行于人体[[浅表]]部位且常浮现的络脉，沟通经脉输达肌表<br>###孙络::[[最小]]的络脉，具有溢奇邪、通营卫作用,
经络系统组成-连属,中医基础理论::经络::总论,2,经筋::十二经脉之气聚散结于[[筋肉骨节]]的体系，约束骨骼屈伸关节<br>###皮部::十二经脉及其所属络脉在体表的[[分区]]，抗御外邪<br>###内属::五脏六腑，为十二经脉属络者,古文::宗筋主束骨而利机关也。
十二经脉命名,中医基础理论::经络::十二经脉概述,1,手足::手经行于[[上肢]]，起止于手；足经行于[[下肢]]，起止于足<br>###阴阳::阴经分布四肢[[内侧]]，隶属[[脏]]；阳经分布四肢[[外侧]]，隶属[[腑]]<br>###三阴三阳::太阴(前)、厥阴(中)、少阴(后)；阳明(前)、少阳(中)、太阳(后),表里::太阴与阳明、厥阴与少阳、少阴与太阳互为表里
四肢分布规律,中医基础理论::经络::十二经脉概述,1,总规律::[[阴经内侧，阳经外侧]]<br>###上肢::太阴前、厥阴中、少阴后(内)；阳明前、少阳中、太阳后(外)<br>###下肢::内踝尖上八寸以上同上肢规律；八寸以下[[厥阴在前，太阴在中]],口诀::内侧太厥少，外侧阳少太；八寸以下肝脾换
走向规律,中医基础理论::经络::十二经脉概述,1,手三阴::从[[脏]]走[[手]]<br>###手三阳::从[[手]]走[[头]]<br>###足三阳::从[[头]]走[[足]]<br>###足三阴::从[[足]]走[[腹]],口诀::手之三阴从脏走手，手之三阳从手走头，足之三阳从头走足，足之三阴从足走腹
交接规律,中医基础理论::经络::十二经脉概述,1,表里交接::相表里的阴经与阳经在[[四肢末端]]交接(如肺大肠交食指，心小肠交小指等)<br>###同名交接::同名手足阳经在[[头面部]]交接(如大肠胃交鼻翼，小肠膀胱交目内眦等)<br>###足手交接::足手阴经在[[胸中]]交接(如脾心交心中，肾心包交胸中，肝肺交肺中),
头面躯干分布规律,中医基础理论::经络::十二经脉概述,2,头面::阳明行[[额]]面，少阳行[[侧头]]，太阳行头顶头后及面颊；手少阴心经与足厥阴肝经到达[[目系]]<br>###躯干::手三阴行腋下，手三阳行肩胛部；足阳明行[[胸腹前]]，足太阳行[[背部]]，足少阳行[[体侧]]<br>###足三阴::腹胸部，内→外为肾胃脾肝,
表里关系,中医基础理论::经络::十二经脉概述,1,六对::[[肺与大肠]]、[[脾与胃]]、[[心与小肠]]、[[肾与膀胱]]、[[心包与三焦]]、[[肝与胆]],功能::表里两经在四肢末端交接，加强脏腑间的协调配合
流注次序,中医基础理论::经络::十二经脉概述,1,次序::肺→大肠→胃→脾→心→小肠→膀胱→心包→三焦→胆→肝<br>###口诀::[[肺大胃脾心小肠，膀胱包焦胆肝传]]<br>###功能::建立经络间主体联络途径、气血运行主要渠道、信息传递主流通路,
手太阴肺经,中医基础理论::经络::十二经脉循行,1,起止::起于[[中焦]](胃)，止于拇指桡侧端([[少商]]穴)<br>###联络::络[[大肠]]，属[[肺]]，循胃口，通过肺系(气管、喉咙)<br>###分支::从列缺穴分出，走向食指桡侧端(商阳穴)，交手阳明大肠经,路径::中焦→大肠→胃口→膈→肺→腋下→上肢内侧前缘→寸口→鱼际→拇指端
手阳明大肠经,中医基础理论::经络::十二经脉循行,1,起止::起于食指桡侧端([[商阳]]穴)，止于对侧鼻翼旁([[迎香]]穴)<br>###联络::络[[肺]]，属[[大肠]]；经过[[下齿]]、口、鼻<br>###分支::从缺盆上颈至面颊，入下齿中，挟口左右交叉于人中，至迎香穴交足阳明胃经,重点::入下齿中——下牙痛取大肠经
足阳明胃经,中医基础理论::经络::十二经脉循行,1,起止::起于鼻翼旁([[迎香]]穴)，止于足第二趾外侧端([[厉兑]]穴)，支脉至足大趾内侧交脾经<br>###联络::属[[胃]]，络[[脾]]；经过鼻、[[上齿]]、口唇、喉咙、耳<br>###分支::从足三里下入中趾外侧端；从冲阳穴入足大趾内侧端交足太阴脾经,路径::鼻→鼻根→目内眦→鼻外→上齿→口唇→下颌→耳前→额颅→喉咙→缺盆→乳中→脐旁→气街→大腿前缘→膝→足背→趾端<br>###重点::入上齿中——上牙痛取胃经
足太阴脾经,中医基础理论::经络::十二经脉循行,1,起止::起于足大趾内侧端([[隐白]]穴)，止于心中交手少阴心经<br>###联络::属[[脾]]，络[[胃]]，连[[舌本]]散舌下，注心中<br>###特殊::内踝尖上八寸处交出足厥阴肝经[[之前]],路径::大趾内侧→内踝前→小腿内侧正中→八寸处交出肝经前→大腿内侧前缘→腹中→脾→胃→膈→咽→舌本→舌下<br>###分支::从胃别出，上行注心中交手少阴心经
手少阴心经,中医基础理论::经络::十二经脉循行,1,起止::起于[[心中]]，止于小指桡侧端([[少冲]]穴)<br>###联络::属[[心]]，络[[小肠]]；经肺系，连[[目系]]<br>###分支::从心系挟食道上行，连于目系,路径::心中→心系→膈→小肠；心系→食道→目系；心系→肺→腋下→上肢内侧后缘→掌后锐骨→小指端<br>###重点::连目系——心经与视觉有关
手太阳小肠经,中医基础理论::经络::十二经脉循行,1,起止::起于小指尺侧端([[少泽]]穴)，止于目内眦(睛明穴)交足太阳膀胱经<br>###联络::属[[小肠]]，络[[心]]；过胃、[[咽]]、耳、目<br>###分支::从缺盆入耳中；从面颊至目眶下抵鼻至目内眦,重点::既到目外眦又到目内眦的经脉——[[唯有小肠经]]
足太阳膀胱经,中医基础理论::经络::十二经脉循行,1,起止::起于[[目内眦]](睛明穴)，止于足小趾外侧端([[至阴]]穴)<br>###联络::属[[膀胱]]，络[[肾]]，络[[脑]]<br>###路径::目内眦→额→头顶(百会)→枕骨→络脑→项部→脊柱两旁1.5寸→腰部→臀→腘窝→小腿→外踝后→小趾外侧<br>###分支::从腰部下行经臀至腘窝；从项部下行经肩胛内侧3寸线至腘窝会合,重点::进入颅腔络脑——与脑相关疾病可取膀胱经<br>###脏腑::联系脏腑为膀胱、肾、脑
足少阴肾经,中医基础理论::经络::十二经脉循行,1,起止::起于足小趾下(斜走足心[[涌泉]]穴)，注入胸中交手厥阴心包经<br>###联络::属[[肾]]，络[[膀胱]]，贯[[肝]]，入[[肺]]，络[[心]]；过喉咙、舌<br>###分支::从肾上贯肝膈入肺循喉咙夹舌根；从肺出络心注胸中,路径::足心→内踝后→足跟→小腿内侧后缘→腘窝→股内侧后缘→脊内→肾→膀胱<br>###重点::联系脏腑最多——肾、膀胱、肝、肺、心五脏
手厥阴心包经,中医基础理论::经络::十二经脉循行,1,起止::起于[[胸中]]，止于中指端([[中冲]]穴)，支脉至无名指尺侧端交三焦经<br>###联络::出属[[心包络]]，依次络上中下[[三焦]]<br>###路径::胸中→心包络→膈→三焦；胸中→胁→腋下→上肢内侧中线→肘→腕→掌中→中指端,
手少阳三焦经,中医基础理论::经络::十二经脉循行,1,起止::起于无名指尺侧端([[关冲]]穴)，止于目外眦交足少阳胆经<br>###联络::散络[[心包]]，遍属[[三焦]]；过耳、目<br>###分支::从耳后入耳中出走耳前，至目外眦后方,重点::从耳后入耳中、出走耳前——耳疾取三焦经
足少阳胆经,中医基础理论::经络::十二经脉循行,1,起止::起于[[目外眦]](瞳子髎穴)，止于足第四趾外侧端([[窍阴]]穴)，支脉至足大趾交肝经<br>###联络::属[[胆]]，络[[肝]]；过耳、目<br>###路径::目外眦→额角→耳前→耳后→额部→眉上→枕骨下(风池)→肩上(肩井)→缺盆→胁里→气街→髋关节→大腿外侧→外踝前→足背→四趾端,分支::从耳后入耳中出走耳前；从足背至足大趾交足厥阴肝经
足厥阴肝经,中医基础理论::经络::十二经脉循行,1,起止::起于足大趾爪甲后丛毛处([[大敦]]穴)，上注肺中交手太阴肺经<br>###联络::属[[肝]]，络[[胆]]，夹胃，连[[目系]]，环唇内，沿喉咙<br>###特殊::内踝尖上八寸以下行于下肢前缘，八寸以上行于中线,路径::大趾→足背→内踝→小腿(八寸以下前缘，八寸以上中线)→大腿内侧→毛中→环阴器→小腹→胃→肝→胆→膈→胁肋→喉咙→颃颡→目系→额→巅顶(与督脉会)<br>###分支::从目系下颊里环唇内；从肝别贯膈上注肺
循行归纳-目部,中医基础理论::经络::十二经脉循行,1,目内眦::[[胃经]]、小肠经、膀胱经、阴跷脉、阳跷脉<br>###目外眦::小肠经、[[三焦经]]、胆经<br>###目系::[[心经]]、[[肝经]]<br>###目眶下::任脉、三焦经、小肠经、胆经、冲脉,口诀::目内小胃膀胱(跷)；目外三小胆；目系心肝<br>###特殊::既到目内眦又到目外眦的是小肠经
循行归纳-耳口齿舌,中医基础理论::经络::十二经脉循行,1,耳::胃经、胆经、小肠经、三焦经、阳跷脉、阳维脉、膀胱经<br>###牙齿::大肠经入[[下齿]]，胃经入[[上齿]]<br>###舌::脾经连舌本散舌下，肾经夹舌根两旁<br>###口唇::胃经环绕口唇，督任冲脉环绕口唇，肝经环唇内，大肠经挟口,口诀::经耳三小胆，胃经阳跷膀胱；下齿大肠上齿胃；舌找脾和肾
循行归纳-咽喉巅顶脑,中医基础理论::经络::十二经脉循行,1,喉咙::肺经、胃经、肾经、肝经及任督冲脉、阴维脉<br>###咽::脾经、心经、小肠经及任脉、阴维脉<br>###巅顶::[[督脉]]、肝经(与督脉会于巅)、膀胱经<br>###脑::膀胱经、督脉进入颅腔[[络脑]],口诀::喉肺胃肾肝任督冲阴维；咽脾心小任阴维；巅顶督肝膀；络脑膀胱督
奇经八脉概述,中医基础理论::经络::奇经八脉,1,概念::督脉、任脉、冲脉、带脉、阴维脉、阳维脉、阴跷脉、阳跷脉的总称<br>###功能一::密切十二经脉联系<br>###功能二::调节十二经脉[[气血]]<br>###功能三::与肝、肾、脑、髓、[[女子胞]]关系密切,一源二歧::任督冲三脉同起于[[胞中]]
督脉,中医基础理论::经络::奇经八脉,1,循行::起于[[胞中]]，下出会阴，沿脊柱里面上行，至风府入颅内络脑，沿头部正中线经头顶、额、鼻、上唇至上唇系带处<br>###功能::调节[[阳经]]气血，为[[阳脉之海]]；反映脑、髓和肾的功能，主司生殖<br>###分支::从脊柱内络肾；从小腹内直上贯脐中央贯心到喉部环绕口唇到目眶下,病理::实则脊强反折，虚则头重；大人癫疾，小儿风痫<br>###应用::生殖病证多考虑督脉病变，如精冷不育
任脉,中医基础理论::经络::奇经八脉,1,循行::起于[[胞中]]，下出会阴，经阴阜，沿腹部胸部[[正中线]]上行至喉咙，环绕口唇，分行至目眶下<br>###功能::调节[[阴经]]气血，为[[阴脉之海]]；[[任主胞胎]]，与女子经孕关系密切<br>###分支::由胞中别出，与冲脉相并行于脊柱前,病理::男子为疝气，女子为带下瘕聚
冲脉,中医基础理论::经络::奇经八脉,1,循行::起于[[胞中]]，下出会阴，从气街部起与足少阴经相并，挟脐上行散布胸中，经喉环绕口唇到目眶下<br>###功能::调节十二经气血，为[[十二经脉之海]]、[[五脏六腑之海]]、[[血海]]；调节女子生殖功能<br>###分支::从少腹注肾下沿大腿内侧至足底；从内踝后入足背至大趾；从胞中向后与督脉相通,病理::气从少腹上冲胸咽，咳唾气逆里急<br>###应用::调理月经病及不孕症，多调理[[冲任]]二脉
带脉,中医基础理论::经络::奇经八脉,1,循行::起于[[季胁]]，斜向下行到带脉穴，[[绕身一周]]环行于腰腹部<br>###功能::约束[[纵行诸经]]；主司妇女[[带下]]<br>###固护::固护胎儿,病理::腹部胀满，绕脐腰脊痛，腰溶溶如坐水中，女子赤白带下；带脉虚可见流产、脏器脱垂
阴阳跷脉,中医基础理论::经络::奇经八脉,2,阴跷::起于内踝下肾经[[照海]]穴，经前阴沿腹胸至目内眦<br>###阳跷::起于外踝下膀胱经[[申脉]]穴，经下肢外侧至目内眦<br>###功能::主司[[下肢运动]]；司[[眼睑开合]]；濡养眼目；分主一身左右之阴阳,会合::阴跷阳跷交会于目内眦
阴阳维脉,中医基础理论::经络::奇经八脉,2,阴维::起于小腿内侧足三阴经交会处，沿下肢内侧上行至咽喉与[[任脉]]相会<br>###阳维::起于外踝下与足少阳胆经并行，沿下肢外侧上行至额部与[[督脉]]会合<br>###功能::阴维维系联络全身[[阴经]]；阳维维系联络全身[[阳经]],交会::阴维与足三阴交会后合于任；阳维与足三阳交会后合于督
经别循行特点,中医基础理论::经络::经别络脉经筋皮部,1,概念::从十二经脉别行分出，深入躯体深部，循行于胸腹及头部的支脉<br>###循行::概括为[[离入出合]]——从肘膝以上别出(离)→走入体腔深部(入)→浅出体表上头面(出)→阴经经别合于表里阳经经别(合)<br>###六合::每对相表里经别组成一合，共[[六对]]称为六合,分布::多分布于肘膝、脏腑、躯干、颈项及头部
经别生理功能,中医基础理论::经络::经别络脉经筋皮部,1,功能一::加强十二经脉[[表里两经]]在体内的联系<br>###功能二::加强[[体表与体内]]、四肢与躯干的向心性联系<br>###功能三::加强足三阴三阳经脉与[[心脏]]的联系<br>###功能四::加强十二经脉与[[头面部]]的联系<br>###功能五::扩大十二经脉的[[主治范围]],举例::足太阳膀胱经不经过肛门，但其经别别入于肛，故承山、承筋等可治肛门疾病
别络,中医基础理论::经络::经别络脉经筋皮部,1,组成::[[十五别络]]：十二经脉各一条＋任脉别络＋督脉别络＋脾之大络(加胃之大络为十六别络)<br>###循行::从[[肘膝关节以下]]分出，阴经别络络于阳经，阳经别络络于阴经<br>###分布::循行于四肢，或上行头面，或进入躯干，无固定属络关系,主体::别络是络脉的主体，对无数细小络脉起主导作用
别络功能与经别对比,中医基础理论::经络::经别络脉经筋皮部,1,功能一::加强表里两经在[[体表]]的联系，通达正经未到部位<br>###功能二::加强人体前后侧面联系，[[统率]]其他络脉<br>###功能三::[[渗灌气血]]以濡养全身(通过孙络浮络扩散),对比::别络从肘膝以下分出多分布体表，经别从肘膝以上分出深入体腔；别络阴经阳经相互交通，经别阴经合于阳经突出阳经统率；别络有络穴有所主病症，经别无所属穴位
经筋与皮部,中医基础理论::经络::经别络脉经筋皮部,2,经筋::十二经脉之气濡养筋肉骨节的体系，循行概括为[[结聚散络]]，起于四肢末端向心循行；功能为约束骨骼、主司关节运动<br>###皮部::十二经脉功能活动反映于体表的部位，是十二经脉及其络脉在体表的[[分区]]；位于最浅表，发挥[[御外邪]]作用,应用皮部::观察皮肤色泽形态变化有助于诊断脏腑经络病变；在皮肤施行贴敷、艾灸、梅花针等可治内脏病变<br>###古文::宗筋主束骨而利机关也。欲知皮部，以经脉为纪。
经络的生理功能,中医基础理论::经络::功能与应用,1,联系::沟通表里上下，联系脏腑器官(脏腑与外周肢节、五官九窍、脏腑之间、经脉之间)<br>###运行::通行气血，[[濡养]]脏腑组织<br>###传导::[[感应传导]]作用<br>###调节::调节机能[[平衡]],
经络学说-阐释病理,中医基础理论::经络::功能与应用,1,脏腑间::脏腑之间病变相互影响(如肝经挟胃注肺→肝病可犯胃犯肺)<br>###表里间::相为表里的脏腑在病理上常相互影响(如心火可下移小肠)<br>###脏腑与体表::脏腑与体表组织病变相互影响(如真心痛放射至上肢内侧尺侧缘→心经循行),
经络学说-指导诊治,中医基础理论::经络::功能与应用,1,诊断::经络有一定的循行部位和络属脏腑，可反映所属脏腑病证<br>###头痛辨经::前额→[[阳明经]]；两侧→[[少阳经]]；后头及项部→[[太阳经]]；巅顶→[[厥阴经]]<br>###治疗::指导针灸[[循经取穴]]；药物治疗[[药物归经]]与[[引经报使]]理论,应用::指导针刺麻醉、耳针、电针、穴位埋线、穴位结扎等治疗方法
体质的概念,中医基础理论::体质::概念,1,定义::体质是不同个体在形质、功能和心理方面的身心特征，是在[[先天禀赋]]和[[后天获得]]的基础上所形成的[[形态结构]]、[[生理功能]]、[[心理状态]]方面相对稳定的[[个体化特性]]<br>###学说::体质学说以中医理论为指导，研究体质的概念、形成、类型特征及其对疾病发生、发展、传变过程的影响，指导疾病诊断和防治,别称::又称素质、禀质、气质、形质等<br>###古文::人之生也，有刚有柔，有弱有强，有短有长，有阴有阳。
体质的特点,中医基础理论::体质::概念,1,特点::个体[[差异性]]、[[形神一体性]]、群体[[趋同性]]、[[相对稳定性]]、[[动态可变性]]、连续可测性、[[后天可调性]],要旨::相对稳定性与动态可变性并存——体质既相对固定又可调节
体质的构成与形成,中医基础理论::体质::概念,1,构成::由[[形态结构]]、[[生理功能]]和[[心理状态]]三个要素构成<br>###先天::先天因素包括父母[[禀赋]]、[[性别]]差异<br>###后天::后天因素包括年龄、膳食、生活起居、劳逸、精神情志、自然社会环境、疾病损害、药物治疗等,古文::小儿体质成而未全、全而未壮，脏腑柔弱，易虚易实，易寒易热。
体质与养生,中医基础理论::体质::应用,2,强壮::体质强壮者应加强精神调摄、锻炼身体、注意预防疾病<br>###虚弱::体质虚弱者除预防疾病外，注意饮食起居，避免情志内伤，[[静神动形结合]]<br>###食养::偏阳者进食[[宜凉忌热]]；偏寒者进食[[宜温忌寒]]；阴虚宜甘润生津忌辛辣燥烈；阳虚宜温补忌生冷寒凉,情志::气郁质注意情感疏导；阳虚质助其树立信心
体质与病因-易感性,中医基础理论::体质::应用,1,总述::体质因素决定着个体对某些病邪的[[易感性]]与[[耐受性]]，即[[同气相求]]<br>###偏阳质::易感受[[风、暑、热]]之邪<br>###偏阴质::易感受[[寒、湿]]之邪<br>###小儿::[[稚阴稚阳]]之体，常易感外邪或因饮食所伤发病,古文::易风为病者，表气素虚；易寒为病者，阳气素弱；易热为病者，阴气素衰；易伤食者，脾胃必亏；易劳伤者，中气必损。
体质与发病,中医基础理论::体质::应用,1,强弱::体质强弱决定发病与否及发病情况，疾病发生与否主要取决于[[正气]]的盛衰<br>###证候::体质强者多表现为[[实证]]；体质羸弱者多表现为[[虚证]],古文::凡此九气丛生之病，壮者得之，气行而愈；弱者得之，气著为病也。
体质与病机从化,中医基础理论::体质::应用,1,概念::[[从化]]即病情随体质而变化，指[[病势]]依附于[[质势]]，顺从体质而发生的转化<br>###规律::阴虚阳亢者受邪多从[[热化]]；阳虚阴盛者受邪多从[[寒化]]；津亏血耗者易致邪从[[燥化]]；气虚湿盛者受邪多从[[湿化]],质势::体质类型有其潜在的相对稳定的倾向性<br>###病势::病机变化趋势，不同致病因素有不同病变特点<br>###质化::病势与质势结合使病变性质发生不同变化<br>###古文::邪之阴阳，随人身之阴阳而变也。
体质与疾病传变,中医基础理论::体质::应用,1,总述::疾病传变与否虽与邪之盛衰、治疗得当与否有关，但[[主要取决于体质]]<br>###强壮::体质强壮者一般不易感邪发病，病多实证，病急少传变，[[病程短]]<br>###虚弱::体质虚弱者易感邪易深入，病多变，易危重证，[[不易康复]]，病程缠绵,机制一::通过影响[[正气]]的强弱，决定发病和影响传变<br>###机制二::通过决定病邪的[[从化]]而影响传变——素体阳盛阴虚者多从阳化热，素体阴盛阳虚者多从阴化寒
体质与辨证,中医基础理论::体质::应用,1,基础::体质是辨证的[[基础]]，决定疾病的证候类型<br>###辨体::辨体质是辨证的[[重要内容]]<br>###异同::[[同病异证]]与[[异病同证]]，主要以体质差异为生理基础,同病异证::感受相同病因或患同一种疾病，因体质差异可表现阴阳表里寒热虚实等不同证候<br>###异病同证::感受不同病因或患不同疾病，因体质相类常表现相同或类似的证候类型
辨体论治,中医基础理论::体质::应用,2,总则::临证治病必须结合患者平素体质而治，即[[因人制宜]]<br>###偏阳质::多发实热证，当[[慎用温热伤阴]]之剂<br>###偏阴质::多发实寒证，当[[慎用寒凉伤阳]]之药,
辨体施药,中医基础理论::体质::应用,2,性味::偏阳者宜甘寒、酸寒、咸寒、清润，忌辛温热散苦寒沉降；偏阴者宜温补益火，忌苦寒泻火；气虚者宜补气培元，忌耗散克伐<br>###剂量::体质强壮者耐受性强，剂量[[宜大]]可峻猛；体质瘦弱者耐受性差，剂量[[宜小]]药性宜平和,其他::痰湿质宜健脾芳化忌阴柔滋补；湿热质宜清热利湿忌滋补厚味；瘀血质宜疏利气血忌固涩收敛
辨体针灸,中医基础理论::体质::应用,3,补泻::体质强壮者多发实性病证当用[[泻法]]；体质虚弱者多发虚性病证当用[[补法]]<br>###耐受::体质强者对针石艾灸耐受性强；体质弱者耐受性差<br>###深浅::肥胖体形者进针宜[[深]]刺激量宜大多用温针艾灸；瘦长体型者进针宜[[浅]]刺激量宜小少用温灸,
辨体康复,中医基础理论::体质::应用,3,总则::兼顾体质特征重视[[善后调理]]<br>###偏阳初愈::慎食[[温热]]及辛辣之味<br>###偏阴初愈::慎食[[滋腻]]、酸涩收敛之品,
病因分类,中医基础理论::病因、  发病::总论,1,四大类::[[外感病因]]、[[内伤病因]]、[[病理产物形成的病因]]、[[其他病因]]<br>###七大类::六淫、疠气、七情内伤、饮食失宜、劳逸失度、病理产物、其他病因,外感::包括六淫和疠气
六淫的概念,中医基础理论::病因、  发病::六淫,1,定义::风寒暑湿燥火(热)六种外感病邪的统称<br>###成因::由[[四时不正之气]]所致,
六淫共同致病特点,中医基础理论::病因、  发病::六淫,1,外感性::从肌表或口鼻而入，引起外感病、[[表证]]<br>###季节性::与季节相关，为[[时令病]]<br>###地域性::与居住地方、生活环境相关<br>###相兼性::可单独致病，也可[[合邪]]致病<br>###转化性::证候性质可[[转化]],
风邪概要,中医基础理论::病因、  发病::六淫,1,定义::致病具有[[善动不居]]、轻扬开泄等特点的外邪<br>###季节::以春季为多见，但终岁常在，四季皆有<br>###地位::风邪是导致外感病极为重要的致病因素，故称[[风为六淫之首]]<br>###入路::伤人多从皮毛而入，引起外风病证,
风邪性质与致病特点,中医基础理论::病因、  发病::六淫,1,阳邪::风为阳邪，[[轻扬开泄]]，易袭[[阳位]](头面、咽喉、肌表、腰背等)<br>###善行数变::致病位[[游移]]、行无定处(善行)；变幻无常、发病迅速([[数变]])<br>###主动::致病[[动摇不定]]——颜面肌肉抽掣、眩晕、震颤、抽搐、角弓反张等<br>###百病之长::常兼它邪合而伤人，为外邪致病的[[先导]]；袭人致病最多,古文::故犯贼风虚邪者，阳受之。伤于风者，上先受之。<br>###实例善行::风痹(行痹)：游走性关节疼痛，痛无定处<br>###实例数变::隐疹(荨麻疹)：时隐时现、发无定处、此起彼伏
寒邪概要,中医基础理论::病因、  发病::六淫,1,定义::致病具有[[寒冷]]、[[凝结]]、[[收引]]等特点的外邪<br>###季节::常见于冬季，但气温骤降、贪凉露宿、空调过冷、恣食生冷等也可感受<br>###分类::寒客肌表郁遏卫阳者称为[[伤寒]]；寒邪直中于里伤及脏腑阳气者称为[[中寒]],
寒邪性质与致病特点,中医基础理论::病因、  发病::六淫,1,伤阳::寒为[[阴邪]]，易伤阳气——侵入肌表卫阳被遏(恶寒发热无汗)；直中脾胃脾阳受损(脘腹冷痛呕吐泄泻)；直中少阴损伤心肾阳气<br>###凝滞主痛::寒易凝滞气血，[[不通则痛]]。因寒而痛：有明显受寒原因，[[得温则减，遇寒增剧]]<br>###收引::可使气机收敛，腠理、经络、筋脉[[收缩挛急]]——恶寒无汗、脉紧、挛急作痛屈伸不利,古文::阴盛则寒，阴胜则阳病。寒则气收。寒气入经而稽迟，泣而不行，故卒然而痛。
暑邪概要与性质,中医基础理论::病因、  发病::六淫,1,定义::致病具有[[炎热]]、[[升散]]、兼湿特性的外邪<br>###季节::发病于[[夏至之后，立秋以前]]，有明显季节性<br>###分类::起病缓病情轻者为[[伤暑]]；发病急病情重者为[[中暑]]<br>###阳邪::暑为阳邪，其性炎热——高热、心烦、面赤、脉洪大<br>###升散::暑性升散，易[[扰心神]]，[[伤津耗气]]——汗出过多伤津且耗气，甚则突然昏倒不省人事<br>###挟湿::暑多[[挟湿]]——暑热症状兼见身热不扬、四肢困重、胸闷呕恶、大便溏泄等湿滞症状,古文::先夏至日者为病温，后夏至日者为病暑。气虚身热，得之伤暑。
湿邪概要,中医基础理论::病因、  发病::六淫,1,定义::致病具有[[重浊]]、[[黏滞]]、[[趋下]]特性的外邪<br>###季节::长夏(季夏，夏秋之交)居多，但四季均可发生<br>###入路::气候潮湿、涉水淋雨、居处潮湿、水中作业等感受湿邪,
湿邪性质与致病特点,中医基础理论::病因、  发病::六淫,1,伤阳阻气::湿为[[阴邪]]，易伤[[脾阳]](泄泻、水肿)，阻碍气机(胸膈满闷、脘腹胀、小便淋涩)<br>###重浊::[[重]]——头身困重、头重如裹、着痹(关节疼痛沉重附着难移)；[[浊]]——面垢、小便浑浊、白带过多、湿疹浸淫流水<br>###黏滞::症状[[黏腻不爽]](便排泄不爽、小便滞涩、舌苔厚滑黏腻)；病程[[缠绵]](起病隐缓、病程较长、反复发作、缠绵难愈)<br>###趋下::易袭[[阴位]]，多伤及人体下部——水肿、湿疹、脚气以下肢多见,古文::因于湿，首如裹。伤于湿者，下先受之。湿胜则阳微。
燥邪概要与性质,中医基础理论::病因、  发病::六淫,1,定义::致病具有[[干燥]]、收敛等特性的外邪<br>###季节::秋季的主气<br>###入路::多自口鼻而入，首犯[[肺卫]]<br>###分类::初秋有余热为[[温燥]]；深秋近冬寒气为[[凉燥]]<br>###伤津::燥性干涩，易伤津液——口鼻干燥、咽干口渴、皮肤干涩皲裂、大便干结<br>###伤肺::燥易[[伤肺]]——干咳少痰、痰黏难咯、痰中带血；肺与大肠相表里则大便干涩,古文::燥胜则干。
火热之邪概要,中医基础理论::病因、  发病::六淫,1,定义::致病具有[[炎热升腾]]等特性的外邪<br>###季节::旺于夏季，但不受季节限制，一年四季均可发生<br>###区别::热邪致病多表现为[[全身性弥漫性]]发热；火邪致病多表现为[[局部症状]](肌肤局部红肿热痛、口舌生疮、目赤肿痛等),火热异同::热为温之渐、火为热之极；火多[[内生]]，热多外受；火多脏腑郁发其性[[炎上]]，热多泛及全身；火易耗血动血，热易耗伤阴液<br>###化火::五气化火、五志化火——感受外邪或精神刺激在一定条件下皆可化火
火热性质与致病特点,中医基础理论::病因、  发病::六淫,1,炎上::火热为阳邪，其性[[炎上]]——高热恶热烦渴汗出；多见头面部(目赤肿痛、咽喉肿痛、口舌生疮等)<br>###扰神::火热易[[扰心神]]——轻者心烦失眠，重者狂躁不安或神昏谵语<br>###伤津耗气::迫津外泄气随津泄，或直接消灼煎熬津液——津伤阴亏＋兼见体倦乏力少气懒言等气虚<br>###生风动血::[[热极生风]](高热神昏谵语、四肢抽搐、角弓反张)；[[动血]](灼伤脉络迫血妄行，吐血衄血便血尿血皮肤发斑等)<br>###疮痈::火毒壅聚致阳性疮痈——局部[[红肿热痛]],古文::阳胜则热。诸逆冲上，皆属于火。壮火食气。大热不止，热胜则肉腐，肉腐则为脓，故名曰痈。
六淫总结,中医基础理论::病因、  发病::六淫,1,阳邪::[[风、暑、火(热)]]<br>###阴邪::[[寒、湿]]<br>###伤阳::易伤阳气：[[寒、湿]]<br>###扰神::易扰心神：[[暑、火(热)]]<br>###伤津::易伤津液：[[暑、燥、火(热)]]<br>###耗气::易耗气：[[暑、火(热)]],歌诀::风邪轻扬病袭阳，善行变动百病长。寒阴伤阳凝痛收，燥干伤肺津液伤。暑阳炎热性升散，扰神津气挟湿现。湿阴伤阳阻气机，重浊黏滞趋下先。火热阳炎神津气，生风动血疮痈阳。
疠气,中医基础理论::病因、  发病::疠气,1,概念::有别于六淫而具有强烈致病性和[[传染性]]的外感病邪<br>###别称::瘟疫、疫毒、[[戾气]]、异气、毒气、乖戾之气等<br>###特点::①发病急骤，病情[[危笃]] ②[[传染性强]]，易于流行 ③[[一气一病]]，症状相似,影响因素::气候因素、环境因素、预防措施不当、社会因素<br>###实例::时行感冒、猩红热、白喉、天花、霍乱、鼠疫、流行性出血热、禽流感等
七情内伤的概念,中医基础理论::病因、  发病::七情内伤,1,定义::情绪变化引起脏腑精气功能紊乱而致疾病发生或诱发疾病的病因<br>###七情::[[喜、怒、忧、悲、恐、惊]],
七情与脏腑气血,中医基础理论::病因、  发病::七情内伤,1,五脏对应::肝[[怒]]、心[[喜]]、脾[[思]]、肺[[忧]]、肾[[恐]]<br>###太过伤脏::大喜大惊伤心，大怒郁怒伤肝，过度思虑伤脾，过度悲忧伤肺，过度恐惧伤肾<br>###气血::血有余则怒、不足则恐；心气虚则悲、实则笑不休,
七情致病-伤内脏,中医基础理论::病因、  发病::七情内伤,1,首先影响心神::七情致病首先影响[[心神]]——情志之伤虽五脏各有所属，然求其所由则无不从心而发<br>###损伤相应之脏::过喜伤心、过怒伤肝、思虑伤脾、悲忧伤肺、过恐伤肾<br>###多情交织::数情交织易伤[[心肝脾]]三脏<br>###潜病易发::情志刺激易首先诱发[[潜病之脏腑]]的症状,古文::情志之伤，虽五脏各有所属，然求其所由，则无不从心而发。
七情致病-气机失调,中医基础理论::病因、  发病::七情内伤,1,总述::情志致病通过影响脏腑气机，导致脏腑气机失调、气血逆乱<br>###怒则气上::过度愤怒使肝气疏泄太过，气机[[上逆]]，甚则血随气逆——面红目赤、头胀头痛、急躁易怒，甚则呕血昏厥<br>###喜则气缓::过度喜乐使心气[[涣散不收]]，重者心气暴脱——精神涣散、神志失常，甚则大汗淋漓、气息微弱<br>###悲则气消::过度悲忧伤肺，导致肺气[[耗伤]]——意志消沉、精神不振、气短胸闷、乏力懒言<br>###恐则气下::过度恐惧伤肾，致使肾气不固、气陷于下——二便失禁、遗精滑泄<br>###惊则气乱::突然受惊致心神不定、气机[[逆乱]]——惊悸不安、惊慌失措，甚则神志错乱、二便失禁<br>###思则气结::过度思虑伤脾，导致脾气[[结滞]]运化失职——食欲不振、腹胀便溏、心悸健忘失眠多梦,古文::怒则气逆，甚则呕血及飧泄。喜则气和志达，营卫通利，故气缓矣。大喜坠阳。思则心有所存，神有所归，正气留而不行，故气结矣。恐惧不解则伤精，精伤则骨酸痿厥，精时自下。惊则心无所倚，神无所归，虚无所定，故气乱矣。
七情致病特点,中医基础理论::病因、  发病::七情内伤,2,伤内脏::直接伤及内脏，首先影响心神<br>###乱气机::影响脏腑气机<br>###发情志病::多发为情志病(郁证、癫狂)；可诱发胸痹、真心痛、眩晕等<br>###影响病情::积极乐观有利康复；情志刺激可诱发或加重病情,后续::气机郁滞日久可郁而化热化火；气机不畅引起精瘀、津停、血瘀继而产生痰饮瘀血结石
饮食不节,中医基础理论::病因、  发病::饮食失宜,1,不足::长期摄食不足致气血生化减少，脏腑组织失养，正气不足易招外邪<br>###过饱::饮食过量超过脾胃承受能力——轻者脘腹胀满、嗳腐吞酸、呕吐泄泻；甚者脾胃损伤或发展为消渴、肥胖、胸痹<br>###大病初愈::过食或食肉过多可引起疾病复发,古文::饮食自倍，肠胃乃伤。因而饱食，筋脉横解，肠澼为痔。高粱之变，足生大丁。
饮食不洁,中医基础理论::病因、  发病::饮食失宜,2,定义::进食不洁净食物导致疾病发生<br>###表现::①胃肠病为主(腹痛、吐泻、痢疾) ②传染病 ③食物中毒甚至死亡 ④肠道寄生虫病,
饮食偏嗜,中医基础理论::病因、  发病::饮食失宜,1,寒热偏嗜::偏嗜生冷寒凉易损脾胃阳气致寒湿内生；偏嗜辛温燥热易致肠胃积热<br>###五味偏嗜::五味与五脏各有亲和性，长期偏嗜致相应脏气偏盛——直伤五味相应之脏，可伤己所胜之脏及所主五体<br>###食类偏嗜::如过食肥甘厚味可聚湿生痰化热致肥胖、眩晕、中风、胸痹、消渴等,古文::多食咸则脉凝泣而变色；多食苦则皮槁而毛拔；多食辛则筋急而爪枯；多食酸则肉胝皱而唇揭；多食甘则骨痛而发落。味过于酸，肝气以津，脾气乃绝。
过劳,中医基础理论::病因、  发病::劳逸损伤,1,劳力::[[形劳]]——耗伤精气(少气懒言体倦神疲喘息汗出)，劳伤筋骨(久立伤骨久行伤筋)<br>###劳神::[[心劳]]——耗伤心血损伤脾气，致心悸健忘失眠多梦、纳少腹胀便溏消瘦<br>###房劳::[[肾劳]]——耗伤肾精肾气，见腰膝酸软、眩晕耳鸣、精神萎靡、性功能减退,五劳::久视伤血，久卧伤气，久坐伤肉，久立伤骨，久行伤筋<br>###古文::劳则气耗。因而强力，肾气乃伤，高骨乃坏。
过逸,中医基础理论::病因、  发病::劳逸损伤,2,气机不畅::安逸少动致脾胃功能障碍——胸闷食少腹胀倦怠乏力、肌肉软弱、臃肿肥胖<br>###阳气不振::正气虚弱，动则心悸气喘汗出；抗邪无力易感外邪<br>###神衰::长期用脑过少致神气衰弱——精神萎靡健忘反应迟钝,病理::久则影响气血运行和津液代谢，形成气滞血瘀、水湿痰饮、结石等
痰饮的概念,中医基础理论::病因、  发病::病理产物,1,定义::痰饮是机体[[水液代谢障碍]]所形成的病理产物<br>###痰饮区分::[[稠浊者为痰]]，[[清稀者为饮]]<br>###痰::有形之痰——视之可见、闻之有声的实质性痰浊；[[无形之痰]]——只见征象不见形，以[[苔腻脉滑]]为重要特征<br>###饮::痰饮(饮留胃肠)、悬饮(饮留胸胁)、支饮(饮在胸膈)、溢饮(饮溢肌肤),
痰饮的形成,中医基础理论::病因、  发病::病理产物,1,总述::多由外感六淫、饮食及七情所伤等使肺、脾、肾及三焦等脏腑[[气化功能失常]]，水液代谢障碍，水液停滞而成<br>###脏腑::与肺、脾、肾及三焦关系密切，此外肝、膀胱也影响水液代谢,
痰饮致病特点,中医基础理论::病因、  发病::病理产物,1,阻滞气血::痰饮阻滞气血运行——停于经络致肢体麻木半身不遂；停于脏腑阻滞气机(痰停肺致咳喘、停胃致呕恶、痹阻心脉致胸闷心痛、凝结咽喉致梅核气)<br>###影响水液::痰湿困脾致水湿不运；痰饮阻肺致宣降失职；停滞下焦影响肾膀胱蒸化功能<br>###蒙蔽心神::痰浊上犯清窍——头晕目眩、神昏谵妄、痴呆、癫狂<br>###广泛多变::致病广泛，[[百病多由痰作祟]]；变幻多端——可伤阳化寒、郁而化火、夹风夹热、化燥伤阴<br>###舌脉::多见[[滑腻苔]]，脉[[滑或弦]],古文::其为物则流动不测，故其为害，上至巅顶，下至涌泉，随气升降，周身内外皆到，五脏六腑俱有。
瘀血的概念,中医基础理论::病因、  发病::病理产物,1,定义::体内[[血液停积]]而形成的病理产物，属继发病因<br>###内容::包括体内瘀积的[[离经之血]]和阻滞于经脉及脏腑内运行不畅的血液<br>###别称::蓄血、恶血、败血等<br>###区分::瘀血——病因、病理产物、因病致瘀；血瘀——病机、病理状态、因瘀致病,
瘀血的形成,中医基础理论::病因、  发病::病理产物,1,原因::①血出致瘀 ②[[气滞]]致瘀 ③因虚致瘀(气虚、阳虚、阴虚) ④[[血寒]]致瘀 ⑤[[血热]]致瘀 ⑥津亏致瘀 ⑦痰饮致瘀 ⑧外伤,
瘀血病症特点,中医基础理论::病因、  发病::病理产物,1,疼痛::多为[[刺痛]]，[[固定不移]]，[[拒按]]，[[夜间痛甚]]<br>###肿块::固定，体表青肿，体内癥积，质硬压痛<br>###出血::血色[[紫黯]]或有瘀块<br>###面色::面色紫黯，口唇爪甲青紫，或[[肌肤甲错]]<br>###舌脉::舌紫黯或有[[瘀点瘀斑]]，或舌下静脉曲张；脉[[细涩]]或结代,
瘀血致病特点,中医基础理论::病因、  发病::病理产物,1,阻气::易于阻滞气机——[[血瘀必兼气滞]]<br>###碍血::影响血脉运行——心脉痹阻致胸痹心痛；肝脉阻滞(恶血归肝)；脉络瘀阻致口唇爪甲青紫<br>###碍新血::影响新血生成——[[瘀血不去，新血不生]]<br>###位固病繁::病位固定，病证繁多——局部刺痛固定不移，癥积肿块久不消散,各脏::心——胸闷心痛；肺——胸痛气促咯血；肝——胁痛癥积；胞宫——痛经闭经；脑——突然昏倒半身不遂<br>###化热::瘀久可化热
结石,中医基础理论::病因、  发病::病理产物,3,概念::体内某些部位形成并停滞为病的[[砂石样]]病理产物<br>###形成::饮食不当、情志内伤、服药不当、体质差异<br>###致病::多发于胆、胃、肝、肾、膀胱等脏腑；阻滞气机损伤脉络；疼痛阵发性，有间歇性特点,病症::病程较长，轻重不一；结石小易排出病情轻，结石大嵌顿则病情重
其他致病因素,中医基础理论::病因、  发病::其他,3,外伤::枪弹伤、金刃伤、跌打损伤、烧伤、烫伤、冻伤<br>###药邪::用药过量、炮制不当、配伍不当(十八反十九畏)、用法不当、滥用补药。致病特点：中毒、过敏、加重病情<br>###医过::言行不当、处方草率、诊治失误。致病特点：易致情志异常波动、加重病情,内生毒邪::各种病因导致阴阳失和气血紊乱，体内病理产物蕴结——致病广泛、凶险暴烈、善变、扰神闭窍<br>###胎传::胎弱、胎毒
发病原理,中医基础理论::病因、  发病::发病,1,正气::正气不足是疾病发生的[[内在根据]]。正气包括人体正常功能活动及维护健康的能力(自我调节、适应环境、抗邪防病、康复自愈)<br>###邪气::邪气是发病的[[重要条件]]。邪气作用：导致生理功能失常、造成脏腑形质损害、改变体质类型<br>###胜负::正邪相搏决定发病与否——[[正胜邪退不发病]]，邪胜正负则发病,证候::正盛邪实多实证；正虚邪衰多虚证；邪盛正虚多虚实夹杂或危重证
影响发病的因素,中医基础理论::病因、  发病::发病,2,环境::气候因素、地域因素、生活工作环境、社会环境<br>###体质::影响发病倾向、影响对病邪的易感性、影响证候类型<br>###精神::精神状态与发病密切相关<br>###禀赋::可形成遗传性疾病，也可影响体质状态与正气强弱,
发病类型,中医基础理论::病因、  发病::发病,1,感邪即发::感邪后[[立即]]发病——新感外邪较盛、情志剧变、毒物所伤、外伤、感受疠气<br>###徐发::感邪后[[缓慢]]发病——多见内伤邪气致病<br>###伏而后发::病邪在体内[[潜伏一段时间]]后过时而发——伏气温病、破伤风、狂犬病<br>###继发::在原发疾病基础上继而发生新的疾病——肝阳上亢致中风、小儿食积致疳积,古文::冬伤于寒，春必病温。
合病并病与复发,中医基础理论::病因、  发病::发病,2,合病::两经或三经[[同时]]发病，无先后次第之分<br>###并病::某一部位证候未了，又出现另一部位的病证<br>###复发::余邪未尽、正气未复、加之诱因——临床表现类似初病但病理损害更复杂广泛、病情更重,复发类型::疾病稍愈即复发；休止与复发交替；急性发作与慢性缓解交替<br>###复发诱因::重感致复、食复、劳复、药复、情志致复、气候地域因素
病机的概念,中医基础理论::病机::总论,1,定义::疾病发生、发展与变化的规律和机理<br>###内涵::包括[[病位]]、[[病性]]、[[病因]]、[[病势]]等<br>###类型::包括疾病发生的机理、病变的机理和疾病传变的机理,
病机的层次,中医基础理论::病机::总论,1,基本病机::[[邪正盛衰]]、[[阴阳失调]]、[[精气血津液失常]]<br>###系统病机::经络病机、脏腑病机<br>###类病病机::六经病机、卫气营血病机、三焦病机<br>###疾病病机::某一种病证发生发展变化和结局的基本规律<br>###证候病机::某一种具体证候的发生发展变化和转归规律<br>###症状病机::某一种症状的发生发展变化的病机,病理状态::常见病理状态为[[内生五邪]]
虚实的概念,中医基础理论::病机::邪正盛衰,1,总述::疾病过程中机体正气抗病能力与致病邪气之间相互斗争所发生的盛衰变化<br>###实::[[邪气盛则实]]——以邪气亢盛为矛盾主要方面，正邪斗争剧烈，有余<br>###虚::[[精气夺则虚]]——以正气虚损为矛盾主要方面，虚弱、衰退、不足,
实证,中医基础理论::病机::邪正盛衰,1,常见::外感六淫和邪气致病初中期；水湿痰饮、食积、气滞、瘀血引起的病证；多见于体质壮实者<br>###外感::壮热、狂躁、声高气粗、腹痛拒按、二便不通、[[脉实有力]]、舌苔厚腻<br>###内伤::痰涎壅盛、食积不化、水湿泛滥、气滞血瘀等,
虚证,中医基础理论::病机::邪正盛衰,1,常见::素体虚弱精气不充；外感病后期；各种慢性病日久伤精血津液；暴病汗吐下亡血所致正虚<br>###表现::神疲体倦、面色无华、气短、自汗盗汗，或五心烦热、畏寒肢冷、[[脉虚无力]],
虚实错杂,中医基础理论::病机::邪正盛衰,1,概念::邪盛和正虚[[同时存在]]的病机变化<br>###虚中夹实::以[[正虚]]为主，又兼有实邪<br>###实中夹虚::以[[邪盛]]为主，又兼有正气虚损,成因::邪气亢盛或疾病失治误治致病邪久留损伤正气；或体虚受邪无力祛邪；或正虚又兼内生病理产物凝结阻滞<br>###实例::脾虚湿滞证(脾气虚＋湿滞)；脾阳不振水肿证(脾阳虚＋水湿)；外感热病邪热炽盛兼气津两伤
虚实转化,中医基础理论::病机::邪正盛衰,1,由实转虚::邪气伤正，病程迁延，邪气已去但正气耗伤——本来邪气盛为主转为[[正虚]]为主<br>###因虚致实::正虚产生气滞痰饮瘀血等病理产物，或正虚复感外邪——本来正虚为主转为[[邪气盛]]为主,实例由实转虚::实热证大量耗伤阴液转为虚热证；湿热痢疾泻痢日久损伤正气转为虚证<br>###实例因虚致实::气虚证日久致血瘀转为气虚血瘀证；肺肾两虚哮证复感风寒哮喘复发
虚实真假,中医基础理论::病机::邪正盛衰,1,概念::疾病的临床症状出现与其病机的虚实本质不符的[[假象]]<br>###真实假虚::本质实表现虚——[[大实有赢状]]。邪气亢盛实邪结聚，阳滞经络气血不能外达<br>###真虚假实::本质虚表现实——[[至虚有盛候]]。正气虚弱脏腑气血不足，运化无力外现实象,实例真实假虚::热结肠胃见腹痛硬满拒按、大便秘结(实)，兼见面色苍白四肢逆冷精神委顿(假虚)；热结旁流、食积性腹泻、瘀血内阻崩漏下血<br>###实例真虚假实::脾虚运化无力见脘腹胀满(但柔软喜按)、疼痛(但时作时减)；气虚推动无力致便秘(大便不干但排泄无力)；阳气极度衰绝虚阳外越见面红如妆烦躁不宁
邪正胜负与转归,中医基础理论::病机::邪正盛衰,1,正胜邪退::正气抗邪，正盛邪退——[[康复]]<br>###邪去正虚::正气抗邪，邪退正虚——[[恢复]]<br>###邪胜正衰::邪盛正虚，病情恶化甚至死亡——亡阴亡阳<br>###邪正相持::邪正双方相持，邪气稽留某部不散——病势[[迁延]]<br>###正虚邪恋::余邪未尽，正虚无力祛邪——[[缠绵]]，疾病后期或后遗症,
阴阳失调概述,中医基础理论::病机::阴阳失调,1,概念::机体阴阳双方失去[[相对平衡]]——阴阳偏胜、偏衰、互损、格拒、亡失等<br>###虚实寒热::邪正盛衰是虚实病证的机理，阴阳失调是[[寒热病证]]的病机,
阴阳偏胜,中医基础理论::病机::阴阳失调,1,阳胜则热::阳邪侵犯致机体阳偏盛——[[实热]]。表现热、动、燥：壮热、烦渴、面红、目赤、尿黄便干、苔黄脉数<br>###阴胜则寒::阴邪侵犯致机体阴偏盛——[[实寒]]。表现寒、静、湿：形寒肢冷、蜷卧、舌淡而润、脉迟<br>###阳胜则阴病::阳偏盛伤阴可导致阳盛兼阴虚，进而发展到[[阴虚]]<br>###阴胜则阳病::阴偏盛伤阳可导致阴盛兼阳虚，进而发展到[[阳虚]],成因阳::温热、阴邪化热、情志化火、气滞血瘀食积郁而化热<br>###成因阴::感受寒湿、过食生冷、寒邪中阻
阴阳偏衰,中医基础理论::病机::阴阳失调,1,阳虚则寒::[[虚寒]]。畏寒肢冷、水湿痰饮、精神萎靡喜静蜷卧、脉微细，以[[肾阳虚]]为重<br>###阴虚则热::[[虚热]]。低热、五心烦热、骨蒸潮热、面红消瘦、盗汗、舌红少苔、脉细数，以[[肾阴虚]]为主<br>###阴虚分类::阴虚内热、阴虚火旺、阴虚阳亢<br>###机理::阴阳[[对立制约]]关系失调,成因阳虚::先天不足、后天失养、劳倦内伤、久病伤阳<br>###成因阴虚::阳邪伤阴、五志化火伤阴、久病伤阴(精血津液不足，滋养宁静功能减退)
阴阳互损,中医基础理论::病机::阴阳失调,1,概念::阴阳一方虚损发展影响相对的一方，导致[[阴阳两虚]]<br>###机理::阴阳[[互根互用]]关系失调<br>###阴损及阳::阴虚为主的阴阳两虚。如肝肾阴虚先有五心烦热盗汗，后出现畏寒肢冷面色㿠白<br>###阳损及阴::阳虚为主的阴阳两虚。如肾阳虚水肿先有畏寒肢冷，后出现消瘦烦躁甚至抽搐,
阴阳格拒,中医基础理论::病机::阴阳失调,1,概念::阴阳双方相互排斥出现[[寒热真假]]病变的病机。阴阳不能相互维系<br>###阴盛格阳::本质[[真寒假热]]。阴寒极盛内闭于里，阳气浮越于外。真寒：面色苍白四肢逆冷脉微欲绝；假热：面红烦热口渴脉浮大无根<br>###阳盛格阴::本质[[真热假寒]]。阳盛至极内伏于里，排斥阴气于外。真热：壮热面红气粗烦躁舌红脉数大有力；假寒：四肢厥冷(但身热不恶寒，脉沉伏，此为热厥),
阴阳亡失,中医基础理论::病机::阴阳失调,1,亡阳::阳气突然大量脱失。冷汗淋漓、[[四肢厥冷]]。成因：邪盛正衰正不敌邪、过用汗法或汗出过多气随津脱、素体阳虚疲劳过度、慢性消耗长期耗阳<br>###亡阴::阴气突然大量脱失。大汗而皮肤尚温、烦躁、[[脉数疾]]。成因：热邪炽盛迫津外泄、大吐大下阴液大伤、温邪久留耗伤阴液,鉴别::亡阳→冷汗肢冷；亡阴→汗出肤温；气脱→无明显寒象或热象，见气虚不固或生命机能衰竭
精虚,中医基础理论::病机::精气血津液失常,1,肾精不足::先天禀赋不足、后天失养、过劳伤肾，日久累及于肾。表现：生长发育不良、不孕不育、精神委顿、耳鸣健忘、未老先衰<br>###水谷精不足::脾失健运或饮食不当致水谷精乏源。表现：面黄无华、肌肉瘦削、头昏目眩、疲倦乏力,
精的施泄失常,中医基础理论::病机::精气血津液失常,2,失精::生殖之精和水谷之精大量施泄——肾精大量损失出现失精或精脱。封藏依赖[[肾气封藏]]与[[肝气疏泄]]的协调平衡<br>###精瘀::男子精滞精道、排精障碍。可因房劳过度、忍精不泄、瘀血败精湿热瘀阻、肾气虚推动无力、肝气郁结疏泄失职等,失精治疗::补肾气加填肾精，偏实者泻肝火兼滋肾阴<br>###精瘀治疗::或补气、或疏肝、或活血化瘀、或祛痰利湿
气虚,中医基础理论::病机::精气血津液失常,1,概念::一身之气不足表现出相应功能低下的病理变化<br>###成因::生气不足(先天不足后天失养肺脾肾失调)；耗气过多(劳倦内伤久病不复)<br>###表现::精神委顿、[[倦怠乏力]]、眩晕、自汗、易于感冒、面白舌淡脉虚,分型::元气虚＋生长发育迟缓生殖机能低下；宗气虚＋动则心悸气短
气滞,中医基础理论::病机::精气血津液失常,1,概念::局部气运不畅、郁滞不通，导致脏腑经络功能障碍<br>###成因::情志抑郁、痰湿、食积、热郁、瘀血；肝失疏泄、大肠失传导等<br>###特点::[[胀闷痛]],脏腑::肺→胸闷咳喘；肝→情志不畅、胁肋或少腹胀痛；脾胃→脘腹胀痛、大便秘结
气逆,中医基础理论::病机::精气血津液失常,1,概念::上升太过或下降不及，导致脏腑气机上逆<br>###成因::情志所伤、饮食不当、外邪侵袭痰壅气塞、气虚上逆<br>###特点::[[上逆]],脏腑::肺→咳逆气喘；胃→恶心呕吐嗳气呃逆；肝→头痛头胀面红目赤易怒、咯血昏厥(薄厥)
气陷,中医基础理论::病机::精气血津液失常,1,概念::上升不足或下降太过，气虚升举无力而下陷，导致脏腑位置下垂<br>###特点::[[上气不足]]＋[[中气下陷]]，与脾气不升关系密切<br>###表现::上气不足→头晕目眩耳鸣；中气下陷→[[内脏下垂]](胃下垂、肾下垂、子宫脱垂、肛脱),伴随::常伴面色无华、气短乏力、语声低微、脉弱无力、腰腹胀满重坠、便意频频
气闭与气脱,中医基础理论::病机::精气血津液失常,1,气闭::气闭不能外出、[[清窍闭塞]]出现昏厥。成因：触冒秽浊之气、情志刺激、剧痛、痰阻气道。表现：突然昏厥不省人事<br>###气脱::气不内守大量亡失、生命突然衰竭。表现：面色苍白、汗出不止、目闭口开、全身瘫软、手撒、二便失禁、脉微欲绝或脉虚大无根,分类气闭::闭厥、气厥、痛厥、痰厥、热盛闭厥等<br>###鉴别::亡阳→冷汗肢冷；亡阴→汗出肤温脉数疾；气脱→无明显寒象或热象，见气虚不固或生命机能衰竭
血虚,中医基础理论::病机::精气血津液失常,1,成因::失血过多；生成不足(饮食营养不足脾胃虚弱肾精亏虚精不化血)；消耗过多(久病慢性消耗思虑过度营血暗耗)<br>###表现::失荣＋气虚症状——面色淡白或萎黄、唇舌爪甲淡、神疲乏力、头晕目眩、心悸、脉细弱,脏腑::心血虚→惊悸怔忡、失眠多梦健忘、脉细涩结代；肝血虚→目干、视物昏花、手足麻木、关节屈伸不利、月经延期闭经<br>###关系::血虚成因与脾胃、肾关系密切
血瘀,中医基础理论::病机::精气血津液失常,1,成因::气滞、气虚、久病入络、感受寒热外邪(血寒血热)、瘀浊、出血<br>###表现::疼痛(痛有定处夜间加重)、肿块、唇舌紫暗、舌有瘀点、皮肤赤丝红缕或青紫、肌肤甲错、面色黧黑,
血热,中医基础理论::病机::精气血津液失常,1,成因::外感温热之邪入于血分；病邪入里化热伤及血分；五志过极化火郁于血分；阴虚火旺<br>###表现::既有热象又有[[耗血动血扰神伤阴]]特征——①一般热性症状 ②出血(衄血吐血尿血皮肤斑疹月经提前量多) ③面红目赤舌红绛脉数 ④心神不安心烦躁扰甚则神昏谵语发狂,
出血,中医基础理论::病机::精气血津液失常,2,成因::外伤损伤脉络；气虚不摄血液外逸；血分有热迫血妄行；瘀血内阻血不归经<br>###危重::突然大量出血可引起[[气随血脱]]致全身机能衰竭,
气滞血瘀与气虚血瘀,中医基础理论::病机::精气血津液失常,1,气滞血瘀::多因肝肺心气郁滞不畅。肝失疏泄→胸胁胀满疼痛、癥瘕积聚；心肺→咳喘心悸胸痹唇舌青紫<br>###气虚血瘀::多由心气不足或肺脾气虚所致。心气不足→惊悸怔忡喘促水肿；肢体→轻则无力重则软瘫不用甚至萎缩；多见[[老年人]],
气血关系失常,中医基础理论::病机::精气血津液失常,1,气不摄血::脾不统血。各种出血证＋气虚证(面色不华疲乏倦怠脉虚无力舌淡)<br>###气随血脱::大出血后眩晕或晕厥、冷汗淋漓、四肢不温、脉芤细，为[[气血两脱]]<br>###气血两虚::久病消耗或先失血气随血耗或先气虚血渐衰少。面色淡白萎黄少气懒言形体瘦怯心悸失眠肌肤干燥肢体麻木,气血不荣经脉::肢体麻木或运动不便甚则不用，肌肉干燥瘙痒欠温甚则肌肤甲错
精与气血关系失常,中医基础理论::病机::精气血津液失常,2,精气两虚::精气并虚或精伤及气气伤及精。肾之精气亏虚——生长发育迟缓、生殖机能障碍、早衰<br>###精血不足::多种疾病伤及肝肾。肝肾精血不足——面色无华、眩晕耳鸣、神疲健忘、毛发脱落、腰膝酸软<br>###气滞精瘀与血瘀精阻::气机失调疏泄失司及瘀血内阻皆可致精道瘀阻。前者以情志因素为多阴部胀痛重坠明显；后者可见血精阴部小核硬节,
津液不足,中医基础理论::病机::津液代谢失常,1,概念::津液在数量上的亏少，导致内则脏腑外而孔窍皮毛失去濡润滋养<br>###成因::热邪燥邪伤津；丢失过多(吐泻大汗多尿大面积烧伤)；生成不足(体虚久病脏腑功能减退)<br>###伤津::丧失水分为主——目陷、螺瘪、尿少、口干舌燥、皮肤干燥失去弹性<br>###脱液::水分和精微物质共同丢失——形瘦肉脱、肌肉瞤动、手足震颤、舌光红无苔,关系::伤津未必脱液，脱液必兼伤津。伤津乃脱液之渐，液脱乃津伤之甚。伤津易补，[[液脱难复]]<br>###危重::津液耗伤甚→气随液脱而亡阴亡阳——面色苍白四肢不温脉微欲绝
津液输布排泄障碍,中医基础理论::病机::津液代谢失常,1,输布障碍::津液得不到正常输布，在体内环流迟缓或局部滞留——水湿内生酿痰成饮。最主要的是[[脾运化功能障碍]]<br>###排泄障碍::津液转化为汗液和尿液功能减退——水液潴留为水肿。肺气宣发失常→汗液排泄障碍；[[肾气化]]功能减退→尿液生成排泄障碍<br>###脏腑::与肺脾肾膀胱三焦功能失常有关，并受肝失疏泄影响,古文::诸湿肿满，皆属于脾。<br>###表现::湿浊困阻→胸闷脘痞呕恶纳呆苔腻；痰饮凝聚→痰饮悬饮溢饮支饮；水液贮留→心悸水肿腹水
津液与气血功能失调,中医基础理论::病机::津液代谢失常,1,津停气阻::津液代谢障碍水湿痰饮潴留导致气机阻滞——水饮阻肺(胸满咳喘)、水饮凌心(心悸心痛)、水停中焦(脘腹胀满纳呆)、水停四肢(肢体沉重胀痛)<br>###气随液脱::津液丢失太过气随津液外泄暴脱亡失——高热伤津、大汗伤津脱液、严重吐泻耗伤津液<br>###津枯血燥::津液亏乏枯竭导致血燥虚热内生或血燥生风——心烦鼻咽干燥、五心烦热肌肉消瘦、肌肤甲错伴瘙痒<br>###津亏血瘀::津液耗损导致血行郁滞不畅——津液不足基础上出现舌质紫绛瘀点瘀斑斑疹显露,古文::夫血犹舟也，津液水也。津液为火灼竭，则血行愈滞。
内生五邪概述,中医基础理论::病机::内生五邪,1,概念::疾病过程中，由于脏腑阴阳失调和气血津液功能异常，产生的内风、内寒、内湿、内燥、内火的病机变化<br>###脏腑::内风与[[肝]]；内寒与脾肾；内湿与[[脾]]；内燥与肺胃大肠；内火则五脏皆见,
内风(风气内动),中医基础理论::病机::内生五邪,1,概念::脏腑阴阳气血失调，体内阳气亢逆而致风动之征的病机变化。与肝关系密切，又称[[肝风内动]]<br>###机理::阳盛而亢逆，或阴虚不能制阳，[[阳升无制]]<br>###表现::眩晕、头或肢体动摇、抽搐、震颤,古文::诸暴强直，皆属于风。诸风掉眩，皆属于肝。内风乃身中阳气之变动。<br>###注意::并非所有内风皆为肝，如小儿慢脾风主要病机是脾土虚败
内风分类,中医基础理论::病机::内生五邪,1,肝阳化风::情志所伤肝郁化火或年老肝阴亏耗伤肝肾之阴，阴虚阳亢风气内动。轻→眩晕欲仆筋惕肉瞤肢麻震颤口眼喎斜半身不遂；重→血随气逆卒然仆倒神志昏迷<br>###热极生风::火热亢盛煎灼津液伤及营血劫伤肝阴。热性病极期——高热＋痉厥抽搐鼻翼扇动目睛上吊神昏谵语<br>###阴虚风动::热病后期或久病伤阴，阴液大亏。筋挛肉瞤手足蠕动＋低热起伏舌光红少苔脉细如丝<br>###血虚生风::肝血不足筋脉失养。肢体麻木不仁筋肉跳动手足拘挛不伸<br>###血燥生风::津枯血少失润化燥。皮肤干燥肌肤甲错伴皮肤瘙痒或脱屑,鉴别::外风——感受风邪的外感表证(发热恶风汗出脉浮)。外风可引动内风，内风日久正气不足亦可招致外风侵袭
内寒(寒从中生),中医基础理论::病机::内生五邪,1,概念::机体阳气虚衰、温煦气化功能减退、虚寒内生或阴寒之气弥漫的病机变化<br>###表现::①一般：面色苍白畏寒喜热形寒肢冷舌淡苔白滑润脉沉迟弱 ②阳虚蒸化失常：水湿痰饮——尿频清长涕唾清冷大便稀溏水肿 ③瘀血：疼痛剧烈痛处固定遇寒加重,古文::诸病水液，澄澈清冷，皆属于寒。<br>###脏腑::心阳虚→心胸憋闷绞痛面青唇紫；脾阳虚→便溏泄泻；肾阳虚→腰膝冷痛下利清谷小便清长男子阳痿女子宫寒不孕
内湿(湿浊内生),中医基础理论::病机::内生五邪,1,概念::脾气的运化水液功能障碍而引起湿浊蓄积停滞的病机变化。与脾虚关系密切，又称[[脾虚生湿]]<br>###表现::①经脉：头闷重如裹肢体重着屈伸不利 ②湿犯上焦：胸闷咳嗽 ③湿阻下焦：腹胀便溏小便不利 ④泛溢皮肤肌腠：水肿,古文::诸痉项强，皆属于湿。湿胜则濡泄，甚则水闭胕肿。<br>###转化::湿胜可伤脾阳肾阳而致阳虚湿盛；湿浊可聚而为痰留而为饮积而成水
内燥(津伤化燥),中医基础理论::病机::内生五邪,2,概念::体内津液耗伤而干燥少津的病机变化<br>###成因::津液亏少不足以内荣脏腑外润肌腠孔窍，燥由内而生<br>###脏腑::可发生于各脏腑组织，以[[肺、胃、大肠]]为多见,鉴别::外燥伤人多在秋季多易伤肺；内燥由于全身脏腑组织功能失常津液亏少所致。无论外燥内燥都以津液不足脏腑组织失于滋润为特征
内火,中医基础理论::病机::内生五邪,1,概念::脏腑阴阳失调而致火热内扰的病机变化，又称[[内热]]<br>###成因::阳盛有余、阴虚阳亢、五志化火、气血壅滞病邪郁结郁而化火<br>###虚实::阳盛化火、邪郁化火、五志化火多属[[实火]]；阴虚火旺属[[虚火]]<br>###火与热::火为热之极，热为火之渐,主要脏腑::心火、肝火、相火(肾火)、胃火等证
内火分类-实火,中医基础理论::病机::内生五邪,1,阳盛化火::阳气过盛化火称[[壮火]]，气有余便是火。壮热面赤烦躁大汗舌红脉数＋口渴尿少便秘等伤阴津症状<br>###邪郁化火::外感六淫郁而从阳化热化火(寒郁化热湿郁化火等)；病理产物郁积(痰浊瘀血结石食积虫积等)郁而化火<br>###五志化火::情志刺激致气机郁结或亢逆，气郁日久化热、气逆化火。如肝郁气滞气郁化火发为[[肝火]],
内火分类-虚火,中医基础理论::病机::内生五邪,1,阴虚火旺::阴液大伤阴虚阳亢虚热虚火内生<br>###阴虚内热::多见全身性虚热征象——五心烦热、骨蒸潮热、面部烘热、消瘦、盗汗、舌红少苔脉细数无力<br>###阴虚火旺表现::多见集中于某一部位的火热征象——虚火上炎致牙痛齿衄咽痛口干唇燥颧红,鉴别::内火在里在脏腑，外感火热在表在肺卫伴有表证。外火可入里引发内火，内火日久亦可招致外感火热
经络病机概述,中医基础理论::病机::经络病机,2,概念::致病因素直接或间接作用于经络系统而引起的病理变化<br>###气血偏盛偏衰::直接影响与其相络属脏腑的气血盛衰<br>###气血逆乱::经气升降逆乱致气血上逆或下陷——①阴阳之气不相顺接发为厥逆 ②所属脏腑功能紊乱 ③出血(肝火犯肺咯血、阳明热盛衄血)<br>###气血运行不畅::累及所属脏腑功能紊乱；气滞血瘀<br>###气血衰竭::经气衰败至终绝，气血随之衰竭,古文足阳明::气盛则身以前皆热，消谷善饥，溺色黄；气不足则身以前皆寒栗，胃中寒则胀满。
脏腑病机概述,中医基础理论::病机::脏腑病机,1,概念::疾病发生发展过程中脏腑正常生理功能发生失调的内在机理<br>###内容::①各脏腑生理功能的太过或不及及功能之间的失调 ②脏腑本身阴阳气血失调,古文::诸风掉眩皆属于肝；诸寒收引皆属于肾；诸气膹郁皆属于肺；诸湿肿满皆属于脾；诸热瞀瘛皆属于火(心)；诸痛痒疮皆属于心(火)。<br>###传变::见肝之病知肝传脾当先实脾。
心的病机特点,中医基础理论::病机::脏腑病机::心,1,病机特点::①[[血脉异常]]：心脏自身、头面、四肢及全身脏腑功能失常 ②[[神志改变]]：心神失养、心神受扰、心神无主,
心阳心气失调,中医基础理论::病机::脏腑病机::心,1,心阳盛::实证——邪热痰火内郁、情志所伤五志化火；表现：躁扰心神(心悸心烦失眠多梦言语过多甚则狂言昏乱)、血热脉流薄疾(脉数舌红绛出血)、心火上炎或下移(口舌糜烂小便黄赤灼痛)<br>###心阳虚::宗气不足、肾阳虚衰水气凌心、脾气虚痰瘀内生、邪盛阳气暴脱；表现：神衰疲倦反应迟钝、血脉寒滞(形寒肢冷面色㿠白或晦滞青紫心悸怔忡胸闷刺痛自汗大汗脉涩或结代),相互影响::常与肺肾病变互相影响——肺(咳逆上气端坐呼吸)；肾(尿少水肿)
心阴心血失调,中医基础理论::病机::脏腑病机::心,1,心阴虚::劳心过度久病失养、情志内伤心阴暗耗、心肝火旺损伤心阴；表现：阴不制阳虚火内生(五心烦热盗汗)、心神不宁虚烦不眠、舌红脉细数<br>###心血虚::失血、血液生化不足、情志内伤耗损心血；表现：血脉空虚(脉细无力)、失于濡养(面唇舌淡白无华)、心神失守(心悸怔忡神思恍惚失眠多梦惊悸不安)<br>###心血瘀::阳气不足心脉寒滞、痰浊凝聚血脉郁阻、劳倦感寒情志刺激、阳气虚损无以温运；表现：心悸怔忡心胸憋闷刺痛甚则暴痛欲绝肢冷脉伏汗出脱厥,真题::形成心血瘀阻的主要原因：胸阳不振、寒客胸中、痰浊阻滞、宗气虚衰
肺的病机特点,中医基础理论::病机::脏腑病机::肺,1,病机特点::①防御能力失常 ②呼吸功能异常 ③水液代谢失调 ④气的生成不足 ⑤血液敷布无力<br>###病理变化::①呼吸功能失调 ②主气功能失常 ③津液代谢失调 ④血液运行不畅 ⑤卫外功能不固,
肺气宣发肃降失常,中医基础理论::病机::脏腑病机::肺,1,肺气不宣::呼吸不畅(鼻塞咳嗽)、卫气壅滞(恶寒发热无汗)、肺气上逆(咳逆气喘)、通调水道失职(尿少水肿)、宣发无力(自汗易感冒)、肺阴虚盗汗<br>###肺失清肃::下降和清洁呼吸道功能减退(胸闷气促咳嗽痰多)、肺气上逆(咳逆气喘)、通调水道失职(尿少水肿)<br>###发展::肺失宣肃进一步发展均能损耗肺气和肺阴，导致肺气虚损或肺阴不足,
肺气虚与肺阴虚,中医基础理论::病机::脏腑病机::肺,1,肺气虚成因::肺失宣肃日久不复、久病气虚、劳伤过度耗损肺气<br>###肺气虚表现::呼吸机能减退(咳嗽气短声低息微甚则喘促)、津液输布代谢失常(咳痰清稀甚则聚痰成饮水肿)、卫表不固(表虚自汗畏寒)<br>###肺阴虚成因::燥热之邪灼肺、痰火内郁伤肺、五志过极化火灼肺、久咳耗伤肺阴<br>###肺阴虚表现::阴津亏损(干咳无痰或痰少而黏咽干口燥)、阴虚火旺(气短潮热盗汗颧红五心烦热)、虚火灼络(痰中带血)、久之肺肾阴虚,关联::大肠传导失司、宗气不足少气不足以息、肾不纳气、脾失健运
脾的病机特点,中医基础理论::病机::脏腑病机::脾,1,病机特点::①消化吸收功能减退 ②气血生成不足 ③血液运行失常 ④水液代谢失调<br>###病理变化::①消化障碍 ②营养缺乏 ③水液失调 ④气机紊乱 ⑤血液失运 ⑥卫外不固,
脾气虚弱,中医基础理论::病机::脏腑病机::脾,1,运化无权::食欲不振纳食不化腹胀便溏或轻度浮肿<br>###气血乏源::面黄肌瘦少气懒言四肢倦怠乏力等全身气血不足<br>###中气下陷::内脏下垂、久泄脱肛、便意频数、小便淋漓难尽<br>###统摄无权::便血、月经淋漓不断或忽然大下、月经过多、肌衄等各种慢性出血<br>###升降失调::上见头目眩晕、中见脘腹胀闷、下见便溏泄泻<br>###卫外不固::自汗恶风鼻塞清涕神疲乏力反复发作,
脾阳虚与水湿中阻,中医基础理论::病机::脏腑病机::脾,1,脾阳虚成因::脾气虚进一步发展、命门火衰脾失温煦<br>###脾阳虚表现::[[寒从中生]](形寒肢冷脘腹冷痛饮食喜热泄泻清谷)、温化水湿无权(生痰成饮或水泛肌肤为肿)<br>###水湿中阻::脾之阳气不足运化无权＋津液代谢障碍气化失司。表现：脾气虚症状＋脘腹闷痛四肢困倦纳食减少口淡乏味或口腻不渴甚或恶心欲吐大便不实浮肿苔白腻,
脾阴失调,中医基础理论::病机::脏腑病机::脾,2,成因::饮食不节、积郁忧思内伤劳倦、肾水亏乏不能滋脾<br>###表现::脾失健运(食欲减退)、津液不足(唇干口燥大便秘结舌红少苔)、胃阴虚(饥不欲食气上逆干呕呃逆),
肝的病机特点,中医基础理论::病机::脏腑病机::肝,1,病机特点::①体用失调 ②气机失调 ③血液生成运行异常 ④消化吸收功能障碍 ⑤精神情志改变 ⑥水液代谢失常<br>###病理变化::①体用失调 ②气血失和 ③干犯他脏,
肝气郁结,中医基础理论::病机::脏腑病机::肝,1,成因::精神刺激，情志抑郁不畅<br>###气机郁滞::胀满疼痛(两胁胀满或右胁疼痛)<br>###痰气血互结::上可发为瘿瘤梅核气；中可发为少腹胀痛或结块；下可发为少腹疼痛牵引睾丸坠胀、女子痛月经闭<br>###犯胃::肝气上逆嗳气吞酸甚则脘痛<br>###犯脾::痛泻交作,
肝火上炎,中医基础理论::病机::脏腑病机::肝,1,成因::肝郁气滞郁而化火；暴怒伤肝肝气暴张引动肝火；五志过极化火心火亢盛引动肝火<br>###表现::阳气升动太过(头胀头痛面红目赤急躁易怒耳暴鸣暴聋)、胁火内灼耗伤阴血(阴虚火旺)、灼伤肺胃脉络(咳血吐血衄血)、气火上逆之极血菀于上发为[[薄厥]],
肝血亏虚,中医基础理论::病机::脏腑病机::肝,1,成因::失血过多、久病损耗、脾胃虚弱化生功能减退<br>###表现::血虚征象；肝血不荣筋目(肢麻不仁关节屈伸不利爪甲不荣眩晕眼花两目干涩视物模糊)；冲任不足血海空虚(月经量少乃至闭经)；血虚化燥生风虚风内动(皮肤瘙痒筋挛肉瞤瘛疭),
肝阳上亢,中医基础理论::病机::脏腑病机::肝,1,成因::肝阴不足阴不制阳肝阳升浮亢逆；情志失调郁怒伤肝气郁化火耗伤肝阴发展为阴虚阳亢；肾阴不足水不涵木致肝肾阴虚最易引起肝阳上亢<br>###本质::[[本虚标实]]、[[上盛下虚]]<br>###上盛::阳气亢逆属标——眩晕耳鸣头重脚轻面红目赤烦躁易怒脉弦数<br>###下虚::肾肝阴虚属本——腰膝酸软足痿无力,
肝风内动,中医基础理论::病机::脏腑病机::肝,1,成因::肝脏阴阳气血失调，以肝肾阴虚不能制约阳气、肝阳升动太过为多见<br>###范围::邪热炽盛则热盛动风；肝阳升腾无制则阳化为风；肝之阴血耗损太过筋脉失养虚风内动<br>###表现::手足震颤、抽搐、筋惕肉瞤、手足蠕动等风胜则动之表现，甚则卒然昏倒不省人事抽搐痉厥,详参::内生五邪之风气内动
肾的病机特点,中医基础理论::病机::脏腑病机::肾,1,病机特点::①生长发育迟缓 ②生殖功能减退 ③形体官窍失养 ④呼吸功能异常 ⑤水液代谢障碍 ⑥二便排泄失调<br>###病理特点::①肾病多虚 ②易阴阳失调 ③久病及肾,
肾精不足,中医基础理论::病机::脏腑病机::肾,1,成因::禀赋不足、久病失养、房劳过度损耗肾精<br>###小儿::五迟五软、囟门迟闭、鸡胸龟背<br>###青年::阻碍性腺发育成熟(天癸不至)<br>###壮年::早衰性功能减退(阳痿滑泄)、生殖功能减退(男子精少不育女子经闭不孕)<br>###脑髓::智力减退动作迟钝两足痿弱,其他::耳鸣耳聋、头发枯槁、牙齿松动
肾气不固,中医基础理论::病机::脏腑病机::肾,1,成因::幼年精气未充、老年精气衰退、早婚性生活不节耗伤肾气、久病肾虚失于固摄<br>###封藏失职::遗精、滑精、早泄<br>###不纳气::气浮于上动辄气急<br>###二便不固::大便滑脱、小便清长或遗尿尿有余沥或二便失禁,
肾阴亏虚,中医基础理论::病机::脏腑病机::肾,1,成因::伤精失血耗液、过服温燥劫阴之品、情志内伤暗耗精血、房事不节、久病伤肾真阴耗伤、五脏之火五志化火邪热久留化火日久耗肾阴<br>###表现::阴液精血亏少(腰膝酸软形体消瘦眩晕耳鸣少寐健忘女子经少经闭)、阴虚内热或阴虚火旺(五心烦热骨蒸潮热口干咽燥颧红盗汗舌红少苔、相火妄动阳兴梦遗迫血妄行则崩漏),
肾阳不足,中医基础理论::病机::脏腑病机::肾,1,成因::心脾阳虚及肾损耗肾阳、房劳过度肾阳损耗<br>###表现::生殖机能减退(男子阳痿早泄精冷女子宫寒不孕)、水液代谢障碍(水肿或尿频尿闭)、命门火衰不能温煦脾阳(下利清谷五更泄泻),
五脏阳虚,中医基础理论::病机::脏腑病机,2,总特点::多见于心脾肾。阳气不足、功能减退、[[虚寒内生]]<br>###心阳虚::血行不畅，心气不足<br>###脾阳虚::脾虚兼寒，运化能力低下<br>###肾阳虚::温煦失司，气化失常，生殖功能减退,迁延::脾阳虚→脾虚湿困；肾阳虚→水湿内停、心肾阳虚、脾肾阳虚
五脏阳盛,中医基础理论::病机::脏腑病机,2,总特点::火热内盛、耗伤津液、扰乱神明<br>###心火亢盛::火热炽盛耗伤津液、热扰心神、上炎或下移、血行逆常<br>###痰火扰心::痰火内盛和神志异常<br>###肝火上炎::气火上逆头目、精神情志异常,
五脏阴虚,中医基础理论::病机::脏腑病机,2,总特点::阴液不足、[[虚热内生]]。易导致阴虚阳亢的是心肝肾<br>###心阴虚::心阴不足心失所养虚热内盛热扰心神心悸不眠<br>###肺阴虚::阴液不足津伤肺燥阴虚内热阴虚火旺燥咳不止甚骨蒸潮热<br>###脾阴虚::阴液亏虚运化失常精微无源<br>###肝阴虚::阴液亏虚肝经头目筋脉失于濡养虚热内生；阴虚阳亢则肝阳上亢；阴血虚不制阳亢变为肝风内动<br>###肾阴虚::阴液精血亏少虚热虚火内生；可致其他脏阴虚：肺肾阴虚、肝肾阴虚、心肾阴虚,
五脏气虚与气机失调,中医基础理论::病机::脏腑病机,2,总特点气虚::气的不足功能减退，症状以神疲乏力为主<br>###心气虚::运血无力，心神不足<br>###肺气虚::防御能力下降，呼吸功能减退，气的生成不足<br>###脾气虚::消化吸收功能减退，升清降浊失司，水谷精微化生减少<br>###肾气不固::封藏固摄功能失常：膀胱大肠精关带脉冲任等失于固摄<br>###总特点气机失调::肺气宣发肃降失常、肝气郁结<br>###肾不纳气::肾气亏虚摄纳无力吸气困难,
五脏血虚与血瘀,中医基础理论::病机::脏腑病机,2,心血虚::心血不足血脉空虚——心神不宁，头面官窍失于濡养<br>###肝血虚::肝脏及所属形体官窍筋脉头目爪甲失于濡养及女子月经不调<br>###心血瘀::血液运行不畅痹阻心脉——心脉气血运行不畅甚则瘀血阻闭心脉不通,特点::血虚以心肝多见；血瘀以心血瘀常见
五脏精亏,中医基础理论::病机::脏腑病机,2,特点::以[[肾精亏虚]]为本<br>###肾精亏::肾精亏虚功能减退——脑髓骨骼耳窍失养，小儿生长发育迟缓，成人生殖功能减退及未老先衰<br>###肝肾精血亏虚::肝肾同源,
五脏病变相互影响,中医基础理论::病机::脏腑病机,1,心肺::气和血的失调<br>###肺脾::气的生成不足和水液代谢失常<br>###肺肝::气机升降出入运动失调<br>###心脾::心血不足心神不宁和脾虚气弱运化失职(常伴气血两虚)<br>###心肝::血液亏虚与精神情志改变<br>###肝脾::消化吸收障碍、血液生成运行异常<br>###心肾::[[心肾不交]](心阳不能下交于肾肾阴不能上济于心)；肾阳虚水气凌心致心阳虚<br>###肺肾::呼吸运动异常、水液代谢失调与肺肾阴液亏损<br>###脾肾::脾肾阳气不足消化吸收障碍水液代谢失调<br>###肝肾::阴阳失调、精血亏虚、藏泄失司,
表里脏腑病变影响,中医基础理论::病机::脏腑病机,2,心小肠::火热相互转移<br>###肺大肠::气机下调不及和易被燥邪所伤<br>###脾胃::纳运失调、升降失常、燥湿失济<br>###肝胆::胆汁排泄不利和精神情志异常<br>###肾膀胱::尿液贮藏排泄异常,
胆的病机,中医基础理论::病机::脏腑病机::六腑,2,病机特点::胆汁贮藏排泄障碍和胆经郁扰<br>###病理特点::胆病多实多热<br>###表现::①肝失疏泄(胁下胀满食少厌油腻腹胀便溏) ②胆汁上逆(口苦呕吐黄绿苦水) ③胆汁外溢([[黄疸]]) ④胆经郁热夹痰上扰(心烦失眠多梦易惊),
胃的病机,中医基础理论::病机::脏腑病机::六腑,1,病机特点::受纳腐熟功能异常及胃失和降胃气上逆<br>###胃气虚::饮食不节损伤胃气或禀赋素虚久病元气不复。受纳腐熟减退(纳食不佳饮食无味)、胃失和降(脘腹胀满隐痛)、胃气上逆(嗳气恶心呕吐呃逆)<br>###胃阴虚::热病后期邪热久留或久病消烁阴液。受纳腐熟减退、胃失和降(脘痞不舒泛恶干呕)、阴津亏损(口舌干燥小便短少大便秘结舌光红少苔脉细数)<br>###胃寒::过食生冷或过用寒凉克伐药物或胃阳素虚。腐熟功能减退(呕吐清水饮食不化)、寒性凝滞气机阻滞(胃脘冷痛轻则绵绵不已重则拘急作痛)<br>###胃热火::邪热犯胃、嗜酒嗜食辛辣过食膏粱厚味、气滞瘀阻痰湿食积郁结化热、肝胆之火横逆犯胃。腐熟功能亢进(消谷善饥)、燥热内结胃失和降(口苦口渴大便秘结)、胃气上逆(恶心呕吐酸苦黄水)、胃火上炎(齿痛齄肿衄血呕血),
小肠的病机,中医基础理论::病机::脏腑病机::六腑,2,病机特点::消化吸收功能异常与二便异常<br>###失于受盛::呕吐食下腹痛<br>###失于化物::食下腹胀完谷不化<br>###清浊不化::上吐下泻腹痛肠鸣<br>###实热::小肠实热多由湿热下注或心移热于小肠所致——小便频数尿液浑浊或淋浊赤涩<br>###虚寒::小肠虚寒多因饮食不节损伤脾胃——肠鸣泄泻腹痛喜按,
大肠的病机,中医基础理论::病机::脏腑病机::六腑,2,病机特点::传导功能失调而大便异常<br>###热结::便秘或热结旁流<br>###湿热::泄泻、痢下赤白里急后重、痔痿<br>###虚寒::泄泻便溏完谷不化乃至滑脱不禁或便秘(多与脾肾阳虚有关)<br>###津亏::大便干结难解<br>###中气下陷肾虚不固::久泄滑脱脱肛大便失禁,
膀胱的病机,中医基础理论::病机::脏腑病机::六腑,2,病机特点::气化作用失常而小便异常<br>###病变::湿热蕴结、虚寒内生<br>###气化不利::尿少、[[癃闭]]<br>###气化无权::遗尿、小便失禁<br>###湿热下注::尿频尿急尿道涩痛尿血<br>###虚寒::小便频数清长或不禁尿有余沥遗尿排尿无力,
三焦的病机,中医基础理论::病机::脏腑病机::六腑,2,病机特点::[[三焦气化失司]]——全身气化失常和水液代谢功能障碍<br>###气机不利::升降出入异常影响脏腑功能：心行血肺呼吸脾胃肠运化升降肝胆疏泄肾膀胱蒸腾气化<br>###津液代谢::影响全身津液代谢——肺脾肾三脏调节水液代谢均有赖于三焦气化,
脑的病机,中医基础理论::病机::脏腑病机::奇恒之腑,3,病机特点::精神意识思维病变和感觉运动失常<br>###肾精亏虚::精不能生髓脑髓空虚——智力减退视听言语迟钝肢体活动不便痿弱不用<br>###脏腑失调::心肺脾肝肾功能失调引起脑功能失调——精神情志活动异常<br>###阳气不升::头目眩晕耳目失聪,
髓骨脉的病机,中医基础理论::病机::脏腑病机::奇恒之腑,3,髓骨::病机特点为骨髓空虚骨质异常和化生血液失常。肾精亏虚→生长发育迟缓骨质软弱松脆易折；五脏精气不足→精神不振反应迟钝听觉失聪视物不明<br>###脉道不利::津液枯涸脉失濡养、痰浊内阻气机不畅、寒凝瘀阻经脉阻滞、气滞或血瘀——局部疼痛肿胀麻木<br>###脉道失于约束::气的固摄血液功能失常(脾不统血)——各种出血,
女子胞的病机,中医基础理论::病机::脏腑病机::奇恒之腑,2,病机特点::经带胎产的异常<br>###气血不和::①血行过多：血热肝不藏血脾不统血气不摄血→月经先期量多行经期延长甚至崩漏 ②血随气火上逆→经行吐衄(倒经) ③气滞血瘀气血不足阳气不足下元虚寒→闭经等<br>###因素::气虚气滞气逆气陷血虚血瘀血寒血热所致的气血失调；心肝脾肾功能失调；天癸生成以及冲任气血不足,冲任不足::冲任隶属肝肾，肝肾功能失调致冲任气血不足使胞宫功能失常；脾胃运化失调影响冲任气血充盈<br>###其他因素::情志失常、劳倦过度、房事不节等使胞宫功能失常——思虑伤心心血暗耗、思虑伤脾气血生化无权、郁怒伤肝肝失疏泄、房劳伤肾肾精亏损天癸衰少
养生的概念,中医基础理论::养生预防与治则::养生,1,定义::养生又称[[摄生]]、道生、保生、卫生等<br>###内容::采取各种方法[[增强体质]]、提高健康水平、[[预防疾病]]及[[延缓衰老]]、延年益寿,
衰老的机制,中医基础理论::养生预防与治则::养生,1,天年::人的自然寿命一般为[[120岁]]左右<br>###衰老概念::随年龄增长，机体脏腑、精气血津液神、经络等生理功能[[全面逐渐减退]]的生命过程<br>###根本::以阴阳失调、五脏虚衰、精气不足为[[本]]，最重要的是先天后天虚衰，[[脾肾]]至关重要<br>###标::以情志失调、痰瘀毒内生为[[标]],寿天规律::人之始生以母为基以父为楯
养生基本原则,中医基础理论::养生预防与治则::养生,1,四原则::善于养生者应掌握[[顺应自然]]、[[形神共养]]、[[固护精气]]、[[调补脾肾]]的原则和方法,
顺应自然,中医基础理论::养生预防与治则::养生,1,含义::人与天地相应、[[天人合一]]、顺时摄养<br>###方法::[[春夏养阳、秋冬养阴]]，起居有常、动静和宜、衣着适当、调和饮食<br>###适应::适应四时气候、昼夜晨昏、地区方域等外界环境变化，包括自然环境与社会环境,古文::智者之养生也，必顺四时而适寒暑，和喜怒而安居处，节阴阳而调刚柔，如是则僻邪不至，长生久视。
形神共养,中医基础理论::养生预防与治则::养生,1,含义::既注重精神调养也重视适度形体锻炼，将调养形体与调摄精神结合，使[[形神合一]]或形与神俱<br>###静神::[[守神全形]]——清静养神、四气调神、积精养神、修性怡神、气功练神<br>###动形::[[养形全神]]——通过劳动、舞蹈、散步、导引、按摩等运动形体、调和气血、疏通经络,注意::运动量要适度，动以养形，以动形为本
调养脾胃与保精护肾,中医基础理论::养生预防与治则::养生,1,脾胃::脾胃强弱与人体盛衰生命寿天关系密切。原则：[[益脾气、养胃阴]]，用药注意升降防过偏。方法：节制饮食、调精神疏肝理脾、常运动和胃化食、防劳倦养脾气<br>###保精护肾::精和肾的正常与否是决定健康长寿的[[关键因素]]。首重[[节欲保精]]，另有运动保健、导引固肾、按摩益肾、食疗补肾、药物调治,古文::土气为万物之源，胃气为养生之主。胃强则强，胃弱则弱，有胃则生，无胃则死，是以养生家当以脾胃为先。
养生基本方法,中医基础理论::养生预防与治则::养生,2,精神养生::①调神养生(清静养神、立志养德、开朗乐观、保持心理平衡) ②调摄情绪(节制法、疏泄法、转移法、情志制约法)<br>###起居养生::起居有常、劳逸结合、节欲保精<br>###饮食养生::饮食有节、食不可偏、合理配膳全面营养；随四时调节饮食；因年龄体质个性习惯差异分别安排<br>###运动养生::适当锻炼<br>###环境养生::适应自然和社会环境<br>###针药养生::针灸按摩养生、药物养生,
治未病概述,中医基础理论::养生预防与治则::预防,1,概念::中医学的[[预防思想]]，包括三个方面<br>###未病先防::疾病未发生之前采取各种预防措施，增强正气消除有害因素以防止疾病发生<br>###既病防变::疾病发生之后[[早期诊断早期治疗]]，防止疾病发展和传变<br>###愈后防复::疾病初愈缓解或痊愈时注意调理阴阳维持平衡，预防疾病复发,古文::圣人不治已病治未病，不治已乱治未乱……夫病已成而后药之，乱已成而后治之，譬犹渴而穿井，斗而铸锥，不亦晚乎。
未病先防-扶助正气,中医基础理论::养生预防与治则::预防,1,顺应自然::法于阴阳和于术数，春夏养阳秋冬养阴<br>###调畅情志::恬淡虚无真气从之精神内守；胸怀开朗乐观则气机调畅气血和平正气旺盛<br>###护肾保精::房事有节(房室勿令竭乏)、运动保健、按摩固肾、食疗保肾、针药调治<br>###形体锻炼::运动量适度因人而宜做到[[形劳而不倦]]，循序渐进持之以恒。方法：五禽戏、太极拳、八段锦、易筋经等<br>###起居有常::顺应四时和昼夜变化安排适宜作息，注意劳逸适度<br>###调摄饮食::饮食有节定时定量不可过饥过饱；克服饮食偏嗜保持寒温适中；注意饮食卫生；五谷为养五果为助五畜为益五菜为充<br>###针灸推拿药物::药物调养扶助正气平调阴阳；推拿调节机体生理病理；针灸通过经络调节气血阴阳,古文::其知道者，法于阴阳，和于术数，饮食有节，起居有常，不妄作劳，故能形与神俱，尽终其天年，度百岁乃去。
未病先防-防止病邪,中医基础理论::养生预防与治则::预防,2,避邪气::虚邪贼风避之有时、避其毒气<br>###措施::①顺应四时防六淫之邪 ②避疫毒防邪气染易 ③注意环境防止外伤虫兽伤 ④讲卫生防止环境水源食物污染,
既病防变,中医基础理论::养生预防与治则::预防,1,早期诊治::诊治越早疗效越好——善治者治皮毛其次治肌肤其次治筋脉其次治六腑其次治五脏；治五脏者半死半生也<br>###阻截病传::根据传变规律早期诊治阻截病传途径防止深化恶化。如麻疹初起宣透发表透疹防止内犯脏腑<br>###先安未受邪之地::治疗肝病时配伍调理脾胃药物使脾旺不受邪(见肝之病知肝传脾当先实脾)；温热病伤及胃阴后加入咸寒滋肾之品防肾阴耗损,古文::见微知著，患弥于未萌，是为上工。务在先安未受邪之地。<br>###叶天士::温热病伤及胃阴后在甘寒养胃方药中加入咸寒滋肾之品
愈后防复,中医基础理论::养生预防与治则::预防,2,原则::谨察阴阳所在而调之，以平为期<br>###方法::邪气留恋需综合措施——邪尽病愈、扶助正气、消除宿根、避免诱因<br>###饮食::注意饮食调护和禁忌促进疾病痊愈,古文::病热少愈，食肉则复，多食则遗，此其禁也。
治则概述,中医基础理论::养生预防与治则::治则,1,定义::治则即治疗疾病的[[基本原则]]，在整体观念和辨证论治精神指导下制定<br>###治病求本::寻找疾病根本原因并针对根本原因治疗，位于治则治法理论体系的[[最高层次]]<br>###核心::以[[平]]为期,体系::整体观念与辨证论治→治病求本→治则→治法(治疗八法→具体治法→具体措施)<br>###古文::治病必求于本。本即阴阳，后世引申为疾病的本质。
治则与治法关系,中医基础理论::养生预防与治则::治则,1,联系::治则指导治法，治法从属治则<br>###治则::治疗疾病的准则——原则性与指导性，相对稳定与规范<br>###治法::一定治则指导下的具体治疗大法、方法、措施——具体、复杂、灵活、多样,治疗大法::八法：[[汗吐下和温清消补]]<br>###具体治法::针对某证候确立——如辛温解表、镇肝息风、健脾利湿<br>###治疗措施::具体技术方式途径——药治、针灸、按摩、导引、熏洗
正治,中医基础理论::养生预防与治则::治则,1,含义::采用与病证性质[[相反]]的方药治疗原则(逆治)<br>###适用::疾病征象与本质相[[一致]]的病证(最常用)<br>###寒者热之::寒性病用温热药——表寒证用辛温解表，里寒证用辛热温里<br>###热者寒之::热性病用寒凉药——表热证用辛凉解表，里热证用苦寒清里<br>###虚则补之::虚病用补药——阳虚温阳、阴虚滋阴、气虚益气、血虚补血<br>###实则泻之::实病用攻邪药——食滞消食导滞、水饮逐水、瘀血活血化瘀、湿盛祛湿,
反治,中医基础理论::养生预防与治则::治则,1,含义::顺从病证外在[[假象]]而治的治疗原则(从治)，但用药与证候本质相反<br>###适用::疾病征象与其本质[[不完全符合]]的病证<br>###热因热用::用热药治假热征象——[[阴盛格阳]]的真寒假热证<br>###寒因寒用::用寒药治假寒征象——[[阳盛格阴]]的真热假寒证<br>###塞因塞用::用补益方药治疗虚性闭塞不通症状([[以补开塞]])——脾虚胀满、精血不足便秘、肾阳虚尿少癃闭、血枯经闭<br>###通因通用::通利药治通泄病——食积腹泻、热结旁流、瘀血崩漏、膀胱湿热尿频尿急,实例热结旁流::体现实则泻之、热者寒之、通因通用<br>###反佐::前人列入反治范畴，实为制方服药的具体方法
标本的概念,中医基础理论::养生预防与治则::治则,1,定义::标本关系即病变过程中矛盾的[[主次先后]]关系<br>###正气与邪气::本→正气；标→邪气<br>###病机与症状::本→病因病机；标→症状<br>###疾病先后::本→旧病原发病；标→新病继发病<br>###病位::本→里病在内在下脏腑精气病；标→表病在外在上肌表经络病,
治标治本,中医基础理论::养生预防与治则::治则,1,急则治标::标病危急先治其标——出现大出血、暴泻、剧痛、频繁呕吐、中满、大小便不利、昏迷、腹水、虚脱、高热等急症；慢性病复感外邪新病急者先治外感<br>###缓则治本::慢性疾病或急性病恢复期标病不急——如肺痨咳嗽本为肺肾阴虚应滋养肺肾治本；气虚自汗应益气固表治本<br>###标本兼治::标病与本病错杂并重——如邪热里结阴液受伤当泻下与滋阴同用；虚人感冒当益气解表,古文::先热而后生中满者治其标。先病而后生中满者治其标。小大不利治其标。
扶正祛邪概念,中医基础理论::养生预防与治则::治则,1,扶正::扶助正气增强体质提高抗邪能力——适用各种[[虚证]]。方法：益气、养血、滋阴、温阳、填精、补津及补养脏腑<br>###祛邪::祛除邪气消解病邪侵袭损害——适用各种[[实证]]。方法：发汗、涌吐、攻下、消导、化痰、活血、散寒、清热、解毒、祛湿,原则::扶正不留邪，祛邪不伤正
扶正祛邪运用,中医基础理论::养生预防与治则::治则,1,单独扶正::虚证或真虚假实证——多用于慢性病、恢复期、素体虚弱之人<br>###单独祛邪::实证或真实假虚证——多用于外感病初期极盛期，正气尚可<br>###扶正兼祛邪::正虚为主的虚实夹杂——如肾阳虚水饮当温补肾阳兼利水湿<br>###祛邪兼扶正::邪实为主的虚实夹杂——如暑热伤津气当清解暑热兼益气生津<br>###先补后攻::正虚邪实而不耐攻伐——如虫积正气太弱先健脾扶正再驱虫消积<br>###先攻后补::邪盛扶正反会助邪或正虚不甚邪势方张——如瘀血崩漏先活血化瘀后补血扶正,
调整阴阳-损其有余,中医基础理论::养生预防与治则::治则,1,泻其阳盛::实热证——治热以寒([[热者寒之]])；实热兼阴虚——清热＋滋阴<br>###损其阴盛::实寒证——治寒以热([[寒者热之]])；实寒兼阳虚——散寒＋温阳,
调整阴阳-补其不足,中医基础理论::养生预防与治则::治则,1,阳病治阴::阴虚则热的虚热证→[[滋阴以抑阳]]。壮水之主以制阳光<br>###阴病治阳::阳虚则寒的虚寒证→[[温阳以抑阴]]。益火之源以消阴翳<br>###阳中求阴::阴虚证滋阴剂中适当佐以补阳药——善补阴者必于阳中求阴则阴得阳升而泉源不竭<br>###阴中求阳::阳虚证补阳剂中适当佐以补阴药——善补阳者必于阴中求阳则阳得阴助而生化无穷<br>###阴阳双补::阴阳两虚——阳损及阴补阳辅以滋阴；阴损及阳滋阴辅以补阳<br>###回阳救阴::亡阳→回阳固脱；亡阴→救阴固脱。均以峻剂补气固脱且应敛汗,格拒::阴阳格拒用反治——寒因寒用、热因热用<br>###注意::阴阳互济之调补和阴阳并补虽用药都是滋阴补阳并用但主次分寸不同适应证候有别
调整脏腑,中医基础理论::养生预防与治则::治则,1,五行指导::补母泻子——滋水涵木、益火补土、培土生金、金水相生；抑强扶弱——抑木扶土、培土制水、佐金平木、泻南补北<br>###脏腑关系::脏病治腑(心火上炎通利小肠)；腑病治脏(腑气不通宣降肺气)；脏腑同治(脾胃同治)；虚则补脏(膀胱气化失常补肾固涩)；实则泻腑(阳明热结荡涤胃肠)<br>###脏腑特性::调理脏腑气机——肺宜宣降、脾升胃降；顺应脏腑喜恶——心恶热治宜清心泻火、肝喜条达恶抑郁治宜疏肝行气、脾喜燥恶湿当甘温燥湿、胃喜润恶燥当甘寒生津,
调整气血-调气,中医基础理论::养生预防与治则::治则,2,气虚宜补::主要补[[脾肺肾]]，常与补血结合<br>###气滞宜疏::与肺肝脾胃等有关，调理以[[疏肝行气]]为先<br>###气陷宜升::升提法，适用于中气下陷——脏器下垂、脱肛、崩中漏下、阴挺等<br>###气逆宜降::适于气逆实证，若因虚气逆应补虚不宜降气<br>###气闭则开::清窍闭塞昏厥又称开窍通闭——有温开凉开之分；虚证内闭外脱当补气养血回阳固脱,
调整气血-调血,中医基础理论::养生预防与治则::治则,2,血虚则补::与心肝脾肾密切，补血结合补脏，可加补气以生血<br>###血瘀则行::活血理血总应祛瘀，分寒热虚实分别施治<br>###血寒则温::温经散寒为主配伍通经活络和血行血<br>###血热则凉::清热凉血为主；血热出血当凉血止血；有瘀滞者不宜大剂寒凉止血<br>###出血则止::收敛止血、凉血止血、温经止血、化瘀止血之分,
调理气血津液关系,中医基础理论::养生预防与治则::治则,1,气病治血::气为血之帅血为气之母——气病则血随之亦病，治气药中必兼理血<br>###血病治血::治血必调气——血虚补气而血自生，血瘀行气而血自调，出血调气而血自止<br>###治血准则::气血俱要而补气在补血之先，阴阳并需而养阳在滋阴之上<br>###气随血脱::益气固脱为主止血补血——有形之血不能速生无形之气所当急固<br>###津液气::气虚致津液不足→补气生津；气不行津→补气行气以行津；气不摄津→补气以摄津；津停气阻→治水湿痰饮辅以行气导滞,
三因制宜-因时,中医基础理论::养生预防与治则::治则,1,季节::用寒远寒、用凉远凉、用温远温、用热远热；暑邪多夹湿注意清暑化湿；燥多在秋注意滋养濡润慎用苦燥<br>###月令::月生无泻、月满无补、月郭空无治<br>###昼夜::阴虚午后潮热、湿温午后加重、脾胃阳虚五更泄泻；服药时间及针灸子午流注针法,
三因制宜-因地,中医基础理论::养生预防与治则::治则,1,含义::根据不同地域环境特点制定适宜治疗原则<br>###特点::西北之人疏通重剂，东南之人疏通轻剂<br>###用药::西北感冒风寒居多用麻桂姜；东南感冒风热多用桑菊薄,古文::地有高下，气有温凉，高者气寒，下者气热。西北之气散而寒之，东南之气收而温之，所谓同病异治也。一病而治各不同皆愈何也？地势使然也。
三因制宜-因人,中医基础理论::养生预防与治则::治则,1,年龄::小儿用药轻短忌峻攻少用补益；青壮年偏攻邪泻实量重；老年人用药宜顾护正气补虚或攻补兼施<br>###性别::妇女经期孕期慎用或禁用峻下逐水破血重坠开窍滑利走窜有毒药；产后慎用通泄走窜之品。男子精室疾患在调肾基础上调治<br>###体质::阳盛或阴虚之体慎用温热；阴盛或阳虚之体慎用寒凉。体质强攻伐重、体质弱当补、虚实夹杂攻伐轻,其他::素有慢性病或职业病、情志因素、生活习惯等在诊治时也应注意
四诊,中医诊断学::绪论::主要内容,1,定义::中医诊察收集病情资料的基本方法，包括望、闻、问、切四种诊法<br>###目的::获得病情资料、症状体征病史,分类::望诊、闻诊、问诊、切诊
望诊,中医诊断学::绪论::主要内容,1,定义::医生运用[[视觉]]观察病人的神、色、形、态、舌象、头面、五官、四肢、皮肤以及排泄物等，以发现异常表现<br>###目的::了解病情的诊察方法,观察内容::神、色、形、态、舌象、头面、五官、四肢、皮肤、排泄物
闻诊,中医诊断学::绪论::主要内容,1,定义::医生运用[[听觉]]诊察病人的语言、呼吸、咳嗽、呕吐、嗳气、肠鸣等声音，以及运用[[嗅觉]]嗅病人发出的异常气味<br>###目的::了解病情的诊察方法,诊察方式::听觉（声音）+嗅觉（气味）
问诊,中医诊断学::绪论::主要内容,1,定义::医生询问病人有关疾病的情况，以获取病人的现在症状、既往病史、生活习惯等<br>###目的::了解患者的各种病态感觉以及疾病的发生发展、诊疗等情况,询问内容::现在症状、既往病史、生活习惯
切诊,中医诊断学::绪论::主要内容,1,定义::医生用手[[切脉]]和触按病人的肌肤、手足、胸腹、腧穴等部位，测知脉象变化及有关异常征象<br>###目的::了解病变情况的诊察方法,诊察部位::脉象、肌肤、手足、胸腹、腧穴
症状与体征,中医诊断学::绪论::主要内容,1,症状::患者对痛苦或不适的[[自我感受]]，如头痛、头晕目眩、心烦心悸、胸闷、恶心等<br>###体征::医生运用望、闻、切等方法获得的具有诊断意义的[[客观征象]]，如面色白、咽喉红肿、舟状腹、脉弦等,统称::症状和体征又可统称症状，或简称[[症]]
辨证,中医诊断学::绪论::辨病辨证,1,定义::在中医理论指导下，对四诊收集病情资料进行辨别、分析、综合，作出[[证名诊断]]的思维过程<br>###内容::包括证名、证候、证型、证素,辨证方法::八纲辨证、病因辨证、气血津液辨证、脏腑辨证、卫气营血辨证、三焦辨证、经络辨证
证名,中医诊断学::绪论::辨病辨证,1,定义::将疾病当前阶段的病位、病性等本质，概括成一个诊断名称<br>###示例::痰热壅肺证、肝郁脾虚证,特点::概括疾病当前阶段的本质
证候,中医诊断学::绪论::辨病辨证,1,定义::每个证所表现的、具有内在联系的症状及体征，即[[证候为证的外候]]<br>###本质::疾病发生和演变过程中某一阶段本质的反应,依据::以一组相关症状和体征为依据，不同程度揭示当前的病位、病性、病机等
证型,中医诊断学::绪论::辨病辨证,2,定义::临床上较为[[常见]]、[[典型]]、证名规范的证，可称为[[证型]],特点::常见、典型、规范
证素,中医诊断学::绪论::辨病辨证,2,定义::证的要素，包括[[病位]]和[[病性]],构成::病位+病性
辨病,中医诊断学::绪论::辨病辨证,1,定义::在中医学理论的指导下，综合分析四诊资料，对疾病的病种作出判断，得出[[病名诊断]]的思维过程<br>###疾病定义::在病因作用下，正邪斗争、阴阳失调引起的具有自己特定发展规律的病变全过程,示例::温病：以急性发热、口渴尿黄等为临床表现的外感热病
病案书写,中医诊断学::绪论::病案书写,2,定义::关于病人诊疗情况的[[书面记录]]（又称病历，古称医案、诊籍）<br>###要求::将患者的临床表现、病史、诊断和治疗等情况，按照一定格式如实地记录下来,重要性::医疗、教学、管理和司法的重要资料，是临床工作者必须掌握的基本技能
司外揣内,中医诊断学::绪论::基本原理,1,定义::即[[从外知内]]或[[以表知里]]，指通过观察、分析病人外部表现测知体内病理变化（透过现象看本质）<br>###理论依据::[[有诸内者，必形诸外]],应用::司外：望闻问切；揣内：辨证
见微知著,中医诊断学::绪论::基本原理,1,定义::观察局部，微小变化，测知整体明显的病变（[[从局部看整体]]）,示例::舌象可反映脏腑气血的整体状况；耳鸣耳聋常与肾脏及肝胆脏腑相关
以常达变,中医诊断学::绪论::基本原理,1,定义::以健康状况为标准（在认识正常的基础上）发现太过不及的[[异常变化]],示例::以医生呼吸衡量病人呼吸，同时判断脉率；医生手掌触摸患者额头判断寒热及程度
整体审察,中医诊断学::绪论::基本原则,1,定义::重视病人整体联系，将病人与所处环境结合起来<br>###要点::1.将人体作为一个整体；2.重视环境对人体病变的影响,示例::目赤肿痛不仅仅眼睛疾病，还与各个脏腑病理联系起来
四诊合参,中医诊断学::绪论::基本原则,1,定义::望闻问切互参，全面判断<br>###要点::四诊各从侧面去了解患者病情，具有片面性，因此需要四诊合参,原则::四诊并重，诸法参用，综合收集病情资料
病证结合,中医诊断学::绪论::基本原则,1,定义::既强调辨证，又重视辨病<br>###要点::中医诊断以辨证为主，结合辨病，强调[[辨病]]与[[辨证]]相结合,意义::有利于对疾病本质的全面认识
得神,中医诊断学::望诊::望神,1,表现::神志清楚，语言清楚，目光明亮，精彩内含；面色荣润含蓄，表情丰富自然；反应灵敏，动作灵活，体态自如；呼吸平稳，肌肉不削<br>###临床意义::为正常人神气，其[[正气充足]]，精气充盛，体健神旺；或虽病精气未伤，脏腑功能不衰，病多轻浅，预后较好,望神重点::两目、面色、神情、体态；还需结合其他诊法，对语言、呼吸、舌脉等综合判断
少神,中医诊断学::望诊::望神,1,表现::精神不振，嗜睡健忘，思维迟钝；目光晦滞乏神，两目少动；面色淡白少华，暗淡不荣；肌肉松弛，倦怠乏力，动作迟缓；少气懒言，食欲减退<br>###临床意义::[[正气不足]]，精气轻度损伤，脏腑功能减退，多见于轻病或疾病恢复期患者；素体虚弱者亦可出现,与得神区别::得神为正气充足，少神为正气不足
失神,中医诊断学::望诊::望神,1,定义::即无神，是[[精损气亏神衰]]的表现<br>###表现::神志昏迷，或言语失伦，或循衣摸床，撮空理线；目暗睛迷，瞳神呆滞；面色晦暗，表情淡漠呆板；反应迟钝，动作失灵，强迫体位；呼吸异常，大肉已脱,分类::可分为正虚失神（精亏神衰失神）和邪盛失神<br>###临床意义::属病情严重阶段，脏腑功能衰败的表现，预后不良
正虚失神,中医诊断学::望诊::望神,1,表现::精神萎靡，意识模糊；目暗睛迷，瞳神呆滞，或目翻上视；面色晦暗无华，表情淡漠；肌肉瘦削，大肉已脱，动作失灵；循衣摸床，撮空理线；呼吸异常，气息微弱<br>###临床意义::提示[[精气大伤]]，脏腑功能严重受损，机能衰竭，预后不良,特征::以虚衰表现为主，气息微弱
邪盛失神,中医诊断学::望诊::望神,1,表现::神昏谵语或昏睡不语，舌蹇肢厥；或猝倒神昏，两手握固，牙关紧闭，二便闭塞；或壮热神昏，呼吸气粗，喉中痰鸣<br>###临床意义::多因邪陷心包，内扰神明；或肝风夹痰，蒙蔽清窍所致，属于[[病情危重]],特征::以邪实表现为主，呼吸气粗，喉中痰鸣
假神,中医诊断学::望诊::望神,1,定义::指久病、重病患者，精气本已极度衰竭，突然出现神气暂时[[好转]]的假象，称之为[[回光返照]]、[[残灯复明]]<br>###表现::本已神识不清，却突然精神转佳，语言不休，想见亲人；本已目光晦暗，却目似有光浮露；本已语言低微断续，忽而清亮起来；本来面色晦暗，突然颧红如妆；本已毫无食欲或久不能食，而突然食欲大增或主动索食,临床意义::脏腑精气极度衰竭，阴不敛阳，正气将脱，阴阳即将离决，常为[[临终前征兆]]
神乱,中医诊断学::望诊::望神,1,定义::指神志意识[[错乱失常]]<br>###分类::焦虑恐惧、神志不宁（烦躁不安）、淡漠痴呆、狂躁妄动、猝然昏仆,特点::主要表现为各种神志异常状态
焦虑恐惧,中医诊断学::望诊::望神,2,临床表现::焦虑不安，心悸气促，恐惧胆怯，狂躁不安<br>###病因::[[心胆气虚]]，心神失养<br>###病证::脏躁,特点::以恐惧不安为主要表现
狂躁不安,中医诊断学::望诊::望神,2,临床表现::狂躁妄动、呼笑怒骂；打人毁物、不避亲疏；登高而歌、弃衣而走<br>###病因::多为[[痰火扰神]]（亦可见阳明热盛，邪热扰乱神明；蓄血瘀阻，蒙蔽神明）<br>###病证::狂病,特征::以狂躁打骂、不避亲疏为特点
淡漠痴呆,中医诊断学::望诊::望神,2,临床表现::神识痴呆、表情淡漠；喃喃自语、哭笑无常<br>###病因::1.忧思气结，痰浊蒙蔽心神；2.先天禀赋不足；3.心脾两虚<br>###病证::癫病，痴呆,特征::以表情淡漠、喃喃自语为特点
卒然昏仆,中医诊断学::望诊::望神,2,临床表现::猝然仆倒、不省人事；口吐涎沫，口出异声；四肢抽搐、醒后如常<br>###病因::1.多与先天禀赋有关；2.肝风夹痰，蒙蔽清窍；3.颅脑外伤，神机受损；4.痰火扰心，肝风内动<br>###病证::痫病,特征::以突然昏倒、醒后如常为特点
常色,中医诊断学::望诊::望色,1,定义::健康时面部皮肤的色泽<br>###特征::[[红黄隐隐，明润含蓄]]<br>###临床意义::人体精气充盛，脏腑功能正常,分类::主色（正色）：生来就有，一生不变；客色：受外界因素影响的正常肤色变化
病色,中医诊断学::望诊::望色,1,定义::疾病状态面部显示的色泽<br>###善色::面色异常，但仍有光泽，[[脏腑精气未衰]]，胃气尚能上荣<br>###恶色::晦暗枯槁、暴露浮现，[[脏腑精气已衰]]，胃气不能上荣,善恶判断::有光泽为善色，无光泽为恶色
五色主病歌,中医诊断学::望诊::望色,1,歌诀::青寒滞瘀痛惊风，赤热实虚戴阳宗，黄主脾虚与湿证，白虚寒血气夺从，黑肾虚寒证水饮，更兼血瘀与疼痛<br>###青色::寒证、气滞、血瘀、疼痛、惊风<br>###赤色::热证、戴阳,黄色::脾虚、湿证<br>###白色::虚证、寒证、失血、夺气<br>###黑色::肾虚、寒证、水饮、血瘀、疼痛
青色,中医诊断学::望诊::望色,1,病因::由于[[寒邪凝滞]]，或气滞血瘀，或因疼痛剧烈，或因筋脉拘急，或因热盛动风，致脉络阻滞，血行不畅<br>###面色淡青或青黑::阴寒内盛、疼痛剧剧烈，寒盛所致的脘腹疼痛<br>###面色青灰::心阳不振，心脉闭阻，见胸痹、真心痛,小儿青色::小儿眉间、鼻柱、唇周发青，惊风或者欲作惊风
赤色,中医诊断学::望诊::望色,1,病因::热证<br>###面色红赤（满面通红）、目赤::脏腑火热或外感邪热，[[实热]]<br>###午后两颧潮红::阴虚阳亢、虚火上炎，[[虚热]]（肺痨）<br>###久病面色苍白，但时而两颧红妆::[[戴阳证]]，阴盛格阳之真寒假热证,满面通红::实热证，可见于脏腑火热炽盛或外感邪热亢盛患者
黄色,中医诊断学::望诊::望色,1,病因::脾虚、湿证<br>###面色发黄::1.脾虚失运，气血不足；2.湿邪内蕴<br>###面淡黄而晦暗/面黄枯槁无光（萎黄）::脾胃气虚，气血不足<br>###面目尿一身俱黄::阳黄（鲜明如橘皮色）：湿热蕴结；阴黄（晦暗如烟熏）：寒湿困阻,面淡黄而虚浮（黄胖）::脾虚湿蕴
白色,中医诊断学::望诊::望色,1,病因::虚证、寒证、失血、夺气<br>###面色淡白无华，唇色淡::1.气血不足；2.失血<br>###面色淡白少华或㿠白::气虚<br>###面色㿠白虚浮或苍白、或晦滞::阳虚证<br>###面色苍白::1.实寒证；2.脱血（大出血）；3.亡阳（冷汗淋漓、四肢厥冷）,㿠白虚浮::阳虚水泛
黑色,中医诊断学::望诊::望色,1,病因::肾虚、寒证、水饮、血瘀、疼痛<br>###面色黧黑晦暗::肾阳虚<br>###面色黑而干焦::肾阴虚<br>###面色紫暗黧黑，伴有肌肤甲错::瘀血久停<br>###眼眶周围发黑::1.肾虚水饮内停；2.寒湿带下,特点::黑色主肾病，多与肾虚、寒证、瘀血相关
望形体,中医诊断学::望诊::望形体,1,定义::通过观察病人的形体强弱、胖瘦、姿态等，以诊察脏腑气血的盛衰和邪气的强弱<br>###强::骨骼粗大，胸廓厚实，肌肉充实，皮肤润泽，筋强力壮等为形气有余，[[内脏坚实气血旺盛]]，抗病力强不易患病<br>###弱::骨骼瘦小，胸廓狭窄，皮肤枯槁，筋骨无力等为形气不足，[[内脏虚衰气血不足]]，抗病力弱容易患病,胖瘦意义::胖而能食，为形气有余；胖而懒动，动而气喘，肉松皮缓为形盛气虚
肥胖,中医诊断学::望诊::望形体,2,形气有余::胖而能食<br>###形盛气虚::胖而懒动，动而气喘，肉松皮缓，[[阳虚脾弱]]之人，痰饮水湿容易内停<br>###临床意义::一旦脏气失调，痰壅气塞而发眩晕、中风等；[[肥人多痰湿]]，多中风,特点::肥胖多与痰湿、气虚相关
消瘦,中医诊断学::望诊::望形体,2,形瘦乏力::气短懒言：[[气血亏虚]]<br>###形瘦食少::中气虚弱（脾胃虚弱、气血亏虚或病气消耗）<br>###形瘦食多::中焦有火,久病表现::久病卧床不起，骨瘦如柴，脏腑精气衰竭；[[瘦人多虚火]]，多痨嗽
坐姿异常,中医诊断学::望诊::望姿态,2,坐而仰首::多因痰饮停肺，肺气壅滞，多见于哮病、肺胀<br>###坐而喜俯，少气懒言::肺虚体弱<br>###但坐不卧，卧则气逆，咳逆倚息::肺气壅滞，气逆于上（肺胀咳喘），或心阳不足，水气凌心,坐时以手抱头::精神衰败
卧形异常,中医诊断学::望诊::望姿态,2,卧时面朝里，喜静懒动，身重不能转侧::[[阴证，寒证，虚证]]<br>###卧时面朝外，躁动不安，身轻自能转侧::[[阳证，热证，实证]]<br>###仰卧伸足，掀去衣被::实热证<br>###蜷卧缩足，喜加衣被::虚寒证,但卧不能坐::气血俱虚，夺气脱血，或虚风内动
动态异常,中医诊断学::望诊::望姿态,2,昏倒-口眼歪斜，半身不遂::[[风中脏腑]]<br>###无意识障碍，仅见口眼歪斜，半身不遂::风中经络<br>###卒倒口开，手撒遗尿::中风脱证<br>###牙关紧闭，两手握固::中风闭证<br>###盛夏突然昏倒，高热面赤，呼吸气粗::中暑,厥证::猝然昏倒，伴有四肢厥冷，而呼吸自续<br>###痫病::猝倒神昏，口吐涎沫，四肢抽搐，醒后如常者
活动异常,中医诊断学::望诊::望姿态,2,颤动::患者睑、面、唇、指、趾不时颤抖或振摇不定，不能自主，外感热病为[[热盛动风]]；内伤虚证为血虚阴亏，虚风内动<br>###手足蠕动::手足时时掣动，动作迟缓无力，类似虫之蠕行，脾胃气虚，气血生化不足，筋脉失养，或[[阴虚动风]]<br>###手足拘急::手足筋肉挛急不舒，屈伸不利，寒邪凝滞或气血亏虚，筋脉失养,循衣摸床::重病神识不清，不自主地伸手抚摸衣被、床沿，病重失神<br>###角弓反张::颈项强直，脊背后弯，反折如弓，肝风内动，筋脉拘急（热极生风、破伤风）
头形异常,中医诊断学::望诊::望头面,2,巨颅::头颅增大，颅缝开裂，颜面较小，智力低下者，[[先天不足，肾精亏损]]，水液停聚<br>###小颅::头颅小，头顶尖圆，颅缝早闭，智力低下，肾精不足，颅骨发育不良<br>###方颅::前额左右突出，头顶平坦呈方形，[[肾精不足或脾胃虚弱]]，颅骨发育不良，多见于小儿佝偻病,特点::头部与肾精有关
囟门异常,中医诊断学::望诊::望头面,2,囟填::囟门突起，属实证，[[热邪炽盛，火毒上攻]]（温病火邪上攻；或风热或湿热）；或颅内水液停聚；或脑髓有病<br>###囟陷::囟门凹陷，属虚证，吐泻伤津，气血不足和先天肾精亏虚，脑髓失充（6个月内婴儿囟门微陷属正常）<br>###解颅::囟门迟闭，骨缝不合，先天肾精不足或肾气不足，或后天脾胃虚弱，发育不良，多见于佝偻病患儿,正常闭合时间::前囟正常闭合时间12～18月，后囟呈三角形，在出生后2～4月闭合
头发异常,中医诊断学::望诊::望头面,2,发黄干枯，稀疏易脱::[[精血不足]]（慢性虚损或大病之后精血未复）<br>###发白::青壮年白发俗称[[少白头]]，若伴有耳鸣、腰酸等症者，属[[肾虚]]；伴有失眠、健忘等症者，为劳神伤血所致；短时间内须发大量变白，伴情志抑郁者，为肝郁气滞<br>###斑秃::片状脱发，显圆形或椭圆形头皮，血虚受风,顶秃::头顶发脱，1.劳神过度；2.先天遗传<br>###头皮多痒，多屑，多脂::血热化燥
面部异常,中医诊断学::望诊::望头面,2,面肿::面部浮肿，[[水肿病]]（肺脾肾）；头面皮肤嫩红灼热肿痛，色如涂丹压之褪色，抱头火丹：风热火毒上攻<br>###腮肿::腮部以耳垂为中心肿起，边缘不清，按之有柔韧感及压痛，[[痄腮]]外感温毒之邪，多见小儿<br>###口眼歪斜::单见口眼歪斜，患侧面肌弛缓，额纹消失，鼻唇沟平坦，目不能合，口不能闭，无半身瘫痪，面瘫（口㖞）,面脱::面削颧耸，表现为面部肌肉消瘦，两颧高耸，眼窝、颊部凹陷，气血虚衰，脏腑精气耗竭所致<br>###特殊面容::惊恐貌：小儿惊风；苦笑貌：新生儿脐风、破伤风；狮面：麻风
五轮学说,中医诊断学::望诊::望五官,1,定义::源自于《灵枢·大惑论》<br>###内容::[[精之窠为眼]]，骨之精为瞳子，筋之精为黑眼，血之精为络，其窠气之精为白眼，肌肉之精为约束,五轮对应::瞳子-骨（肾）；黑眼-筋（肝）；络-血（心）；白眼-气（肺）；约束-肌肉（脾）
五轮对应,中医诊断学::望诊::望五官,1,瞳仁::肾，[[水轮]]<br>###黑睛::肝，[[风轮]]<br>###两眦血络::心，[[血轮]]<br>###白睛::肺，[[气轮]]<br>###眼睑::脾，[[肉轮]],意义::望目是望神的重点内容，对于眼科及内科疾病诊断有着重要作用
目赤,中医诊断学::望诊::望五官,1,定义::双眼或单眼白睛红赤（红眼、火眼）<br>###目赤肿痛::实热证<br>###全目赤肿::肝经风热上攻<br>###两眦赤痛::[[心火上炎]]<br>###白睛发红::肺火<br>###眼睑边缘赤烂::脾经湿热,天行赤眼::白睛红赤灼热，眵多黏结，羞明畏光，传染性，感受时邪热毒
目色异常,中医诊断学::望诊::望五官,2,目黄::黄疸主要标志，多因[[湿热内蕴]]与寒湿内困，有阴黄、阳黄之分<br>###眦淡白::血虚、失血，血少不能上荣于目<br>###胞黑::多属肾虚，眼眶周围黑：1.肾虚水泛；2.寒湿下注；目眶色黑+肌肤甲错：瘀血内阻,目眶色黑::也可因为睡眠欠佳
目形异常,中医诊断学::望诊::望五官,2,目胞肿胀::如新卧起之状，皮色不变或光亮，[[水肿病初起]]<br>###眼睑红肿，睑缘节肿::麦粒状，红肿痒痛，针眼：1.风热毒客；2.脾胃热毒<br>###眼窝凹陷::多因吐泻伤津，气血亏虚；眼窝凹陷，视不见人：见于久病、重病患者，[[脏腑精气衰竭]]，难治,眼突而喘::肺胀，痰浊阻肺，肺气不宣<br>###眼突颈肿，随吞咽上下移动::瘿病，肝郁化火，痰气壅结
目态异常,中医诊断学::望诊::望五官,2,瞳孔缩小::1.肝胆火炽；2.劳伤肝肾，虚火上扰；3.中毒（吗啡、川草乌、毒蕈、有机磷农药）；4.眼部疾病<br>###瞳孔散大::1.肾精耗竭，见于危重病人，[[濒死征象]]；2.肝胆风火上扰之绿风内障、青盲；3.中毒：杏仁、麻黄、曼陀罗药；4.西药所致：阿托品<br>###目睛凝视::两眼固定，转动不灵，瞪目直视，固定前视，戴眼反折，固定上视，横目斜视，固定侧视，多属肝风内动，常伴神昏、抽搐等症,闭目障碍::双目闭目障碍：瘿病；单侧闭合障碍：风中面络<br>###嗜睡露睛::入睡后胞睑未闭合而睛珠外露，小儿睡眠露睛见于脾胃虚衰，胞睑失养
望耳,中医诊断学::望诊::望五官,2,定义::耳为肾之窍，手足少阳之脉布于耳，手足太阳经和阳明经也行于耳之前后，所以说耳为[[宗脉之所聚]]<br>###耳郭色泽红润::气血充足，先天肾阴充足<br>###耳郭焦黑干枯::肾精亏虚，多为肾水亏极的象征，可见于温病后期，肾阴久耗及下消证<br>###耳轮红肿::1.肝胆湿热；2.热毒上攻,耳郭外形厚大::肾气充足<br>###耳郭瘦小而薄::先天亏损，肾气不足<br>###耳轮甲错::久病血瘀，或有肠痈
望鼻,中医诊断学::望诊::望五官,2,定义::主要诊察[[肺、脾胃]]的病变<br>###鼻色红黄隐隐，明润含蓄::健康人：胃气充足<br>###鼻端晦暗枯槁::胃气已衰，属病重<br>###鼻端微黄明润::1.新病——胃气未伤，病势轻；2.久病——胃气来复，病向愈<br>###鼻翼扇动::肺气不宣，呼吸困难，痰、热阻肺：哮病、喘病,酒齄鼻::鼻及鼻周围皮暗或红，伴丘疹、脓疱或鼻赘，肺胃蕴热，血瘀成齄<br>###鼻流清涕::1.风寒表证（伴恶寒发热）；2.鼻鼽：阳气虚弱（流清涕，经久不愈）<br>###鼻流浊涕::1.风热表证；2.肺胃蕴热
望口唇,中医诊断学::望诊::望五官,2,定义::主要诊察[[脾胃]]病变<br>###小儿口中流涎（滞颐）::多属脾虚湿盛；或胃中有热<br>###口疮::黄白色豆大浅小溃疡点，1.心脾积热；2.阴虚火旺；3.中气不足<br>###鹅口疮::小儿口舌布满白屑，1.感受邪毒，心脾积热；2.肾阴亏虚，虚火上炎,口形六态::口张、口噤、口撮、口㖞、口振、口动<br>###口张不闭::虚证；状如鱼口，张口气出，但出不入：肺气将绝
口噤,中医诊断学::望诊::望五官,2,口闭难开，牙关紧闭::实证，[[肝风内动]]：中风、痫病、惊风、破伤风<br>###口噤不语，四肢抽搐::痉病或惊风<br>###口噤不语，半身不遂::[[中风入脏]]之重证,特点::以牙关紧闭为主要表现
口撮,中医诊断学::望诊::望五官,2,上下唇紧聚::[[邪正交争]]<br>###口撮+角弓反张::破伤风撮口色青，抽搐不止，是肝风侮脾<br>###新生儿口撮::脐风,特点::以口唇紧聚为主要表现
口㖞,中医诊断学::望诊::望五官,2,定义::口角向一侧歪斜<br>###临床意义::风邪中络，或风中脏腑之患者,特点::以口角歪斜为主要表现
唇色异常,中医诊断学::望诊::望五官,2,唇色淡白::[[血虚或者失血]]<br>###唇色深红::热盛；热盛伤津<br>###口唇呈樱桃红色::煤气中毒<br>###唇色青紫::阳虚血瘀<br>###唇色青黑::寒凝血瘀；痛极血瘀,口唇干裂::津伤（燥热或阴虚）<br>###口唇糜烂::脾胃积热；虚火上炎<br>###唇边生疮，红肿疼痛::心脾积热
牙齿异常,中医诊断学::望诊::望五官,2,牙齿干燥::[[胃阴已伤]]<br>###牙齿光燥如石::阳明热甚，津液大伤<br>###牙齿燥如枯骨::肾阴枯竭，精不上荣（温热病晚期）<br>###久病牙齿枯黄脱落::骨绝，属病重,牙关紧急::风痰阻络；热极生风<br>###咬牙齘齿::热盛动风；痉病<br>###睡中齘齿::胃热，虫积，食滞（消化不良），亦可见于正常人
牙龈异常,中医诊断学::望诊::望五官,2,牙龈淡白::血虚或失血<br>###牙龈红肿疼痛::[[胃火亢盛]]<br>###牙宣::龈肉萎缩、暴露，牙齿松动，带有渗血和脓液，肾虚；胃阴不足；气血不足<br>###牙疳::牙龈溃烂，流腐臭血水，牙齿脱落，口气腐臭，胃腑积热，复感风热或疫疠之邪,齿衄::牙齿出血，胃肠实热；胃、肾阴虚，虚火上炎；脾不统血
咽喉红肿,中医诊断学::望诊::望五官,2,新病咽深红肿痛明显::实热（风热邪毒；肺胃热盛）<br>###久病咽嫩红肿痛不甚::阴虚（肾阴亏虚/肺肾阴虚）<br>###咽部淡红漫肿，轻微疼痛::痰湿凝聚<br>###乳蛾::咽喉部喉核红肿突起，像乳头或蚕蛾，表面黄白色脓液分泌物，肺胃热盛；风热侵肺卫,喉痈::咽喉红肿剧痛，咽声困难，身发寒热，脏腑蕴热，复感外邪，热毒客咽喉
咽喉溃烂,中医诊断学::望诊::望五官,2,新病溃烂，分散表浅，周围色红::肺胃热浅<br>###溃烂成片洼陷，周围红肿::肺胃火毒壅盛<br>###咽部溃腐浅表分散，反复发作，周围淡红::虚火上炎<br>###成片洼陷，周围淡白或苍白::气血不足，肾阳亏损，邪毒伤阴,伪膜::咽部溃烂，表面覆盖一层黄白或者灰白色腐膜<br>###伪膜松厚，易拭去::属于胃热或肺胃热浊之邪上壅于咽喉，证轻<br>###伪膜不易拭去::白喉：外感时疫，毒邪内盛；肺胃热毒伤阴
瘿瘤,中医诊断学::望诊::望颈项,2,定义::颈前有肿块，可随吞咽上下移动<br>###病因::1.[[肝郁气滞痰凝]]；2.与地方水土有关,特点::肿块可随吞咽移动
瘰疬,中医诊断学::望诊::望颈项,2,定义::颈侧颌下有肿块如豆累累如串珠<br>###病因::1.[[肺肾阴虚虚火凝炼成痰]]；2.外感风火时毒夹痰,特点::肿块如串珠状
项强,中医诊断学::望诊::望颈项,2,定义::项部拘急或僵硬，活动受限<br>###兼头痛恶寒::外感风寒<br>###兼头痛壮热甚神昏抽搐::温病火邪上攻（热极生风），或脑髓有病<br>###醒后突感项部拘急疼痛，转动尤甚::落枕（睡姿不当或风寒客于经络，或颈部肌肉劳损）,特点::以颈项僵硬、活动受限为主要表现
项软,中医诊断学::望诊::望颈项,2,定义::颈项软弱，抬头无力<br>###临床意义::常见于小儿，五软之一，[[肾精亏损或脾胃虚弱]]，发育不良,严重情况::小儿佝偻病，久病，重病，脏腑精气衰竭
胸胁外形,中医诊断学::望诊::望躯体,2,鸡胸::胸骨下端前突，肋骨凹陷；漏斗胸：胸骨下端凹陷；肋如串珠：肋骨与肋软骨间隆起，均属[[骨骼发育异常]]<br>###桶状胸::胸腔前后左右径几乎相等，肺胀：多因久病肺虚，痰瘀互结所致<br>###扁平胸::胸腔前后明显小于左右径，体型瘦长者或肺肾阴虚，气阴两虚,乳痈::妇女哺乳期乳房局部红肿热痛，乳汁不畅，甚则破溃流脓，多因肝气郁结，胃热壅滞，或外感邪毒所致
腹部膨隆,中医诊断学::望诊::望躯体,2,腹壁青筋暴露，四肢消瘦::[[鼓胀]]：肝脾肾受损，气滞血瘀水停<br>###周身浮肿致::水肿：肺脾肾功能失常，水邪停滞<br>###腹局部膨隆::多见于腹内有癥积的病人,特点::以腹部膨大为主要表现
腹部凹陷,中医诊断学::望诊::望躯体,2,定义::仰卧时前腹壁明显低于胸耻连线，腹部凹陷如舟状，肌肉松弛失去弹性，伴形体消瘦<br>###病因::可见于久病[[脾胃气虚/脾胃虚弱气血不足]]，或新病吐泻太过，津液大伤<br>###危重表现::若腹皮甲错，深凹着脊，称为[[肉消着骨]]，为脏腑精气耗竭，属病危,舟状腹::前腹壁凹陷几乎贴近脊柱，而肋弓、髂嵴、耻骨联合显露者，为脏腑精血耗竭，属病危
脊柱后突,中医诊断学::望诊::望躯体,2,定义::脊柱过度向后突出（龟背、驼背）<br>###小儿病因::小儿胎禀怯弱，[[肾精亏虚（肾气亏虚）]]，发育不良；或后天失养，骨髓失充，督脉虚损，脊柱弯曲变形<br>###成人病因::若成年多为脊椎疾患,久病表现::久病后背弯曲，两肩下垂（背曲肩随），脏腑精气虚衰
四肢肿胀,中医诊断学::望诊::望躯体,2,定义::四肢浮肿发胀，表现为四肢同时肿胀，或肿胀偏于一侧，或仅见上肢或下肢<br>###单侧肢体肿胀::多为[[经脉阻滞不通]]<br>###双侧下肢肿胀，凹陷性水肿::多为水肿,四肢关节肿胀::热痹：湿热郁阻经络，气血运行不畅<br>###下肢肿胀，皮肤粗厚如象皮::丝虫病
四肢萎缩,中医诊断学::望诊::望躯体,2,定义::四肢或某一肢肌肉萎缩<br>###病因::[[脾胃亏虚，肝肾不足]],特点::以肌肉萎缩为主要表现
手指变形,中医诊断学::望诊::望躯体,2,梭状指::手指关节梭形，活动受限，[[风湿久蕴，痰瘀结聚]]<br>###杵状指::手足末端增生肥厚，膨大如杵，[[心肺虚损，痰瘀互结]],特点::以手指关节变形为主要表现
肢体痿废,中医诊断学::望诊::望躯体,2,定义::四肢肌肉萎缩，筋脉弛缓，软弱无力，甚则痿废不用<br>###病因::多见于痿病：肺热伤津，或湿热浸淫，或脾胃虚弱，或肝肾亏虚，或外伤瘀血阻滞<br>###半身不遂::若一侧上下肢痿废不用者，多见于[[中风]]患者,截瘫::若双下肢痿废不用者，多见于截瘫患者
阴囊肿大,中医诊断学::望诊::望二阴,2,无红肿痒痛::此为阴肿，多因坐地触风受湿，或为水肿之严重者<br>###坠胀疼痛::多见于[[疝气]]，肝郁、寒湿、湿热、气虚、久立所致<br>###阴囊红肿热痛::囊痈，多为肝经湿热下注所致,特点::以阴囊肿大为主要表现
阴缩,中医诊断学::望诊::望二阴,2,定义::阴茎、阴囊或阴户收缩入腹者，称为阴缩<br>###病因::寒滞肝脉（寒凝经络），或外感热病，热入厥阴，阴液大伤；（或肝经受邪，或寒邪直中）<br>###临床意义::临床常见于[[阴阳虚极之危证]],危重表现::阴缩+舌卷，属病危重
后阴病变,中医诊断学::望诊::望二阴,2,肛痈::肛周红肿高突，疼痛明显甚破溃流脓，多湿热下注或外感热毒<br>###痔疮::肛门内、外生有紫红色柔软肿块，突起如峙者，多因肠中湿热蕴结或血热肠燥<br>###脱肛::脾虚中气下陷（常见于老人，小儿及妇女产后，或见于泄痢日久的病人）,肛裂::热结肠燥或阴津不足，大便干燥坚硬；或伴有痔疮<br>###肛瘘::直肠或肛管与周围皮肤相通而形成瘘管，肛痈或痔疮溃破后久不收口
皮肤色泽,中医诊断学::望诊::望皮肤,2,丹毒::皮肤突然红成片，如染指涂丹，嫩热肿胀边界清楚，迅速扩大，数日即愈，多反复发作<br>###皮肤白斑::局部皮肤明显变白，斑块大小不等形态各异，边界清楚缓慢进展，白癜风（白驳风），风湿侵袭，气血失和所致<br>###皮肤发黑::色黑而晦暗，干枯不荣，多劳伤肾精,皮肤发黄::面目、皮肤、爪甲俱黄，因外感湿热、疫毒、内伤酒食或脾虚湿困、血瘀气滞所致<br>###阳黄::黄色鲜明如橘，属阳黄；湿热蕴蒸，胆汁外溢肌肤而成<br>###阴黄::黄色晦暗如烟熏者，属阴黄，寒湿阻遏，胆汁外溢肌肤而成
斑,中医诊断学::望诊::望皮肤,1,定义::皮肤出现的深红色或青紫色片状斑块，平铺于皮下，抚之不碍手，压之不褪色<br>###阳斑::色深红或深紫兼身热、面赤、脉数等，[[外感温热邪毒，内迫营血]]<br>###阴斑::色淡青或淡紫，隐隐稀少，出没无常，兼神疲脉虚，脾气虚衰，血失统摄,特点::斑是平铺于皮下，抚之不碍手
疹,中医诊断学::望诊::望皮肤,1,定义::皮肤出现红色或紫红色、粟粒状疹点，高出皮肤，抚之碍手，压之褪色<br>###麻疹::外感时邪所致，属儿科常见急性发疹性传染病<br>###风疹（风痧）::初起类似感冒，发热1～2天后，皮肤出现淡红色斑丘疹，感受风热时邪，与气血相搏所致,瘾疹::皮肤突然出现大小不等、形状不一、边界清楚的红色或苍白色丘疹，多因正气不足，卫外不固，外感风邪
水疱,中医诊断学::望诊::望皮肤,2,白痞::白色，晶莹如粟高出皮肤，根部肤色不变，内含浆液，多发于颈胸部，外感湿热，郁于肌表<br>###水痘::小儿皮肤出现粉红色斑丘疹，迅变椭圆小水疱，晶莹明亮，顶满无脐，外感时邪，内蕴湿热所致<br>###缠腰火丹::腰部或胸胁部带状成簇疱疹，外感火毒或肝火湿热，浸淫肌肤,湿疹::红斑，瘙痒，肿胀，溃后渗液形成红色湿润糜烂面，禀赋不耐，饮食失节，湿热内蕴，复感风邪
疮疡,中医诊断学::望诊::望皮肤,2,痈::红肿高大，根盘紧束，嫩红疼痛易成脓，未脓易消，已脓易溃，疮口易敛，湿热火毒蕴结，气血瘀滞<br>###疽::漫肿无头，皮色不变或晦暗，无热少痛，难消、难溃、难敛，溃后易伤筋骨，气血亏虚，寒痰凝滞,特点::痈属阳证，疽属阴证
望痰,中医诊断学::望诊::望排出物,1,痰白清稀量多::寒痰：寒邪阻肺或脾阳不足<br>###痰白滑而量多，易咳出::湿痰：脾失健运，水湿内停<br>###痰黄稠有块::热痰，邪热犯肺，煎津为痰，痰聚于肺<br>###痰少而黏，难咳出::燥痰，燥邪犯肺，耗伤肺津或肺阴虚津亏清肃失职,痰中带血::色鲜红：咯血常见于肺癌，肺痨，多因肺阴亏虚和肝火犯肺<br>###脓血痰，气腥臭::肺痈，热毒壅肺，化腐成脓
望涕,中医诊断学::望诊::望排出物,2,清涕-新病::外感风寒<br>###清涕-阵发性伴喷嚏频作::鼻鼽：肺气虚，卫表不固，风寒乘虚侵入<br>###浊涕-新病::外感风热<br>###浊涕-久流，质稠，量多，气腥臭::鼻渊，湿热蕴阻,特点::清涕主寒，浊涕主热
望涎唾,中医诊断学::望诊::望排出物,2,清涎量多::脾胃虚寒<br>###口中时时吐黏涎::脾胃湿热<br>###滞颐::小儿口角流涎，涎渍颐下，脾虚不能摄津，或胃热虫积<br>###睡中流涎::脾虚、胃热、食积、痰热内蕴,唾::吐出多量涎沫，胃中虚冷（胃中有寒）；肾阳虚或肾寒所致
望呕吐物,中医诊断学::望诊::望排出物,2,清稀无臭，或呕吐清水痰涎，朝食暮吐::胃阳不足；寒邪犯胃；脾胃俱虚，或脾肾阳虚<br>###秽浊有酸臭味，喷射状::邪热犯胃；热扰神明<br>###吐不消化，味酸腐食物::伤食：食滞胃脘，胃气上逆<br>###呕吐黄绿苦水::肝胆郁热或湿热,吐血暗红或紫暗有块::胃有积热或肝火犯胃或胃腑血瘀<br>###呕吐清水痰涎，伴胃脘振水声::痰饮：饮停胃脘，胃失和降
望小便,中医诊断学::望诊::望排出物,2,清长::虚寒证，阳虚气化无力<br>###短黄::实热证，热盛伤津或汗、吐、下、利伤津所致<br>###带血::下焦热盛或阴虚火旺，热伤血络，或脾肾不固<br>###混浊如米泔水或滑腻如脂膏::尿浊：脾肾亏虚（/肾气虚）或湿热下注,有砂石::石淋：因湿热蕴结膀胱，煎熬尿浊杂质
望大便,中医诊断学::望诊::望排出物,2,清稀水样::寒湿泄泻：外感寒湿或饮食生冷<br>###黄褐如糜而臭::湿热泄泻：湿热或暑湿伤及胃肠<br>###稀溏，完谷不化，或如鹜溏::脾虚或脾肾亏虚<br>###夹有黏液、脓血::痢疾和肠癌：湿热邪毒蕴结大肠,灰白呈陶土色::黄疸<br>###燥结如羊屎::热盛伤津、阴血亏虚<br>###便血::大便出血，肠络受损
望小儿食指络脉,中医诊断学::望诊::望络脉,1,定义::小儿指纹诊法始见于唐·王超《水镜图诀》（<3岁小儿食指）<br>###正常络脉特点::小儿正常食指指纹在掌侧前缘，纹色浅红，红黄相间，络脉隐隐显露于风关之内，粗细适中<br>###三关划分::食指第一节为风关，第二节为气关，第三节为命关,望诊要点::浮沉分表里，红紫辨寒热，淡滞定虚实，三关测轻重
浮沉分表里,中医诊断学::望诊::望络脉,1,指纹浮而显露::病邪在表，见[[外感表证]]<br>###指纹沉隐不显::病邪在里，见[[内伤里证]],特点::浮主表，沉主里
红紫辨寒热,中医诊断学::望诊::望络脉,1,鲜红::外感表证<br>###紫红::里热证<br>###青色::疼痛、惊风<br>###淡白::脾虚、疳积<br>###紫黑::血络郁闭，病属重危,深浅判断::指纹深暗者，多属实证，邪气有余；指纹浅淡者，多虚证，脾虚、气血不足
三关测轻重,中医诊断学::望诊::望络脉,1,风关::食指第一节（掌指横纹至第二节横纹），邪气入络，病轻：外感初起<br>###气关::食指第二节，邪气入经，邪深病重<br>###命关::食指第三节，邪入脏腑，病情严重<br>###透关射甲::直达指端，[[病情凶险，预后不良]],特点::由风关→气关→命关，病情逐渐加重
淡滞定虚实,中医诊断学::望诊::望络脉,1,指纹浅淡而纤细::络脉变细，分支不显，[[虚证]]，气血不足，脉络不充所致<br>###指纹浓滞而增粗::络脉弯曲，环形多枝，[[实证]]，邪正相争，气血壅滞所致,特点::淡主虚，滞主实
舌诊原理,中医诊断学::望诊::舌诊,1,定义::舌与脏腑经络有着密切的联系，在脏腑中，以[[心和脾胃]]与舌的关系最密切<br>###舌为心之苗::手少阴心经系舌本，心气通于舌，心血上荣于舌，人体气血运行情况可反映在舌的颜色上<br>###舌为脾之外候::足太阴脾经连舌本，散舌下，舌居口中司味觉,舌苔来源::舌苔乃胃气之所熏蒸，舌苔由胃气熏蒸谷气上承舌面而成<br>###其他脏腑::肝藏血，主筋，足厥阴肝经络舌本；肾藏精，足少阴肾经循喉咙，夹舌本
舌面脏腑分候,中医诊断学::望诊::舌诊,1,舌尖::心肺（五脏划分）；上脘（胃腑划分）；上焦（三焦划分）<br>###舌边::肝胆<br>###舌中::脾胃（五脏划分）；中脘（胃腑划分）；中焦（三焦划分）<br>###舌根::肾（五脏划分）；下脘（胃腑划分）；下焦（三焦划分）,应用::胃腑划分用于胃病诊断；三焦划分用于温热病诊断
舌诊临床意义,中医诊断学::望诊::舌诊,1,定义::舌诊是望诊的重要组成部分，具有重要的临床意义<br>###意义1::判断[[正气盛衰]]<br>###意义2::判断[[病位浅深]]<br>###意义3::辨别[[病邪性质]]<br>###意义4::推断[[病势进退]],舌诊内容::望舌质（神、色、形、态）+望舌苔（苔质、苔色）
望舌方法,中医诊断学::望诊::舌诊,2,位置::医略高患，俯视口舌；患坐或卧，头扬张口，自然伸舌<br>###顺序::舌尖→舌中→舌边→舌根，先舌质后舌苔<br>###望舌质::颜色、光泽、形状、动态<br>###察舌苔::舌苔的有无、色泽、质地、分布等,注意事项::1.光线影响；2.饮食或药品影响（染苔）；3.口腔对舌象的影响；4.伸舌姿势影响
正常舌象,中医诊断学::望诊::舌诊,1,定义::[[淡红色、薄白苔]]<br>###年龄因素::儿童多淡嫩，苔少剥；老人多暗红<br>###性别因素::妇女月经经期舌偏红或舌边点刺增大,体质因素::肥胖之人舌质多见胖大而色淡，消瘦之人舌体略瘦而舌色偏红<br>###气候因素::夏季暑湿盛，舌苔多厚，多淡黄色；冬季严寒，舌常湿润
舌神,中医诊断学::望诊::舌诊,1,荣舌::荣润红活，有生气光彩，运动自如，[[气血充盛]]，健康人；病中善候<br>###枯舌::干枯死板，毫无生气，失去光泽，活动不灵，[[气血衰败]]，危重病证，恶候,特点::舌神是判断疾病预后的重要指标
舌色-淡白,中医诊断学::望诊::舌诊,1,比正常色淡::[[气血两虚]]；阳虚（虚证，寒证，气血两亏）<br>###白而无血色（枯白）::[[脱血夺气]]<br>###淡白光莹，舌瘦::气血两虚<br>###舌淡白湿润，舌体胖嫩::阳虚水湿内停,特点::淡白舌主虚证、寒证
舌色-红,中医诊断学::望诊::舌诊,1,比正常舌色红，或鲜红色::[[热证]]（实热、阴虚）<br>###舌色稍红或边尖略红::外感风热表证初起<br>###鲜红芒刺或兼黄厚苔::实热<br>###鲜红少苔，或有裂纹，或无苔::虚热,舌尖红::心火上炎<br>###舌两边红::肝胆有热
舌色-绛,中医诊断学::望诊::舌诊,1,定义::较红舌更深，略带暗红色<br>###临床意义::[[热盛证]]（热入营分，热入血分，阴虚火旺，血瘀）<br>###舌绛有苔::温热病热入营血；脏腑热盛<br>###舌绛无苔或少苔或有裂纹::久病阴虚火旺；热病后期阴亏,舌绛少苔而润::血瘀
舌色-青紫,中医诊断学::望诊::舌诊,1,定义::青紫舌主[[气血凝滞]]，血脉凝滞，为血行不畅<br>###全舌青紫::全身血瘀<br>###舌有紫色斑点::瘀血阻滞局部或局部血络损伤<br>###淡红青紫::肺气壅滞；肝郁血瘀；气虚血瘀；先天性心脏病；药物食物中毒,淡紫::阴寒血瘀；阳虚血瘀<br>###紫红、绛紫::热毒伤营血，气血壅滞
舌形-胖瘦,中医诊断学::望诊::舌诊,1,胖大舌::舌体比正常舌大而厚，伸舌满口，主[[水湿、痰饮内停]]<br>###肿胀舌::舌体肿大满嘴，甚至不能闭口，伸出则难以缩回，主[[湿热、热毒上壅]]<br>###瘦舌::舌体比正常舌瘦小而薄，主[[气血两虚、阴虚火旺]],舌淡胖大::脾肾阳虚，水湿内停<br>###舌红胖大::脾胃湿热或痰热相搏，湿热痰饮上泛
舌形-点刺,中医诊断学::望诊::舌诊,1,定义::突起舌面的点、突起如刺<br>###临床意义::[[脏腑热极]]；血分热盛<br>###点刺位置::舌尖为心火；在舌边为肝胆火；在舌中为胃肠燥热,红点多::主温毒入血；或热毒乘心；或湿热蕴于血分<br>###芒刺而兼焦黄苔者::多为气分热极；绛舌无苔而生芒刺者，则是热入营血，阴分已伤
舌形-裂纹,中医诊断学::望诊::舌诊,1,定义::舌面上出现多少不等、深浅不一、形状各异的裂纹或裂沟<br>###病因::热盛伤津；阴虚火旺；血虚不润；脾虚湿侵；先天性（或阴虚液涸）<br>###红绛+裂纹::热盛伤津（热盛伤阴。邪热内盛，阴液大伤；阴虚液损）<br>###淡白+裂纹::血虚不润,淡白胖嫩+齿痕+裂纹::脾虚湿侵<br>###先天性舌裂::生来即有较浅的裂沟、裂纹，裂纹中一般有苔覆盖，且无不适感觉者
舌形-齿痕,中医诊断学::望诊::舌诊,1,定义::舌体边缘有牙齿压迫的痕迹<br>###病因::[[脾虚]]；湿证；先天性<br>###胖大而润，舌边有齿痕::寒湿壅盛；阳虚水停<br>###淡红而边有齿痕::脾虚；气虚,红肿胀满口::湿热痰浊壅滞<br>###淡红嫩+轻微齿痕::先天性；病轻（小儿或气血不足）
舌态-痿软,中医诊断学::望诊::舌诊,1,定义::舌体软弱，无力伸缩<br>###病因::[[气血俱虚]]；热灼津液；阴亏已极<br>###淡白无华+痿软::气血俱虚（慢性久病）<br>###红绛少苔或无苔+痿软::外感热病后期伤阴；阴虚火旺,红干渐痿::肝肾阴亏
舌态-强硬,中医诊断学::望诊::舌诊,1,定义::舌体板硬强直，不柔和，屈伸不利，甚至语言謇涩<br>###病因::1.外感热病，热入心包，且高热伤津；2.肝风夹痰，或肝阳上亢，风火上攻<br>###主病::热入心包，高热伤津，风痰阻络，痰浊内阻，中风或中风先兆,红绛少津+强硬::邪热炽盛<br>###胖大厚腻苔+强硬::风痰阻络<br>###语言謇涩，伴肢麻眩晕+强硬::中风先兆
舌态-歪斜,中医诊断学::望诊::舌诊,1,定义::伸舌时舌体偏向一侧，或左或右<br>###临床意义::[[中风或中风先兆]]（肝风内动，夹痰夹瘀，痰瘀阻络）,特点::舌体歪向一侧
舌态-颤动,中医诊断学::望诊::舌诊,1,定义::舌体震颤抖动，不能自主<br>###病因::多[[肝风内动]]（热极生风、肝阳化风、阴虚、血虚）；气血亏虚；酒毒内蕴<br>###久病舌淡+颤动::血虚生风<br>###新病舌绛+颤动::热极生风,舌红少津+颤动::阴虚动风、肝阳化风<br>###久病舌颤，蠕蠕微动::多属气血两虚或阳虚
舌态-吐弄,中医诊断学::望诊::舌诊,1,吐舌::舌伸于口外，不即回缩<br>###弄舌::舌微出口，立即收回；或舌舐口唇四周，搅动不停<br>###临床意义::吐弄舌主[[心脾有热]]（或多为热毒闭神动风，或为小儿智力发育不全，神识痴呆）,吐舌::疫毒攻心或正气已绝<br>###弄舌::热甚动风先兆，也可见于小儿智力发育不全
舌态-短缩,中医诊断学::望诊::舌诊,1,定义::舌卷短，紧缩，不能伸长<br>###病因::寒凝；热极动风；气血亏虚；肝风夹痰；病中病危；先天性<br>###淡白或青紫而润::寒凝筋脉；气血俱虚<br>###胖苔滑腻::脾虚不运，痰浊内蕴<br>###红绛干燥::热盛津伤,先天性舌系带过短::舌绊，无辨证意义
舌下脉络,中医诊断学::望诊::舌诊,2,正常::隐现于舌下，d≤2.7毫米长度不超过舌尖至舌下肉阜连线的3/5，色暗红，无怒张、紧束、弯曲、增生，多单支<br>###病理::络脉粗胀或呈青紫、绛、绛紫、紫黑色，或舌下细小络脉呈暗红或紫色网络或舌下络脉曲张如紫色珠子状大小不等的结节等改变,血瘀或痰湿内阻::舌底络脉青紫曲张是气滞血瘀所致<br>###脉络短细，色偏淡::气血不足，脉道不充
苔质-薄厚,中医诊断学::望诊::舌诊,1,定义::舌苔的厚薄以[[见底]][[不见底]]作为衡量标准<br>###薄苔::透过舌苔能隐隐见到舌质者（见底苔），[[正常舌苔，或主外感表证]]<br>###厚苔::不能透过舌苔见到舌质者（不见底苔），主[[里证（里热）]]、痰湿、食积,由薄转厚::邪气渐盛，或表邪入里，为病进<br>###由厚转薄::正气胜邪，或内邪消散外达，为病退
苔质-润燥,中医诊断学::望诊::舌诊,1,润苔::舌苔润泽有津，干湿适中，不滑不燥，津液上承，正常平人，或病中津液未伤<br>###滑苔::舌面水分过多，扪之湿滑，甚者伸舌欲滴，常见于[[阳虚而痰饮水湿内停]]<br>###燥苔::舌苔干燥，望之干枯，扪之无津，甚则舌苔干裂，为津不上承，多提示体内津液已伤,糙苔::苔质干燥，苔质颗粒粗糙如砂石，扪之糙手，可由燥苔进一步发展而成
苔质-腻腐,中医诊断学::望诊::舌诊,1,腐苔::苔质疏松，颗粒粗大，如豆腐渣，边中皆厚，揩之易去，食积或痰浊蕴热上泛或胃气衰败，湿浊上泛<br>###腻苔::苔质致密，颗粒细小，融合成片，如有油腻状，揩之不去，[[湿浊内蕴]]，主湿浊、痰饮食积,腻腐苔共同主病::痰浊，食积<br>###脓腐苔::主内痈
苔质-剥落,中医诊断学::望诊::舌诊,1,定义::舌面本有舌苔，疾病过程中舌苔全部或部分脱落，脱落处光滑无苔而可见舌质<br>###临床意义::主[[胃气不足，胃阴枯竭]]；或气血两虚；或全身虚弱<br>###花剥苔::舌苔多处剥脱，舌面仅斑驳残存少量舌苔（胃气阴两虚、气血两虚）,镜面舌（光剥舌）::舌苔全部剥脱，舌面光滑如镜（胃气胃阴大伤，营血大亏）<br>###地图舌::舌苔不规则剥脱，边缘凸起，界限清楚，形似地图，部位有时转移
苔色-白苔,中医诊断学::望诊::舌诊,1,薄白而润::[[正常舌象]]，或表证初起，或里证病轻，或阳虚内寒<br>###薄白而滑::外感寒湿，或脾肾阳虚，水湿内停<br>###薄白而干::外感风热或凉燥<br>###白厚腻::湿浊内停或痰饮、食积,积粉苔::白如积粉，扪之不燥，外感温热病，常见于瘟疫或内痈<br>###白而燥裂，粗糙如沙石::燥热伤津，阴液亏损
苔色-黄苔,中医诊断学::望诊::舌诊,1,定义::主[[热证、里证]]（越黄越热）<br>###淡黄→深黄→焦黄::热轻→热甚→热极<br>###薄黄苔::热势轻浅，多见风热表证或风寒化热入里<br>###黄厚苔::邪热深重,黄腻苔::主湿热或痰热内蕴，或为食积化腐
苔色-黄苔续,中医诊断学::望诊::舌诊,1,黄滑苔::淡黄而润滑多津，阳虚寒湿，痰饮聚久化热或气血亏虚复感湿热之邪<br>###黄燥苔::苔黄而干燥，颗粒粗大，邪热伤津（重症），燥结腑实<br>###黄瓣苔::苔黄而干涩，中有裂纹，如花瓣，邪热伤津（重症），燥结腑实,焦黄苔::黄黑相兼，如烧焦的锅巴，邪热伤津（重症），燥结腑实
苔色-灰黑苔,中医诊断学::望诊::舌诊,1,定义::灰黑苔多由白苔或黄苔转化而成，可见寒湿病中里寒重证，也可见热性病中里热重证<br>###灰黑干燥::属热，[[热盛伤阴]]<br>###灰黑而润滑::属寒，寒盛阳衰<br>###舌边舌尖部呈白腻苔，而舌中舌根部出现灰黑苔，舌面湿润::阳虚寒湿内盛或痰饮内停,灰焦黑干燥，舌质干裂起刺::热极津枯<br>###舌边尖见黄腻苔，而舌中为灰黑苔::湿热内蕴，日久不化<br>###苔黄黑者，为霉酱苔::胃肠素有湿浊宿食，积久化热，亦见湿热夹痰
舌质舌苔综合分析,中医诊断学::望诊::舌诊,1,舌质颜色、形态::主要反映[[脏腑气血津液]]的情况<br>###舌苔变化::主要与[[感受病邪和病证的性质]]有关<br>###舌之神气::主要表现在舌体的色泽和舌体运动；舌色反映气血盛衰，舌体润泽与否反映津液的盈亏,舌之胃气::有根苔提示胃气充足；无根苔提示胃气衰败，是无胃气的征象<br>###苔色侧重::反映寒热燥湿的变化<br>###苔质侧重::反映痰食水湿的变化
舌象动态分析,中医诊断学::望诊::舌诊,1,外感病-病进::舌苔由薄变厚，表明邪气由表入里；舌苔由白转黄，由黄转焦，由焦转黑；舌色由淡红转红，由红转绛<br>###外感病-病退::舌苔由厚转薄，舌色由深转浅<br>###内伤杂病::舌色由淡红转红，转暗红，红绛，紫暗，舌苔黄腻或焦黑，或舌下络脉怒张：风痰化热，瘀血阻滞,好转征象::舌色由暗红，紫暗转为淡红，舌苔渐化：病情趋向稳定好转
舌诊临床意义总结,中医诊断学::望诊::舌诊,1,意义1::判断[[正气盛衰]]<br>###意义2::判别[[病位深浅]]<br>###意义3::辨别[[病邪的性质]]<br>###意义4::推断[[病势进退]],特点::舌诊是中医望诊中最重要的内容之一
热证舌象总结,中医诊断学::望诊::舌诊,1,热证::短缩舌，红舌（鲜红舌），颤动舌，灰黑苔，裂纹舌，强硬舌，糙苔，黄苔，绛舌，白苔（积粉苔），腐苔，吐弄舌，点刺舌，肿胀舌，紫红舌，绛紫舌<br>###热极生风::吐弄舌，颤动舌，舌红，舌绛<br>###热盛伤津::裂纹舌，短缩舌，绛紫舌，燥苔，糙苔，绛舌，黄苔，灰黑苔，强硬舌，痿软舌,寒证::灰黑苔，黄滑苔，白苔，白腻苔，白滑苔，短缩舌，齿痕舌，嫩舌，淡紫舌，淡白舌等
虚证舌象总结,中医诊断学::望诊::舌诊,1,阴虚证::红舌，绛舌，瘦薄舌，点刺舌，裂纹舌，痿软舌，颤动舌，剥苔，地图舌<br>###阳虚证::胖大舌，淡白舌，齿痕舌，白苔（白滑苔），灰黑苔，淡嫩舌，镜面舌，白腻滑苔，淡紫舌<br>###气血虚::淡白舌，枯舌，嫩舌，瘦薄舌，齿痕舌，痿软舌，颤动舌，短缩舌，剥落苔，黄滑苔，舌下络脉淡,气血瘀::青紫舌，点刺舌，舌下络脉粗胀青紫
特殊舌象总结,中医诊断学::望诊::舌诊,1,中风先兆::强硬舌，歪斜舌<br>###肝风内动::强硬舌，歪斜舌，颤动舌（热极生风，血虚风动，阴虚风动，肝阳化风），弄舌（热甚动风），短缩舌（热极动风，肝风夹痰）<br>###痰湿/痰饮::灰黑苔，白厚腻苔，腻苔，腐苔，滑苔，燥苔，薄苔，厚苔，短缩舌（痰阻），齿痕舌，胖大舌,瘀血/血瘀::润舌，歪斜舌，肿胀舌，青紫舌，绛舌（舌绛少苔而润），舌下络脉粗胀青紫
体质禀赋异常,中医诊断学::望诊::舌诊,2,定义::与体质禀赋/先天因素有关的舌象<br>###舌象类型::裂纹舌、绊舌、肿胀舌、齿痕舌、地图舌、剥苔等,特点::这些舌象属于先天性者，除有相应病理表现外，一般情况下多无临床意义
舌诊总结与歌诀,中医诊断学::望诊::舌诊,1,水湿舌象::滑苔（黄滑苔、白滑苔），胖大舌，淡白舌<br>###痰热舌象::黄腻苔，舌红胖大，舌下络脉粗胀青紫<br>###湿热舌象::黄腻苔，肿胀舌，舌红胖大，红点舌，齿痕舌，腐苔，腻苔（白厚腻、黄厚腻），苔偏左或右（肝胆湿热），白厚干苔，黄滑苔，灰黑苔<br>###阴虚典型舌脉::舌红少苔，或舌绛无苔，脉细数<br>###阳虚典型舌脉::舌淡白胖大，脉沉迟无力；或舌淡胖嫩，苔白滑，脉沉迟无力,舌诊歌诀要点::望舌分舌质与苔，舌质神色形态脉。舌苔苔质与苔色。舌色淡红绛紫青，形老胖刺裂齿痕。苔厚润腻剥偏真，色白黄苔与灰黑
语声与音哑失音,中医诊断学::闻诊::听声音,1,语声总则::声高洪亮有力连续为阳证、实证、热证。声低细弱无力断续为阴证、虚证、寒证<br>###语声重浊::发出声音沉闷不清晰——外感风寒；痰湿阻滞（导致肺气不宜，鼻窍不通）<br>###音哑失音定义::音哑：语声嘶哑；失音：欲语而无声（失音为音哑的升级版）<br>###新病音哑::[[金实不鸣]]，实证。外感风寒/风热袭肺；痰湿蕴肺（或痰浊壅肺）<br>###久病音哑::[[金破不鸣]]，虚证。精气内伤，肺肾阴虚，虚火灼肺；肺气虚，津亏肺损<br>###暴怒叫喊或持续高声宣讲::耗气伤津，咽喉失润<br>###久病重病突发失音::脏气将绝<br>###子喑::妊娠后期妊娠失音——胞胎阻碍肾之络脉，使肾精不能上荣咽喉，分娩后即愈,呻吟::疼痛难忍所发出的哼哼声。新病呻吟声高有力为实证；久病呻吟声低无力为虚证
语言异常,中医诊断学::闻诊::听声音,1,谵语::神识不清，语无伦次，声高有力（多急性热病期出现）——实证，邪热内扰神明。温邪入心包、阳明腑实证、痰热扰乱心神、热入血室、痈疽毒邪内陷、疔毒走黄<br>###郑声::神识不清，语言重复，时断时续，语声低弱模糊（多久病、重病的后期）——虚证，见于亡阴亡阳等证，为心气大虚，神无所倚<br>###独语::自言自语，喃喃不休，见人语止，首尾不续——见于癫病、郁病。心气虚，神失所养；气郁痰阻，蒙蔽心窍<br>###错语::神识清楚而语言时有错乱，语后自知言错。虚证：见于久病体虚、年老脏衰（心气不足）；实证：痰浊、瘀血、气郁阻碍心神<br>###狂言::精神错乱，语无伦次，狂躁妄言，不避亲疏，登高而歌——阳证、实证，多见狂病、伤寒蓄血证<br>###语言謇涩::神志清楚，思维正常但语言不流利，吐字不清。习惯（口吃，不属于病态）；舌强：风痰阻络（中风先兆/中风后遗症）；风痰蒙蔽清窍,夺气::言语轻迟低微，欲言不能复言，是中气大虚之证
呼吸异常,中医诊断学::闻诊::听声音,1,呼吸总则::呼吸气粗快，热证实证；呼吸气微慢，虚证寒证<br>###喘定义::呼吸困难，短促急迫，甚则张口抬肩，鼻翼扇动，不能平卧。与肺肾关系密切<br>###实喘::急、气粗声高息涌，胸胀闷，呼出为快，形体壮实，脉实有力——风寒袭肺或痰热壅肺、痰饮停肺，肺失清肃<br>###虚喘::缓、气怯声低息微，息短不续，动则喘甚，长吸为快，形体虚弱，脉虚无力——肺肾亏损，摄纳无权<br>###哮定义::呼吸喘促，喉间哮鸣音，反复发作，缠绵难愈——痰饮宿疾，复感外邪；久居寒湿之地；过食酸咸生腥<br>###气短定义::呼吸气急短促，数而不能接续，似喘不抬肩，喉中无痰鸣声。虚证：息微＋神疲乏力；实证：息粗＋胸闷腹胀<br>###病态呼吸::喘、哮、上气、少气、短气等,肺虚喘促特点::呼吸喘促，声低无力<br>###肾虚喘促特点::呼吸喘促，呼多吸少
咳嗽,中医诊断学::闻诊::听声音,1,咳嗽定义::总属肺失宣降，肺气上逆。有声无痰为咳，有痰无声为嗽，有痰有声为咳嗽<br>###声重浊，痰清稀，鼻塞::外感风寒，风寒束肺<br>###声不扬，痰稠黄，难咳::热邪犯肺，灼伤肺津<br>###声重浊紧闷，痰多，易咳::实证，寒痰、痰湿阻肺<br>###声低微，无力，气短喘::虚证，久病肺虚，失于宣降<br>###干咳无痰，痰少黏，不易咳出::燥邪犯肺；肺阴亏虚<br>###咳声清脆::燥热<br>###夜间咳甚::肾水亏<br>###天亮咳甚::脾虚，寒湿在大肠<br>###百日咳（顿咳）::咳嗽阵发，连声不绝，终止时有鸡啼样回声——小儿风痰搏结，郁而化热，阻遏气道<br>###白喉::声如犬吠，声音嘶哑，吸气困难——肺肾阴虚，火毒攻喉,咳嗽辨声要点::咳声紧闷多属寒湿；咳声重浊兼痰清稀白为外感风寒；咳声低痰多易出为寒咳或湿咳或痰饮；干咳无痰或少量黏液为燥咳或火热；咳声不扬痰稠色黄不易咳出为肺热
呕吐与呃逆嗳气,中医诊断学::闻诊::听声音,1,呕吐定义::总属胃失和降，胃气上逆<br>###呕吐分类::呕吐：有声有物；吐：有声无物；干呕：有声无物<br>###规律::暴病多实，久病多虚<br>###呕吐物清稀::寒证（胃阳不足/寒邪犯胃）<br>###呕吐物酸臭秽浊::热证（邪热犯胃/积食）<br>###呕吐黄水苦水::肝胆湿热<br>###呕吐清水痰涎::痰饮<br>###呕吐呈喷射状::热扰神明（或颅内压增高）<br>###呃逆定义::胃气上逆，从咽喉部发出的一种不由自主的冲击声，声短而频，呃呃作响<br>###新病呃逆，声响有力::寒邪或热邪客胃<br>###久病呃逆，声低气怯::胃气衰败之危候<br>###嗳气定义::胃中气体上出咽喉所发出的声响，长而缓<br>###嗳气酸腐::食滞胃脘<br>###嗳气频作，与情志有关::肝胃不和,太息定义::又称叹息，指情志抑郁，胸闷不畅时发出的长吁或短叹声。自觉太息后轻松——肝气郁结<br>###喷嚏::新病喷嚏兼鼻塞流涕——外感风寒；阵发喷嚏反复发作——鼻鼽（过敏性鼻炎）
小儿指纹诊法概要,中医诊断学::望诊::望络脉,1,浮沉分表里::指纹浮显为表证，指纹沉隐为里证<br>###红紫辨寒热::指纹鲜红为外感风寒，指纹紫红为里热证<br>###淡滞定虚实::指纹色淡为虚证，指纹色深滞为实证<br>###三关测轻重::指纹见于风关为邪浅病轻，达于气关为邪深病重，达于命关为邪深病危,透关射甲::指纹直达指端，病邪凶险，预后不佳<br>###正常指纹::淡紫色，隐现于风关之内<br>###络脉长短::络脉显于风关者为病邪新感；络脉达于气关者为邪气深入；络脉达于命关者邪深病重
望舌概要表,中医诊断学::望诊::舌诊,1,望舌质::神（荣枯）、色（淡白/淡红/红/绛/青紫）、形（老嫩/胖瘦/点刺/裂纹/齿痕）、态（痿软/强硬/歪斜/颤动/吐弄/短缩）<br>###望舌苔::苔质（薄厚/润燥/腻腐/剥落/偏全/真假）、苔色（白/黄/灰黑）,舌诊要点::舌诊为望诊重点内容，望舌质判断脏腑气血盛衰，望舌苔判断病邪性质和胃气强弱
听声音小结,中医诊断学::闻诊::听声音,1,语声::洪亮有力为实热，低微无力为虚寒<br>###咳嗽::有声无痰为咳，有痰无声为嗽<br>###喘证::实喘气粗息涌，虚喘气怯息微,哮证::喉间哮鸣，反复发作<br>###呃逆::胃气上逆，声短而频<br>###嗳气::胃中气体上出，长而缓
嗅气味小结,中医诊断学::闻诊::嗅气味,1,口臭::口中有臭气，胃热/食积<br>###汗气::汗出有腥膻气<br>###排泄物::恶臭为热，无臭或气腥为寒,病室气味::尸臭为脏气败坏，血腥为失血<br>###痰涕之气::黄稠腥臭为肺热/肺痈
问诊概述,中医诊断学::问诊,1,问诊内容::1.一般情况；2.主诉；3.现病史；4.既往史；5.个人生活史；6.家族史；7.问现在症<br>###问现在症::问寒热、问汗、问疼痛、问头身胸腹不适、问饮食与口味、问二便、问妇女、问男子、问小儿<br>###主诉::病人就诊时最感痛苦的症状或体征及其持续时间，一般只有一到两个症状,问诊要点::抓住主诉围绕主诉询问，问清主诉中症状或体征的原因、部位、性质、程度、时间、加重缓解因素及伴随症状<br>###记录要求::用具体症状及体征描述，文字一般不超过20个字，通常不能把病名或检查结果作为主诉
现病史,中医诊断学::问诊::现病史,1,发病情况::主要包括发病的时间、原因或诱因、最初的症状及其性质、部位、曾作何处理等<br>###病变过程::一般可按疾病发生的时间顺序进行询问<br>###诊治经过::指就诊前已经在其他医院进行过的诊断和治疗<br>###现在症状::现在症状是问诊的主要内容,特点::现病史按时间顺序记录疾病发生发展过程
既往史,中医诊断学::问诊::既往史,1,平素健康状况::了解患者平时的身体状况<br>###既往患病情况::包括过去曾患过何种其他疾病，是否接受过预防接种，有无药物或其他物品的过敏史，做过何种手术治疗等,临床价值::询问既往病史对诊断现患疾病有一定价值。如哮病、痫病、瘾疹、中风、癫狂、喘、胸痹等，虽经治疗后症状消失，但尚未根除，某些诱因可导致其旧病复发<br>###传染病::患过某些传染病如麻疹、顿咳等，常可获得终身免疫力，一般不会再患此病
生活史和家族史,中医诊断学::问诊::生活史和家族史,2,生活史::主要包括生活经历、精神情志、饮食起居、婚姻生育、小儿出生前后情况等<br>###家族史::询问病人的家庭成员健康和患病情况，必要时询问家属的死亡情况，以辨别遗传性疾病与某些传染性疾病,特点::生活史和家族史可为诊断提供重要参考线索
寒热含义,中医诊断学::问诊::问寒热,1,寒::病人自觉怕冷的感觉。恶风：遇风觉冷，避之可缓；恶寒：自觉怕冷，取暖而不能缓解；畏寒：自觉怕冷，取暖而能够缓解；寒战：恶寒严重，伴全身发抖<br>###热::指发热，包括病人体温升高，或体温正常而病人自觉全身或局部（如手足心）发热<br>###病因::寒与热的产生，主要取决于[[病邪的性质]]和[[机体阴阳的盛衰]]两个方面,临床分型::恶寒发热、但寒不热、但热不寒、寒热往来等
恶寒发热,中医诊断学::问诊::问寒热,1,概念::病人恶寒与发热同时出现，是[[表证的特征性症状]]<br>###恶寒重发热轻::患者感觉怕冷明显，并有轻微发热——[[风寒表证]]，外感风寒之邪所致<br>###发热轻而恶风::病人自觉有轻微发热，并有遇风觉冷、避之可缓——[[伤风表证]]，外感风邪所致<br>###发热重恶寒轻::病人自觉发热较重，同时又有轻微怕冷——[[风热表证]]，外感风热之邪所致,注意::虽然恶寒发热是表证的特征性症状，但某些里热证亦可表现为寒热并见，如肠痈、疮疡、瘟疫及邪毒内陷等
但寒不热,中医诊断学::问诊::问寒热,1,概念::只感寒冷而不发热的症状，是[[里寒证]]的寒热特征。其怕冷的产生，多为感受寒邪致病，或为阳气不足而阴寒内生<br>###新病恶寒::突然感觉怕冷，且体温不高——[[里实寒证]]（某些风寒表证在发病初期，亦可只怕冷而不发热）<br>###久病畏寒::常怕冷，四肢凉，得温可缓——[[里虚寒证]],特点::但寒不热是里寒证的特征，新病多实寒，久病多虚寒
但热不寒,中医诊断学::问诊::问寒热,1,概念::病人只发热，而无怕冷之感的症状，多系阳盛或阴虚所致，是[[里热证]]的寒热特征<br>###壮热::高热（体温在39℃以上）持续不退，不恶寒只恶热——多见于伤寒阳明经证和温病气分阶段，[[里实热证]]<br>###潮热-阳明潮热::日晡潮热：日晡（下午3~5时，即申时）发热明显，且热势较高，兼口渴饮冷、腹胀便秘——[[阳明腑实证]]<br>###潮热-阴虚潮热::午后和夜间低热，兼颧红、盗汗、五心烦热（即胸中烦、手足心发热而喜就凉处）等；严重者感觉有热自骨内向外透发者，称为[[骨蒸潮热]]——阴虚火旺,潮热-湿温潮热::身热不扬（即肌肤初扪之不觉很热，但扪之稍久即感灼手）——午后热甚，兼见头身困重等症，属于湿温病<br>###潮热-其他::午后夜间热甚——瘀血久积，郁而化热；温病发热，发热以夜间为甚者，称身热夜甚——热入营分，耗伤营阴
微热,中医诊断学::问诊::问寒热,1,定义::长期低热（38℃以下），又称低热<br>###气虚发热::长期微热，劳累则甚，兼疲乏、少气、自汗<br>###血虚发热::时有低热，兼面白、头晕、舌淡、脉细等症<br>###阴虚发热::长期低热，兼颧红、五心烦热等症<br>###气郁发热::每因情志不舒而时有微热，兼胸闷、急躁易怒等症，亦称郁热<br>###气阴两虚发热::小儿于夏季气候炎热时长期发热，兼有烦渴、多尿、无汗等症，至秋凉自愈者（小儿夏季热）,鉴别要点::微热需结合兼症辨别气虚、血虚、阴虚、气郁等不同病机
寒热往来,中医诊断学::问诊::问寒热,1,概念::自觉恶寒与发热交替发作的症状。是正邪相争、互为进退的病理反映，为[[半表半里证]]寒热的特征<br>###寒热往来无定时::自觉时冷时热，一日多次发作而无时间规律——（邪在半表半里证）[[伤寒少阳病]]，或温病邪伏膜原<br>###寒热往来有定时::指病人恶寒战栗与高热交替发作，每日或二三日发作一次，发有定时，兼有剧烈头痛、口渴、多汗——[[疟疾]],其他::出现寒热往来，似疟非疟——气郁化火及妇女热入血室
有汗无汗,中医诊断学::问诊::问汗,1,概念::汗是阳气蒸化津液经玄府达于体表而成。正常汗出有调和营卫、调节体温、滋润皮肤的作用<br>###表证有汗::风邪犯表证，太阳风寒表虚证和风热表证<br>###里证有汗::里热证：里热炽盛，迫使津液外泄，则汗出量多<br>###常有出汗::里虚证：阳气亏虚，肌表不固，或阴虚内热，蒸津外泄<br>###表证无汗::风寒表证：寒性收引，寒邪袭表，腠理致密，玄府闭塞<br>###里证无汗::因津血亏虚，化汗乏源，或阳气虚，无力化汗所致,正常出汗诱因::体力活动、进食辛辣、气候炎热、衣被过厚、情绪激动等情况下容易出汗，属于正常生理现象
特殊汗出,中医诊断学::问诊::问汗,1,自汗::醒时经常出汗，活动尤甚——多见于[[气虚证和阳虚证]]<br>###盗汗::睡则汗出，醒则汗止——[[阴虚证]]<br>###自汗、盗汗并见::[[气阴两虚]]<br>###大汗::汗出过多，津液大泄——[[实热证]]或[[虚脱证]],实热证大汗::四大症（热汗渴脉）：里热炽盛，迫津外泄<br>###绝汗（脱汗）::病情危重情况下，突然大汗淋漓，如珠走油<br>###亡阳之汗::阳气亡脱，津随气泄：病势危重，冷汗淋漓如水，面色苍白，肢冷脉微<br>###亡阴之汗::枯竭之阴津外泄：病势危重，汗热而黏如油，烦躁口渴，脉细数或疾
战汗与冷汗,中医诊断学::问诊::问汗,1,战汗::先恶寒战栗，而后大汗出——[[邪正交争]]，病变发展转折点。汗出热退，脉静——邪去正复；汗出高热不减，脉来急疾——邪胜正衰<br>###冷汗::所出之汗有冷感的症状——多因阳气虚或惊吓所致,战汗转归::战汗后邪退正虚则安；正虚不能胜邪，阳随汗脱则危
热汗与黄汗,中医诊断学::问诊::问汗,2,热汗::所出之汗有热感的症状，多因里热蒸迫所致<br>###黄汗::汗出沾衣色如黄柏汁的症状，风湿热交蒸,特点::热汗与黄汗的鉴别要点在于汗液温度和颜色
局部辨汗,中医诊断学::问诊::问汗,1,头汗::汗出仅见于头部，或头颈部汗出量多。病因：1.上焦热盛，迫津外泄；2.中焦湿热蕴结；3.元气将脱，阴虚阳上越；4.亦可为正常现象（小儿蒸笼头、进食辛辣热汤）<br>###半身汗::仅一侧身体汗出的症状，汗出常见于健侧，无汗半身常是病变部位——瘘病、中风及截瘫。多因风痰、痰瘀、风湿等阻滞经络<br>###手足心汗::手足心汗出量多。1.阴虚内热，迫津外泄；2.阳明燥热内结；3.脾胃湿热内盛；4.脾虚运化失常，津液旁达四肢,心胸汗::+心悸、失眠、腹胀、便溏者——多为心脾两虚；+心悸心烦、失眠、腰膝酸软——多为心肾不交<br>###阴汗::生殖器官及其周围汗出——多因下焦湿热郁蒸所致
疼痛性质-胀痛/刺痛/冷痛/灼痛,中医诊断学::问诊::问疼痛,1,胀痛::疼痛伴有胀满感——[[气滞]]作痛的特征。胸、胁、脘腹胀痛，时作时止，多是气滞为患；但头目胀痛，则多因肝火上炎或肝阳上亢所致<br>###刺痛::疼痛如有针刺——[[瘀血]]。多伴痛处固定、拒按，夜间尤甚。常见：头部，胸胁脘腹部<br>###冷痛::疼痛有冷感而喜暖。1.寒邪阻滞经络所致为实证；2.阳气亏虚，脏腑经脉失于温煦所致者为虚证<br>###灼痛::疼痛有灼热感而喜凉。1.火邪窜络所致者，为实证；2.阴虚火旺所致者，为虚证,常见部位::冷痛：腰脊、脘腹、四肢关节。灼痛：咽喉、口舌、胁肋、脘腹、关节处
疼痛性质-重痛/酸痛/闷痛/绞痛,中医诊断学::问诊::问疼痛,1,重痛::疼痛伴有沉重感——湿邪困阻气机；但头重痛亦可因肝阳上亢，气血上壅所致<br>###酸痛::疼痛伴有酸楚不适——湿邪侵袭肌肉关节，气血运行不畅；亦可因肾虚失养、气血亏虚所致<br>###闷痛::疼痛伴有满闷或憋闷感——常见于胸部，多因痰浊阻肺，或痰瘀阻滞心脉<br>###绞痛::疼痛剧如刀绞——多因瘀血、气滞、结石、虫积等有形实邪阻闭气机，或寒邪凝滞气机所致,绞痛常见::胸胁部、腰腹部、脘腹部。如心脉痹阻引起的真心痛，结石阻滞胆管引起的上腹痛，结石阻塞尿路引起的小腹痛或腰腹痛，寒邪犯胃引起的胃脘痛等
疼痛性质-空痛/隐痛/走窜痛/固定痛/掣痛,中医诊断学::问诊::问疼痛,1,空痛::疼痛处伴有空虚感——气血亏虚，阴精不足，脏腑经脉失养。常见：头部、胃脘或小腹部<br>###隐痛::疼痛轻微，绵绵不休——阳气精血亏虚，脏腑经脉失养。常见：头部、胸部、脘腹、胁肋、腰背<br>###走窜痛::痛处游走不定或走窜攻痛。胸胁脘腹疼痛而走窜不定——气滞；[[游走痛]]四肢关节疼痛而游走不定——痹病（行痹）<br>###固定痛::痛处固定不移。胸胁脘腹等处固定作痛——瘀血；四肢关节固定作痛——寒湿、湿热阻滞，或热壅血瘀所致（痛痹、着痹）<br>###掣痛::牵掣感，连及他处——多因筋脉失养，或筋脉阻滞不通所致（引痛、彻痛）,掣痛举例::心脉痹阻不通的胸痛彻背
头痛,中医诊断学::问诊::问疼痛,1,外感头痛::发病急，病程短，头痛剧，痛无休止。风寒头痛：头痛连项，遇风加剧。风热头痛：头痛如劈，怕热，面红目赤。风湿头痛：头痛如裹，肢体困重<br>###内伤头痛::发病慢，病程长，头痛缓，时痛时止。气虚头痛：头痛绵绵，过劳则甚。血虚头痛：头痛眩晕，面色苍白。肾虚头痛：头脑空痛，腰膝酸软。瘀血头痛：头痛如刺。肝阳头痛：头昏胀痛，两侧为重，心烦易怒。痰浊头痛：头痛昏蒙，纳呆呕恶,经络定位::1.前额连眉棱骨：阳明头痛；2.后头连项痛：太阳头痛；3.头两侧痛：少阳头痛；4.巅顶痛：厥阴头痛；5.头痛连齿：少阴头痛
胸痛,中医诊断学::问诊::问疼痛,1,特点::胸痛多[[心肺]]病变<br>###胸前作痛+痛引肩背，胸闷、心悸::胸痹心痛、真心痛<br>###左胸前区憋闷作痛，时痛时止::[[胸痹]]痰瘀等邪阻滞心脉<br>###胸痛彻背剧烈，面色青灰，手足青冷::[[厥心痛（真心痛）]]心脉急骤闭塞<br>###胸部疼痛，兼咳喘咳痰::肺癌、肺痈,肺部病变::+颧赤盗汗，午后潮热（干咳少痰）——肺阴亏虚，虚火灼络，如肺痨；+咳喘气粗，壮热面赤——热邪壅肺，肺络不利；+壮热，咳吐脓血腥臭痰——痰热阻肺，热壅血瘀，如肺痈<br>###胸肋软骨::胸肋软骨疼痛而局部高起，皮色不变，或沿肋骨相弓掣痛——多因气结痰凝血瘀，经气不和所致
胁痛,中医诊断学::问诊::问疼痛,1,特点::胁痛多与[[肝胆]]病变有关：肝郁气滞、肝胆湿热、肝胆火盛、肝阴亏虚、肝血瘀阻、悬饮<br>###胁肋胀痛或窜痛，情志抑郁，胸闷善太息::肝郁气滞<br>###胸胁胀痛灼热，口苦口干，纳呆厌油腻，苔黄腻::肝胆湿热<br>###胸胁灼痛，头晕胀痛，面红目赤，急躁易怒::肝火炽盛,肝血瘀阻::胁肋刺痛或胁下肿块，固定拒按，夜间尤甚，舌紫暗<br>###悬饮::胸胁饱满胀痛，咳唾痛剧
胃痛,中医诊断学::问诊::问疼痛,1,特点::胃脘痛主[[胃失和降，气机阻滞]]<br>###在进食后疼痛加剧::实证：寒热气滞瘀血和食积所致者<br>###多在进食后疼痛缓解::虚证：胃阴虚或胃阳不足，胃失所养<br>###得温痛减，遇寒加剧::寒证<br>###胃脘灼热，喜凉恶热::热证,胃脘穿孔::胃脘剧痛暴作，出现压痛及反跳痛者<br>###胃癌::胃脘疼痛失去规律，痛无休止明显消瘦者<br>###胃腑气滞::胃脘胀痛、嗳气、郁怒则痛甚者——因气郁不舒、肝气犯胃所致<br>###胃腑血瘀::胃脘刺痛，痛有定处者——因瘀血内停，胃腑脉络阻滞所致<br>###胃阳虚::胃脘隐痛、喜暖喜按、呕吐清水者——因阳虚生寒、胃腐熟功能衰减所致<br>###胃阴虚::胃脘灼痛嘈杂、饥不欲食、舌红少苔者——因阴虚津亏，虚火内扰所致
腹痛,中医诊断学::问诊::问疼痛,1,分区::大腹：脐部以上——脾胃胰；小腹：脐以下至耻骨联合毛际以上——膀胱、胞宫、小肠、大肠；少腹：小腹两侧——足厥阴肝经所过及大肠之处<br>###大腹隐痛，喜温喜按，食少便溏::脾胃虚寒<br>###小腹胀满而痛，尿频急涩痛::膀胱湿热<br>###小腹或少腹疼痛，痛而欲泻，泄后痛减::肠道气滞<br>###小腹胀刺痛，与月经周期有关::胞宫气滞血瘀<br>###少腹冷痛拘急，牵引阴部::寒凝肝脉,结石::脐外侧及下腹部突然剧烈绞痛，向大腿内侧及阴部放射，尿血<br>###脏器破裂或癌瘤::疼痛多是在所在部位<br>###全腹痛::有压痛及反跳痛者，多因腹部脏器穿孔或热毒弥漫所致
背痛与腰痛,中医诊断学::问诊::问疼痛,1,背痛::背脊痛多与[[督脉、足太阳、手三阳经]]相关。脊痛不可俯仰——寒湿阻滞或督脉损伤；背痛连项——风寒客于太阳经脉；肩背痛，固定或者走窜，遇风寒痛增——风寒湿侵袭，局部经脉阻滞<br>###腰痛::腰痛多与肾脏及周围组织病变相关。可见：肾虚失养、寒湿侵袭、瘀血或结石阻滞、带脉损伤（还有湿热蕴结下焦）。腰部经常酸软而痛——[[肾虚]],腰痛鉴别::真题考点——湿热蕴结下焦也可导致腰痛
目昏雀盲歧视,中医诊断学::问诊::问耳目,1,目昏::指视物昏暗，模糊不清。如两目昏花、干涩、视物不清者，可由气虚、肝血不足、肾精亏耗，目失所养而致<br>###雀盲::是指白昼视力正常，每至黄昏以后视力明显减退，视物不清的症状，亦称夜盲、雀目、鸡盲<br>###歧视::是指视一物成二物而不清的症状<br>###三者共同病因::目昏、雀盲、歧视三者，皆为视力不同程度减退的病变，有各自的特点，但其病因、病机基本相同，多因[[肝肾亏虚，精血不足，目失所养]]引起，常见于年老、体弱或久病之人,鉴别要点::三者均为肝肾亏虚所致，但表现程度不同
不寐（失眠）,中医诊断学::问诊::问睡眠,1,定义::（失眠、不得眠）不易入睡，或睡而易醒不能再睡或睡而不酣时易惊醒<br>###病机::[[阳不入阴，神不守舍]]，阴虚或阳盛<br>###实证::多因邪气扰心神所致。如：心肝火盛、痰火扰神或食滞内停所致（[[胃不和则卧不安]]）<br>###虚证::多因阴血不足、心神失养或心胆气虚，心神不安所致。如：心脾两虚、心肾不交、心胆气虚证,不寐鉴别::实证以邪扰为主，虚证以正虚为主
多寐（嗜睡）,中医诊断学::问诊::问睡眠,1,定义::（嗜睡、多睡眠）神疲思睡，经常不由自主入睡<br>###阳虚或阴盛::心肾阳虚、阴寒内盛、痰湿困脾<br>###困倦嗜睡，头目昏沉，胸闷脘痞，肢体困重::[[痰湿困脾，清阳不升]]<br>###饭后嗜睡，神疲乏力，腹胀纳少::[[中气不足，脾失健运，清阳不升]]<br>###精神极度疲惫，神识朦胧，困倦易睡，畏寒肢冷，蜷卧喜温，脉微::[[心肾阳虚，阴寒内盛，神失温养]],大病之后::神疲嗜睡，乃是正气未复的表现<br>###邪闭心神::嗜睡伴轻度意识障碍，叫醒后不能正确回答问题者，多因邪闭心神所致。其病邪以热邪、痰热、湿浊为多见。此种嗜睡常是昏睡、昏迷的前期表现<br>###昏睡区别::嗜睡与昏睡、昏迷不同，后者难以呼醒，强行唤醒而仍神志模糊，甚至呼之不醒
昏睡与昏迷,中医诊断学::问诊::问睡眠,1,昏睡::日夜沉睡，神志不清，不能正常回答应答，甚则神识昏迷，属昏迷范畴，病情危重<br>###中风昏睡::中风病人昏睡而伴有鼾声、痰鸣声，因痰瘀蒙蔽心神，属中风危象<br>###温热昏睡::温热病人出现高热神昏，为热入心包之象,特点::昏睡和昏迷属于危重证候，需紧急处理
口渴与饮水-口不渴与口渴多饮,中医诊断学::问诊::问饮食口味,1,口不渴::口不渴而不欲饮水——[[津液未伤]]。多见寒证、湿证亦可见于无明显燥热变化的病证<br>###口渴多饮定义::指口渴明显，饮水量多——津液损伤，多见燥证，热证<br>###微渴而饮水稍多，发热，微恶风寒，咽喉肿痛::外感温病初期<br>###口渴咽干，鼻干唇燥，发于秋季::[[燥邪伤津]]<br>###大渴喜冷饮，面赤、壮热、汗出、脉洪者::[[里热炽盛，津液大伤]]所致<br>###口渴多饮，小便量多，多食易饥，体渐消瘦::[[消渴病]]（素体阴虚，燥热内生，阴津耗损）<br>###口渴多饮::汗、吐、下、利后，体内津液大量丢失,特点::口渴多饮以津液损伤为主，需辨别热证和津液丢失
渴不多饮,中医诊断学::问诊::问饮食口味,1,定义::渴不多饮指患者有口干口渴的感觉，但又不欲饮水，或饮水不多。是轻度伤津，或津液输布障碍所致。可见于阴虚、湿热、痰饮、瘀血、热入营分等证<br>###营分证::温病见口渴而不多饮（口干不渴饮），身热夜甚，心烦不寐，时有谵语，斑疹隐现，舌质红绛——热入营分，灼伤营阴（口渴）；邪热蒸腾营阴上潮于口（不多饮）<br>###阴虚证::口干渴不欲饮，夜间甚，兼见五心烦热，颧红盗汗，舌红少苔，脉细数者——津液不足不能上承于口（口干渴）；体内无实热耗津（不欲饮）<br>###湿热证::口渴不多饮，兼身热不扬，头身困重，胸闷纳呆，舌苔黄腻——湿热伤津或津液气化障碍（口渴）；内有湿邪（饮水不多）,血瘀证::口干，但欲漱水不欲咽，兼舌质青紫，兼见舌质隐青或有青紫色瘀斑，脉涩——瘀血气化不利，津液输布异常，不能上承于口（口干）；体内津液本不匮乏（欲漱水而不欲咽）<br>###痰饮病::口渴喜热饮，饮入不多，或水入即吐者，兼见头晕目眩，胃肠有振水音——脾胃阳虚，饮停胃肠，致津液输布障碍<br>###风热表证::外感疾病中，见口干微渴，恶寒发热，咽痛，脉浮数者——风热之邪外侵，热象不重，津伤较轻，故口干微渴
食欲与食量-食欲减退,中医诊断学::问诊::问饮食口味,1,定义::食欲减退又称[[纳呆]][[不欲食]][[食欲不振]]，是指患者进食的欲望减退，甚至不想进食的症状，常伴食量的减少。食欲减退多由脾胃亏虚，或湿邪困阻脾胃所致<br>###新病食欲减退::[[正气抗邪的保护性反应]]<br>###久病食欲减退::[[脾胃功能衰弱]]<br>###+神疲倦怠，面色萎黄，舌淡，脉虚::脾胃气虚<br>###+头身困重，脘痞腹胀，舌苔厚腻::湿盛困脾,病情判断::疾病过程中，食欲减退（渐增）——脾胃功能衰退，提示病情加重<br>###除中::久病或重病，本不欲食或不能食，若突然能食或暴食——[[脾胃气将绝征象]]，属病危<br>###少阳病::不欲饮食，兼见寒热往来，胸胁苦满，神情默默，口苦咽干，目眩——邪入少阳，经气失疏，影响脾胃运化
厌食,中医诊断学::问诊::问饮食口味,1,定义::厌恶食物或者恶闻食气，又称[[恶食]]（厌食是食欲减退的严重阶段）<br>###+嗳气酸腐、脘腹胀满疼痛::食积胃脘<br>###+脘痞腹胀、呕恶身重、便溏不爽::多属[[脾胃湿热]]<br>###厌食油腻厚味+胁肋胀痛灼热、口苦尿黄、身目发黄::[[肝胆湿热]],妊娠厌食::妇女妊娠早期择食或厌食——短暂性的为生理现象；长期性或反复性的为[[妊娠恶阻]]
消谷善饥与饥不欲食,中医诊断学::问诊::问饮食口味,1,消谷善饥::食欲过于旺盛，食后不久即感饥饿，进食量多，亦称[[多食易饥]]<br>###消谷善饥+牙龈肿痛、口渴心烦、尿赤便秘::[[胃火炽盛]]，腐熟太过所致<br>###消谷善饥+多饮、多尿::多属[[消渴病]]<br>###消谷善饥+颈前肿物、心悸、多汗::多属[[瘿病]]<br>###消谷善饥+大便溏泄::属[[胃强脾弱]]<br>###饥不欲食::有饥饿感，不欲饮食或进食不多——多因[[胃阴不足，虚火内扰]]所致,偏嗜食物::嗜食生米、泥土、纸张等异物——常见于小儿，多属[[虫积]]<br>###胃脘嘈杂::胃中空虚，似饥非饥，似痛非痛，热辣不宁。常伴有情绪抑郁，胸胁胀满，嗳腐吞酸——肝气不舒，郁久化热，肝火横逆，克伐胃腑
口味,中医诊断学::问诊::问饮食口味,1,定义::口味，指的是口中的味觉与气味，可察脾胃功能与其他脏腑功能<br>###口淡::自觉口中无味——[[脾胃气虚]]，纳运失健或属寒证（寒湿内阻）<br>###口苦::自觉口中苦味——[[心火、肝胆火旺、湿热内蕴致胆气上逆]]<br>###口甜::自觉口中甜味——+黏腻不爽，苔黄腻：[[湿热蕴脾]]；+舌苔薄：[[脾虚]]<br>###口酸::自觉口有酸味或闻之有酸臭味——[[食滞胃脘、肝气犯胃、肝胃郁热]]所致<br>###口咸::自觉口中咸味——[[肾病及寒水上泛]]所致,口涩::如食生柿子感觉+舌燥——[[燥热伤津或脏腑阳热偏盛，气火上逆]]所致<br>###口黏腻::口黏腻不爽——[[+苔厚腻]]多由湿浊、痰饮、食积。黏腻而甜：脾胃湿热；黏腻而苦：肝胆湿热<br>###口麻::口舌麻木而感觉减退——多为[[肝阳化风]]或服用某些药物引起<br>###口痛::自觉口腔疼痛——多由[[脾胃蕴热、心火上炎或阴虚火旺]]所致
问二便概述,中医诊断学::问诊::问二便,1,大便::大便排泄由大肠所司，并与脾胃的腐熟运化，肺气的肃降，肝气的疏泄，肾的阴阳调节等密切相关<br>###小便::小便排泄虽由膀胱所主，但需肾的气化、脾的运化、肺的肃降和三焦的通调等脏腑协同作用<br>###意义::询问二便，可了解消化功能，津液代谢情况，也可判断相关脏腑病变与寒热虚实,特点::二便反映消化系统和水液代谢整体状态
大便-便秘,中医诊断学::问诊::问二便,1,定义::指排便时间延长，便次减少，便质干燥，或时间虽不延长但排便困难，又称大便难<br>###病机::实证多由热邪内结或寒邪凝滞大肠所致；虚证多由阴血、津液亏虚，肠道失润，或气虚、阳虚，肠道传导无力所致<br>###便秘，腹胀痛拒按，口渴喜饮，舌苔黄燥::[[热结便秘]]<br>###大便秘结，排出困难，数日一行，兼口燥咽干，舌红少苔，脉细数::[[阴虚内热]]（若久病、年老、产后，致气阴亏虚者，亦常见便秘）<br>###大便秘结，难以排出，兼见面色无华，少气乏力，头晕目眩::[[气血亏虚]],冷秘::大便艰涩，排出困难，面色苍白，手足不温，舌淡，脉沉迟——阳气虚衰，或阴寒内盛，阻滞大肠气机
大便-泄泻,中医诊断学::问诊::问二便,1,定义::大便次数增多，粪质稀薄，甚至泻下如水样<br>###病因::因内伤饮食，感受外邪，阳虚，情志失调等导致脾失健运。分虚实，实证多因寒湿、湿热、食积或肝郁气滞等引起，虚证多由脾虚，或肾阳虚，命门火衰所致。尤与脾虚、湿盛关系密切<br>###新病暴泻，泻下清稀如水，肠鸣腹痛，或伴恶寒发热::[[寒湿泄泻]]<br>###大便溏泄，纳少腹胀、大腹隐痛::[[脾胃气虚]]<br>###泻下臭秽，泻后痛减，呕恶酸腐脘闷腹痛::属[[伤食]],大肠湿热::泻下黄糜，腹痛+肛门灼热感<br>###五更泄::黎明前腹痛作泻+形寒肢冷——[[脾肾阳虚，命门火衰]]<br>###肝郁乘脾::腹痛作泻，泻后痛减，因情志抑郁、恼怒或精神紧张时症状加重
便质异常,中医诊断学::问诊::问二便,1,完谷不化::大便内较多未消化食物——[[脾胃虚寒或肾阳虚衰]]，新起为食滞胃肠<br>###溏结不调-时干时稀::[[肝郁脾虚，肝脾不调]]<br>###溏结不调-先干后溏::[[脾虚或脾胃气虚]]<br>###黏液脓血便::痢疾、肠癌；湿热疫毒，积滞交阻肠道,便血-远血::先便后血，便血紫暗——胃肠瘀血伤络或脾虚不摄血<br>###便血-近血::先血后便，便血鲜红，粪血不融合——肠热伤络或与肛门局部病变
排便感异常,中医诊断学::问诊::问二便,1,肛门灼热::肛门灼热感——大肠湿热下注，或郁热下迫直肠（热泻或湿热痢）<br>###里急后重::便前腹痛，急迫欲便，肛门重坠，便出不爽——[[痢疾的主症之一]]，为大肠湿热（湿热内阻，肠道气滞）<br>###排便不爽::排便不畅快，滞涩难尽（大肠气机阻滞，传导失司）。腹痛，泻下黄糜，黏滞不爽——大肠湿热；+腹痛，腹胀矢气——肝郁脾虚（肝郁乘脾）；+夹未消化食物，酸腐臭秽，泻后腹痛减轻——食滞内停（伤食）,肛门重坠::指肛门自觉有沉重下坠的感觉，见于脾虚气陷或大肠湿热等证
滑泻失禁与肛门重坠,中医诊断学::问诊::问二便,1,滑泻失禁定义::大便不能随意控制，呈滑出之状，甚至便出而不自知的症状，又称大便失禁、滑泻。多属[[脾肾阳虚（脾肾虚衰，肛门失约）]]<br>###滑泻不止，腹痛喜温喜按，形瘦纳少，倦怠乏力::[[脾阳虚]]<br>###滑泻失禁，兼见腰膝冷痛，或为五更泄::[[肾阳虚]]<br>###重病之人，神志不清而伴见大便失禁者::[[气脱]],肛门重坠-虚证::肛门气坠常于劳累或排便后加重，甚则脱肛——多因脾虚中气下陷所致<br>###肛门重坠-实证::肛门重坠，腹痛窘急，时时欲泻，大便黄褐臭秽，或见脓血便——大肠湿热（湿热蕴结于大肠，气机郁滞）
小便-尿量异常,中医诊断学::问诊::问二便,1,尿量增多+清长，畏寒喜暖::[[虚寒证]]<br>###尿量增多+口渴多饮、多食、消瘦::[[消渴病]]<br>###尿量减少-尿赤减少::[[热盛伤津或汗吐下伤津]]<br>###尿量减少-尿少浮肿::[[肺、脾、肾功能失常，气化不利，水湿内停]],特点::尿量增多主寒证和消渴；尿量减少主热证和水湿内停
小便-尿次异常与癃闭,中医诊断学::问诊::问二便,1,尿次增多-小便频数、短赤、尿急、尿痛（新病）::[[淋证]]（膀胱湿热，气化失职）<br>###尿次增多-量多色清，夜间尤甚::[[肾阳不足，气化不及，或肾气不固，膀胱失约]]<br>###癃闭::主要肾与膀胱气化不利所致，也与肺脾肝三焦等脏腑相关<br>###癃-小便不畅，点滴而出::虚证：1.肾阳不足，气化无力，津液内停；2.年老气虚。实证：1.膀胱湿热，肺热气壅；2.瘀血、结石阻塞下焦；3.热盛伤津、腹泻伤津、汗吐下伤津，小便化源不足,闭-小便不通，点滴不出::与癃同属癃闭，但更为严重
小便-排尿感异常,中医诊断学::问诊::问二便,1,小便涩痛::淋证：膀胱湿热气化不利<br>###余沥不尽::[[肾气不固，膀胱失合]]，常见于老年人或久病衰患者<br>###小便失禁::肾气不固；下焦虚寒，膀胱失约，或尿路损伤，或湿热、瘀血阻滞，膀胱失约；属危重证（+神昏）<br>###遗尿::[[睡眠中小便排出]]——肾气不足，膀胱失约，亦可因肝经湿热，下迫膀胱,鉴别要点::小便失禁与遗尿的区别在于是否在睡眠中发生
月经概述,中医诊断学::问诊::问女子,1,正常月经::初潮约14岁，绝经约49岁，正常周期约28天，经期3~5天，出血量50~100毫升<br>###正常情况::颜色正红，质地不稀不稠，不夹杂血块<br>###与脏腑关系::月经的形成与[[肾、肝、脾、胞宫、冲任二脉及气血]]关系十分密切,特点::月经是女性健康的晴雨表，反映脏腑气血冲任的状态
经期异常,中医诊断学::问诊::问女子,1,月经先期::月经周期提前7天以上，并连续提前2个月经周期者。1.气虚不摄（色淡红，质稀量多）；2.血热内迫（色深红，质稠量多）<br>###月经后期::月经周期延后7天以上，并连续延后2个月经周期以上者。1.血虚（色淡红，质稀量少）；2.寒凝（色紫暗，有块，量少，少腹冷痛）；3.血瘀（色紫暗，夹有血块）<br>###先后不定期::月经或提前或延后7天以上，连续发生2个月经周期以上者（月经衍期）——肝郁气滞、脾肾虚损等导致血海蓄溢失常<br>###经期延长::月经周期基本正常，行经时间超过七天以上，甚或淋漓半月方净——气虚不摄；气滞血瘀；阴虚内热,月经先期病机::多因脾气亏虚、肾气不足，冲任不固，或因阳盛血热、肝郁化热、阴虚火旺、热扰冲任，血海不宁<br>###月经后期病机::多因营血亏损、肾精不足，或因阳气虚衰，无以化血；亦可因气滞血瘀、寒凝血瘀、痰湿阻滞、冲任不畅所致
经量异常与经色经质异常,中医诊断学::问诊::问女子,1,月经过多::月经周期基本正常，月经量较常量明显增多——血热（伴先期，色深红，身热或五心烦热）；气虚（淡红，质稀量多，气短乏力）；或瘀血（伴后期，色紫暗，有血块）<br>###月经过少::月经周期基本正常，月经量较常量明显减少甚至点滴即净——精血亏少；气血两虚；寒凝胞宫；气滞血瘀；痰湿阻滞<br>###经色淡红质稀::多属[[气虚血少]]<br>###经色紫暗夹有血块，兼小腹冷痛::多属[[寒凝血瘀]]<br>###经色深红质稠::多属[[血热内炽]],鉴别要点::经色和经质结合判断虚实寒热
崩漏,中医诊断学::问诊::问女子,1,定义::非行经期间阴道内大量出血，或持续下血，淋漓不止者<br>###崩::一般来势急，出血量多者称之为崩<br>###漏::来势缓，出血量少者称之为漏，或漏下<br>###血热妄行::损伤冲任：经血不止，经色深红，质稠<br>###脾肾亏虚::气虚冲任不固，血失摄纳：经血不止，经色淡红，质稀，其势缓和,瘀血阻滞::瘀血阻滞冲任，血不循经：经行非时而下，时来时止，或时闭时崩，或久漏不止，血色紫暗或夹有血块
闭经,中医诊断学::问诊::问女子,1,定义::女子年逾18周岁，月经尚未来潮，或已行经后又停经达三个月以上又未受孕。妊娠期、哺乳期、绝经期及初潮后一段时间内一时停经，而无明显不适者属生理现象<br>###病因::主要因冲任气血失调所致，有虚实两方面。闭经多由血瘀、肝气郁结、虚劳等病引起<br>###虚证::肝肾精血不足，冲任气血亏虚，阴虚血燥，血海空虚所致<br>###实证::气滞血瘀、阳虚寒凝血瘀、痰湿阻滞胞脉，冲任不通所致,肝气郁结::经闭、急躁易怒，太息，胸胁小腹胀<br>###血瘀::经闭，面色暗黑，小腹胀痛拒按，舌紫暗或紫斑<br>###湿盛痰阻::经闭，体胖面浮，胸闷腹胀，纳少痰多，气短乏力<br>###阴虚::经闭，潮热，盗汗，皮肤干燥，形体消瘦
痛经,中医诊断学::问诊::问女子,1,定义::经期或行经前后出现周期性小腹疼痛，或痛引腰骶，甚至剧痛难忍（经行腹痛）<br>###气滞或血瘀::若小腹胀痛、刺痛或剧痛，多属气滞或血瘀<br>###寒凝或阳虚::小腹冷痛，得温减，多属寒凝或阳虚<br>###气血两虚::小腹隐痛，劳则加剧，多属气血两虚，胞脉失养,湿热蕴结::小腹灼痛拒按，平素带下黄稠臭秽<br>###气血两虚或肾精不足::月经后期或行经后小腹隐痛、空痛，多属气血两虚，或肾精不足，胞脉失养
问带下,中医诊断学::问诊::问女子,1,带下定义::妇女阴道内白色或无色透明无臭黏性液体，具有润泽阴道、防御外邪入侵的作用<br>###生理现象::月经前后、排卵期或妊娠早期，带下稍增多<br>###白带-量多，质稀，淋漓不断::[[脾肾阳虚，寒湿下注]]<br>###白带-质稠，如凝乳或豆腐渣，气味酸臭，伴阴部瘙痒::[[湿浊下注]]<br>###黄带::色黄质稠，气味臭秽——[[湿热下注或湿毒蕴结]],赤白带-赤白杂见，质黏稠无臭::肾阴不足，阴虚火旺<br>###赤白带-黏腻臭秽::肝经湿热下注或热毒蕴蒸（赤白带多因肝经郁热、湿毒蕴结所致）<br>###五色带::绝经后又见杂色带下，伴气味臭秽——需专科检查
阳痿,中医诊断学::问诊::问男子,1,定义::男子阴茎不能勃起或勃而不坚或坚而不久，影响房事的症状<br>###阳痿精冷，兼腰膝酸软、神疲倦怠、畏寒肢冷、面白舌淡、脉沉细::[[肾阳不足，命门火衰]]<br>###伴心悸失眠、神疲乏力、纳呆食少、腹胀便溏::[[心脾两虚，气血不足]]<br>###伴情志抑郁或烦躁易怒、胸胁胀痛::[[肝郁气滞]]<br>###伴心悸胆怯、多疑易惊、夜寐不安::[[惊恐伤肾]]<br>###伴阴囊潮湿瘙痒、下肢酸困、小便黄赤、苔黄腻、脉濡数::[[湿热下注，宗筋弛纵]],瘀血阻络::发于手术或外伤之后
阳强,中医诊断学::问诊::问男子,2,定义::阴茎异常勃起，经数小时，数日，甚至数月不衰<br>###肝经实热::阳强，阴茎瘀血，色紫暗，胀痛，排尿困难，色黄赤，口渴，便秘脉弦或弦数等<br>###阴虚火旺::素体阴虚消瘦，异常勃起，胀痛，数日不衰，排尿困难，尿黄，甚不时精自出，口干便秘，脉细数,特点::阳强需辨实热与虚火
遗精,中医诊断学::问诊::问男子,1,定义::不因交合而精液自行遗泄。有梦而遗者称梦遗，无梦或清醒时精液流出者称滑精<br>###正常生理现象::成年未婚男子或已婚夫妻分居，长期无性生活，一月遗精1~2次，次日无不适感——[[溢精]]<br>###心肾不交::心烦失眠，少寐多梦，梦则遗精，口干尿赤<br>###湿热下注::尿时少量精液外流，小便热涩浑浊，口苦而腻，苔黄腻<br>###心脾两虚::劳则遗精，心悸怔忡，失眠健忘，面黄肢倦，食少便溏,肾阳亏虚/肾气不固::梦遗频作，甚至滑精，精神萎靡，形寒肢冷，阳痿早泄，精冷尿多，或尿少浮肿，或余沥不尽
早泄,中医诊断学::问诊::问男子,1,定义::性交不能持久，甚至一触即泄，不能进行正常房事<br>###病机::早泄常是肾气亏虚，精关不固的表现<br>###肾阳亏虚::阳痿早泄，腰膝酸软，或冷痛，神疲乏力，面色㿠白，舌淡嫩胖，边有齿痕，苔白滑，脉沉迟无力者<br>###肾阴不足::遗精早泄，心烦失眠，腰膝酸软，潮热盗汗，舌红少苔，脉细数者,其他病因::阴虚火旺，心肾不交；肝气郁结，疏泄失度；湿热下注，扰动精室，亦可引起早泄
问小儿,中医诊断学::问诊::问小儿,1,新生儿(0~1月)::妊娠期、产育期母亲营养健康状况、有何疾病、曾服何药，分娩时是否难产、早产，以了解小儿的先天情况<br>###婴幼儿(1月~3岁)::问喂养方法及坐、爬、立、走、出牙、学语的迟早情况，以了解后天营养和生长发育情况<br>###预防接种、传染病史(6月~5岁)::此时后天免疫功能未全，易患水痘、麻疹等急性传染病；预防接种能够帮助小儿建立免疫功能,发病原因::小儿脏腑娇嫩，抵抗力弱，调节功能低下，易受气候环境影响，感受六淫之邪导致外感病；小儿脾胃薄弱，消化力差，极易伤食，出现呕吐、泄泻；婴幼儿脑神经发育不完善，易受惊吓，出现哭闹、惊风等症
脉象形成的原理,中医诊断学::切诊,1,心脏的搏动::形成脉象的[[动力]]<br>###气血运行::形成脉象的[[基础]]<br>###五脏协同::脉象正常的[[前提]]<br>###五脏作用::心主宰推动；肺朝百脉，参与宗气生成调节气血运行（助心行血）；脾胃为气血生化之源，决定脉象之胃气有无；脾统血保证血液不溢出脉外；肝藏血，主疏泄，调节血量，使得气血运行无阻；肾藏精，为脉象之根，精化血，是血液生成之源,特点::脉象形成是五脏协同、气血运行的整体反映
脉诊的临床意义,中医诊断学::切诊,1,意义1::识别疾病的[[病位和病性]]<br>###意义2::推测疾病的[[病因和病证]]<br>###意义3::判断疾病的[[进退和预后]],特点::脉诊是中医四诊中切诊的核心内容
诊脉部位-遍诊法与三部诊法,中医诊断学::切诊::脉诊,1,遍诊法::三部九候法。出自《素问·三部九候法》；上为头部，中为手部，下为足部。上、中、下三部又各分为天、地、人三候。三三合九，故称为三部九候诊法<br>###三部诊法::首见《伤寒论》。即诊人迎、寸口、趺阳三脉。以寸口候十二经，人迎、趺阳分候胃气；也有加太溪脉候肾气,特点::遍诊法和三部诊法是古代诊脉方法，现代以寸口诊法为主
寸口诊法,中医诊断学::切诊::脉诊,1,定位::桡骨茎突为标记，其内侧为关，关前为寸，后为尺。始见《内经》，详于《难经》，推广于晋代王叔和《脉经》<br>###独取寸口的原理(最早提出独取寸口为《难经》)::1.寸口脉为手太阴肺经原穴太渊所在之处，十二经脉之气汇聚于此，称脉之大会；2.肺朝百脉，寸口能反映五脏六腑气血状况；3.寸口在腕后，此处肌肤薄嫩，脉易暴露，切按方便；4.手太阴肺经起于中焦，与脾经同属太阴，肺与脾胃之气相通，而脾胃为后天之本，气血生化之源，因此在寸口可以诊察胃气的强弱，同时也可了解全身脏腑气血之盛衰,特点::独取寸口是中医脉诊最常用的方法
寸口分脏腑,中医诊断学::切诊::脉诊,1,难经::左寸-心小肠，右寸-肺大肠；左关-肝胆，右关-脾胃；左尺-肾膀胱，右尺-肾命门<br>###脉经::左寸-心小肠，右寸-肺大肠；左关-肝胆，右关-脾胃；左尺-肾膀胱，右尺-肾三焦<br>###景岳全书::左寸-心心包络，右寸-肺膻中；左关-肝胆，右关-脾胃；左尺-肾膀胱大肠，右尺-肾三焦命门小肠<br>###医宗金鉴::左寸-心膻中，右寸-肺胸中；左关-肝膈胆，右关-脾胃；左尺-肾膀胱小肠，右尺-肾大肠,特点::不同医家对寸关尺分属脏腑有不同说法，以难经版本最常用
诊脉方法,中医诊断学::切诊::脉诊,1,时间::《内经》认为最佳时间是清晨（尚未饮食及活动）；切脉每手至少1分钟以上，以3~5分钟为宜<br>###体位::病人坐位或正卧位，手臂放平和心脏近同一体位，直腕，手心向上，手指微微弯曲，并在腕关节下面垫上脉枕，使寸口部分充分暴露伸展，气血畅通，便于诊察脉象<br>###选指::医生用左手按病人右手，右手按病人左手。医者在诊脉时应当选用左手或右手的食指、中指、无名指三个手指指目,布指-定位::先中指定关（桡骨茎突内面相对处），食指按寸，无名指按尺。以指目接触脉体<br>###布指-布指::布指疏密合适，与病人身高相适应；高长者疏，矮短者密。小儿寸口一般一指（拇指）定关<br>###运指-单按总按::总按：三指平布，同时用力；单按：分别用一指单按，体会其中一部脉象<br>###运指-举按寻::举：又叫浮取或轻取，用指轻按在皮肤；按：又叫沉取或重取，用指重按在筋骨间；寻：指力从轻到重，从重到轻，左右前后推寻，以寻找脉动最明显的特征
诊脉注意事项,中医诊断学::切诊::脉诊,1,时间::时间以清晨最佳，诊脉时保持环境安静。最佳诊脉时间为清晨（平旦），临床不拘泥于平旦，只要机体内外环境安静即可。每次诊脉时间，至少一分钟（候五十动）<br>###注意静心凝神(平息)::医师诊脉时要保持呼吸调匀，清心宁神，以自己的呼吸计算病人的脉率。平息目的：以息计脉，会神指下<br>###选择正确体位::病人取坐位或者仰卧位，伸臂直腕仰掌，与心脏保持同一水平,特点::诊脉三要素：安静环境、平息计脉、正确体位
脉象四要素,中医诊断学::切诊::脉诊,1,脉位::脉搏位置深浅<br>###脉数::脉搏的至数和节律<br>###脉形::脉形的粗细、长短、脉管的硬度及脉搏往来流利度<br>###脉势::脉搏力量的强弱与脉的硬度和流利度也密切相关,特点::四要素是分析脉象的基本框架
脉象八特征,中医诊断学::切诊::脉诊,1,脉位::脉动显现部位深浅，表浅为浮脉，深沉为沉脉<br>###至数::脉搏频率，一呼一吸为一息，一息五至以上为数脉，一息不足四至为迟脉<br>###脉长::脉动应指轴向长度，超过寸关尺三部为长脉，应指不及寸、尺，但见关部均称短脉<br>###脉力::脉搏的强弱，应指有力为实脉，无力为虚脉<br>###脉宽::手指感到脉道的粗细，脉道宽大为大脉，狭小为细脉<br>###流利度::脉搏来势的流利通畅程度，流利圆滑为滑脉，来势艰难为涩脉<br>###紧张度::脉管紧急或弛缓程度，脉管绷紧为弦脉，弛缓为缓脉<br>###均匀度::分两方面，一是脉动节律是否均匀，二是脉搏力度、大小是否一致,特点::八特征是脉象分析的具体维度
正常脉象,中医诊断学::切诊::脉诊,1,定义::寸关尺三部皆有脉，一息4~5至，不浮不沉，不大不小，不慢不快，从容和缓，柔和有力，节律一致，尺脉沉取有一定力量<br>###有神::[[柔和有力，节律整齐]]<br>###有胃::[[从容和缓，柔和流利]]<br>###有根::[[三部有脉，尺脉沉取有一定力量]],特点::正常脉象三要素：有神、有胃、有根
脉象生理变异,中医诊断学::切诊::脉诊,1,四季气候::春微弦，夏微洪，秋微浮，冬微沉<br>###地理环境::南方脉多细软或略数，北方脉多沉实<br>###性别::妇女脉象较男子濡弱而略快，妊娠期滑数而冲和<br>###年龄::年龄越小，脉搏越快，婴儿120次/分，五六岁90~110次/分，儿童脉象较软青壮年脉搏有力，老人脉多兼弦脉<br>###体格::身材高大脉长，矮小脉短，瘦人脉浮，肥人脉沉，运动员脉多缓而有力,情志::喜则脉缓，怒则脉急，惊则脉动<br>###劳逸::剧烈运动或远行，脉急疾，入睡，脉多迟缓，脑力劳动者脉弱于体力劳动者<br>###饮食::饭后，酒后脉多数而有力，饥饿脉稍缓而乏力<br>###其他特殊脉::斜飞脉：少数人脉不见寸口，而从尺部斜向手背；反关脉：脉出现寸口的背侧；六阴脉：六脉沉细等同，而无病象；六阳脉：六脉洪大等同，而无病象
浮脉类,中医诊断学::切诊::脉诊,1,浮::轻取即得，重按稍减而不空，举之有余，按之不足——[[表证]]（浮紧风寒；浮数风热，浮而无力虚人外感或邪盛正虚），虚阳浮越（久病体虚，浮而无力，散乱无根）；生理（瘦人，夏秋季）<br>###洪::脉体宽大而浮，充实有力，来盛去衰，状若波涛汹涌（浮大强）——[[阳明气分热盛]]（充实有力。伤寒阳明经证或温病气分证），亦主邪盛正衰（久病气虚，或虚劳、失血、久泄见之，无力无根，或见躁疾；为阴精耗竭，孤阳将欲外越）；生理（夏季）<br>###濡::浮细无力而软——[[虚证]]（浮软：气虚或阴虚不敛阳，细弱：精血阳气虚）或[[湿证]]（湿困脾胃）<br>###散::浮散无根，稍按则无，至数或脉力不齐——[[元气离散，脏腑精气衰败]]，尤其是心、肾之气将绝的危重病证,芤::浮大中空，势软，如按葱管——[[失血]]（血崩、呕血、外伤性大出血），[[伤阴]]（剧烈吐泻，津液大伤）<br>###革::浮而搏指，中空外坚，如按鼓皮——[[亡血、失精、半产、漏下]]（精气大亏，阳气外浮，为无胃气的真脏脉）
沉脉类,中医诊断学::切诊::脉诊,1,沉::轻取不应，重按始得，举之不足，按之有余——[[里证]]。有力为里实（气滞、血瘀、食积、痰饮），无力为里虚（气血虚阳虚，脏腑虚）。生理（肥人，冬季，六阴脉）<br>###伏::重按推筋着骨始得，甚则暂伏而不显——里证。[[邪闭]]（气闭、热闭、寒闭、痛闭、痰闭）、[[厥证、痛极]]<br>###牢::沉而实大弦长，坚牢不移——[[阴寒内盛、疝气、癥积]]（癥积肿块在血分，瘕聚疝气在气分）；失血、阴虚反见牢脉，属危重<br>###弱::沉细无力而软——[[阳气虚衰、气血两虚]]（久病正虚，见脉弱为顺；新病邪实，见脉弱为逆）,伏脉注意::伏而无力：久病气血虚损，阳气欲绝；正虚真气欲亡者，见卒中、昏迷、虚脱；两手脉涩伏，同时太溪与趺阳脉均不见者，属险证
迟脉类,中医诊断学::切诊::脉诊,1,迟::脉来迟慢，一息不足四至——[[寒证]]（实寒有力，阳虚无力），[[阳明腑实证：邪热结聚之里实热证]]（有力）；生理（运动员或入睡后）<br>###缓::一息四至，来去缓怠；从容和缓，不徐不疾——[[湿证(病)]]（怠慢不振，困缚），[[脾胃虚弱]]（怠缓无力）；正常人生理（平缓脉）；若有病转和缓，正气复病将愈<br>###涩::形细而行迟，往来艰涩不畅，如轻刀刮竹，脉势不匀——[[气滞、血瘀、痰食内停]]（有力属实）和[[精伤血少，津液耗伤]]（无力属虚）<br>###结::脉来缓慢，时有中止，止无定数——[[阴盛气结、寒痰血瘀、癥瘕积聚]]（有力，或气滞血瘀），亦可见于气血虚衰（无力）,特点::迟脉类以至数≤4为共同特征
数脉类,中医诊断学::切诊::脉诊,1,数::脉来急促，一息五六至——[[热证]]（实热有力，阴虚虚热细数无力），[[里虚证]]（无力，见气血虚；阳虚阴盛，逼阳上浮，或精血虚不敛阳；阴虚）。表里、寒热、虚实均见。生理（儿童婴儿，运动时及情绪激动、酒后）<br>###疾::脉来急疾，一息七八至——[[阳极阴竭]]（有力，外感热病热极），[[元气欲脱]]（无力，虚阳外越）；劳瘵（危候）；生理（剧烈运动，3岁以下小儿脉）<br>###促::脉来数而时有一止，止无定数——[[阳盛实热]]（有力）、[[气血痰食停滞]]（有力，气滞血瘀，痰饮，食积），肿痈，[[脏气衰败]]（无力）。正常人生理（情绪激动、过劳、酗酒、饮用浓茶偶见）<br>###动::脉形如豆，短而滑数有力，厥厥动摇，关部尤显——[[惊恐]]（气乱，气血运行乖违，脉行躁动不安）、[[疼痛]]（气结，阴阳不和，气血阻滞）,特点::数脉类以至数≥5为共同特征
虚脉类,中医诊断学::切诊::脉诊,1,虚::三部脉举之无力，按之空豁，应指松软——[[虚证]]，多为气血两虚；脏腑诸虚（阳虚迟而无力；阴虚细数无力）<br>###细::脉细如线，按之不绝，应指明显——[[虚证]]（细而软弱无力：气血两虚，诸虚劳损）或[[湿证]]（细缓）；温热病神昏谵语见细数脉，为热邪深入营血或邪陷心包；或生理（冬季）<br>###微::极细极软，按之欲绝，若有若无——[[气血大虚，阳气衰微]]（久病脉微，正气将绝，气血衰微；新病脉微，阳气暴脱，多见于心肾阳衰及暴脱，或久病元气大虚）<br>###代::脉来一止，止有定数，良久方还（迟而中止）——[[脏气衰微]]（无力），[[疼痛、惊恐、跌仆损伤]]（有力，气结、血瘀、痰凝）；风证，体质异常或妇女妊娠<br>###短::首尾俱短，不及三部（只显关部，多不显寸、尺部）——[[气虚]]（无力）或[[气滞/气郁]]（有力，气滞血瘀或痰凝食积所致）,特点::虚脉类以应指无力为共同特征
实脉类,中医诊断学::切诊::脉诊,1,实::三部脉举按均充实有力，其势来去皆盛，应指幅幅——[[实证]]（有力，若久病见实脉孤阳外脱，预后不良），平人生理（必兼和缓，无病证；或六阳脉）<br>###滑::往来流利，应指圆滑，如盘走珠——[[痰湿、食积和实热]]。平脉生理[滑利而和缓，青壮年。妇人妊娠（孕妇）]<br>###弦::端直以长，如按琴弦——[[肝胆病、疼痛、痰饮等]]，或胃气衰败（肝郁气滞，疟疾，寒热，疼痛，痰饮可见强硬而弦）<br>###长::首尾端直，超过本位——[[阳证、热证、实证]]（有力），平人生理（强壮者，老年人两尺脉长而滑实）<br>###紧::脉来绷急弹指，状如牵绳转索——[[实寒证]]（表浮里沉）、疼痛、食积<br>###大::脉体宽大，但无脉来汹涌之势（和缓、从容）——健康人（体魄健壮），或为[[病进]]（脉大数实为邪实，脉大无力为正虚）,弦脉补充::中气不足，肝木乘脾；或肝病及肾，阴虚阳亢可见脉弦缓或弦细；脉弦劲如循刀刃，为生气已败，病多难治；生理（春季、老年人）
脉象总结,中医诊断学::切诊::脉诊,1,脉位表浅::轻取即得：浮、洪、濡、散、革、芤<br>###脉位深沉::重按始得：沉、伏、弱、牢<br>###脉率偏慢(至数≤4)::迟、缓、涩、结<br>###脉率偏快(至数≥5)::数、疾、促、动<br>###应指无力::虚、细、微、代、短<br>###应指有力::实、滑、弦、长、紧、大<br>###节律不齐::促（快而止无定数）、结（慢而止无定数）、代（止有定数）、散,脉象意义总结::(1)正常人或生理变异：浮-夏秋季或消瘦；洪-夏季；沉-冬季、肥人、六阴脉；迟-运动员或入睡后；缓-正常人或运动员；数-儿童、婴儿、运动后；促-情绪激动；细-冬季；代-体质异常或妇女妊娠；实-正常人可兼和缓；滑-青壮年与孕妇；弦-春季、老年健康人；长-强壮者、老年人；大-健康人<br>###宿食脉象::紧脉、促脉、滑脉、涩脉、短脉、沉脉<br>###痰饮脉象::促脉、滑脉、弦脉、涩脉、结脉、短脉、伏脉、沉脉、代脉<br>###痛证脉象::动脉、紧脉、伏脉、代脉、弦脉、涩脉<br>###实证脉象::滑、结、紧、弦、长、伏脉<br>###虚证脉象::革、细、数、濡、代等<br>###气滞血瘀脉象::涩、结、促脉
相兼脉,中医诊断学::切诊::脉诊,1,概念::凡两种或两种以上的单因素脉相兼出现，复合构成的脉象即称为[[相兼脉]]或复合脉<br>###浮紧脉::多见于外感寒邪之表寒证，或风寒痹病疼痛<br>###浮缓脉::多见于风邪伤卫，营卫不和的[[太阳中风证]]<br>###浮数脉::多见于风热袭表的表热证<br>###浮滑脉::多见于表证夹痰或主风痰，常见于素体多痰湿而又感受外邪者<br>###沉迟脉::多见于里寒证，常见于脾胃阳虚，阴寒凝滞的病证<br>###沉弦脉::多见于肝郁气滞，或水饮内停,沉涩脉::多见于血瘀，尤常见于阳虚而寒凝血瘀者<br>###沉缓脉::多见于脾虚，水湿停留<br>###沉细脉::多见于阴虚或血虚<br>###沉细数脉::多见于阴虚内热或血虚<br>###弦紧脉::多见于寒证、痛证，常见于寒滞肝脉，或肝郁气滞等所致疼痛等<br>###弦数脉::多见于肝郁化火或肝胆湿热、肝阳上亢<br>###弦滑脉::多见肝郁夹痰、风阳上扰或痰热内停等<br>###弦滑数脉::多见于肝火夹痰、肝胆湿热，或肝阳上扰、痰火内蕴等病证<br>###弦细脉::多见于肝肾阴虚，或血虚肝郁，或肝郁脾虚等证<br>###滑数脉::多见于痰热[火]、湿热，或食积内热/食积化热。亦可见于妇人妊娠<br>###洪数脉::多见于阳明经证、气分热盛，多见于外感热病<br>###细数脉::多见于阴虚火旺<br>###弦细数脉::多见于肝肾阴虚
脉症顺逆与从舍,中医诊断学::切诊::脉诊,1,脉症顺逆::指脉与症的相应与不相应，判断病情的顺逆<br>###顺::脉症相一致。暴病脉浮、洪、数、实；[[久病脉沉、细、微、弱]]<br>###逆::脉症不一致。[[新病脉反沉、细、微、弱，久病反浮、洪、数、实]]<br>###舍脉从症::不一致时，一方反映疾病本质，另一方则是与本质不一致的假象。症真脉假：腹胀疼痛拒按，大便燥结，而脉迟细<br>###舍症从脉::症假脉真：伤寒热闭于里见四肢厥冷，而脉滑数,古籍脉象::《景岳全书》16种；《脉经》24种；《濒湖脉学》27种；《诊家正眼》28种；《诊宗三昧》32种<br>###诊妇人脉::左关、尺脉忽洪大于右手，口不苦，身不热，腹不胀，是月经将至<br>###诊妊娠脉::妇人婚后，平时月经正常，而突然停经，脉来滑数冲和，兼有饮食异于平常，嗜酸或呕吐等<br>###诊小儿脉::一指定三关（一指总候三部）。一般切小儿脉，主要诊浮沉、迟数、强弱、缓急等
按诊概述与按虚里,中医诊断学::切诊::按诊,1,按诊内容::包括按[[胸胁、脘腹、肌肤、手足及腧穴]]等<br>###虚里定义::虚里为心尖搏动处，诸脉之所宗<br>###虚里意义::按虚里可知[[宗气之强弱]]、疾病之虚实、预后之吉凶<br>###正常::惊恐、大怒、剧烈活动后虚里动高，休息后可缓解或肥胖者虚里搏动不明显<br>###搏动不甚明显，仅按之应手::平人<br>###按之动微而弱者::[[宗气内虚]]<br>###动而应衣太过::[[宗气外泄]],心阳不足::搏动迟缓或久病体虚而动数者<br>###心气衰绝证属病危候::按之弹手，洪大而搏或绝而不应<br>###心肺气绝::胸高而喘，虚里搏动散漫而数者<br>###危候::孕妇胎前产后虚里动高
按胸胁,中医诊断学::切诊::按诊,1,胸廓-前胸高起，按之气喘::[[肺胀]]<br>###胸廓-叩之膨膨然，其音清者::[[气胸]]<br>###胸廓-按之胸痛，叩之音实者::[[热邪壅肺或饮停胸膈]]<br>###胸廓-局部青紫肿胀而拒按::[[胸部外伤]]<br>###乳房-局部有压痛，伴红肿、灼热::[[乳痈]]<br>###乳房-有形如鸡卵的硬结肿块，边界清楚，表面光滑，推之活动而不痛::[[乳核]],乳癖::多发性，扁平形或呈串珠结节，大小不一，质韧不硬，与周围组织界限不清，病程较长，发展缓慢<br>###乳癌::肿块迅速变大，质地变硬，形状不规则，高低不平，边界不清。腋窝可扪及肿块，有血性分泌物从乳头溢出<br>###按胁部::胁痛喜按——肝虚；胁痛拒按，每遇咳嗽转体加重——悬饮；右胁胀痛，摸之有热感，手不可按者——肝痈；胁下肿块，刺痛拒按——血瘀；右胁下肿块按之表面凹凸不平——肝癌；疟疾后左胁下触及痞块，按之硬者——疟母
按脘腹,中医诊断学::切诊::按诊,1,脘腹定义::心下（剑突）至毛际（耻骨联合）的体表部位<br>###脘腹凉热-腕腹冷，喜暖手按抚者::属寒<br>###脘腹凉热-腕腹灼热，喜冷恶按放者::属热<br>###脘腹胀满-按之下手饱满充实而有弹性、有压痛::多实满<br>###脘腹胀满-腹部虽膨隆，但按之下手虚软而缺乏弹性，无压痛::多虚满<br>###脘腹胀满-腹部高度胀大，如鼓之状::[[鼓胀]],脘腹痞满::自觉心下或胃脘部痞塞不适和胀满。按之较硬而疼痛者——实证：邪实积聚胃；按之濡软而不痛者——虚证：胃腑虚弱<br>###脘腹肿块::推之可移，或痛无定处，聚散不定者——瘕聚，病属气分；肿块痛有定处，推之不移——癥积，病属血分；大者——病多深；生长迅速者——多预后不良；形态不规则，表面或边缘不光滑者——属危重证<br>###脘腹疼痛::左少腹作痛，按之累累有硬块者——为肠中有宿便；右少腹剧痛，按之痛甚，有包块应手者——多为肠痈<br>###腹部虫块::三大特征：1.形如筋结，久按之肿块移动；2.指下如蚯蚓蠢动；3.腹壁凹凸不平，按之起伏聚散，往来不定
按肌肤,中医诊断学::切诊::按诊,1,寒-肌肤寒冷::阳气衰少<br>###寒-肌寒大汗淋漓、面色苍白、脉微欲绝::[[亡阳之征]]<br>###热-肌肤灼热::阳热炽盛<br>###热-汗出如油，四肢肌肤尚温而脉躁疾无力者::[[亡阴之证]]<br>###热-身灼热而肢厥者::属[[真热假寒证]]<br>###身热初按热甚-久按转轻者::在表<br>###身热初按热甚-久按热愈者::在里,润燥滑涩::皮肤湿润——为有汗；皮肤干燥——为无汗或津液不足；肌肤滑润——气血充盛；肌肤枯涩——气血不足；肌肤甲错——瘀血日久，血虚不荣，或伤阴或内有干血<br>###肿胀::手按凹陷，不能即起者——水肿；手按凹陷，皮肤粗厚，举手即起，按之无压痕——气肿
按肌肤-疮疡与尺肤,中医诊断学::切诊::按诊,1,疮疡-按之肿硬而不热，根盘平塌漫肿者::阴证<br>###疮疡-红肿灼手，根盘紧束::阳证<br>###脓-按之硬而热不甚::无脓<br>###脓-按之边硬顶软而有波动感而热甚者::有脓<br>###脓-轻按即痛者::脓在浅表<br>###脓-重痛者::脓在深部<br>###脓-按之陷而不起者::脓未成<br>###脓-按之有波动感::脓已成,尺肤::通过触摸患者肘部内侧至掌后横纹处之间的皮肤，了解虚实寒热性质的诊察方法。尺肤粗糙如枯鱼之鳞者，多为精血不足，或瘀血内阻，肌肤失养所致，亦可是脾阳虚衰，水饮不化之痰饮病。尺肤热甚，见于外感疾病时，多属温热证
按腧穴,中医诊断学::切诊::按诊,1,概念::要注意穴位上是否有结节或条索状物，有无压痛或其他敏感反应<br>###肺病::中府、肺俞、太渊<br>###肝病::期门、肝俞、太冲<br>###心病::巨阙、膻中、大陵<br>###脾病::章门、太白、脾俞<br>###肾病::气海、太溪,大肠病::天枢、大肠俞<br>###胆病::日月、胆俞<br>###小肠病::关元<br>###胃病::胃俞、足三里<br>###膀胱病::中极
按手足,中医诊断学::切诊::按诊,1,寒热虚实::按手足主要是为了探明寒热。一般来说手足俱冷的是阳虚阴盛，属寒。手足俱热的，多为阳盛或阴虚，属热<br>###四肢厥冷::若为阳虚，多病情深重，甚则亡阳，另亦可见于[[真热假寒之证]]<br>###表里鉴别::手足背热甚者，多为外感发热。手足心热甚者，多为内伤发热。额上热甚于手心热者，为表热；手心热甚于额上热的，为里热,顺逆::热证反见手足逆冷者——多为逆候，提示病情危重。阳虚之证四肢犹温——阳气尚存，病虽重尚可治；四肢厥冷——多预后不良<br>###小儿::指尖逆冷——惊厥；中指独热——外感风寒；中指指尖独冷——麻疹将发之兆
八纲辨证概述,中医诊断学::八纲辨证,1,定义::阴阳是辨别病证属性的两个纲领，是八纲中的总纲<br>###八纲::表、里、寒、热、虚、实、阴、阳,考纲要点::1.阴阳（阴证和阳证、阴虚证和阳虚证、亡阴证和亡阳证）；2.表里（表证、里证、半表半里证、表里同病、表里出入）；3.寒热（寒证和热证、寒热转化、寒热错杂、寒热真假）；4.虚实（虚证和实证、虚实转化、虚实错杂、虚实真假）
阴证与阳证,中医诊断学::八纲辨证::阴阳,1,阴证包括::里、寒、虚<br>###阴证表现::[[里寒]]形寒肢冷，口淡不渴，大便溏薄腥臭，小便清长；[[虚]]精神萎靡，倦怠乏力，语声低怯，纳差；[[舌脉]]舌淡胖嫩，苔白滑，脉沉迟或细或微弱<br>###阳证包括::表、热、实<br>###阳证表现::[[表]]恶寒发热，脉浮；[[热]]壮热，肌肤灼热，面红烦躁，口干渴，小便短赤；[[实]]声高气粗，喘促痰鸣，大便秘结奇臭；[[舌脉]]舌红绛，苔黄黑，脉洪大滑数,鉴别要点::凡见抑制、沉静、衰退、晦暗等表现的里证、寒证、虚证，以及症状表现于内的、向下的、不易发现的，或病邪性质为阴邪致病、病情变化较慢的，均属阴证范畴；凡见兴奋、躁动、亢进、明亮等表现的表证、热证、实证，以及症状表现于外的、向上的、容易发现的，或病邪性质为阳邪致病、病情变化较快等，均属于阳证范畴
阴虚证与阳虚证,中医诊断学::八纲辨证::阴阳,1,阴虚证(虚热)概念::阴虚不能制阳的[[虚热证]]<br>###阴虚证成因::热病伤阴；五志过极；过服温燥之品；房劳太过；久病暗耗；衰老<br>###阴虚证表现::[[不润]]口咽干燥，形体消瘦；[[虚热]]潮热盗汗，五心烦热，两颧潮红；[[二便]]小便短赤，大便干结；[[舌脉]]舌红少津少苔，脉细数<br>###阳虚证(虚寒)概念::阳虚不能制阴的[[虚寒证]]<br>###阳虚证成因::久病体弱；久居寒冷之处；过服寒凉；过度劳倦；年老命门火衰；气虚进一步发展,阳虚证表现::[[不化]]口淡不渴，渴喜热饮；[[不温]]畏寒肢冷（形寒肢冷是阳虚证典型表现）；[[不固]]自汗；[[水泛]]面色㿠白（面色苍白）；[[无力]]神疲乏力、少气懒言；[[二便]]大便溏薄，小便清长；[[舌脉]]舌淡胖嫩，苔白滑，脉沉迟无力<br>###阴虚辨证要点::潮热盗汗，五心烦热，颧红，咽干口燥，舌红少苔，脉细数<br>###阳虚辨证要点::畏寒肢冷，小便清长，面㿠白与气虚症状（如神疲乏力）共见，舌淡，脉沉迟无力
亡阴证与亡阳证,中医诊断学::八纲辨证::阴阳,1,亡阴证概念::阴液严重耗损而欲竭所表现的[[危重证候]]<br>###亡阴证成因::久病阴亏；高热不退，大汗不止；剧烈吐泻；严重烧伤；失血过多等<br>###亡阴证表现::[[热炽]]汗出而黏，如珠如油；[[虚火]]面赤，肢温身热，烦躁；[[浮越]]呼吸急促；[[津亡]]口渴欲饮；[[不润]]目眶凹陷，皮肤皱瘪，唇焦，舌干瘦；[[舌脉]]舌红，脉细数疾无力<br>###亡阳证概念::体内阳气极度衰微而欲脱所表现的[[危重证候]]<br>###亡阳证成因::阳气虚衰恶化；阴寒极盛；大汗；剧烈吐泻；大出血；中毒、外伤、痰瘀闭窍导致阳气暴脱<br>###亡阳证表现::[[不温固]]冷汗淋漓，汗质稀淡，四肢厥冷，肌肤不温；[[血不行]]面白；[[动弱]]呼吸微弱；[[虚寒]]口不渴或渴喜热饮；[[神虚]]表情淡漠；[[舌脉]]舌淡润，脉微欲绝,亡阴辨证要点::汗出如油，身热烦渴，面赤唇焦，脉细数疾无力<br>###亡阳辨证要点::冷汗淋漓，四肢厥冷，面色苍白，脉微欲绝<br>###鉴别要点::一般突然出现大汗淋漓，往往是亡阳亡阴先兆，注意从汗质（黏油/稀冷）、身温（热/凉）、肢温（温暖/厥冷）、面色（红/白）、口渴（凉饮/热饮）、气息（粗/微）、舌脉鉴别
表证、里证、半表半里证,中医诊断学::八纲辨证::表里,1,表里定义::表里是辨别病变部位内外浅深和病势趋向的两个纲领。（主要辨别病位的深浅、外感与内伤）<br>###表证概念::六淫、疫疠等邪气经皮毛、口鼻侵犯人体肌表所表现的轻浅证候。主要见于外感病初期。特点：起病急、病程短<br>###表证表现::[[遏卫]]发热、恶风寒；[[邪滞]]头身疼痛；[[肺窍]]鼻塞流涕，喷嚏，咽痒痛，咳嗽；[[舌脉]]舌苔薄白，脉浮<br>###里证概念::病位在内，由脏腑、气血、骨髓等受病所表现的证候。多见于外感病中后期或内伤杂病。特点：病位深、病情重、病程长<br>###半表半里证概念::外邪由表内传而尚未入里，或里邪透表尚未达表，邪正相搏于表里之间。六经中称为[[少阳证]]<br>###半表半里证表现::寒热往来，胸胁苦满，心烦喜呕，默默不欲饮食，口苦咽干，目眩，脉弦,表里鉴别::鉴别表里证，主要观察寒热表现、脏腑症状突出与否、舌脉变化，此外还需结合起病缓急、病情轻重、病程长短等（最主要是有无恶寒发热）<br>###里证成因::外邪内传入里；外邪直接侵犯脏腑；情志内伤、饮食劳倦导致脏腑失调、气血逆乱
表里同病,中医诊断学::八纲辨证::表里,1,表里俱寒::[[表寒]]恶寒发热，头痛身痛；[[里寒]]肢冷蜷卧，腹痛腹泻；[[舌]]舌淡苔白——1.脏腑里寒，复感表寒；2.外感寒邪而内伤饮食生冷<br>###表里俱热::[[表热]]发热微恶寒，头痛咽痛；[[里热]]口渴心烦，失眠便秘尿黄；[[舌]]舌红苔黄燥起芒刺、脉数——素有内热，外感风热<br>###表寒里热::[[表寒]]恶寒发热，无汗，头痛身痛；[[里热]]烦躁，口渴；[[舌脉]]苔薄黄，脉浮紧——1.表寒未解，邪已传里化热；2.本有热证，又外感寒邪<br>###表热里寒::[[表热]]发热微恶寒，头痛，咽痛；[[里寒]]腹隐痛，大便溏泄，小便清长；[[舌]]舌尖红——1.表热误治，伤阳表热未解；2.素有里寒，又外感风热<br>###表里俱实::[[表实]]恶寒发热，咽喉不利，头痛；[[里实]]眩晕，口苦口干，大便秘结，小便短黄；[[舌脉]]苔黄腻脉滑实有力或洪数——体内素有痰瘀宿食等邪气，复感外邪,表里俱虚::[[表虚]]自汗恶风，鼻塞流涕；[[里虚]]眩晕心悸，食少便溏，神疲乏力；[[脉]]脉虚浮——脏腑虚弱，又卫虚伤风<br>###表虚里实::[[表虚]]自汗恶风，鼻塞喷嚏；[[里实]]脘腹胀痛拒按，喘急痰涌，尿少便秘；[[舌脉]]舌淡暗苔厚脉弱——素有痰瘀宿食，又卫虚伤风<br>###表实里虚::[[表实]]恶寒发热，无汗身痛；[[里虚]]食少便溏，气短懒言，神疲乏力；[[舌脉]]舌淡脉弱——1.素体虚复感外邪；2.表实误用攻下
表里出入,中医诊断学::八纲辨证::表里,1,表邪入里::如先恶寒发热脉浮，后恶寒自罢，出现不恶寒但发热，口渴，舌红苔黄，脉数（表邪入里化热）——（外感病早中期）表明由浅入深，由轻转重<br>###里邪出表::如麻疹患儿疹出烦热喘咳消除，汗出热解——邪有出路，病情好转,特点::表邪入里为病情加重，里邪出表为病情好转
寒证与热证,中医诊断学::八纲辨证::寒热,1,寒热定义::寒热是辨别疾病性质的两个纲领<br>###寒证概念::感受阴寒邪气，或阳虚阴盛，人体功能活动减退导致寒象表现为主的证候<br>###寒证成因::外感阴寒；久病伤阳；过服生冷<br>###寒证表现::[[不温]]形寒肢冷，蜷卧喜暖，面色淡白；[[津可]]口淡不渴/渴喜热饮；[[清冷]]痰涎涕等清稀；[[二便]]小便清长，大便稀溏；[[舌脉]]舌淡苔白润，脉迟或紧<br>###热证概念::感受火热之邪，或阴虚阳亢，人体的功能活动亢进所导致的以热象表现为主的一类证候<br>###热证成因::外感火热；寒邪化热入里；七情郁而化热；饮食不节，积蓄为热或过食辛辣温热；房劳伤精<br>###热证表现::[[热盛]]恶热喜冷，面红目赤；[[心神]]烦躁不宁；[[伤津]]口渴喜冷饮；[[煎津]]痰涕黄稠；[[二便]]小便短赤，大便燥结；[[出血]]吐血，衄血；[[舌脉]]舌红苔黄，脉数,寒证要点::恶寒喜暖，口淡不渴，排出物清稀，舌淡苔白润，脉迟或紧<br>###热证要点::恶热喜冷，口渴，排出物稠浊，舌红苔黄而干，脉数
寒热错杂,中医诊断学::八纲辨证::寒热,1,表寒里热::[[表寒]]恶寒发热，无汗，头痛身痛；[[里热]]烦躁，口渴；[[舌脉]]苔薄黄，脉浮紧——1.表寒未解，邪已传里化热；2.本有热证，又外感寒邪<br>###表热里寒::[[表热]]发热微恶寒，头痛，咽痛；[[里寒]]腹隐痛，大便溏泄，小便清长；[[舌]]舌尖红——1.表热误治，伤阳表热未解；2.素有里寒，又外感风热<br>###上热下寒::[[上热]]胸中烦热，频欲呕吐，咽痛口干；[[下寒]]腹冷痛喜暖，大便溏泻——阳盛于上，阴盛于下<br>###上寒下热::[[上寒]]胃脘冷痛，呕吐清涎；[[下热]]尿频尿急尿痛，小便短赤——阴盛于上，阳盛于下,特点::寒热错杂需辨别上下表里不同部位的寒热性质
寒热转化,中医诊断学::八纲辨证::寒热,1,寒证化热::如寒湿侵犯脾胃旺者中焦，寒湿转化为燥热之邪；如哮病痰白稀薄，久之痰黄稠，舌红苔黄——1.治疗不当，过用温燥；2.阳盛受寒（寒证消失）<br>###热证转寒::如高热病人，汗吐泄太过，出现体温骤降，四肢厥冷，脉微欲绝的亡阳证。如热痢久不愈转为虚寒痢——1.失治误治损伤阳气；2.邪盛伤正，正不胜邪（热证消失）,特点::寒热转化反映疾病动态变化过程
寒热真假,中医诊断学::八纲辨证::寒热,1,真寒假热-真寒::[[四肢厥冷]]，胸腹欠温，下利清谷，小便清长，舌淡苔白<br>###真寒假热-假热::身热，反欲盖衣被；面赤，但颧红如妆，游移不定；口渴，但不欲饮或不多饮或喜热饮；自感烦热，胸腹无灼热，下肢厥冷；咽喉痛不红肿；脉大，按之无力<br>###真寒假热-病机::[[阴盛格阳证]]阴寒极盛，格阳于外，阴阳格拒；元阳衰极，阳不制阴，迫浮阳外越[[戴阳证]]<br>###真热假寒-真热::[[高热恶热不恶寒，胸腹灼热，烦渴饮冷，口鼻气热，咽干口臭，甚则昏谵，小便短赤，大便燥结或热痢下重]]，舌红苔黄干，脉沉数有力<br>###真热假寒-假寒::四肢厥冷，但不恶寒反恶热，且胸腹必灼热；脉沉迟或滑，重按有力<br>###真热假寒-病机::[[阳盛格阴证]]里热炽盛，阳气郁闭于里不能外达（热深厥亦深）,鉴别方法::如何判断寒热真假：了解疾病发展全过程，真象贯穿始终；假象多出现在四肢、肌肤、和面色，辨证时应当以胸腹、二便、舌脉等方面作为诊断的依据；区别假象、真象的不同<br>###关键::小便清与黄，胸腹是否灼热（肢厥、面红等表面、外周症状多为假象）
虚证与实证,中医诊断学::八纲辨证::虚实,1,虚实定义::虚实是辨别邪正盛衰的两个纲领，也是疾病最基本的病理性质之一。虚证与实证反映疾病发展过程中正气和邪气的盛衰变化及力量对比<br>###虚证概念::人体正气不足所表现的一类证候。表现：不足、松弛、衰退。多见：慢性疾病或疾病后期，病程长<br>###虚证成因::先天不足；后天失调（饮食失宜、七情劳倦、房劳过度，失治误治）<br>###虚证表现::包括阴阳、气血、津液、精髓及脏腑虚损<br>###实证概念::邪气亢盛所表现的一类证候。表现：有余、亢盛、停聚<br>###实证成因::外邪及虫毒入侵，邪正斗争；脏腑功能失调，导致痰饮、水湿、瘀血等病理产物停留体内<br>###实证表现::外：风寒暑湿燥火、疫毒。内：痰饮水湿、气滞、瘀血、食积、虫积、脓毒,虚证鉴别::形虚、精神萎靡、语声低怯、疼痛喜按、舌淡嫩少苔无苔、脉无力、病程长<br>###实证鉴别::形强、精神亢奋、语声高亢、疼痛拒按、舌苍老苔厚腻、脉有力、病程短
虚实错杂,中医诊断学::八纲辨证::虚实,1,病位错杂::表实里虚，表虚里实，上实下虚，上虚下实<br>###邪正错杂::实中夹虚，虚中夹实，虚实并重<br>###辨证关键::分清虚实先后、轻重、缓急<br>###实中夹虚::外感伤寒，经汗吐下后，心下痞硬，噫气不除——邪实为主，正虚为次<br>###虚中夹实::温热病后期，见低热不退，口干耳鸣，舌红绛，脉虚数——正虚为主，邪实为次<br>###虚实并重::小儿疳积大便稀溏，完谷不化，腹部膨大，形瘦骨立，午后烦躁，贪食不厌，苔厚浊，脉细稍弦——正虚与邪实均明显,特点::虚实错杂需分清虚实的主次关系
虚实转化与虚实真假,中医诊断学::八纲辨证::虚实,1,实证转虚::高热咳喘，吐黄稠痰，胸痛，舌红苔黄，脉滑数（里实热）日久不愈→咳喘无力，呼多吸少，动则喘甚，少气懒言，面白神疲，舌淡脉弱（虚）[[实证消失]]——先有实证，后出现虚证，实证消失<br>###虚证转实::临床多见是因虚致实，实质上是虚证转化为虚实夹杂证，或本虚标实证。如阳虚水停、脾虚生湿、阴虚便秘、气虚血瘀——正气不足，脏腑机能衰退等原因，致气血阻滞、病理产物堆积<br>###真虚假实（至虚有盛候）::[真虚]胸腹部柔软喜按，神疲乏力，气短懒言，舌淡脉弱；[假实]腹胀满（按之痛减、柔软），气喘（气短息弱），脉弦（重按无力）——脏腑虚衰，气血不足，运化无力，气机不畅<br>###真实假虚（大实有羸状）::[真实]声高息粗，胸腹硬满或疼痛拒按，二便不利，脉有力；[假虚]神情默默，懒言（声高有力，呼吸气粗），泻下稀水黑便（泻后反快），倦怠乏力（动之觉舒），脉沉细（有力）——热结胃肠、痰湿壅滞、痰热内闭、湿热内蕴、瘀血等导致经脉阻滞，气血不通,辨证要点::脉象有力无力，有神无神；舌质淡嫩与苍老，舌苔厚腻与薄少；胀痛程度、久暂和是否拒按；语声的洪亮与低怯；结合病人体质的强弱，发病原因，病的新久及治疗经过等
八纲综合-寒热与表里关系,中医诊断学::八纲辨证,1,表寒证::恶寒重，发热轻，头身疼痛，无汗，苔薄白润，脉浮紧<br>###表热证::发热，微恶风寒，头痛，口干微渴，或有汗，舌边尖红赤，脉浮数<br>###里寒证::形肢厥冷，面色㿠白，口淡不渴，或渴喜热饮，静而少言，小便清长，大便稀溏，舌淡苔白润，脉沉迟<br>###里热证::面红身热，口烦渴，喜饮冷水，烦躁多言，小便黄赤，大便干结，舌红苔黄，脉数,特点::寒热与表里组合形成表寒、表热、里寒、里热四种基本证型
八纲综合-虚实与表里寒热关系,中医诊断学::八纲辨证,1,表虚证::①外感表虚：感受风邪而致的表证，见头痛项强，发热汗出，恶风，脉浮缓；②内伤表虚：此为肺脾气虚，卫气不能固秘，肌表疏松，经常自汗，易被外邪侵袭的表虚，症见平时常易自汗出，容易感冒，兼有面色淡白，短气，动则气喘，倦怠乏力，纳少便溏，舌淡苔白，脉细弱等气虚表现<br>###表实证::除表证症状外，以无汗，头身疼痛，脉浮紧为特点，多见于外感寒邪的表寒证<br>###里虚证::内容较多，各脏腑经络，阴阳气血的亏虚都属于里虚。若按寒热划分，可分为虚寒证、虚热证<br>###里实证::内容较多，不但有脏腑经络之分，而且还有各种不同邪气之别。里实证若按寒热划分，分为实寒证、实热证大类,虚寒证::精神不振，面色淡白，畏寒肢冷，腹痛喜暖，大便溏薄，小便清长，少气乏力，舌质淡嫩，脉微或沉迟无力<br>###虚热证::两颧红赤，形体消瘦，潮热盗汗，五心烦热，咽干口燥，舌红少苔，脉细数<br>###实寒证::畏寒喜暖，面色苍白，四肢欠温，腹痛拒按，肠鸣腹泻，或痰鸣哮喘，口淡多涎，小便清长，舌苔白润，脉迟或紧<br>###实热证::壮热喜冷，口渴饮冷，面红目赤，烦躁或神昏谵语，腹胀满痛拒按，大便秘结，小便短赤，舌红黄苔而干，脉洪滑数实
气滞血瘀,中医诊断学::气血津液辨证::气病辨证,1,概念::气机郁滞导致血行瘀阻的证候，气滞→血瘀<br>###气滞表现::局部（胸胁、脘腹）胀闷疼痛，或走窜痛；或有情志抑郁，急躁易怒<br>###血瘀表现::甚或刺痛，疼痛固定、拒按；或有肿块坚硬，局部青紫肿胀；或有面色紫暗，皮肤青筋暴露<br>###妇女表现::经行不畅，经色紫暗或夹血块，经闭或痛经<br>###舌脉::舌质紫暗或有紫斑、紫点，脉弦或涩,辨证要点::胸胁胀满、刺痛，情志抑郁或易怒
气虚血瘀,中医诊断学::气血津液辨证::气病辨证,1,概念::气虚运血无力导致血行瘀滞，气虚→血瘀<br>###气虚表现::面色淡白，倦怠乏力，少气懒言<br>###血瘀表现::或面色暗滞或青灰；局部青紫，肿块质硬；胸胁或其他部位疼痛如刺，痛处固定不移、拒按<br>###舌脉::舌淡暗或淡紫或有紫斑、紫点，脉涩或细涩无力,辨证要点::神疲乏力，少气，局部刺痛，舌淡紫，脉无力
气血两虚,中医诊断学::气血津液辨证::气病辨证,1,概念::气虚和血虚同时存在，气虚＋血虚<br>###气虚表现::神疲乏力，少气懒言；卫外不固→自汗<br>###血虚表现::头晕目眩，面色淡白或萎黄，口唇、眼睑淡白；心悸失眠多梦；形体消瘦，肢体麻木，爪甲颜色淡白；月经量少色淡，愆期甚或闭经<br>###舌脉::舌质淡白，脉弱或虚，或细无力,辨证要点::面色淡白或萎黄，神疲乏力，头晕心悸多梦，舌淡脉无力
气不摄血,中医诊断学::气血津液辨证::气病辨证,1,概念::气虚不能统摄血液导致出血，气虚→出血<br>###出血表现::鼻衄、齿衄、皮下紫斑（肌衄）、吐血、便血、尿血、月经过多、崩漏等<br>###气虚表现::神疲乏力，少气懒言<br>###失血表现::面色淡白无华，头晕心悸失眠<br>###舌脉::舌淡白嫩，脉弱,辨证要点::出血同时又有神疲乏力，动则加剧等气虚症
气随血脱,中医诊断学::气血津液辨证::气病辨证,1,概念::大量失血引起气暴脱，出血→气脱<br>###成因::外伤失血、异位妊娠破裂、产后大失血、妇女血崩等<br>###血亡气脱::大量出血的同时，突然面色苍白<br>###气脱表现::气少息微，大汗淋漓<br>###津随气泄::手足厥冷<br>###神随气散::神情淡漠（或精神萎靡），甚至晕厥<br>###舌脉::舌淡，脉微或芤或散（或脉微细欲绝，或浮大而散）,辨证要点::大出血的同时，有神情淡漠，面色苍白，脉微，气少息微等症状
津液不足,中医诊断学::气血津液辨证::津液辨证,1,概念::体内津液不足，脏腑、组织、官窍失养（肺胃肠），属阴虚范畴<br>###成因::大汗、大吐、大泻、高热、烧伤等，使津液耗损过多；外界气候干燥，或体内阳气偏亢，使津液耗损；饮水过少，或脏气虚衰，使津液生成不足<br>###伤津表现::口鼻唇咽干燥，皮肤干燥或皴裂；小便短黄，大便干结；口渴喜饮；神疲乏力<br>###脱液表现::目眶深陷入，皮肤枯瘪，少尿无尿；烦躁不宁；舌红瘦，少苔或无苔，脉细数或疾,辨证要点::肌肤、口唇舌咽干燥及尿少
痰证,中医诊断学::气血津液辨证::津液辨证,1,概念::痰：稠浊黏腻，流动性小，难消散，可停聚任何部位（肺脾肾）<br>###有形之痰::如痰涎、痰物；无形之痰根据特定症状或体征进行推断<br>###痰阻于肺::咳嗽，气喘，咯痰，痰黏稠，喉中痰鸣（肺气上逆），胸闷不舒（肺气不利）<br>###痰滞于胃::脘痞纳呆（胃失和降），恶心呕吐痰涎（胃气上逆），头晕目眩（胃气为痰所阻，清阳不升，或痰蒙清窍）<br>###痰迷心窍::神昏、神乱，见癫证（多为痰浊）、狂证（多为痰火），喉中大多有痰声，痴呆，痫证<br>###痰停经络::肢体麻木，半身不遂，舌强言謇<br>###痰停皮下、肌肉::在颈多见瘰疬，气瘿，在肢体多见痰核，在乳房多见乳癖，在咽喉多见梅核气<br>###痰泛于肌肤::肥人多痰湿，见形体肥胖<br>###舌脉::舌苔多腻，白腻为痰湿，黄腻为痰火；脉滑,辨证要点::咳吐痰涎，或喉中痰鸣，包块，或神昏癫狂，苔腻，脉滑
饮证与水停,中医诊断学::气血津液辨证::津液辨证,1,饮证概念::体内津液停聚所形成的较为清稀而易流动的病理产物（肺心胃肠胸胁）<br>###痰饮——胃肠::脘痞腹胀，呕吐清水，肠鸣辘辘，胃中振水音，大便泄泻<br>###悬饮——胸胁::胸胁饱满胀痛，咳唾，转侧加剧<br>###支饮——胸膈（心肺）::胸闷心悸，倚息不能平卧，咳痰色白量多清稀，气喘息涌，张口抬肩，不能平卧，胸膈满闷，或伴哮鸣音<br>###溢饮——肌肤::身体、肢节疼重，甚则浮肿水肿<br>###饮停于肺::则见胸部紧闷，咳吐清稀痰涎，或喉间哮鸣有声<br>###水停概念::体内津液停聚形成最清稀流动性大的病理产物（肺脾肾）<br>###水停证::水溢肌肤引起肢体浮肿，小便不利的证候<br>###阳水——实::外感风邪或水湿浸淫；先见眼睑、颜面，迅而全身；恶寒发热、头身疼痛、咽痛、脉浮；舌红或淡暗，苔薄白，脉浮紧或数<br>###阴水——虚::劳倦内伤或正气久虚（脾肾阳虚，或房事不节）；先见足胫、下肢，继而全身，腰以下甚；神疲乏力，畏寒肢冷，面色㿠白；舌淡胖苔白滑，脉沉迟无力,辨证要点::饮证以舌淡胖苔白滑及脘痞腹胀，呕吐肠鸣；或胸胁饱满胀痛，咳唾，转侧加剧；或胸闷心悸，咳喘痰多<br>###水停辨证要点::水肿＋小便不利；阳水急速，头面起，上半身甚；阴水缓徐，足部起，腰以下甚
内湿,中医诊断学::气血津液辨证::津液辨证,1,概念::内生湿邪，特点：弥漫三焦（脾肺肾）<br>###最常见::湿阻中焦，脾虚湿困<br>###中焦表现::脘痞腹胀，呕恶，食少，便溏不爽<br>###阴窍表现::白带量多<br>###经脉表现::思睡，肢体困重<br>###特点::病势缠绵病程长<br>###舌脉::舌苔白腻，脉濡或缓,辨证要点::脘痞腹胀，呕恶纳呆，便溏不爽及苔白脉濡
心病概述与心气虚,中医诊断学::脏腑辨证::心与小肠病证,1,心病概念::心主血脉与心主神明功能异常<br>###心病症状::心悸怔忡心痛；心烦失眠多梦，甚神昏谵语，神志错乱；口舌生疮；脉结代或促<br>###小肠症状::小便赤涩，尿道灼痛<br>###心气虚概念::心气不足，鼓动无力<br>###心气虚成因::久病体虚；先天不足；年老虚衰；暴病<br>###心气虚表现::【心病】心悸怔忡，胸闷；【气虚】气短、自汗（动则加剧）；【神】神疲乏力；【面】面色淡白；【舌脉】舌淡苔白，脉弱或脉虚,辨证要点::心悸怔忡，胸闷气短＋气虚
心阳虚,中医诊断学::脏腑辨证::心与小肠病证,1,概念::心阳虚衰，温运无力，虚寒内生<br>###成因::气虚进一步发展导致；或因其他脏腑病证损伤心阳而成<br>###心病表现::心悸怔忡，心胸憋闷，心胸痛<br>###气虚表现::神疲乏力，气短、自汗（动则加剧）<br>###阳虚表现::畏寒肢冷、唇舌青紫、面色㿠白；或青紫<br>###舌脉::舌质淡胖或紫暗，苔白滑，脉弱，或微细、沉迟无力，或结、代,辨证要点::心悸怔忡，胸闷心痛＋阳虚
心阳暴脱,中医诊断学::脏腑辨证::心与小肠病证,1,概念::心阳衰极，阳气暴脱（亡阳）<br>###成因::在心阳虚衰或心脉痹阻基础上突发；寒邪暴伤心阳引起；失血亡津，气无所依，心阳随之外脱而成<br>###心病表现::心悸怔忡，胸闷疼痛（心胸剧痛）<br>###气虚表现::气短，活动后加重，自汗<br>###亡阳表现::突然冷汗淋漓，四肢厥冷，呼吸微弱，面色苍白或胸痛暴作，面唇青紫，神志模糊或昏迷<br>###舌脉::舌淡，或淡紫，或青紫，脉微欲绝,辨证要点::心胸憋闷疼痛＋亡阳<br>###心气虚/心阳虚/心阳暴脱鉴别::相同点：心悸怔忡，胸闷气短，活动后加重，自汗。不同点：心气虚面色淡白或㿠白，舌淡苔白，脉虚；心阳虚畏寒肢冷，心痛，面色㿠白或晦暗，舌淡胖苔白滑，脉微细；心阳暴脱突然冷汗淋漓，四肢厥冷，呼吸微弱，面色苍白，脉微欲绝
心血虚,中医诊断学::脏腑辨证::心与小肠病证,1,概念::心血不足，心失濡养<br>###成因::劳神过度，或失血过多，或久病伤及营血；脾失健运或肾精亏损，生血之源不足所致<br>###心病表现::心悸怔忡<br>###血虚表现::失眠多梦；头晕眼花，健忘；面色淡白或萎黄；唇舌色淡<br>###舌脉::舌淡脉细弱无力,辨证要点::心悸怔忡，失眠多梦，健忘＋血虚
心阴虚,中医诊断学::脏腑辨证::心与小肠病证,1,概念::心阴亏虚，虚热内扰<br>###成因::思虑劳神太过，暗耗心阴；或温热火邪，灼伤心阴；或肝肾阴亏，不能上养，累及心阴而致<br>###心病表现::心悸怔忡<br>###心神表现::心烦，失眠，多梦<br>###阴虚表现::口燥咽干，形体消瘦<br>###虚热表现::手足心热/五心烦热，两颧潮红（颧红），潮热盗汗<br>###舌脉::舌红少苔乏津，脉细数,辨证要点::心悸怔忡、心烦、失眠多梦＋阴虚<br>###心血虚与心阴虚鉴别::相同点：心悸怔忡，失眠多梦，脉细。不同点：心血虚面白无华，唇色淡，脉细弱；心阴虚心烦，手足心热，潮热盗汗，颧红，咽干，舌红少苔，脉细数
心脉痹阻,中医诊断学::脏腑辨证::心与小肠病证,1,概念::血瘀、痰阻、寒凝、气滞导致心脉闭塞，不通则痛<br>###成因::正气先虚，心阳不振，运血无力，逐渐发展而成。常因气滞、血瘀、痰阻、寒凝等诱发，故其性质多为本虚标实<br>###相同点::心悸怔忡，心胸憋闷疼痛，痛引肩背内臂，时作时止<br>###瘀阻心脉::以刺痛为特点，伴见舌质晦暗，或有青紫色斑点，脉细、涩、结、代等瘀血内阻的症状<br>###痰阻心脉::以憋闷为特点，多伴体胖痰多、身重困倦、苔白腻、脉沉滑或沉涩等痰浊内盛的症状<br>###寒凝心脉::以痛势剧烈，突然发作，遇寒加剧，得温痛减为特点，伴见形寒肢冷、舌淡或青紫、苔白、脉沉迟或沉紧等寒邪内盛的症状<br>###气滞心脉::以胀痛为特点，其发作多与精神因素有关，常伴见胁胀、善太息、脉弦等气机郁滞的症状,辨证要点::心悸怔忡，心胸憋闷疼痛，痛引肩背或内臂，时作时止
心火亢盛,中医诊断学::脏腑辨证::心与小肠病证,1,概念::心火炽盛，热扰心神<br>###成因::因情志抑郁化火；或火热之邪内侵；或过食辛辣刺激食物、温补之品，久蕴化火，扰神迫血而成<br>###心神表现::心烦，失眠，甚则狂躁，神昏谵语，神识不清<br>###心热表现::面赤，口舌生疮及糜烂疼痛<br>###实热表现::发热口渴，尿黄，便秘<br>###小肠热::小便短赤，灼热涩痛<br>###出血::吐血，衄血<br>###舌脉::舌红（或舌尖红绛）苔黄，脉数有力,辨证要点::心烦失眠，口舌生疮等神志、舌脉症状＋实热
痰蒙心神与痰火扰神,中医诊断学::脏腑辨证::心与小肠病证,1,痰蒙心神概念::痰浊蒙蔽心神，神志失常（又称痰迷心窍证）<br>###癫病::精神抑郁，表情淡漠，多疑善虑，神志痴呆，喃喃独语，举止失常<br>###痫病::突然昏仆，不省人事，口吐涎沫，喉有痰声<br>###痰浊蒙神::神情痴呆，意识模糊，甚则昏不知人<br>###痰浊症状::面色晦暗；胸闷呕恶<br>###痰蒙舌脉::舌苔白腻，脉滑<br>###痰火扰神概念::痰火内盛，扰乱心神，神志异常<br>###外感表现::烦躁不宁，失眠多梦，躁狂，甚或神昏谵语，发热口渴，气粗，面红目赤，便秘尿黄<br>###内伤表现::轻则烦躁，失眠；重则精神错乱，狂躁妄动，打人毁物，不避亲疏，胡言乱语，哭笑无常<br>###痰火内壅::胸闷气粗，咯吐黄痰，喉间痰鸣<br>###痰火舌脉::舌红，苔黄腻，脉滑数,痰蒙辨证要点::神识痴呆，精神抑郁，表情淡漠＋痰浊<br>###痰火辨证要点::外感高热，痰盛，神昏；内伤心烦，失眠，神志狂乱
小肠实热,中医诊断学::脏腑辨证::心与小肠病证,1,概念::心火下移小肠，导致小肠里热盛<br>###小肠热::小便短赤，灼热涩痛，尿血<br>###小肠气机失调::脐腹胀痛<br>###心神::心烦失眠<br>###心热::面赤，口舌生疮，甚则溃烂灼痛<br>###实热::口渴<br>###舌脉::舌红苔黄，脉数,辨证要点::小便赤涩灼痛＋心火炽盛
肺病概述与肺气虚,中医诊断学::脏腑辨证::肺与大肠病证,1,肺病概念::呼吸功能障碍，水液输布失常，卫外功能失调，宣降失司<br>###肺病症状::咳嗽，气喘，咯痰；胸闷痛；鼻塞流涕，咽喉痒痛，喑哑；发热恶寒恶风；水肿<br>###大肠症状::便秘/泄泻/下痢<br>###肺气虚概念::肺功能减退，宣降无权<br>###成因::因久患肺疾，耗损肺气，或脾虚致肺气生化不足而成<br>###肺病表现::咳喘无力，咯痰色白清稀<br>###气虚表现::少气懒言，短息（气少不足以息），语声低怯，动则尤甚；神疲体倦乏力；面色淡白或㿠白<br>###肺气虚卫表不固::自汗，畏风或恶风，易于感冒<br>###舌脉::舌淡苔白，脉弱或虚,辨证要点::咳喘无力，咯痰清稀，易感冒＋气虚
肺阴虚与肺阳虚,中医诊断学::脏腑辨证::肺与大肠病证,1,肺阴虚概念::肺阴不足，失于清肃，虚热内生<br>###成因::久咳耗阴伤肺；或痨虫蚀肺；或外感热病后期肺阴损伤<br>###肺病表现::干咳无痰，或痰少而黏，难以咯出，甚至痰中带血<br>###阴虚表现::口燥咽干、声音嘶哑，形体消瘦；五心烦热，午后潮热，颧红；盗汗<br>###肺阴虚舌脉::舌红少苔乏津，脉细数<br>###肺阳虚概念::肺阳亏虚，肺失温煦，虚寒内生<br>###肺阳虚表现::咳喘无力，胸闷气短，声低息微；咳痰白清稀量多如泡沬；畏寒肢冷，精神萎靡；自汗，易于感冒；面色晦暗或㿠白；小便清长；面浮肢肿<br>###肺阳虚舌脉::舌质淡紫胖嫩而润、苔白滑，脉沉迟无力,肺阴虚辨证要点::干咳无痰，痰少而黏，＋阴虚证<br>###肺阳虚辨证要点::咳喘无力，痰白清稀量多与虚寒见症
风寒束肺与风热犯肺,中医诊断学::脏腑辨证::肺与大肠病证,1,风寒束肺概念::风寒袭肺，肺卫失宣<br>###肺病表现::咳嗽，痰稠色黄<br>###表寒表现::恶寒发热，头身痛无汗<br>###肺窍表现::鼻塞流浊涕，咽痛<br>###风寒舌脉::舌苔薄白，脉浮紧<br>###风热犯肺概念::风热袭肺，肺卫受病（上焦）<br>###表热表现::发热微恶风寒<br>###伤津表现::口微渴<br>###风热舌脉::舌尖红苔薄黄，脉浮数,风寒辨证要点::外感风寒病史，咳嗽、咯痰色白清稀＋风寒表证<br>###风热辨证要点::外感风热病史，咳嗽、痰少色黄＋风热表证
燥邪犯肺与肺热炽盛,中医诊断学::脏腑辨证::肺与大肠病证,1,燥邪犯肺概念::燥邪侵肺，肺津耗伤，肺失清润<br>###肺燥表现::干咳无痰，或痰少而黏，不易咯出，甚则胸痛，痰中带血<br>###燥邪表现::口唇鼻咽干，皮肤干燥；鼻衄，咯血；尿少便干<br>###表证表现::微恶风寒，发热，无汗或少汗<br>###燥邪舌脉::舌苔薄而干燥少津，脉浮数或浮紧<br>###肺热炽盛概念::邪热内盛，肺失清肃<br>###成因::外感风热入里，或风寒之邪入里化热，蕴结于肺<br>###肺热表现::咳嗽，气喘，气粗鼻煽，气息灼热<br>###里热表现::发热、烦渴，面赤；胸痛；咽喉肿痛；口渴欲饮，小便短赤，大便秘结<br>###肺热舌脉::舌红苔黄燥，脉洪数有力,燥邪犯肺辨证要点::多见秋季，干咳，痰少而黏，口鼻干燥等肺系津伤＋轻微表证<br>###肺热炽盛辨证要点::发热，咳喘气急＋里热症
大肠虚寒,中医诊断学::脏腑辨证::肺与大肠病证,1,概念::大肠阳气虚衰，失于温固（又称肠虚滑泻证）<br>###排便表现::下利无度（或泄泻无度），大便失禁或脱肛<br>###腹部表现::腹痛隐隐，喜温喜按<br>###虚寒表现::神疲畏寒<br>###舌脉::舌淡苔白滑，脉弱,辨证要点::泄泻无度，大便失禁，腹痛隐隐＋虚寒
脾胃病概述与脾气虚,中医诊断学::脏腑辨证::脾胃病证,1,脾病概念::运化功能失常，消化功能减退，气血化源不足，水液潴留以及脾不统血，清阳不升<br>###脾病症状::腹胀腹痛，纳少，便溏浮肿，内脏下垂，出血<br>###胃病概念::受纳、腐熟、和降失常，胃气上逆<br>###胃病症状::胃脘胀痛，恶心呕吐，呃逆嗳气，食少<br>###脾气虚概念::脾气不足，运化减退<br>###成因::饮食不节，或劳倦过度，或忧思日久，或禀赋不足<br>###脾病表现::腹胀，食后尤甚；不欲食，或纳少；口淡乏味；大便溏薄<br>###气虚表现::神疲乏力，少气懒言，肢体倦怠；面色萎黄或淡白；消瘦或肥胖；水肿<br>###舌脉::舌淡苔白，脉缓或弱,辨证要点::纳少，腹胀，便溏＋气虚
脾虚气陷与脾阳虚,中医诊断学::脏腑辨证::脾胃病证,1,脾虚气陷概念::脾气虚弱，升举无力，脾虚进一步发展<br>###成因::脾气虚加重；或过食生冷、过用苦寒、外寒直中；或肾阳不足，命门火衰<br>###气陷表现::脘腹坠胀，食后尤甚；内脏下垂，脱肛、子宫下垂、胃下垂、眼睑下垂；便意频频，肛门重坠；久泻久痢；小便浑浊如米泔；头目眩晕<br>###气虚表现::少气懒言，神疲乏力；面白无华；纳少<br>###脾虚气陷舌脉::舌淡苔白，脉缓弱<br>###脾阳虚概念::脾阳虚衰，阴寒内生<br>###脾病表现::腹冷痛绵绵，喜温喜按，腹胀；纳少；大便清稀或完谷不化，便次增多，食生冷或油腻加重<br>###阳虚表现::畏寒肢冷；口淡不渴；肢体浮肿；短少；带下清稀色白量多<br>###脾阳虚舌脉::舌淡胖边有齿痕，苔白滑，脉沉迟无力,脾虚气陷辨证要点::脘腹坠胀、内脏下垂＋脾气虚<br>###脾阳虚辨证要点::食少腹胀，腹隐痛，喜温喜按，浮肿＋脾气虚
脾不统血,中医诊断学::脏腑辨证::脾胃病证,1,概念::脾气虚弱，不能统血，血溢脉外<br>###成因::久病伤气，或忧思日久，劳倦过度，损伤脾气<br>###出血表现::各种出血：肌衄（皮下出血）、鼻衄、齿衄、便血、尿血、吐血、妇女月经过多、崩漏<br>###特点::色淡、质稀、势缓<br>###脾气虚表现::面色苍白或萎黄；神疲乏力，少气懒言；食少便溏，食后腹胀<br>###舌脉::舌淡苔白，脉细弱,辨证要点::各种慢性出血，色淡质稀＋脾气虚
寒湿困脾与湿热蕴脾,中医诊断学::脏腑辨证::脾胃病证,1,寒湿困脾概念::寒湿内盛，脾阳受困，运化失职<br>###成因::外感湿热之邪；或嗜食肥甘厚味，饮酒无度<br>###脾病表现::脘腹痞闷胀痛；纳呆；口腻口淡不渴；泛恶欲吐<br>###寒湿表现::肢体头身困重，或浮肿；面色晦暗，身目发黄，色晦暗不泽如烟熏<br>###二便表现::便溏，尿短少<br>###白带表现::妇女白带量多<br>###寒湿舌脉::舌淡胖苔白腻，脉濡缓或沉细<br>###湿热蕴脾概念::湿热内蕴中焦，脾胃运化失常<br>###中焦气机阻滞::脘腹胀闷，纳呆，恶心欲呕<br>###湿热上蒸于口::口苦或口甜，口黏，渴不多饮<br>###二便::便溏不爽，小便短黄<br>###湿泛肌肤::肢体困重<br>###湿遏热伏::身热不扬，汗出热不解<br>###湿热熏蒸肝胆::面目肌肤发黄、色鲜明（如橘子色）<br>###皮肤::皮肤瘙痒<br>###湿热舌脉::舌质红，苔黄腻，脉濡数,寒湿困脾辨证要点::脘腹痞闷，呕恶便溏＋寒湿<br>###湿热蕴脾辨证要点::脘腹痞胀，身体困重，便溏不爽＋湿热
胃气虚与胃阳虚,中医诊断学::脏腑辨证::脾胃病证,1,胃气虚概念::胃气不足，胃失和降<br>###成因::嗜食生冷，过用苦寒，久病失养<br>###胃病表现::胃脘绵绵冷痛，喜温喜按，时发时止，食后缓解，夜间痛甚；食欲不振，纳少脘痞，畏食生冷；泛吐清水、酸水或不消化食物<br>###气血虚表现::面色萎黄；神疲乏力，少气懒言<br>###舌脉::舌淡胖嫩，脉沉迟无力<br>###胃阳虚概念::胃阳不足，虚寒内生，胃失和降<br>###虚寒表现::口淡不渴，畏寒肢冷，倦息乏力,胃气虚辨证要点::胃脘痞胀，或隐隐作痛，食少＋气虚<br>###胃阳虚辨证要点::胃脘冷痛，泛吐清水＋虚寒
胃阴虚,中医诊断学::脏腑辨证::脾胃病证,1,概念::胃阴亏虚，胃失和降<br>###成因::热病后期，或气郁化火，或吐泻太过，或过食辛温香燥，耗伤胃阴<br>###胃病表现::胃脘隐隐灼痛，脘痞不适（嘈杂）；饥不欲食；干呕呃逆<br>###阴虚表现::口燥咽干，大便干结，小便短少<br>###舌脉::舌红苔少脉细数,辨证要点::胃灼痛隐隐，饥不欲食＋阴虚
胃火炽盛,中医诊断学::脏腑辨证::脾胃病证,1,概念::胃火炽盛，胃失和降<br>###成因::过食辛热、肥甘、温燥之品；或五志过极；或邪热内侵<br>###胃病表现::胃脘灼痛，拒按；吞酸，嘈杂；消谷善饥<br>###实热表现::口渴喜冷饮或口臭，齿龈红肿疼痛，甚则化脓、溃烂，齿衄；大便秘结，小便短黄<br>###舌脉::舌红苔黄，脉滑数,辨证要点::胃脘灼痛拒按，消谷善饥，牙龈肿痛溃烂＋实热
寒滞胃脘与食滞胃脘,中医诊断学::脏腑辨证::脾胃病证,1,寒滞胃脘概念::寒邪犯胃，阻滞气机<br>###成因::暴饮暴食，食积不化；或因素体胃气虚弱<br>###寒凝气机::胃脘冷痛剧烈，得温痛减，遇寒加重<br>###胃气上逆::恶心呕吐，吐后痛缓<br>###口泛清水::津停于胃，逆而向上<br>###寒不伤津液::口淡不渴<br>###寒遏阳气::恶寒肢冷<br>###寒凝血脉::面白或青<br>###舌脉::舌苔厚腻，脉滑实<br>###食滞胃脘概念::饮食停滞，胃气逆滞<br>###胃病表现::胃脘胀满疼痛，拒按；嗳腐吞酸，恶心呕吐，吐后得减；纳呆厌食<br>###腹肠表现::腹胀腹痛，大便泻下不爽，肠鸣，矢气臭如败卵，大便酸腐臭秽,寒滞胃脘辨证要点::胃脘冷痛、恶心呕吐与实寒症状共见<br>###食滞胃脘辨证要点::胃脘胀痛，嗳腐吞酸，厌食
肝胆病概述与肝血虚/肝阴虚,中医诊断学::脏腑辨证::肝与胆病证,1,肝病概念::肝失疏泄、肝不藏血、阴血亏虚、筋脉失养、易动风化火<br>###肝病特点::易郁（肝气郁滞）、易虚（肝阴虚、肝血虚）、易亢（肝阳上亢）、易动（肝风内动）、易变<br>###肝病常见症状::精神抑郁，急躁易怒，胸胁少腹胀痛，眩晕，肢体震颤，抽搐，目疾，月经不调，睾丸疼痛等<br>###胆病症状::口苦，黄疸，惊悸，胆怯，失眠及消化异常<br>###肝血虚概念::肝血不足，失养<br>###成因::情志不遂，肝郁化火而伤阴；或热病后期；或多服久服辛燥药物<br>###头目面表现::头晕眼花，两目干涩，视物减退/不清，或见耳鸣；面部烘热或两颧潮红<br>###神表现::夜寐多梦（失眠多梦）<br>###肢体表现::或手足蠕动<br>###妇女表现::月经量少、色淡，甚则闭经<br>###舌脉::舌红少苔乏津，脉弦细数<br>###肝阴虚概念::肝阴亏虚，濡养失职，虚热内扰<br>###胁肋表现::胁肋隐隐灼痛<br>###阴虚表现::口燥咽干，五心烦热，两颧潮红，潮热盗汗,肝血虚辨证要点::目、筋脉、爪甲失养＋血虚<br>###肝阴虚辨证要点::目、筋脉、肝脉失养＋阴虚
肝郁气滞/肝火炽盛/肝阳上亢,中医诊断学::脏腑辨证::肝与胆病证,1,肝郁气滞概念::肝失疏泄，气机郁滞<br>###成因::肝肾阴亏，不能潜阳；或长期恼怒焦虑<br>###胸胁表现::胸胁、少腹胀闷窜痛<br>###情绪表现::急躁易怒<br>###兼病表现::梅核气，瘿瘤，乳癖，胁下积块<br>###妇女表现::乳房胀痛，月经不调，痛经，甚则闭经<br>###舌脉::舌红少津，脉弦有力或弦细数<br>###肝火炽盛（肝火上炎）概念::火热炽盛，内扰于肝，气火上逆<br>###胁肋表现::胁肋灼痛<br>###头面表现::头晕胀痛，面红目赤；耳鸣耳聋，或耳痛流脓<br>###火盛表现::口苦口干；失眠多梦；吐血、衄血，大便秘结，小便短黄<br>###肝阳上亢概念::肝肾阴虚，阴不制阳，阴虚阳亢<br>###阳亢表现::头目胀痛，眩晕耳鸣，面红目赤<br>###心神表现::失眠多梦；急躁易怒<br>###肾阴虚表现::腰膝酸软<br>###阴虚阳亢::头重脚轻,肝郁气滞辨证要点::胸胁少腹胀闷疼痛，善太息，与情志相关<br>###肝火炽盛辨证要点::胁肋灼痛，头晕胀痛，急躁易怒，面红目赤<br>###肝阳上亢辨证要点::头晕胀痛，眩晕耳鸣，急躁易怒，头重脚轻
肝风内动四型,中医诊断学::脏腑辨证::肝与胆病证,1,肝阳化风概念::肝阳亢逆，引动肝风（虚实夹杂）<br>###成因::素体肝肾阴液不足，或久病阴亏，或肝火内伤营阴<br>###头面表现::眩晕耳鸣，夜盲，面色无华，或面唇淡白，失眠多梦<br>###肢体筋脉::项强，肢体震颤，手足麻木<br>###上盛下虚::行走漂浮，步履不正<br>###言语表现::语言謇涩，发音含糊不清<br>###神表现::或猝然昏倒，不省人事<br>###肢体口眼::口眼㖞斜，半身不遂<br>###舌脉::舌淡苔白，脉细或弱<br>###热极生风概念::邪热亢盛，燔灼筋脉，引动肝风<br>###热表现::高热<br>###心神表现::神昏，躁扰如狂，或躁动谵语<br>###筋脉表现::手足震颤，肌肉瞤动，肢体麻木，关节拘急不利<br>###阴虚动风概念::肝肾阴亏，筋脉失养，引动肝风<br>###阴虚表现::潮热盗汗，颧红，口咽干燥，形体消瘦，五心烦热<br>###血虚生风概念::肝血亏虚，筋脉失养<br>###皮肤表现::皮肤瘙痒<br>###爪甲表现::爪甲不荣,四型鉴别::肝阳化风：上实下虚，眩晕欲仆＋有肝阳上亢病史；热极生风：实热，高热抽搐＋神昏；阴虚风动：虚证，手足蠕动＋潮热颧红；血虚生风：虚证，手足震颤＋面白无华
肝胆湿热/寒滞肝脉/胆郁痰扰,中医诊断学::脏腑辨证::肝与胆病证,1,肝胆湿热概念::湿热蕴结肝胆，疏泄功能失职<br>###成因::情志不遂，气郁生痰，蕴久化热<br>###胁肋表现::胁肋胀痛（或见右胁肋胀痛灼热），或胁下有痞块<br>###脾胃表现::纳呆厌食腹胀，泛恶欲呕，厌油腻<br>###口表现::口苦；或见口干口渴<br>###肌肤表现::身目发黄（如橘子色）<br>###二便表现::大便不调（便溏或干结），小便短黄/赤<br>###寒热表现::发热或寒热往来<br>###舌脉::舌红苔黄腻，脉弦数<br>###阴部表现::阴部潮湿、瘙痒、湿疹，阴器肿痛，或睾丸肿胀热痛，带下黄稠臭秽等<br>###寒滞肝脉概念::寒邪犯肝，凝滞气血（寒凝肝脉证）<br>###肝经表现::少腹冷痛；阴部坠胀作痛，阴囊收缩，睾丸抽痛<br>###巅顶表现::巅顶冷痛<br>###寒滞表现::遇寒加重，得温则减，呕吐清涎，形寒肢冷<br>###胆郁痰扰概念::痰热内扰，胆气不宁<br>###胆表现::胆怯易惊，惊悸不宁，犹豫不决<br>###神表现::烦躁不安，失眠多梦<br>###胁表现::胸胁胀闷<br>###头面表现::眩晕耳鸣<br>###痰热表现::口苦，恶心呕吐,肝胆湿热辨证要点::胁痛、厌食、口苦、黄疸、阴痒＋湿热<br>###寒滞肝脉辨证要点::肝经循行部位冷痛＋实寒<br>###胆郁痰扰辨证要点::惊悸、失眠、眩晕、口苦与痰热症
肾精不足,中医诊断学::脏腑辨证::肾与膀胱病证,1,概念::肾精亏损，脑骨髓失充，小儿发育迟缓，成人生殖功能低下早衰<br>###成因::先天禀赋不足，或后天失于调养，久病伤肾，或房劳过度<br>###小儿表现::生长发育迟缓，囟门迟闭，身材矮小，智力低下，动作迟钝，骨骼痿软<br>###成人生殖::性欲减退，生殖功能减退；男子精少不育；女子经少或经闭不孕<br>###成人早衰::早衰，腰膝酸软，耳鸣耳聋，发脱齿摇，健忘恍惚，神情呆钝，足痿无力<br>###舌脉::舌淡脉弱,辨证要点::小儿生长发育迟缓，成人生殖能力低下，早衰等
肾阴虚,中医诊断学::脏腑辨证::肾与膀胱病证,1,概念::肾阴亏虚，失于滋养，虚热内扰<br>###成因::久病及肾，温热病后期伤阴，过服温燥劫阴之品，房事不节<br>###肾系表现::腰膝酸软而痛；眩晕耳鸣，健忘；齿脱发落<br>###阴虚表现::失眠多梦；形体消瘦，五心烦热，潮热盗汗，骨蒸发热，口咽干燥，午后颧红，小便短黄<br>###生殖表现::男子阳强易举，遗精，早泄；女子经少，经闭，或见崩漏<br>###舌脉::舌红少津，少苔或无苔，脉细数,辨证要点::腰膝酸软而痛，眩晕耳鸣，男子遗精，女子经少或闭经＋阴虚
肾阳虚,中医诊断学::脏腑辨证::肾与膀胱病证,1,概念::肾阳虚衰，机体不温，生殖气化功能减退<br>###成因::素体阳虚，年高肾亏，久病伤阳，房劳过度<br>###肾系表现::腰膝酸冷痛；头晕目眩<br>###虚寒表现::精神萎靡，神疲乏力；畏寒肢冷，下肢尤甚；面色㿠白或黧黑<br>###二便表现::久泄不止，完谷不化，五更泄泻；小便频数清长，夜尿频多<br>###生殖表现::性欲减退；男子阳痿早泄，滑精精冷；女子宫寒不孕，白带清稀量多<br>###水肿表现::或浮肿，腰以下为甚，按之凹陷不起，甚则腹部胀满，全身肿胀，心悸喘咳<br>###舌脉::舌淡苔白滑，脉弱或沉迟无力，尺部尤甚,辨证要点::腰膝酸软冷痛，生殖能力下降，夜尿频多＋虚寒
肾气不固与肾虚水泛,中医诊断学::脏腑辨证::肾与膀胱病证,1,肾气不固概念::肾气亏虚，失于封藏、固摄<br>###成因::素体虚弱，久病及肾，或房劳伤肾，肾阳亏耗<br>###肾系表现::腰膝酸软冷痛，耳鸣<br>###不固表现::小便频数而清，或尿后余沥不尽，或遗尿，或夜尿频多，或小便失禁<br>###生殖表现::男子滑精、早泄；女子带下量多清稀，或月经淋漓不尽，或胎动易滑<br>###气虚表现::神疲乏力<br>###舌脉::舌淡胖，苔白滑，脉沉迟无力<br>###肾虚水泛概念::肾阳亏虚，气化无权，水液泛溢<br>###水泛表现::身体浮肿，腰以下尤甚，按之没指；小便短少<br>###阳虚表现::畏寒肢冷<br>###犯他脏表现::腹部胀满；心悸气短；喘咳痰鸣,肾气不固辨证要点::腰膝酸软，小便精液，经带，胎元等不固＋气虚<br>###肾虚水泛辨证要点::水肿下肢为甚，尿少，畏寒肢冷
膀胱湿热,中医诊断学::脏腑辨证::肾与膀胱病证,1,概念::湿热蕴结膀胱，气化不利<br>###成因::外感湿热，蕴结膀胱；或饮食不节，湿热内生，下注膀胱<br>###小便表现::尿频尿急，尿道涩痛（灼痛），小便短黄或浑浊，或尿血，或有砂石<br>###痛表现::小腹胀痛或腰腹掣痛<br>###热表现::伴发热<br>###舌脉::舌红苔黄腻，脉滑数或濡数,辨证要点::小便频急，灼涩疼痛
心肾不交/心肾阳虚,中医诊断学::脏腑辨证::脏腑兼证,1,脏腑兼证辨证要点::兼证是有哪几个脏腑的哪几个证候组成；证候间存在的关系（因果、主次、并列）；辨证要领<br>###心肾不交概念::心肾水火既济失调，心肾阴虚火旺或心火独亢，肾水独寒<br>###成因::心阳虚衰，久病及肾；或肾阳亏虚，气化无权，水气凌心<br>###心阴虚表现::心烦失眠，惊悸多梦<br>###肾阴虚表现::头晕耳鸣，健忘；腰膝酸软；遗精<br>###虚热表现::五心烦热，口咽干燥，潮热盗汗，便结尿黄<br>###舌脉::舌胖，淡暗或青紫，苔白滑，脉沉细弱<br>###心肾阳虚概念::心肾阳虚，温煦失职<br>###心阳虚表现::心悸怔忡<br>###肾阳虚表现::肢体浮肿，小便不利；腰膝酸冷<br>###阳虚表现::畏寒肢冷；唇甲青紫；神疲乏力，精神萎靡，甚则嗜睡,心肾不交辨证要点::心烦心悸，失眠，腰膝酸软，遗精＋阴虚<br>###心肾阳虚辨证要点::心悸怔忡，浮肿尿少＋虚寒
心肺气虚/心脾两虚/心肝血虚,中医诊断学::脏腑辨证::脏腑兼证,1,心肺气虚概念::心肺两脏气虚，功能减退<br>###成因::思虑过度，暗耗心血；久病亏损，失血过多<br>###心气虚表现::心悸，胸闷气短<br>###肺气虚表现::咳喘，痰液清稀<br>###气虚表现::面色淡白、头晕神疲，声低懒言，乏力；自汗恶风，活动后加剧；甚者可见口唇青紫<br>###舌脉::舌淡白，苔白脉细<br>###心脾两虚概念::心血虚证与脾气虚证同时出现<br>###心血虚表现::心悸怔忡；失眠多梦；头晕目眩，健忘<br>###脾气虚表现::食欲不振；腹胀；便溏<br>###气血虚表现::面色萎黄或淡白无华；神疲乏力<br>###出血表现::各种慢性出血，血色淡，或皮下出血见紫斑；妇女月经量少色淡，淋漓不尽<br>###心肝血虚概念::心肝血虚，组织器官失养<br>###肝血虚表现::两目干涩，视物模糊，雀盲；爪甲不荣；肢体麻木，甚则震颤拘挛<br>###血虚表现::面白无华；女子月经量少，色淡，甚则闭经,心肺气虚辨证要点::心悸咳喘，胸闷气短＋气虚<br>###心脾两虚辨证要点::心悸失眠，食少便溏，慢性出血＋气血两虚<br>###心肝血虚辨证要点::心悸健忘，失眠多梦，目筋失养及血虚症
肺脾气虚/肺肾气虚/肺肾阴虚/肝肾阴虚,中医诊断学::脏腑辨证::脏腑兼证,1,肺脾气虚概念::脾肺两脏气虚，功能减退<br>###脾虚表现::食欲不振；腹胀；便溏<br>###肺虚表现::咳喘无力，气短而喘，吐痰清稀<br>###气虚表现::语声低怯，神疲乏力；自汗<br>###舌脉::舌红少苔，脉细数<br>###肺肾气虚概念::肺肾气虚，肾失摄纳（肾不纳气证）<br>###成因::久病失调，情志内伤，房事不节，温病日久<br>###肾虚表现::呼多吸少，气不得续，动则喘甚；耳鸣；腰膝酸软；尿随咳出<br>###肺肾阴虚概念::肺肾阴亏，虚火内扰<br>###肺阴虚表现::干咳痰少，或痰中带血，声音嘶哑<br>###肾阴虚表现::腰膝酸软；头晕目眩，耳鸣健忘；男子遗精，女子经少<br>###虚热表现::口燥咽干；形体消瘦，骨蒸潮热，颧红盗汗<br>###肝肾阴虚概念::肝肾阴液亏虚，虚热内扰<br>###肝阴虚表现::胁部隐痛；两目干涩<br>###阴虚表现::失眠多梦；口燥咽干，五心烦热，颧红盗汗，低热,肺脾气虚辨证要点::食少腹胀便溏，咳喘气短＋气虚<br>###肺肾气虚辨证要点::咳喘无力，呼多吸少，腰膝酸软等<br>###肺肾阴虚辨证要点::干咳痰少，喑哑，遗精，月经不调＋虚热<br>###肝肾阴虚辨证要点::眩晕耳鸣，腰膝酸软，胁痛失眠＋虚热
肝火犯肺/肝郁脾虚/肝胃不和/脾肾阳虚,中医诊断学::脏腑辨证::脏腑兼证,1,肝火犯肺概念::肝郁化火，上逆灼肺，肺失清肃<br>###肺热表现::咳嗽阵作，痰黄黏稠，甚则咳血<br>###肝火表现::胸胁灼痛；急躁易怒；头胀头晕，面红目赤<br>###内热表现::烦热；口苦<br>###舌脉::舌淡胖，苔白滑，脉沉迟无力或沉细<br>###肝郁脾虚概念::肝郁乘脾，脾失健运<br>###肝郁表现::胸胁胀痛或窜痛；情志抑郁，善太息，急躁易怒<br>###脾虚表现::食少；腹胀，腹痛欲泻，泻后痛减；痛泻或便溏不爽，肠鸣矢气<br>###肝胃不和概念::肝郁气滞，横逆犯胃，胃失和降<br>###胃表现::胃脘胀满疼痛，走窜不定，胃脘痞满；饮食减少；呃逆嗳气，吞酸嘈杂<br>###脾肾阳虚概念::脾肾阳虚，温化失职<br>###成因::久病，耗伤脾肾之阳；或久泄久痢，脾阳损伤<br>###肾阳虚表现::腰膝、下腹冷痛；五更泄泻（黎明前腹痛泄泻），完谷不化，便质清冷<br>###脾肾阳虚表现::久泄久痢不止；全身浮肿（面浮肢肿，甚则腹胀如鼓），小便不利<br>###阳虚表现::形寒肢冷（畏寒肢冷）；面色㿠白,肝火犯肺辨证要点::咳嗽或咳血，胸胁灼痛，急躁易怒＋实热<br>###肝郁脾虚辨证要点::胸胁胀满窜痛，善太息，纳呆腹胀便溏<br>###肝胃不和辨证要点::胃脘、胸胁胀痛或窜痛，嗳气吞酸<br>###脾肾阳虚辨证要点::腰腹冷痛，久泻久痢，浮肿＋虚寒
六经辨证概述,中医诊断学::其他辨证方法::六经辨证,1,概念::源于《伤寒杂病论》，张仲景在《素问·热论》六经分证理论上，创造性地把外感病错综复杂的证候及其演变规律加以总结而创立<br>###三阳::太阳（主表）、少阳（半表半里）、阳明（主里）——六腑（阳经），热证实证<br>###三阴::太阴、少阴、厥阴——五脏（阴经），多虚多寒<br>###太阳病::外感伤寒病初起，恶寒、头项强痛、脉浮<br>###阳明病::阳热亢盛，胃肠燥热。身热、不恶寒反恶热、汗自出、脉大<br>###少阳病::邪侵胆腑，枢机不利。寒热往来、胸胁苦满、口苦咽干、目眩、脉弦<br>###太阴病::脾阳虚衰，寒湿。腹满时痛、自利、口不渴<br>###少阴病::阴阳衰惫。脉微细、但欲寐<br>###厥阴病::阴阳对峙。消渴、气上撞心、心中疼热、饥而不欲食、食则吐蛔,太阳经证::太阳中风：发热、恶风、头痛、自汗出、脉浮缓；太阳伤寒：恶寒、发热、头痛项强痛、体痛、无汗、脉浮而紧<br>###太阳腑证::太阳蓄水证：恶寒发热、少腹满、小便不利、口渴欲饮、水入即吐；太阳蓄血证：少腹急结、硬满胀痛、小便自利、如狂发狂、便黑<br>###阳明经证::身大热、汗出、口渴引饮、苔黄燥、脉洪大（四大：热汗渴脉）<br>###阳明腑证::日晡潮热、手足濈然汗出、腹满硬痛拒按、便秘、谵语、苔黄燥、脉沉实
六经病传变与少阴太阴厥阴病,中医诊断学::其他辨证方法::六经辨证,1,少阳病详解::邪气侵扰胆腑，邪正相争于半表半里之间。口苦、咽干、目眩，寒热往来，胸胁苦满，默默不欲饮食，甚时时欲吐，心中烦闷，脉弦<br>###太阴病详解::脾阳虚衰，寒湿内生。腹满而吐，食不下，口不渴，自利，时腹自痛，四肢欠温，舌淡苔白滑，脉沉缓而弱<br>###少阴寒化::心肾阳气虚衰。无热恶寒，脉微细，甚欲绝，但欲寐之神情衰惫，四肢厥冷，下利清谷，呕不能食，或食入即吐，身热反不恶寒或面红如妆（假热）<br>###少阴热化::虚热。口燥咽干，心神不宁，心烦不得眠，或咽痛，舌尖红少苔或少津，脉细数<br>###厥阴病详解::阴阳对峙，寒热错杂，厥热胜复。消渴、气上撞心、心中疼热、饥而不欲食、食则吐蛔<br>###传经::循经传（按六经顺序）、越经传（不按次序，隔一经或两经）、表里传（表里之经相传）<br>###合病::两经或三经的证候同时出现<br>###并病::一经证候未罢，又出现另一经证候<br>###直中::伤寒初起，病邪不从阳经传入，直接侵袭阴经,六经传变意义::循经传为常规传变；越经传为不规律传变；直中为病情较重
卫气营血辨证,中医诊断学::其他辨证方法::卫气营血辨证,1,概念::清代叶天士在《温热论》中创立的诊治外感温热病的辨证方法<br>###卫分证（表）::病位肺与体表，病情轻浅。温热之邪侵犯肌表。发热重恶寒轻，微恶风寒，无汗或少汗，口干渴，鼻塞咳嗽，咽喉肿痛，头痛，舌边尖红，脉浮数<br>###气分证（里）::病位肺/胸膈/胆/三焦/胃肠，病情较重。温热病邪内入脏腑，正盛邪实，阳热亢盛。发热不恶寒反恶热，心烦，口渴，汗出，尿赤，舌红苔黄，脉数有力<br>###气分兼证::邪热壅肺（咳喘胸痛）；热扰胸膈（心烦懊憹）；胃热亢盛（壮热大渴）；热结肠道（日晡潮热便秘）；热郁胆腑（口苦胸胁满痛）<br>###营分证（心营）::病位心与心包，病情深重。温热病邪气内陷，劫伤营阴，心神被扰。身热夜甚，口不甚渴或不渴，心烦不寐，甚神昏谵语，斑疹隐现，舌质红绛，脉细数<br>###血分证（血）::病位心肝肾，病情危重。温热病邪深入血分，热盛动血、耗阴、动风<br>###血分实热::身热夜甚，烦热躁扰不宁，甚则神昏谵语，舌质深绛或紫；或见出血诸症（斑疹显露、吐血衄血便血尿血）；热极生风（四肢抽搐、角弓反张）<br>###血分虚热::持续低热，暮热早凉，五心烦热，口干咽燥，形体干瘦，神倦耳聋；虚风内动（手足蠕动、瘛疭）,传变规律::顺传：卫→气→营→血，邪气步步深入，病情逐渐加重。逆传：不按常规次序（不经气分而邪陷心包）；无卫分证直接出现气分/营分/血分证；两证合并出现（卫气同病、气营两燔）<br>###卫气营血比较::寒热：卫分微恶风寒→气分不恶寒反恶热→营分血分身热夜甚。汗出：卫分无汗或少汗→气分汗出→营分血分无。口渴：卫分口干渴→气分口渴→营分口不甚渴→血分无。斑疹：卫气无→营分斑疹隐现→血分出血诸症。舌：卫分舌尖红→气分舌红苔黄→营分舌质红绛→血分舌质深绛或紫
三焦辨证,中医诊断学::其他辨证方法::三焦辨证,1,概念::清代吴鞠通在《温病条辨》中创立的温热病辨证方法<br>###上焦病::部位肺经/心包经，初起病浅。邪犯肺卫：发热、微恶风寒、微汗出、头痛、咳嗽、鼻塞、口渴、脉浮数。邪热壅肺：但热不寒、多汗、烦躁口渴、咳嗽气喘。邪陷心包：高热、神昏谵语、舌謇肢厥、舌质红绛<br>###中焦病::部位大肠/脾胃经，中期病重。燥热内结：身热恶热、日晡益甚、腹满胀痛便秘、苔黄燥或焦黑。湿热内蕴：身热不扬、头身困重、胸脘痞闷、泛恶欲呕、苔黄腻<br>###下焦病::部位肝肾经，末期病深重。阴虚内热：身热低热、手足心热甚于手足背、颧红、口舌干燥、耳聋、舌红少苔。虚风内动：手足蠕动或瘛疭、心中憺憺大动、神倦脉虚,三焦传变::顺传：上焦→中焦→下焦，病情由浅入深、由轻到重。逆传：从肺卫传入心包。特殊：邪犯上焦而不传；上焦病证未罢而见中焦病证；由上焦直传下焦；两焦病证错综复杂；病邪弥漫三焦
腰痛续,中医诊断学::问诊::问疼痛,1,腰部冷痛沉重，阴雨天加重::寒湿<br>###腰部刺痛，固定不移::瘀血阻络<br>###腰脊疼痛，痛连下肢::经络痹阻<br>###腰部突然剧烈疼痛，向少腹放射，尿血::结石阻滞<br>###腰痛连腹，绕如带状::带脉损伤,鉴别要点::腰痛需区分寒湿、瘀血、结石、带脉损伤等不同病因
四肢痛与周身痛,中医诊断学::问诊::问疼痛,1,常见::痹病，多因风寒湿邪侵袭，或湿热蕴结，或痰瘀阻滞，或瘀热，气血失运<br>###四肢疼痛，游走不定::行痹：[[风邪为主]]<br>###疼痛剧烈，得热痛减::痛痹：[[寒邪为主]]<br>###四肢沉重而痛::着痹：[[湿邪为主]]<br>###关节红肿热痛::热痹：[[湿热邪为主]],尪痹::关节痛剧，伴肿大变形，屈伸受限——湿热久蕴，痰瘀阻络<br>###肾虚::若独见足跟痛或胫膝酸痛者——常见于老人或体弱者<br>###周身痛-实证::新病周身疼痛——感受风寒湿邪，经气不利<br>###周身痛-虚证::久病卧床不起——气血亏虚，筋脉失养
头晕,中医诊断学::问诊::问头身胸腹不适,1,定义::自觉头部昏沉不适，头脑不清爽，走路不稳，甚至失衡<br>###可见::气血亏虚、肾虚精亏、痰湿内阻、肝阳上亢、肝火上炎、瘀血阻络<br>###头晕面白，神疲体倦，舌淡脉弱::[[气血亏虚]]，脑失所养<br>###头晕耳鸣，腰酸遗精::[[肾精亏虚]]，髓海失养<br>###头晕胀痛，耳鸣，头重脚轻，腰膝酸软，舌红少津，脉弦细::[[肝阳上亢]]<br>###头晕而胀，烦躁易怒，舌红苔黄，脉弦数::[[肝火上炎]],痰湿内阻::头晕且重，如物裹缠，胸闷呕恶，舌苔白腻<br>###瘀血阻络::外伤后头晕而头部刺痛
胸闷,中医诊断学::问诊::问头身胸腹不适,1,特点::胸闷与心、肺、肝脏气机不畅有关；或寒热虚实所致；气管或支气管异物、气胸等<br>###+心悸、气短::[[心气不足，心阳不振]]<br>###+心痛如刺，面唇青紫::[[心血瘀阻]]<br>###+咳喘痰多::[[痰湿阻肺]]（或痰饮停肺）<br>###+胁胀、善太息，抑郁::[[肝郁气结]],寒邪客肺::+气喘、畏寒肢冷<br>###肺气虚或肺肾气虚::+气喘、少气不足以息<br>###热邪或痰热壅肺::+壮热，鼻翼扇动
心悸,中医诊断学::问诊::问头身胸腹不适,1,定义::心悸多是[[心神失藏或心脏病变]]的反应<br>###惊悸::常因外界刺激，时发时止<br>###怔忡::无明显外界诱因导致心跳剧烈，上至心胸，下至脐腹<br>###区别::惊悸日久可发展为怔忡，怔忡病情较惊悸为重,心气、心阳亏虚::心悸，气短、乏力、自汗；或心虚胆怯，惊骇气乱，心神失养<br>###气血两虚::心悸，面白唇淡，头晕气短；或营血亏虚，心神失养<br>###心阴不足::心悸，颧红、盗汗；或阴虚火旺内扰心神<br>###胆郁痰扰::心悸，时作时止，胸闷不适，痰多<br>###心脉瘀阻::心悸，短气喘息，胸痛不移，舌紫暗
胁胀,中医诊断学::问诊::问头身胸腹不适,1,定义::自觉一侧或两侧胁部胀满不舒，多见于[[肝胆]]病变<br>###胁肋胀痛，太息，精神抑郁或易怒者::[[肝气郁结]]<br>###胁肋胀痛，身目发黄，口苦尿黄，舌红苔黄腻::[[肝胆湿热]],饮停胸胁::+肋间饱满、咳唾引痛
脘痞与腹胀,中医诊断学::问诊::问头身胸腹不适,1,脘痞定义::自觉胃脘胀闷不舒，属于脾胃病，多因胃失和降，中焦气机不畅所致<br>###脘痞+纳少，嗳气吞酸腐::食积胃脘<br>###脘痞+食少，腹胀便溏，肢倦乏力::脾胃气虚<br>###脘痞+饥不欲食::胃阴亏虚<br>###脘痞+腹胀，纳呆呕恶，苔腻者::湿邪中阻,腹胀定义::自觉腹部胀满，痞塞不适，甚则如物支撑。气虚、寒凝、热结、气滞、痰饮、食积、瘀血、虫积等均可导致<br>###腹胀虚实鉴别::时胀时减，喜按者为虚证，多为脾胃虚弱；持续胀满不减，拒按者为实证，多食积或实热内结<br>###鼓胀::胀大如鼓，皮色苍黄，腹壁青筋暴露——[[肝脾肾功能失常]]，气血水等邪结聚于腹内所致
身重,中医诊断学::问诊::问头身胸腹不适,1,定义::自觉身体沉重酸困惑，多因水湿泛滥及气虚，不能运化精微布达四肢、肌肉所致<br>###+脘腹胀满，苔腻::[[湿邪困阻脾阳]]所致<br>###+浮肿尿少::[[水湿泛溢肌肤]]所致<br>###+嗜睡，怠倦乏力::脾气亏虚，不能布达水谷精微四肢<br>###热病后期见身重乏力::邪热耗伤气阴，形体失养,特点::身重与湿邪和气虚密切相关
麻木,中医诊断学::问诊::问头身胸腹不适,1,定义::自觉皮肤发麻，或肌肤感觉减退，甚至消失。麻木亦称不仁，多见头面、四肢<br>###主要病机::肌肤、筋脉失养（气血亏虚、风寒入络、肝风内动、风痰阻络、痰湿或瘀血阻络）<br>###颜面麻木，伴有口眼㖞斜::风邪阻络，见于中风的中络证<br>###四肢麻木，活动正常，伴有关节痛::寒湿阻滞，可见于痹病,脾胃虚弱::四肢麻木，痿废不用——可见于痿病<br>###中风先兆::半身麻木，活动自如<br>###气血两虚::伴有头晕目眩，气短乏力
乏力,中医诊断学::问诊::问头身胸腹不适,1,定义::自觉肢体懈怠，疲乏无力的表现<br>###基本病机::气血亏虚或湿困阳气。阳气虚衰亦可见。常见虚劳、肝病、消渴、肾病、痿病<br>###+神疲气短，倦怠懒言，动则益甚，舌淡脉弱::[[气虚]]<br>###+头晕，心悸气短，伴面色无华::[[气血亏虚]],湿困::+身重，困倦，或伴纳呆脘痞，苔腻脉濡<br>###脾虚湿盛::或伴面色萎黄，便溏或稀便，食少腹胀
耳鸣,中医诊断学::问诊::问耳目,1,定义::自觉耳内鸣响的症状，如闻潮水，或如蝉鸣。耳鸣可为单侧或双侧，或持续，或时发时止<br>###实证::突发耳鸣，声大如雷，按之尤甚——多由肝胆火盛、肝阳上亢，或痰火壅结、气血瘀阻、风邪上袭，或药毒损伤耳窍<br>###虚证::渐起耳鸣，声细如蝉，按之可减，或耳渐失聪而听力减退——可因肾精亏虚，或脾气亏虚（或脾湿过盛），清阳不升，或肝阴、肝血不足，髓海失充，耳窍失养所致,注意::人卫版将肝肾阴虚，肝阳上扰作为虚证
重听与耳聋,中医诊断学::问诊::问耳目,1,重听::患者自觉听力减退，听音不清，或听觉迟钝<br>###耳聋::严重者，听力明显减退，甚至听觉完全丧失，耳聋可为单侧或双侧。两者意义基本相同<br>###骤发重听、耳聋::多为实证。肝胆火盛、痰浊上蒙，或风邪上袭耳窍（或药毒伤耳）<br>###日久渐成者::多为虚证。肾精不足（肾精气亏虚），耳窍失荣（或肝肾亏虚，精气不荣）,年老重听、耳聋渐成者::生理现象，多是精衰气虚<br>###久病、病重出现耳聋::心气虚衰、肾惫精脱<br>###伤寒耳聋::多系邪在少阳，经气闭塞所致；温病耳聋，多为邪火蒙蔽清窍，阴精不能上达所致
目痛,中医诊断学::问诊::问耳目,1,鉴别::剧痛实证；痛微虚证<br>###两目胀痛，面红目赤、急躁易怒::[[肝火上炎]]<br>###目赤肿痛，羞明多眵::[[风热之邪上扰]]<br>###目微痛微赤，时痛时止而干涩::[[阴虚火旺]]<br>###目剧痛，连及头痛，恶心呕吐，瞳孔散大，如云雾状，色青或绿或黄::[[青（或绿，或黄）风内障]],特点::目痛需辨别剧痛与痛微以分虚实
目痒与目眩,中医诊断学::问诊::问耳目,1,目痒::患者自觉眼睑、眦内或目珠有瘙痒。轻者揉拭则止，重者极痒难忍<br>###目痒实证::两目痒甚如虫行，伴有畏光流泪、灼热者，多属实证，因肝火上扰或风热上袭等所致<br>###目痒虚证::目微痒而势缓，多属虚证，因血虚，目失濡养所致<br>###目眩::即眼花。自觉视物旋转动荡，如坐舟车，或眼前如有蚊蝇飞动,目眩-肝肾阴虚::兼见头晕头胀、面赤耳鸣、腰膝酸软者，为肝肾阴虚，肝阳上亢所致<br>###目眩-湿痰内蕴::兼见头晕胸闷、体倦肢麻、恶心苔腻者，为湿痰内蕴，清阳不升所致<br>###目眩虚实::因气虚、血亏、阴精不足，目失所养引起者，多属虚证；因肝火上炎、肝阳化风及痰湿上蒙清窍所致者，多属实证，或本虚标实证
暑淫证,中医诊断学::病因辨证,1,概念::暑淫证是指感受暑热之邪，耗气伤津，以发热、汗出、口渴、疲乏等为主要表现的证<br>###原因::因夏季气候炎热而感受外界暑邪<br>###伤暑::发热恶热，汗出，口渴喜饮，尿黄；气短，神疲，身体疲乏，脉虚数；舌红，苔白或黄少津<br>###中暑::发热，汗出不止，口渴，气急；猝然昏倒，神志不清，甚则昏迷，抽搐；舌绛干燥，脉细数<br>###暑湿::发热，胸闷脘痞，腹痛，呕恶，无汗，苔黄腻，脉濡数,辨证要点::夏季感受暑热之邪的病史，发热，汗出，口渴，疲乏，尿黄
湿淫证,中医诊断学::病因辨证,1,概念::湿淫证是指感受外界湿邪，阻遏人体气机与清阳，以头身困重、肢体倦怠、关节酸痛重着等为主要表现的证<br>###原因::多因气候潮湿、淋雨涉水、冒受雾露等感受外界湿邪所致<br>###伤湿::头重如裹，肢体困重，倦怠嗜睡，肢体关节肌肉酸痛，腰脊酸痛沉重，阴雨天加重；或伴恶寒发热；局部渗漏湿液，或皮肤湿疹、瘙痒<br>###清阳被遏::面色晦垢，倦怠嗜睡<br>###气机与运化::胸闷脘腹痞胀或痛，口腻纳呆或恶心呕吐，大便稀溏<br>###趋下::便溏，小便混浊，妇女可见带下量多<br>###舌脉::舌苔滑腻，脉濡、缓或细<br>###冒湿::首如裹，遍体不舒，四肢懈怠，脉濡弱<br>###湿伤关节(着痹)::关节疫痛重着，屈伸不利,辨证要点::起病较缠绵，身体困重，酸楚，痞闷，腻浊，便溏，脉濡缓
燥淫证与火淫证,中医诊断学::病因辨证,1,燥淫证概念::外感燥邪，耗伤津液，以口鼻、咽喉、皮肤干燥等为主要表现的证<br>###燥淫证原因::因秋令气候干燥，或居处干旱少雨，感受外界燥邪所致<br>###肺系表现::口唇、鼻腔、咽喉干燥，皮肤干燥甚至皲裂、脱屑，或见干咳少痰，痰黏难咯<br>###伤津表现::口渴欲饮，舌苔干燥，大便干燥，小便短黄<br>###凉燥::头微痛，恶寒无汗，咳嗽，喉痒，鼻塞，舌白而干，脉浮或浮紧<br>###温燥::身热有汗，口渴，咽干，咳逆胸痛，或痰中带血，以及上气鼻干，舌干苔黄，脉浮数<br>###火淫证概念::外感温热火邪，阳热内盛，以发热、口渴、面红、便秘、尿黄、舌红、苔黄脉数等为主要表现的证<br>###火淫证原因::多因外感温热火邪，或其他外邪郁积化热化火而成<br>###卫表表现::发热微恶寒，头痛，咽喉肿痛，鼻塞流浊涕，舌边尖红，苔薄黄，脉浮数<br>###气分表现::壮热恶热，渴喜冷饮，面红目赤，汗多，大便秘结，小便短黄<br>###营血表现::心烦失眠，烦躁，甚则神昏谵语，躁扰发狂，惊厥抽搐，出血（吐血、衄血、斑疹）<br>###热毒表现::痈肿疮疡<br>###舌脉::舌红或绛，苔黄干燥或灰黑，脉数有力（洪数、滑数、弦数或细数等）,燥淫辨证要点::秋季干咳，口鼻咽唇皮肤干燥<br>###火淫辨证要点::新病突起，病势较剧，发热，口渴，便秘，尿黄，出血，舌红苔黄，脉数
气虚证,中医诊断学::气血津液辨证::气病辨证,1,概念::元气虚导致气推动、温煦功能减退，脏腑组织功能减退<br>###形神表现::神疲乏力，少气懒言，声低息微，气短<br>###头目表现::面白少华，头晕目眩<br>###卫表表现::自汗<br>###舌脉::舌淡嫩，脉虚。劳则气耗：活动后诸症加剧,辨证要点::神疲乏力，气短懒言，动则加剧（脏腑兼证中，多表现为气虚的脏腑是肺脾）
气陷证,中医诊断学::气血津液辨证::气病辨证,1,概念::气虚升举无力，清阳下陷（气虚＋下陷）【脾气下陷】<br>###形神表现::神疲乏力，气短<br>###头面表现::头晕眼花，面色淡白<br>###陷表现::脘腹坠胀感，甚或胃、肾、直肠、子宫等脏器下垂，脱肛阴挺<br>###大便表现::大便溏泄或久泻久痢<br>###舌脉::舌质淡嫩，脉虚,辨证要点::神疲乏力，脘腹坠胀，久泻久痢或脏器下垂
气虚不固证,中医诊断学::气血津液辨证::气病辨证,1,概念::气虚，失于对精、血、津液等的固摄所表现的证候（由气虚证进一步发展而来）<br>###气虚表现::神疲乏力，少气懒言，声低息弱，动则加剧，面白舌淡，脉虚<br>###气不固津::自汗不止，涎、唾、涕、泪清稀量多，白带量多<br>###气虚不能固摄二便::尿频清长，或余沥不尽，或遗尿，或二便失禁<br>###气不摄血::各种慢性出血症，月经量多<br>###气不固精::滑精早泄<br>###气虚胎元不固::滑胎等,辨证要点::自汗，或出血，或二便失禁，或津液、精液、胎元等不固与气虚见症
气脱证,中医诊断学::气血津液辨证::气病辨证,1,概念::元气亏极而欲外脱（气虚、气不固＋脱）<br>###成因::多由气虚、气不固发展而来；也可在大汗、大吐、大泻、大失血等情况下发生<br>###表现::呼吸微弱而不规则，汗出不止，口开目合，手撒身软，神识朦胧（淡漠或昏聩），面色苍白，口唇青紫，二便失禁，舌质淡白，舌苔白润，脉微欲绝<br>###气随血脱::若由大失血所致者，称为气随血脱证,辨证要点::呼吸微弱或不规则，神情淡漠或昏愦，面色苍白，脉微欲绝<br>###与亡阳区别::气脱与亡阳常同时出现，亡阳以肢厥身凉为特征，气脱以气息微弱为主症
气滞证,中医诊断学::气血津液辨证::气病辨证,1,概念::局部或某一脏腑经络气机阻滞，运行不畅（胀满痞闷）<br>###成因::气郁或肝气郁结；实邪致滞；气虚而滞<br>###基本表现::胀满、痞闷、胀痛、窜痛<br>###特点::部位不定，时轻时重，随情绪变化而重轻<br>###缓解特点::太息、嗳气、矢气减轻<br>###脉象::弦（气滞可致瘀血，若＋血瘀＝气滞血瘀证）<br>###转归::气滞日久化热、化火，而形成火热证；气机不利，影响水液代谢而生痰、生湿、水停，可形成痰气互结、气滞湿阻、气滞水停等证。气滞常引起气逆证、气闭证,辨证要点::局部胀、闷或窜痛，随情志波动变化
气逆证,中医诊断学::气血津液辨证::气病辨证,1,概念::气机升降失常，应降反升，升发太过（肺胃肝气上逆）<br>###肺气上逆::咳嗽气喘，咯痰<br>###胃气上逆::恶心呕吐，嗳气呃逆<br>###肝气上逆::头痛头胀，眩晕，面红目赤，或自觉气从少腹上冲胸咽，吐血，甚至晕厥,辨证要点::脏腑气机运动向上的表现
中药,中药学::概念,1,定义::在[[中医药理论]]指导下认识和应用的药物,说明::中药是中医学的核心用药概念
本草,中药学::概念,1,定义::古代将药物称为[[本草]]，因植物类药材居多且使用最普遍,说明::历代药学著作多以本草命名
中药学,中药学::概念,1,定义::专门研究中药[[基本理论]]和各药品种来源、采制、性能、功效、用法用量、使用注意等的学科,范围::涵盖从基础理论到临床应用的完整体系
《诗经》,中药学::发展史::先秦至汉,3,成就::我国现存文献中[[最早]]记载具体药物的书籍,归属::先秦至汉时期的早期药学文献
《山海经》,中药学::发展史::先秦至汉,3,成就::载有[[120余种]]药物，并记述了它们的医疗用途,归属::先秦至汉时期的早期药学文献
《万物》,中药学::发展史::先秦至汉,3,成就::载药[[70余种]]，并有【*复方::多味药组成方剂*】治疗的记载,归属::先秦至汉时期的早期药学文献
《五十二病方》,中药学::发展史::先秦至汉,2,成就::载药[[240余种]]，载方[[280余个]]，对炮制、制剂、用法、禁忌均有记述,意义::说明中药[[复方]]应用已有悠久历史
《神农本草经》,中药学::发展史::先秦至汉,1,成就::现存[[最早]]药学专著，载药[[365]]种，分上中下[[三品]]，首提[[四气]]【*四气::寒热温凉四种药性*】,首载::首次记载大黄、石膏功效；黄连治痢、阿胶止血、人参补虚等
《本草经集注》,中药学::发展史::魏晋南北朝,1,成就::陶弘景撰，载药[[730种]]，[[首创]]按药物[[自然属性]]分类，首创[[诸病通用药]],体例::将芍药分赤白两种，首见服药食忌，初步确立综合本草模式
《雷公炮炙论》,中药学::发展史::魏晋南北朝,1,成就::雷敩撰，我国第一部中药[[炮制]]专著【*炮制::药物加工处理*】，介绍了[[300种]]炮制方法,意义::标志着本草学[[新分支学科]]的产生
《新修本草》,中药学::发展史::隋唐,1,成就::载药[[844种]]，图文对照，我国历史上[[第一部官修本草]]，世界最早[[药典性]]著作,特点::又称《唐本草》；首载山楂，记载羊肝治夜盲症经验
《本草拾遗》,中药学::发展史::隋唐,2,成就::陈藏器撰，对《新修本草》增补辨误，提出[[十种分类法]]（宣通补泻轻重滑涩燥湿）,意义::扩展用药范围，按药物功用提出系统分类
《千金方》,中药学::发展史::隋唐,3,成就::孙思邈撰，记载[[羊靥]]和[[鹿靥]]治疗甲状腺病，专设[[食治篇]],内容::重视食疗，专设章节论述饮食防治疾病
《药性论》,中药学::发展史::隋唐,3,成就::甄权撰，首次记载[[神曲]]功效的医著,意义::专门论述药物性能的本草著作
《食疗本草》,中药学::发展史::隋唐,3,成就::孟诜撰，对[[营养学]]和[[食疗经验]]有总结和研究,内容::以食物营养和食疗为特色的本草著作
《海药本草》,中药学::发展史::隋唐,3,成就::李珣撰，对[[外来药]]有总结和研究,方向::收录海外传入药物的本草专著
《本草图经》,中药学::发展史::宋金元,2,成就::又称《图经本草》，所附[[900多幅]]药图，是我国现存[[最早]]的[[版刻本草图谱]],特点::以药图丰富著称，图文并茂
《本草衍义》,中药学::发展史::宋金元,2,成就::寇宗奭撰，补充药物功效验效，按年龄体质疾病决定药量，首提将[[四气]]改为[[四性]],意义::强调因人用药，对临床用药有重要指导意义
《经史证类备急本草》,中药学::发展史::宋金元,2,成就::唐慎微撰，简称《证类本草》，载药[[1500余种]]，各药后附列[[方剂]]以相印证，始载[[苍术]]之名,体例::以方证药的编写体例，方药兼收
《苏沈良方》,中药学::发展史::宋金元,3,成就::记载[[秋石]]是从人尿中提取的[[性激素]]制剂,意义::涉及古代药物提取工艺的记载
《宝庆本草折衷》,中药学::发展史::宋金元,3,成就::记载了[[猪胆合为牛黄]]的方法,意义::涉及动物药人工制备的早期记载
《饮膳正要》,中药学::发展史::宋金元,2,成就::忽思慧撰，[[饮食疗法]]专门著作，首次记载用[[蒸馏法]]工艺制酒,内容::以饮食养生防病为主题的专著
《本草纲目》,中药学::发展史::明,1,成就::李时珍撰，载药[[1892]]种，附图[[1100]]多幅，附方[[11000]]余首，新增药[[374]]种,地位::我国古代[[规模最大]]的综合性本草著作
《本草品汇精要》,中药学::发展史::明,2,成就::刘文泰等撰，载药[[1815]]种，附图[[1385]]幅，明代唯一一部、也是古代最后一部大型[[官修本草]],地位::古代最后一部大型官修本草，标志官修本草终结
《神农本草经疏》,中药学::发展史::明,3,成就::缪希雍撰，对《[[神农本草经】》进行注释和发挥,体例::以注疏形式阐发经典药学理论
《炮炙大法》,中药学::发展史::明,2,成就::缪希雍撰，明代影响最大的[[炮制]]专著，总结了[[雷公炮炙十七法]],意义::系统整理了明代中药炮制技术
《白猿经》,中药学::发展史::明,2,成就::我国最早记载[[提炼制成乌头碱结晶]]的文献,意义::反映古代中药化学提取的早期成就
《滇南本草》,中药学::发展史::明,2,成就::兰茂撰，我国现存内容最丰富的古代[[地方本草]],范围::集中记载云南地区药物资源
《本草纲目拾遗》,中药学::发展史::清,1,成就::赵学敏撰，载药[[921]]种，新增[[716]]种，[[增收新药最多]]的本草文献，首载冬虫夏草、鸦胆子、太子参,方向::专门增补《本草纲目》未收载的药物
《本草备要》,中药学::发展史::清,3,成就::汪昂撰，对《[[本草纲目】》进行摘要、精简、整理,风格::以精简实用为编写特色
《本草求真》,中药学::发展史::清,2,成就::黄宫绣撰，载药[[521]]种，采用按药物[[主要功效]]分类，较[[三品分类]]及[[十剂分类]]更为先进,体例::以功效为核心的药物分类体系
道地药材概念,中药学::产地与采集::道地药材,1,定义::优质纯真药材的专用名词，指历史悠久、产地适宜、品种优良、产量宏丰、炮制考究、[[疗效突出]]、带有地域性特点的药材,说明::如川黄连、川芎、川贝母、川附子等，以产地命名
道地药材意义,中药学::产地与采集::道地药材,2,意义::重视中药产地与质量的关系，对[[保证中药疗效]]起着十分重要的作用,说明::长期临床实践证明道地药材开发和应用的重要性
川药,中药学::产地与采集::产地分类,3,产地::指四川、重庆所出[[道地药材]],举例::黄连（石柱）、川芎（都江堰）、附子（江油）、麦冬（绵阳）、白芷（遂宁）、川牛膝（天全）
广药,中药学::产地与采集::产地分类,3,产地::指广东、广西南部及[[海南]]、台湾等地所出道地药材,举例::砂仁（阳春）、巴戟天（高要）、陈皮（新会）、槟榔（海南）
云药,中药学::产地与采集::产地分类,3,产地::指滇南和[[滇北]]所出道地药材,举例::三七（文山）、茯苓（丽江）、诃子（临沧）、儿茶（西双版纳）、石斛（彝良）
贵药,中药学::产地与采集::产地分类,3,产地::以贵州为主产[[道地药材]],举例::天麻（赫章）、杜仲（遵义）、吴茱萸（铜仁）、朱砂（万山）、艾叶（铜仁）
怀药,中药学::产地与采集::产地分类,3,产地::指河南境内所产[[道地药材]],举例::四大怀药（菊花、地黄、牛膝、山药），另有金银花、天麻、牛膝、山药等
浙药,中药学::产地与采集::产地分类,3,产地::指浙江及沿海大陆架所产[[道地药材]],举例::浙八味：白术、白芍、浙贝母、杭白菊、延胡索、玄参、温郁金、山茱萸
关药,中药学::产地与采集::产地分类,3,产地::指东北地区所出道地药材，产于[[吉林]]的人参最著名,举例::人参（抚松）、平贝母（抚松）、鹿茸（双阳）、北五味子（集安）、关黄柏、防风
北药,中药学::产地与采集::产地分类,3,产地::指河北、山东、山西及[[内蒙古]]中东部地区所出道地药材,举例::黄芪（山西）、党参（潞安）、阿胶（阳城）、酸枣仁（邢台）、知母（易县）
淮药,中药学::产地与采集::产地分类,3,产地::指淮河流域及长江以北[[南药]]区所出道地药材,举例::亳菊花（亳州）、滁菊花（滁州）、杭菊花（歙县）、牡丹皮（铜陵）、薄荷（太仓）
南药,中药学::产地与采集::产地分类,3,产地::指长江以南广大地区所产[[道地药材]],举例::木香（宣城）、茯苓（金坛）、泽泻（建瓯）、太子参（柘荣）、莲子（建宁）
西药,中药学::产地与采集::产地分类,3,产地::指陕西以西广大地区所产[[道地药材]],举例::当归（甘肃）、秦艽（甘肃）、大黄（青海）、枸杞子（宁夏中宁）
采集总原则,中药学::产地与采集::采集,2,原则::应在[[有效成分含量最多]]的时候进行，通常以入药部分的成熟度作为依据,说明::中药材大多为植物药，根茎花叶实各部分有效成分含量随生长发育时期不同而异
全草类采集,中药学::产地与采集::采集,3,时间::充分生长、枝叶繁茂的[[花前期]]或刚开花时采集,举例::地上部分如薄荷、荆芥；带根全草如车前草、蒲公英；茎叶如忍冬藤
叶类采集,中药学::产地与采集::采集,3,时间::在花蕾将放或正在[[盛开]]的时候采集,举例::大青叶、艾叶、荷叶、枇杷叶等；[[桑叶]]须在深秋或初冬经霜后采集
花类采集,中药学::产地与采集::采集,3,时间::正开放时进行，因花朵次第开放，须[[分次适时]]采摘,举例::采集应早如菊花；含苞待放如金银花、辛夷；盛开如花粉类；红花在花色由黄转红时
果实与种子采集,中药学::产地与采集::采集,3,时间::一般果实[[成熟时]]采集，少数未成熟时采集,举例::成熟时如瓜蒌、枸杞；未成熟如青皮、枳实；种子刚成熟易脱落如小茴香、牵牛子
根和根茎类采集,中药学::产地与采集::采集,3,时间::春宁宜早，秋宁宜晚，在[[早春二月]]及深秋时节采集,举例::天麻、苍术、桔梗、葛根、玉竹、大黄等；但半夏、延胡索应在夏季
树皮和根皮类采集,中药学::产地与采集::采集,3,时间::[[清明]]及夏季剥取树皮；秋后苗枯或早春萌发前取根皮,举例::黄柏、厚朴、杜仲在清明及夏季；肉桂多在十月；牡丹皮、地骨皮在秋后或早春
动物类采集,中药学::产地与采集::采集,3,时间::以保证[[药效]]和容易获得为原则,举例::桑螵蛸每年秋季至翌年春季；驴皮冬至后剥取
矿物类采集,中药学::产地与采集::采集,3,时间::随时可[[采收]],举例::大多数矿物药均不受季节限制
炮制概念,中药学::产地与采集::炮制,1,定义::按照中医药理论，根据药材自身性质，以及调剂、制剂和临床应用的需要，所采取的一项独特的[[制药技术]],别称::历史又称为炮炙、修治、修事、修制等
炮制目的,中药学::产地与采集::炮制,1,目的::[[降低或消除毒副作用]]、增强药物作用、改变药物性能或功效、便于调剂制剂,补充::另有纯净药材保证品质、矫臭矫味便于服用、干燥利于贮藏、引药入经定向用药
修治,中药学::产地与采集::炮制::水制,2,方法::包括[[纯净药材]]（去杂质非药用部分）、粉碎药材（达一定粉碎度）、切制药材（切成片段丝块）,举例::刷去枇杷叶绒毛、切槟榔薄片、磨贝母粉、刮去厚朴粗皮
水制概述,中药学::产地与采集::炮制::水制,2,方法::包括漂洗（反复换水去杂质盐味）、浸泡（浸湿即取出）、闷润（辅料渗入组织）、喷洒（不宜水浸者润湿）,举例::漂去海藻盐分、白矾水浸泡半夏、酒洗润当归、炒制时喷洒辅料
水飞,中药学::产地与采集::炮制::水制,2,方法::借药物在水中的[[沉降性质]]分取药材极细粉末的方法,举例::常用于矿物类、贝壳类药物制粉，如朱砂、炉甘石、滑石、海蛤壳、雄黄
炒法,中药学::产地与采集::炮制::火制,1,方法::将药物置锅中加热不断翻动，炒至一定程度取出，分[[清炒]]与辅料炒法,注意::清炒分炒黄、炒焦、炒炭三种，程度依次加深
清炒法,中药学::产地与采集::炮制::火制,1,方法::[[炒黄]]炒至微黄；[[炒焦]]炒至焦黄有焦香气；[[炒炭]]炒至外表焦黑内部焦褐,举例::炒黄如牛蒡子减轻寒性；炒焦如山楂增强消食；炒炭如艾叶增强止血作用
辅料炒法,中药学::产地与采集::炮制::火制,2,方法::加[[固体辅料]]拌炒，包括砂烫、蛤粉烫、滑石粉烫等,举例::砂烫穿山甲使之酥脆；蛤粉烫阿胶珠；滑石粉烫刺猬皮
炙法,中药学::产地与采集::炮制::火制,1,方法::将药物与[[液体辅料]]共置锅中加热拌炒，使辅料渗入药物组织内部或附着于表面,分类::常用液体辅料有蜜、酒、醋、盐水、姜汁五种
蜜炙,中药学::产地与采集::炮制::火制,2,方法::用[[蜂蜜]]拌炒，增强润肺止咳作用,举例::蜜炙百部、款冬花、枇杷叶，增强润肺止咳；蜜炙黄芪润肺止咳
酒炙,中药学::产地与采集::炮制::火制,2,方法::用[[黄酒]]拌炒，增强活血之功,举例::酒炙川芎、当归、牛膝增强活血；酒炙常山减低催吐作用
醋炙,中药学::产地与采集::炮制::火制,2,方法::用[[米醋]]拌炒，增强疏肝解郁或降低毒性,举例::醋炙香附、柴胡增强疏肝解郁；醋制甘遂、京大戟、芫花降低毒性
盐炙,中药学::产地与采集::炮制::火制,3,方法::用[[盐水]]拌炒，引药入肾和增强补肾作用,举例::盐炙杜仲、补骨脂，引药入肾增强补肾
姜汁炙,中药学::产地与采集::炮制::火制,3,方法::用[[姜汁]]拌炒，增强止呕作用,举例::姜炙半夏、竹茹，增强止呕作用
煅法,中药学::产地与采集::炮制::火制,2,方法::将药物用[[猛火]]直接或间接煅烧，使之质地松脆，易于粉碎，利于有效成分煎出,分类::直接煅如紫石英、龙骨、牡蛎；间接煅（扣锅煅）如棕榈炭、血余炭
煨法,中药学::产地与采集::炮制::火制,3,方法::用湿面或湿纸包裹，置于热灰中或用吸油纸与药物[[隔层分开]]加热,举例::煨肉豆蔻、煨木香、煨生姜、煨葛根
水火共制,中药学::产地与采集::炮制::水火共制,2,方法::包括[[煮法]]（水或辅料同煮）、蒸法（水蒸气蒸熟）、炖法（隔水炖烂）、焯法（沸水中短暂处理）、淬法（煅后迅速投冷水）,举例::醋煮芫花；清蒸玄参；炖熟地黄；焯杏仁去皮；醋淬自然铜、鳖甲
制霜,中药学::产地与采集::炮制::其他制法,2,方法::包括去油取残渣（如[[巴豆霜]]）、药液渗出结晶（如西瓜霜）、残渣研细（如鹿角霜）,意义::制霜可降低毒性、缓和药性或改变功效
发酵与发芽,中药学::产地与采集::炮制::其他制法,3,方法::发酵使药物改变性质、可[[增强和胃消食]]作用；发芽使种子萌发幼芽,举例::发酵如六神曲、建曲、半夏曲；发芽如稻芽、谷芽、麦芽
精制与药拌,中药学::产地与采集::炮制::其他制法,3,方法::精制为水溶性天然结晶药[[水溶去除杂质]]后重结晶；药拌为药物中加入辅料拌染,举例::精制如芒硝、元明粉；药拌如朱砂拌茯神、砂仁拌熟地黄
麻黄用法,中药学::产地与采集::具体药物用法::解表药,2,用法::[[发汗解表]]用生用且[[不宜久煎]]，平喘炙用或生用，蜜炙后作用较缓和,注意::小儿及体虚者宜用麻黄绒
荆芥用法,中药学::产地与采集::具体药物用法::解表药,2,用法::用于[[止血]]，须[[炒炭]]用,归类::解表药中需要特殊炮制的药物
薄荷用法,中药学::产地与采集::具体药物用法::解表药,3,用法::薄荷叶长于发汗解表，薄荷梗[[偏于理气和中]],区别::同株不同部位功效侧重不同
桑叶用法,中药学::产地与采集::具体药物用法::解表药,3,用法::[[蜜炙]]桑叶能够增强润肺止咳作用,注意::采集须在深秋或初冬经霜后
菊花用法,中药学::产地与采集::具体药物用法::解表药,3,用法::外感风热多用[[黄菊花]]，偏于疏散风热；清肝明目和平肝多用[[白菊花]],区别::黄菊花偏疏散，白菊花偏清肝平肝
柴胡用法,中药学::产地与采集::具体药物用法::解表药,2,用法::[[疏散退热]]宜生用；疏肝解郁宜[[醋制]]；升举阳气用[[升麻]]同用,炮制::醋炙增强疏肝作用
麻黄与其他解表药对比,中药学::产地与采集::具体药物用法::解表药,2,对比::麻黄发汗力[[最强]]；荆芥辛而不烈，微温不燥；薄荷辛凉，偏于[[发散风热]],特点::三药解表机制和适应证各有侧重
黄芩用法,中药学::产地与采集::具体药物用法::清热药,2,用法::清热燥湿[[生用]]；酒黄芩用于[[上焦]]肺热及四肢肌表之湿热,分类::枯芩中空体轻偏清肺火；子芩（条芩）质重偏降泻大肠湿热
黄连用法,中药学::产地与采集::具体药物用法::清热药,2,用法::清热燥湿、泻火解毒[[生用]]；[[酒黄连]]用于目赤肿痛、口舌生疮,归经::酒制引药上行，增强头面部清热作用
栀子用法,中药学::产地与采集::具体药物用法::清热药,2,用法::栀子[[生用]]走气分而清气分热；[[炒焦]]栀子入血分而凉血止血,炮制::生清热泻火，炒凉血止血
黄柏用法,中药学::产地与采集::具体药物用法::清热药,2,用法::[[清热燥湿]]生用；[[盐炙]]用于[[阴虚火旺]]潮热骨蒸,炮制::盐制引药入肾，增强泻相火作用
金银花用法,中药学::产地与采集::具体药物用法::清热药,3,用法::[[疏散风热]]生用；[[炒炭]]用于热毒血痢,炮制::炒炭后偏于收敛止痢
生地黄与熟地黄对比,中药学::产地与采集::具体药物用法::清热药,1,对比::[[生地黄]]用于清热凉血；[[熟地黄]]用于[[补血]]滋阴、益精填髓,炮制::地黄酒蒸后变成熟地黄，功效由清转补
当归用法,中药学::产地与采集::具体药物用法::补血药,1,用法::[[生当归]]偏于[[活血调经]]润肠通便；[[补血]]宜用[[全当归]]；[[活血]]宜用[[当归尾]],分类::酒当归增强活血通经作用；土炒当归入脾补血止泻
白芍用法,中药学::产地与采集::具体药物用法::补血药,2,用法::[[生用]]平肝敛阴、柔肝止痛；[[炒用]]能[[养血调经]]柔肝止痛,炮制::炒白芍增强养血调经作用
熟地黄用法,中药学::产地与采集::具体药物用法::补血药,2,用法::[[酒蒸]]熟地黄用于[[补血]]止血,炮制::酒蒸后由凉血变为补血，功效发生根本转变
黄芪用法,中药学::产地与采集::具体药物用法::补气药,2,用法::[[生黄芪]]偏于[[固表止汗]]利水消肿排脓；[[蜜炙]]偏于[[补中益气]],炮制::蜜炙增强补气作用，生用偏于走表
甘草用法,中药学::产地与采集::具体药物用法::补气药,2,用法::[[生用]]清热解毒、祛痰止咳；[[炙用]]偏于[[补中益气]]缓急止痛,炮制::蜜炙后由清热转为补气，功效侧重不同
山药用法,中药学::产地与采集::具体药物用法::补气药,3,用法::[[生山药]]偏于[[养阴]]生津益肺肾；[[炒山药]]偏于[[健脾]]止泻固精,炮制::炒制后增强健脾止泻作用
香附用法,中药学::产地与采集::具体药物用法::理气药,2,用法::[[生用]]偏于[[疏肝理气]]解郁；[[醋制]]增强疏肝解郁止痛,炮制::醋炙增强入肝经，提高疏肝止痛作用
川芎用法,中药学::产地与采集::具体药物用法::活血药,3,用法::[[酒川芎]]增强[[活血行气]]祛风止痛,炮制::酒炙增强活血作用
三棱与莪术对比,中药学::产地与采集::具体药物用法::活血药,3,对比::[[三棱]]偏于破血[[逐瘀]]；[[莪术]]偏于[[破血]]行气,炮制::醋炙均可增强祛瘀止痛作用
炒炭止血药汇总,中药学::产地与采集::具体药物用法::止血药,2,药物::[[荆芥炭]][[栀子炭]][[黄芩炭]][[地榆炭]][[槐花炭]][[艾叶炭]][[蒲黄炭]]等,机制::炒炭后产生炭素吸附作用，增强止血效果
蒲黄用法,中药学::产地与采集::具体药物用法::止血药,2,用法::[[生蒲黄]]活血祛瘀、利尿通淋；[[炒炭]]用于[[止血]],炮制::生用偏活血，炒炭偏止血，功效相反
艾叶用法,中药学::产地与采集::具体药物用法::止血药,2,用法::[[生艾叶]]用于虚寒性出血；[[其余生用]]；[[醋制]]增强温经作用,采集::须在深秋或初冬经霜后采集
半夏用法,中药学::产地与采集::具体药物用法::化痰止咳药,2,用法::[[法半夏]]偏于[[燥湿化痰]]；[[姜半夏]]偏于[[降逆止呕]]；[[清半夏]]偏于[[燥湿化痰]],炮制::不同辅料炮制后功效侧重不同
川贝母与浙贝母对比,中药学::产地与采集::具体药物用法::化痰止咳药,1,对比::[[川贝母]]偏于[[润肺]]止咳，用于虚证；[[浙贝母]]偏于[[清热]]散结，用于实证,产地::川贝母产于四川；浙贝母产于浙江
百合用法,中药学::产地与采集::具体药物用法::补阴药,3,用法::[[生百合]]偏于[[清心安神]]；[[蜜炙]]增强润肺止咳,炮制::蜜炙后润肺作用增强
龟甲与鳖甲对比,中药学::产地与采集::具体药物用法::补阴药,2,对比::[[龟甲]]偏于[[滋阴潜阳]]补肾健骨；[[鳖甲]]偏于[[滋阴潜阳]]软坚散结,炮制::均可用[[醋制]]增强入肝经作用
龙骨用法,中药学::产地与采集::具体药物用法::安神药,3,用法::[[生龙骨]]用于[[镇静安神]]平肝潜阳；[[煅龙骨]]用于[[收敛固涩]],炮制::煅制后增强收涩作用
乌梅用法,中药学::产地与采集::具体药物用法::收涩药,3,用法::[[生乌梅]]用于[[生津止渴]]；[[炒炭]]用于[[涩肠止泻]]止血,炮制::生用偏酸敛，炒炭偏收涩
五味子用法,中药学::产地与采集::具体药物用法::收涩药,3,用法::[[生五味子]]偏于[[敛肺止咳]]生津；[[酒制]]增强[[补肾固精]]作用,炮制::酒制后由敛肺转为补肾，功效侧重不同
解表药概述,中药学::各类药物总论::解表药,1,含义::以[[发散表邪]]、解除表证为主要功效，用于治疗外感表证的药物；分为[[发散风寒药]]和[[发散风热药]]<br>###功效::[[发散表邪]]为主，部分兼有利水消肿、止咳平喘、透疹、止痛、消疮<br>###适应证::外感表证（恶寒发热、头痛身痛、脉浮）及杂病兼有表证（水肿、咳喘、麻疹、风湿痹痛、疮疡初起）,性能::多[[味辛质轻]]，主入肺、膀胱经，偏行肌表，促进发汗使表邪由汗出而解<br>###配伍::据风寒/风热配伍；据四时气候配伍；虚人外感据体质配伍；瘟病初起邪在卫分配伍[[清热解毒药]]<br>###注意::用量不宜过大；气虚自汗、阴虚盗汗及疮疡日久、淋证、失血者慎用；不宜久煎
清热药概述,中药学::各类药物总论::清热药,1,含义::以[[清解里热]]为主要作用，治里热证的药物；分为[[清热泻火药]][[清热燥湿药]][[清热解毒药]][[清热凉血药]][[清虚热药]]<br>###功效::均能清除里热；清热泻火药长于清气分热，清热燥湿药长于清湿热，凉血药凉血，解毒药解毒，虚热药清虚热<br>###适应证::温热病高热烦渴、湿热泻痢、温毒发斑、痈肿疮毒及[[阴虚发热]]等里热证,性能::药性[[皆苦寒]]，能清热、沉降入里，以「热者寒之」「疗热以寒药」为指导原则<br>###配伍::里热兼表证配伍解表药以表里双解；里热兼积滞配伍通里泻下药<br>###注意::脾胃气虚食少便溏者慎用；阴虚者慎用或配伍养阴生津药；[[阴盛格阳]]或真寒假热证忌用；中病即止
泻下药概述,中药学::各类药物总论::泻下药,1,含义::以[[泻下通便]]为主要功效，治疗里实积滞证的药物；分为[[攻下药]][[润下药]][[峻下逐水药]]<br>###功效::泻下通便、清热泻火、[[逐水退肿]]<br>###适应证::大便秘结、胃肠积滞、热实内盛及[[水饮停蓄]]等里实证,性能::泻下药为[[沉降之品]]，促进排便，主归大肠经；攻下药多苦寒，润下药多甘平无毒，峻下逐水药大多苦寒、部分辛温有毒<br>###配伍::据兼证选药；常配伍行气药；热积便秘配清热药，寒积便秘配温里药；里实兼表邪配解表药，里实正虚配补益药<br>###注意::年老体弱、脾胃虚弱者慎用攻下药和峻下逐水药；妇女胎前产后及月经期忌用；有毒者当[[严格炮制，控制剂量]]
祛风湿药概述,中药学::各类药物总论::祛风湿药,1,含义::以[[祛除风湿]]、解除痹痛为主要作用，治风湿痹证的药物；分为[[祛风寒湿药]][[祛风湿热药]][[祛风湿强筋骨药]]<br>###功效::[[祛风除湿]]、止痹痛、通经络、强筋骨<br>###适应证::风湿痹痛、筋脉拘挛、[[麻木不仁]]、半身不遂、腰膝酸痛、下肢痿弱,性能::多[[辛香苦燥]]走散，归肝、肾、脾经<br>###配伍::行痹配活血营之品；着痹配健脾渗湿之品；痛痹配温阳散寒药；热痹配凉血清热解毒之品；感邪初期配解表药；久病体虚配补肝肾、益气血药<br>###注意::[[阴亏血虚者慎用]]；有毒之品注意炮制、配伍、剂型、用量、煎法以防中毒
化湿药概述,中药学::各类药物总论::化湿药,1,含义::以[[化湿运脾]]为主要功效，治疗湿阻中焦证的药物<br>###功效::[[化湿健脾]]、和中开胃<br>###适应证::脾为湿困所致脘腹痞满、呕吐泛酸、大便溏薄、食少体倦、舌苔白腻；亦用于暑湿、湿温、中焦气滞、呕吐泄泻,性能::多[[辛香温燥]]，主归脾、胃经，善化中焦湿浊、舒畅气机而健运脾胃<br>###配伍::寒湿者配温里散寒药；湿热者配清热燥湿药；湿阻气滞者配行气药；脾虚生湿者配益气健脾药<br>###注意::[[气虚及阴虚血燥者慎用]]；汤剂不宜久煎
利水渗湿药概述,中药学::各类药物总论::利水渗湿药,1,含义::以[[通利水道]]、渗利水湿为主要功效，治疗水湿内停证的药物；分为[[利水消肿药]][[利尿通淋药]][[利湿退黄药]]<br>###功效::[[利水渗湿]]<br>###适应证::水肿、小便不利、淋证、黄疸、痰饮、泄泻、带下、湿疮、[[湿温]]、湿痹等病证,性能::多甘淡、性平或寒凉，主归膀胱、肾经，次归小肠经；利湿退黄药主归肝胆经<br>###配伍::常配伍行气药；水肿骤起兼表证配宣肺解表药；水肿日久脾肾阳虚配温补脾肾药；湿热合邪配清热燥湿药；热伤血络而尿血者配凉血止血药<br>###注意::[[阴亏津少、肾虚遗精遗尿者慎用或忌用]]；孕妇慎用或忌用
温里药概述,中药学::各类药物总论::温里药,1,含义::以[[温里祛寒]]为主要功效，治疗[[里寒证]]的药物<br>###功效::辛散温通、温里祛寒、[[温经止痛]]；个别药物助阳、回阳，均能温中散寒止痛<br>###适应证::[[里寒证]],性能::味[[辛性温热]]，主归脾、胃经，有的兼入肾、肝、心、肺经<br>###配伍::外寒内侵表邪未解配发散风寒药；寒凝经脉气滞血瘀配行气活血药；寒湿内阻配芳香化湿或温燥祛湿药；脾肾阳虚者配温补脾肾药；亡阳气脱者配大补元气药<br>###注意::[[实热证、阴虚火旺、津血亏虚者忌用]]；孕妇慎用；部分药物有毒，注意炮制、用法和剂量
理气药概述,中药学::各类药物总论::理气药,1,含义::以[[舒畅气机]]为主要功效，治疗[[气滞证]]或[[气逆证]]的药物<br>###功效::[[行气]]，部分药物兼降气<br>###适应证::以情志抑郁、胀痛或攻窜痛、[[脉弦]]等症状为主的气滞证,性能::多[[辛香苦温]]，主归脾、胃、肝、肺经<br>###配伍::郁肝气滞配疏肝理气药，肝血不足寒凝肝脉配养血柔肝药；食积者配消食药；脾胃气滞选用长于理气畅中药；瘀血阻滞、月经不调、产后乳少分别配活血调经通下乳药<br>###注意::[[气阴不足者忌用]]；孕妇慎用；汤剂不宜久煎
消食药概述,中药学::各类药物总论::消食药,1,含义::以[[消食导滞]]、促进消化为主要功效，治疗[[饮食积滞证]]的药物<br>###功效::消食导滞、[[运脾开胃]]<br>###适应证::饮食积滞引起的脘腹胀满、嗳腐吞酸、恶心呕吐、不思饮食、大便失常，以及脾胃虚弱之消化不良等证,性能::性味多[[甘平]]，主归脾、胃经<br>###配伍::宿食停滞脾胃气滞配理气宽中药，脾胃虚弱运化无力配健脾养胃药；积滞化热者配清热药；兼表证配解表药；郁肝气滞配疏肝理气药；便秘不爽者配轻下药<br>###注意::[[气虚食积者不宜过用、久服]]
驱虫药概述,中药学::各类药物总论::驱虫药,1,含义::以驱除或杀灭[[人体寄生虫]]为主要功效，治疗虫证的药物<br>###功效::[[杀虫]]<br>###适应证::肠道寄生虫病，如蛔虫病、蛲虫病、绦虫病、钩虫病、[[姜片虫病]]等,性能::多[[具毒性]]，主人脾、胃、大肠经<br>###配伍::大便秘结者配泻下药；无泻下作用的驱虫药配伍泻下药；体质虚弱者先补后攻或攻补兼施<br>###注意::一般[[空腹服用]]；注意用量用法；素体虚弱、年老体衰、孕妇慎用；发热或腹痛剧烈者暂时不宜驱虫
止血药概述,中药学::各类药物总论::止血药,1,含义::以[[制止体内外出血]]为主要作用，治疗出血证的药物；分为[[凉血止血药]][[化瘀止血药]][[收敛止血药]][[温经止血药]]<br>###功效::凉血止血、化瘀止血、收敛止血、温经止血<br>###适应证::出血证，部分药物可用于血热、[[血瘀]]及中焦虚寒等证,性能::入[[血分]]，主归心、肝、脾经<br>###配伍::血热妄行配清热泻火凉血药；阴虚火旺配滋阴降火药；瘀血内阻血不循经配行气活血药；下部出血配升提之品，上部出血配降气药；虚寒性出血配益气健脾温阳药；出血过多气随血脱急投大补元气之药<br>###注意::出血兼瘀或出血初期，[[不宜单独使用凉血止血药和收敛止血药]]，宜酌加活血祛瘀之品以免凉遏恋邪留瘀
活血化瘀药概述,中药学::各类药物总论::活血化瘀药,1,含义::以[[疏通血脉]]、促进血行、消散瘀血为主要作用，治疗瘀血证的药物；分为[[活血止痛药]][[活血调经药]][[活血疗伤药]][[破血消癥药]]<br>###功效::活血化瘀、止痛、调经、通经、利痹、消肿、疗伤、消痈、[[消癥]]<br>###适应证::[[瘀血证]],性能::多[[辛苦偏温]]，部分动物类药物具有咸味，主归心、肝二经<br>###配伍::寒凝血瘀配伍散寒通经药；瘀热互结配清热凉血药；痰瘀阻湿配化痰除湿药；血瘀癥瘕配软坚散结药；因虚致瘀配补益药；活血化瘀药常与行气药同用<br>###注意::妇女月经过多及出血证无瘀血阻滞者[[慎用]]；孕妇慎用或禁用；[[中病即止，不可多服]]
化痰止咳平喘药概述,中药学::各类药物总论::化痰止咳平喘药,1,含义::以消痰或祛痰为主治痰证的药物，称[[化痰药]]；以止咳平喘为主治咳喘的药物，称[[止咳平喘药]]；分为[[温化寒痰药]][[清化热痰药]][[止咳平喘药]]<br>###功效::[[宣降肺气]]、化痰止咳、降气平喘<br>###适应证::痰湿阻肺之痰多咳嗽气喘，痰热蒙窍所致眩晕癫痫惊厥脑卒中痰迷，以及痰滞经络所致瘿瘤瘰疬阴疽流注麻木肿痛,性能::性味[[辛苦或甘]]，药性寒凉或温热<br>###配伍::外感有表证配解表药；肺肾阴虚配补肺益气或补肾纳气药；阴虚火旺配滋阴降火药；眩晕癫痫脑卒中痰迷者配平肝息风开窍安神药；瘿瘤瘰疬配软坚散结药；痰饮者多配行气降气药<br>###注意::温化寒痰药不宜用于[[热痰、燥痰]]；清化热痰药不宜用于[[寒痰、湿痰]]；咳嗽伴咯血或痰中带血不宜用强烈刺激性化痰药；有毒药物注意[[炮制、用法用量及不良反应]]
安神药概述,中药学::各类药物总论::安神药,1,含义::以[[安定神志]]为主要功效，治心神不宁病证的药物；分为[[重镇安神药]][[养心安神药]]<br>###功效::镇心安神、平惊定志、平肝潜阳；部分兼[[滋养心肝]]、益阴补血、交通心肾、清热解毒、敛汗、润肠<br>###适应证::心神不宁为主病证：心悸怔忡、失眠、健忘、多梦；惊风、癫狂、狂妄；部分可用于目疾眩晕、盗汗、肠燥便秘,性能::[[沉降安定]]，主入心、肝经<br>###配伍::实证之心神不安配重镇安神药，虚证配养心安神药；肝郁化火配清肝泻火药；心火亢盛配清心火药；心血不足阴亏配补血养阴药；心脾两虚配补益心脾药；心肾不交配滋阴降火清心除烦药；痰痰配化痰开窍药<br>###注意::矿石类重镇安神药[[中病即止，不可久服]]；有毒药物不宜过量；矿石类入汤剂[[打碎先煎、久煎]]；作丸散剂配伍养胃健脾药
平肝息风药概述,中药学::各类药物总论::平肝息风药,1,含义::以[[平肝潜阳]]、[[息风止痉]]为主要作用，治肝阳上亢或肝风内动病证的药物；分为[[平抑肝阳药]][[息风止痉药]]<br>###功效::平肝潜阳（或平抑肝阳）、息风止痉；部分兼镇惊安神、清肝明目、祛风通络、止血<br>###适应证::[[肝阳上亢]]，头晕目眩及肝风内动痉挛抽搐证,性能::药性多属[[寒凉]]、性主下降，少数属平性或偏温燥，入肝经<br>###配伍::肝阳上亢配滋养肝肾之阴药；肝阳化热生火配清泻肝火药；肝阳化热致风动配息风止痉平抑肝阳药；热极生风配清热泻火凉血药；阴血亏虚配养阴补血药；兼窍闭神昏配开窍醒神药；兼痰邪配祛痰药<br>###注意::脾虚慢惊者[[不宜使用寒凉之品]]；阴虚血亏者[[当忌温燥之品]]；阳气下陷者忌用
开窍药概述,中药学::各类药物总论::开窍药,1,含义::以[[辛香走窜]]之性，以[[开窍醒神]]为主要作用，治疗闭证神昏的药物<br>###功效::[[开窍醒神]]；部分兼有行气、活血、止痛、消食、辟秽、解毒<br>###适应证::温热病热陷心包，痰浊瘀血蒙蔽心窍所致神昏谵语、中风、癫痫、中暑等；气滞血结寒湿热毒痰血有形无形之邪阻经络,性能::[[辛香走窜]]，入心经<br>###配伍::虚者配补虚药或收敛药；闭证寒闭配温里散寒药，热闭配清热凉血解毒药，闭证神昏兼惊厥抽搐配平肝息风止痉药；烦躁不安配安神定惊药；痰浊盛者配化痰药；病位多在上焦者配涌吐药<br>###注意::[[只宜暂服，不可久用]]；内服多[[不宜入煎剂]]，宜入丸剂、散剂
补虚药概述,中药学::各类药物总论::补虚药,1,含义::以[[补虚扶弱]]，纠正人体气血阴阳虚衰为主要功效，治虚证的药物；分为[[补气药]][[补阳药]][[补血药]][[补阴药]]<br>###功效::[[益气助阳]]；滋阴养血<br>###适应证::人体[[气血阴阳之亏损]]而致虚弱诸证,性能::甘温或甘寒，多归脾、肺、心、肾经<br>###配伍::补气药合补阳药；补血药合补阴药；还可配伍祛邪药、健脾消食药<br>###注意::宜作[[蜜丸、煎膏、片剂、口服液、颗粒剂或酒剂]]等，作汤剂应久煎；个别补虚药宜制成注射剂以备急用；[[身体健康并无虚弱表现者不宜滥用]]
收涩药概述,中药学::各类药物总论::收涩药,1,含义::以[[收敛固涩]]为主要功效，治疗各种滑脱病证的药物；分为[[固表止汗药]][[敛肺涩肠药]][[固精缩尿止遗药]]<br>###功效::敛肺固脱、固表止汗、敛肺止咳、涩肠止泻、固精缩尿、[[固崩止带]]<br>###适应证::久病体虚、正气不固、脏腑功能衰退所致自汗盗汗、久咳虚喘、久泻久痢、遗精滑精、遗尿尿频、[[崩带不止]]等滑脱不禁病证,性能::多[[酸涩]]，性温或平，主归肺、脾、肾、大肠经<br>###配伍::气虚自汗、阴虚盗汗者分别配补气固表药、滋阴降火药；脾胃阳虚久泻久痢配温补脾肾药；肾虚遗精滑精遗尿尿频配补肾滋阴药或温肾壮阳药；肺肾虚损久咳虚喘配补肺益肾纳气药；冲任不固崩漏不止配补肝肾固冲任药<br>###注意::外邪犯肺咳嗽、里热迫津多汗、[[湿热积滞泻痢]]、湿热下注尿频或带下、热扰精室遗精皆不宜用收涩类药物
涌吐药概述,中药学::各类药物总论::涌吐药,1,含义::以[[促使呕吐]]为主要功效，治疗毒物、宿食、痰涎等停滞于胃脘或胸膈以上所致病证为主的药物<br>###功效::[[涌吐毒物]]、宿食、痰涎<br>###适应证::误食毒物停留胃中未吸收；宿食停滞不化尚未入肠；痰涎壅盛阻于胸膈或咽喉；或痰涎上涌蒙蔽清窍、癫痫发狂,性能::性味多[[酸苦辛]]，归胃经<br>###注意::宜[[从小量开始，逐渐增加剂量]]，中病即止；服药后多饮温开水或辅以探吐之法，呕吐不止应立即停药；吐后适当休息不宜立即进食；适用于[[体壮邪实]]者；年老体弱、小儿、妇女胎前产后以及素患失血、劳嗽虚喘、心悸、头晕等忌用
攻毒杀虫止痒药概述,中药学::各类药物总论::攻毒杀虫止痒药,1,含义::以[[攻毒疗疮]]、[[杀虫止痒]]为主要作用，治疗疮疡、湿疹、疥癣等为主的药物<br>###功效::[[攻毒杀虫止痒]]<br>###适应证::主要用于外科、皮肤科、五官科病证，如疥癣、湿疹、疮疡肿毒、虫蛇咬伤,性能::大多[[有毒]]，以外用为主，兼可内服<br>###配伍::外用方法因病因药而异；内服时宜作丸散<br>###注意::[[不宜过量或持续使用]]；严格遵守[[炮制及制剂法度]]
拔毒化腐生肌药概述,中药学::各类药物总论::拔毒化腐生肌药,1,含义::以[[局部外用]]，以[[拔毒化腐]]、生肌敛疮为主要作用的药物<br>###功效::[[拔毒去腐生肌]]<br>###适应证::疮疡肿毒溃后脓出不畅或溃后腐肉不去，新肉难生，[[疮口难愈]]之证,性能::多具[[毒性]]，以外用为主<br>###注意::应[[严格控制剂量及用法]]；外用根据病情及用途而定，不可过量持续使用；有些不宜在头面及[[黏膜]]上使用；常研末外散或研末加香油调散或制成膏药敷贴或制成药捻外用
<div style='text-align: center; font-size: 24px;'><b>麻黄</b></div>,中药学::常见药 大纲第1部分:: 解表药::发散风寒药,2,性味归经::性[[温]]；味[[辛、微苦]]；归[[肺、膀胱]]经。<br>###功效::① [[发汗解表]]；<br>② [[宣肺平喘]]；<br>③ [[利水消肿]]；<br>④ [[散寒通滞]]<br>###主治::① [[风寒表证【*···::发汗力强*】]]；<br>② [[胸闷喘咳【*···::肺气壅遏喘咳胸闷之要药*】]]；<br>③ [[风水水肿【*···::宣降肺气利水*】]]；<br>④ [[风寒痹证，阴疽，痰核]],性味归经::性[[温]]；味[[辛、微苦]]；归[[肺、膀胱]]经。<br>###功效::① [[发汗解表]]；<br>② [[宣肺平喘]]；<br>③ [[利水消肿]]；<br>④ [[散寒通滞]]<br>###主治::① [[风寒表证【*···::发汗力强*】]]；<br>② [[胸闷喘咳【*···::肺气壅遏喘咳胸闷之要药*】]]；<br>③ [[风水水肿【*···::宣降肺气利水*】]]；<br>④ [[风寒痹证，阴疽，痰核]]
<div style='text-align: center; font-size: 24px;'><b>桂枝</b></div>,中药学::常见药 大纲第1部分:: 解表药::发散风寒药,2,性味归经::性[[温]]；味[[辛、甘]]；归[[心、肺、膀胱]]经。<br>###功效::① [[发汗解肌]]；<br>② [[温通经脉]]；<br>③ [[助阳化气]]；<br>④ [[平冲降逆]]；<br>⑤ [[散寒止痛]]<br>###主治::① [[风寒感冒【*···::无论外感风寒，表实无汗、表虚有汗及阳虚受寒者均可*】]]；<br>② [[寒凝血滞诸痛证【*···::包括脘腹冷痛、胸阳不振心脉瘀阻之胸痹心痛、月经不调经闭痛经产后腹痛、风寒湿痹关节痹痛*】]]；<br>③ [[痰饮、蓄水水肿]]；<br>④ [[心悸、奔豚]],性味归经::性[[温]]；味[[辛、甘]]；归[[心、肺、膀胱]]经。<br>###功效::① [[发汗解肌]]；<br>② [[温通经脉]]；<br>③ [[助阳化气]]；<br>④ [[平冲降逆]]；<br>⑤ [[散寒止痛]]<br>###主治::① [[风寒感冒【*···::无论外感风寒，表实无汗、表虚有汗及阳虚受寒者均可*】]]；<br>② [[寒凝血滞诸痛证【*···::包括脘腹冷痛、胸阳不振心脉瘀阻之胸痹心痛、月经不调经闭痛经产后腹痛、风寒湿痹关节痹痛*】]]；<br>③ [[痰饮、蓄水水肿]]；<br>④ [[心悸、奔豚]]
<div style='text-align: center; font-size: 24px;'><b>紫苏叶</b></div>,中药学::常见药 大纲第1部分:: 解表药::发散风寒药,2,性味归经::性[[温]]；味[[辛]]；归[[肺、脾]]经。<br>###功效::① [[解表散寒]]；<br>② [[行气和胃]]；<br>③ [[止呕安胎]]；<br>④ [[解鱼蟹毒]]<br>###主治::① [[风寒感冒，咳嗽呕恶【*···::药力缓*】]]；<br>② [[脾胃气滞，胸闷呕吐]]；<br>③ [[妊娠呕吐【*···::理气安胎*】，梅核气]]；<br>④ [[鱼蟹中毒之腹痛吐泻]],性味归经::性[[温]]；味[[辛]]；归[[肺、脾]]经。<br>###功效::① [[解表散寒]]；<br>② [[行气和胃]]；<br>③ [[止呕安胎]]；<br>④ [[解鱼蟹毒]]<br>###主治::① [[风寒感冒，咳嗽呕恶【*···::药力缓*】]]；<br>② [[脾胃气滞，胸闷呕吐]]；<br>③ [[妊娠呕吐【*···::理气安胎*】，梅核气]]；<br>④ [[鱼蟹中毒之腹痛吐泻]]
<div style='text-align: center; font-size: 24px;'><b>生姜</b></div>,中药学::常见药 大纲第1部分:: 解表药::发散风寒药,2,性味归经::性[[微温]]；味[[辛]]；归[[肺、脾、胃]]经。<br>###功效::① [[解表散寒]]；<br>② [[温中止呕]]；<br>③ [[化痰止咳]]；<br>④ [[解毒]]<br>###主治::① [[风寒感冒【*···::作用较轻*】]]；<br>② [[脾胃寒证，呕吐【*···::“呕家圣药”，胃寒呕吐最宜，配伍治痰饮、胃热、虚寒等呕吐*】]]；<br>③ [[姜汁制药增强止呕]]；<br>④ [[寒痰咳嗽【*···::肺寒咳嗽*】]]；<br>⑤ [[生半夏、生南星等药物中毒，鱼蟹等食物中毒]],性味归经::性[[微温]]；味[[辛]]；归[[肺、脾、胃]]经。<br>###功效::① [[解表散寒]]；<br>② [[温中止呕]]；<br>③ [[化痰止咳]]；<br>④ [[解毒]]<br>###主治::① [[风寒感冒【*···::作用较轻*】]]；<br>② [[脾胃寒证，呕吐【*···::“呕家圣药”，胃寒呕吐最宜，配伍治痰饮、胃热、虚寒等呕吐*】]]；<br>③ [[姜汁制药增强止呕]]；<br>④ [[寒痰咳嗽【*···::肺寒咳嗽*】]]；<br>⑤ [[生半夏、生南星等药物中毒，鱼蟹等食物中毒]]
<div style='text-align: center; font-size: 24px;'><b>香薷</b></div>,中药学::常见药 大纲第1部分:: 解表药::发散风寒药,2,性味归经::性[[微温]]；味[[辛]]；归[[肺、脾、胃]]经。<br>###功效::① [[发汗解表]]；<br>② [[化湿和中]]；<br>③ [[利水消肿]]<br>###主治::① [[暑湿感冒，外感风寒、内伤暑湿【*···::恶寒发热、头痛无汗、腹痛吐泻，称“夏月麻黄”*】]]；<br>② [[水肿、小便不利]]；<br>③ [[脚气浮肿]],性味归经::性[[微温]]；味[[辛]]；归[[肺、脾、胃]]经。<br>###功效::① [[发汗解表]]；<br>② [[化湿和中]]；<br>③ [[利水消肿]]<br>###主治::① [[暑湿感冒，外感风寒、内伤暑湿【*···::恶寒发热、头痛无汗、腹痛吐泻，称“夏月麻黄”*】]]；<br>② [[水肿、小便不利]]；<br>③ [[脚气浮肿]]
<div style='text-align: center; font-size: 24px;'><b>荆芥</b></div>,中药学::常见药 大纲第1部分:: 解表药::发散风寒药,2,性味归经::性[[温]]；味[[辛]]；归[[肺、肝]]经。<br>###功效::① [[解表散风]]；<br>② [[透疹]]；<br>③ [[消疮]]；<br>④ [[收敛止血]]<br>###主治::① [[感冒，头痛【*···::风寒药最平和，风寒、风热或寒热不显均可用*】]]；<br>② [[麻疹不透，风疹瘙痒【*···::祛风止痒*】]]；<br>③ [[疮疡初起兼有表证]]；<br>④ [[吐衄下血【*···::炒炭止血*】]],性味归经::性[[温]]；味[[辛]]；归[[肺、肝]]经。<br>###功效::① [[解表散风]]；<br>② [[透疹]]；<br>③ [[消疮]]；<br>④ [[收敛止血]]<br>###主治::① [[感冒，头痛【*···::风寒药最平和，风寒、风热或寒热不显均可用*】]]；<br>② [[麻疹不透，风疹瘙痒【*···::祛风止痒*】]]；<br>③ [[疮疡初起兼有表证]]；<br>④ [[吐衄下血【*···::炒炭止血*】]]
<div style='text-align: center; font-size: 24px;'><b>防风</b></div>,中药学::常见药 大纲第1部分:: 解表药::发散风寒药,2,性味归经::性[[温]]；味[[辛、甘]]；归[[膀胱、肝、脾]]经。<br>###功效::① [[祛风解表]]；<br>② [[胜湿止痛]]；<br>③ [[息风止痉]]<br>###主治::① [[感冒头痛【*···::风寒、风湿、风热表证*】]]；<br>② [[卫虚受风]]；<br>③ [[风疹瘙痒【*···::祛风止痒*】]]；<br>④ [[风湿痹痛【*···::常用祛风湿、止痹痛药*】]]；<br>⑤ [[破伤风证【*···::息风止痉*】]]；<br>⑥ [[泄泻【*···::肝脾不和之泄泻*】]]；<br>⑦ [[脾虚湿盛、清阳不升泄泻，升清燥湿]],性味归经::性[[温]]；味[[辛、甘]]；归[[膀胱、肝、脾]]经。<br>###功效::① [[祛风解表]]；<br>② [[胜湿止痛]]；<br>③ [[息风止痉]]<br>###主治::① [[感冒头痛【*···::风寒、风湿、风热表证*】]]；<br>② [[卫虚受风]]；<br>③ [[风疹瘙痒【*···::祛风止痒*】]]；<br>④ [[风湿痹痛【*···::常用祛风湿、止痹痛药*】]]；<br>⑤ [[破伤风证【*···::息风止痉*】]]；<br>⑥ [[泄泻【*···::肝脾不和之泄泻*】]]；<br>⑦ [[脾虚湿盛、清阳不升泄泻，升清燥湿]]
<div style='text-align: center; font-size: 24px;'><b>羌活</b></div>,中药学::常见药 大纲第1部分:: 解表药::发散风寒药,2,性味归经::性[[温]]；味[[辛、苦]]；归[[膀胱、肾]]经。<br>###功效::① [[解表散寒]]；<br>② [[祛风除湿]]；<br>③ [[止痛]]<br>###主治::① [[风寒感冒，头痛项强【*···::长于升散发表，治外感风寒夹湿表证最佳*】]]；<br>② [[风寒湿痹，肩背酸痛【*···::善散太阳经风寒湿，善治上半身风寒湿痹，肩背酸痛*】]],性味归经::性[[温]]；味[[辛、苦]]；归[[膀胱、肾]]经。<br>###功效::① [[解表散寒]]；<br>② [[祛风除湿]]；<br>③ [[止痛]]<br>###主治::① [[风寒感冒，头痛项强【*···::长于升散发表，治外感风寒夹湿表证最佳*】]]；<br>② [[风寒湿痹，肩背酸痛【*···::善散太阳经风寒湿，善治上半身风寒湿痹，肩背酸痛*】]]
<div style='text-align: center; font-size: 24px;'><b>白芷</b></div>,中药学::常见药 大纲第1部分:: 解表药::发散风寒药,2,性味归经::性[[温]]；味[[辛]]；归[[胃、大肠、肺]]经。<br>###功效::① [[解表散寒]]；<br>② [[祛风止痛]]；<br>③ [[宣通鼻窍]]；<br>④ [[燥湿止带]]；<br>⑤ [[消肿排脓]]；<br>⑥ [[祛风止痒]]；<br>⑦ [[祛斑除臭]]<br>###主治::① [[风寒感冒【*···::力较温和*】]]；<br>② [[头痛牙痛，风湿痹痛，眉棱骨痛]]；<br>③ [[鼻塞流涕，鼻渊，鼻鼽]]；<br>④ [[寒湿带下【*···::寒湿，湿热*】]]；<br>⑤ [[疮疡肿痛【*···::散结消肿止痛*】]]；<br>⑥ [[风湿瘙痒，湿疹，狐臭，面部色斑，白癜风]],性味归经::性[[温]]；味[[辛]]；归[[胃、大肠、肺]]经。<br>###功效::① [[解表散寒]]；<br>② [[祛风止痛]]；<br>③ [[宣通鼻窍]]；<br>④ [[燥湿止带]]；<br>⑤ [[消肿排脓]]；<br>⑥ [[祛风止痒]]；<br>⑦ [[祛斑除臭]]<br>###主治::① [[风寒感冒【*···::力较温和*】]]；<br>② [[头痛牙痛，风湿痹痛，眉棱骨痛]]；<br>③ [[鼻塞流涕，鼻渊，鼻鼽]]；<br>④ [[寒湿带下【*···::寒湿，湿热*】]]；<br>⑤ [[疮疡肿痛【*···::散结消肿止痛*】]]；<br>⑥ [[风湿瘙痒，湿疹，狐臭，面部色斑，白癜风]]
<div style='text-align: center; font-size: 24px;'><b>细辛</b></div>,中药学::常见药 大纲第1部分:: 解表药::发散风寒药,2,性味归经::性[[温]]；味[[辛]]；归[[心、肺、肾]]经。有小<span style='color: red;'>毒</span><br>###功效::① [[散寒解表]]；<br>② [[祛风止痛]]；<br>③ [[宣通鼻窍]]；<br>④ [[温肺化饮]]<br>###主治::① [[风寒感冒【*···::长于治外感风寒头身疼痛甚*】]]；<br>② [[阳虚外感【*···::祛肾经里寒*】]]；<br>③ [[头痛，牙痛，风湿痹痛]]；<br>④ [[鼻渊，鼻鼽，鼻塞流涕]]；<br>⑤ [[寒痰停饮，气逆咳喘]]；<br>⑥ [[闭证【*···::通关开窍醒神*】]],性味归经::性[[温]]；味[[辛]]；归[[心、肺、肾]]经。有小<span style='color: red;'>毒</span><br>###功效::① [[散寒解表]]；<br>② [[祛风止痛]]；<br>③ [[宣通鼻窍]]；<br>④ [[温肺化饮]]<br>###主治::① [[风寒感冒【*···::长于治外感风寒头身疼痛甚*】]]；<br>② [[阳虚外感【*···::祛肾经里寒*】]]；<br>③ [[头痛，牙痛，风湿痹痛]]；<br>④ [[鼻渊，鼻鼽，鼻塞流涕]]；<br>⑤ [[寒痰停饮，气逆咳喘]]；<br>⑥ [[闭证【*···::通关开窍醒神*】]]
<div style='text-align: center; font-size: 24px;'><b>苍耳子</b></div>,中药学::常见药 大纲第1部分:: 解表药::发散风寒药,2,性味归经::性[[温]]；味[[辛、苦]]；归[[肺]]经。有<span style='color: red;'>毒</span><br>###功效::① [[散风寒]]；<br>② [[通鼻窍]]；<br>③ [[祛风湿]]；<br>④ [[止痛]]；<br>⑤ [[止痒]]<br>###主治::① [[风寒头痛【*···::一般风寒感冒少用，适用兼鼻塞流涕*】]]；<br>② [[鼻渊鼻鼽，鼻塞流涕]]；<br>③ [[风湿痹痛【*···::祛风除湿，通络止痛*】]]；<br>④ [[风疹瘙痒，疥癣麻风【*···::祛风杀虫止痒*】]],性味归经::性[[温]]；味[[辛、苦]]；归[[肺]]经。有<span style='color: red;'>毒</span><br>###功效::① [[散风寒]]；<br>② [[通鼻窍]]；<br>③ [[祛风湿]]；<br>④ [[止痛]]；<br>⑤ [[止痒]]<br>###主治::① [[风寒头痛【*···::一般风寒感冒少用，适用兼鼻塞流涕*】]]；<br>② [[鼻渊鼻鼽，鼻塞流涕]]；<br>③ [[风湿痹痛【*···::祛风除湿，通络止痛*】]]；<br>④ [[风疹瘙痒，疥癣麻风【*···::祛风杀虫止痒*】]]
<div style='text-align: center; font-size: 24px;'><b>薄荷</b></div>,中药学::常见药 大纲第1部分:: 解表药::发散风热药,2,性味归经::性[[凉]]；味[[辛]]；归[[肺、肝]]经。<br>###功效::① [[疏散风热]]；<br>② [[清利头目]]；<br>③ [[利咽透疹]]；<br>④ [[疏肝行气]]；<br>⑤ [[芳香辟秽]]；<br>⑥ [[发汗解表]]<br>###主治::① [[风热感冒，温病初起【*···::此节药中最宣散，可发汗*】]]；<br>② [[风热上攻，头痛眩晕，目赤肿痛多泪，喉痹口疮，咽喉肿痛]]；<br>③ [[麻疹不透，风疹瘙痒【*···::祛风止痒*】]]；<br>④ [[肝气郁滞，胸胁胀闷]]；<br>⑤ [[夏令感受暑湿秽浊之气，脘腹胀痛，呕吐泄泻【*···::芳香辟秽兼能化湿和中*】]],性味归经::性[[凉]]；味[[辛]]；归[[肺、肝]]经。<br>###功效::① [[疏散风热]]；<br>② [[清利头目]]；<br>③ [[利咽透疹]]；<br>④ [[疏肝行气]]；<br>⑤ [[芳香辟秽]]；<br>⑥ [[发汗解表]]<br>###主治::① [[风热感冒，温病初起【*···::此节药中最宣散，可发汗*】]]；<br>② [[风热上攻，头痛眩晕，目赤肿痛多泪，喉痹口疮，咽喉肿痛]]；<br>③ [[麻疹不透，风疹瘙痒【*···::祛风止痒*】]]；<br>④ [[肝气郁滞，胸胁胀闷]]；<br>⑤ [[夏令感受暑湿秽浊之气，脘腹胀痛，呕吐泄泻【*···::芳香辟秽兼能化湿和中*】]]
<div style='text-align: center; font-size: 24px;'><b>牛蒡子</b></div>,中药学::常见药 大纲第1部分:: 解表药::发散风热药,2,性味归经::性[[寒]]；味[[辛、苦]]；归[[肺、胃]]经。<br>###功效::① [[疏散风热]]；<br>② [[宣肺祛痰]]；<br>③ [[利咽透疹]]；<br>④ [[解毒消肿]]；<br>⑤ [[滑肠通便]]<br>###主治::① [[风热感冒，温病初起，咳嗽痰多【*···::长于宣肺祛痰*】]]；<br>② [[麻疹不透，风疹瘙痒]]；<br>③ [[痈肿疮毒，丹毒，痄腮，喉痹，咽喉肿痛]]；<br>④ [[乳痈肿痛未成脓]]；<br>⑤ [[瘟毒发颐]]；<br>⑥ [[便秘【*···::诸证兼有便秘尤宜，“升散中具有清降之性”*】]],性味归经::性[[寒]]；味[[辛、苦]]；归[[肺、胃]]经。<br>###功效::① [[疏散风热]]；<br>② [[宣肺祛痰]]；<br>③ [[利咽透疹]]；<br>④ [[解毒消肿]]；<br>⑤ [[滑肠通便]]<br>###主治::① [[风热感冒，温病初起，咳嗽痰多【*···::长于宣肺祛痰*】]]；<br>② [[麻疹不透，风疹瘙痒]]；<br>③ [[痈肿疮毒，丹毒，痄腮，喉痹，咽喉肿痛]]；<br>④ [[乳痈肿痛未成脓]]；<br>⑤ [[瘟毒发颐]]；<br>⑥ [[便秘【*···::诸证兼有便秘尤宜，“升散中具有清降之性”*】]]
<div style='text-align: center; font-size: 24px;'><b>蝉蜕</b></div>,中药学::常见药 大纲第1部分:: 解表药::发散风热药,2,性味归经::性[[凉]]；味[[甘]]；归[[肺、肝]]经。<br>###功效::① [[疏散风热]]；<br>② [[利咽开音]]；<br>③ [[透疹止痒]]；<br>④ [[明目退翳]]；<br>⑤ [[息风解痉]]<br>###主治::① [[风热外感，温病初起，咽痛暗哑]]；<br>② [[麻疹不透，风疹瘙痒]]；<br>③ [[目赤翳障]]；<br>④ [[惊风抽搐，急慢惊风，破伤风证【*···::凉肝息风止痉*】]]；<br>⑤ [[小儿夜啼【*···::镇静安神*】]],性味归经::性[[凉]]；味[[甘]]；归[[肺、肝]]经。<br>###功效::① [[疏散风热]]；<br>② [[利咽开音]]；<br>③ [[透疹止痒]]；<br>④ [[明目退翳]]；<br>⑤ [[息风解痉]]<br>###主治::① [[风热外感，温病初起，咽痛暗哑]]；<br>② [[麻疹不透，风疹瘙痒]]；<br>③ [[目赤翳障]]；<br>④ [[惊风抽搐，急慢惊风，破伤风证【*···::凉肝息风止痉*】]]；<br>⑤ [[小儿夜啼【*···::镇静安神*】]]
<div style='text-align: center; font-size: 24px;'><b>桑叶</b></div>,中药学::常见药 大纲第1部分:: 解表药::发散风热药,2,性味归经::性[[寒]]；味[[甘、苦]]；归[[肺、肝]]经。<br>###功效::① [[疏散风热]]；<br>② [[清肺润燥]]；<br>③ [[平抑肝阳]]；<br>④ [[清肝明目]]；<br>⑤ [[凉血止血]]<br>###主治::① [[风热感冒，温病初起【*···::疏散风热缓和*】]]；<br>② [[肺热咳嗽，燥热咳嗽]]；<br>③ [[肝阳上亢，头痛眩晕]]；<br>④ [[肝热引起的头昏、头痛]]；<br>⑤ [[目赤肿痛，目暗昏花【*···::风热、肝热、肝肾精血虚*】]]；<br>⑥ [[治血热妄行之咳血、吐血、衄血]],性味归经::性[[寒]]；味[[甘、苦]]；归[[肺、肝]]经。<br>###功效::① [[疏散风热]]；<br>② [[清肺润燥]]；<br>③ [[平抑肝阳]]；<br>④ [[清肝明目]]；<br>⑤ [[凉血止血]]<br>###主治::① [[风热感冒，温病初起【*···::疏散风热缓和*】]]；<br>② [[肺热咳嗽，燥热咳嗽]]；<br>③ [[肝阳上亢，头痛眩晕]]；<br>④ [[肝热引起的头昏、头痛]]；<br>⑤ [[目赤肿痛，目暗昏花【*···::风热、肝热、肝肾精血虚*】]]；<br>⑥ [[治血热妄行之咳血、吐血、衄血]]
<div style='text-align: center; font-size: 24px;'><b>菊花</b></div>,中药学::常见药 大纲第1部分:: 解表药::发散风热药,2,性味归经::性[[微寒]]；味[[辛、甘、苦]]；归[[肺、肝]]经。<br>###功效::① [[疏散风热]]；<br>② [[平抑肝阳]]；<br>③ [[清肝明目]]；<br>④ [[清热解毒]]；<br>⑤ [[消散痈肿]]<br>###主治::① [[风热感冒，温病初起【*···::发散不强*】]]；<br>② [[肝阳上亢，头痛眩晕]]；<br>③ [[肝火上攻而眩晕、头痛]]；<br>④ [[肝经热盛、热极动风]]；<br>⑤ [[目赤肿痛，眼目昏花]]；<br>⑥ [[疮痈肿毒【*···::不及野菊花*】]],性味归经::性[[微寒]]；味[[辛、甘、苦]]；归[[肺、肝]]经。<br>###功效::① [[疏散风热]]；<br>② [[平抑肝阳]]；<br>③ [[清肝明目]]；<br>④ [[清热解毒]]；<br>⑤ [[消散痈肿]]<br>###主治::① [[风热感冒，温病初起【*···::发散不强*】]]；<br>② [[肝阳上亢，头痛眩晕]]；<br>③ [[肝火上攻而眩晕、头痛]]；<br>④ [[肝经热盛、热极动风]]；<br>⑤ [[目赤肿痛，眼目昏花]]；<br>⑥ [[疮痈肿毒【*···::不及野菊花*】]]
<div style='text-align: center; font-size: 24px;'><b>蔓荆子</b></div>,中药学::常见药 大纲第1部分:: 解表药::发散风热药,2,性味归经::性[[微寒]]；味[[辛、苦]]；归[[膀胱、肝、胃]]经。<br>###功效::① [[疏散风热]]；<br>② [[清利头目]]；<br>③ [[祛风止痛]]<br>###主治::① [[风热感冒，头昏头痛]]；<br>② [[目赤多泪、肿痛，目暗不明]]；<br>③ [[齿龈肿痛]]；<br>④ [[耳聋耳鸣]]；<br>⑤ [[头晕目眩]]；<br>⑥ [[风湿痹痛]],性味归经::性[[微寒]]；味[[辛、苦]]；归[[膀胱、肝、胃]]经。<br>###功效::① [[疏散风热]]；<br>② [[清利头目]]；<br>③ [[祛风止痛]]<br>###主治::① [[风热感冒，头昏头痛]]；<br>② [[目赤多泪、肿痛，目暗不明]]；<br>③ [[齿龈肿痛]]；<br>④ [[耳聋耳鸣]]；<br>⑤ [[头晕目眩]]；<br>⑥ [[风湿痹痛]]
<div style='text-align: center; font-size: 24px;'><b>柴胡</b></div>,中药学::常见药 大纲第1部分:: 解表药::发散风热药,2,性味归经::性[[微寒]]；味[[辛、苦]]；归[[肝、胆、肺]]经。<br>###功效::① [[疏散退热]]；<br>② [[疏肝解郁]]；<br>③ [[升举阳气]]；<br>④ [[退热截疟]]<br>###主治::① [[感冒发热【*···::无论风寒风热均可*】，少阳证寒热往来【*···::“治少阳证要药”*】]]；<br>② [[肝郁气滞，胸胁胀痛，月经不调]]；<br>③ [[气虚下陷，脏器脱垂【*···::胃下垂，肾下垂，子宫脱垂，久泻脱肛*】]]；<br>④ [[疟疾寒热]],性味归经::性[[微寒]]；味[[辛、苦]]；归[[肝、胆、肺]]经。<br>###功效::① [[疏散退热]]；<br>② [[疏肝解郁]]；<br>③ [[升举阳气]]；<br>④ [[退热截疟]]<br>###主治::① [[感冒发热【*···::无论风寒风热均可*】，少阳证寒热往来【*···::“治少阳证要药”*】]]；<br>② [[肝郁气滞，胸胁胀痛，月经不调]]；<br>③ [[气虚下陷，脏器脱垂【*···::胃下垂，肾下垂，子宫脱垂，久泻脱肛*】]]；<br>④ [[疟疾寒热]]
<div style='text-align: center; font-size: 24px;'><b>升麻</b></div>,中药学::常见药 大纲第1部分:: 解表药::发散风热药,2,性味归经::性[[微寒]]；味[[辛、微甘]]；归[[肺、脾、胃、大肠]]经。<br>###功效::① [[发表透疹]]；<br>② [[清热解毒]]；<br>③ [[升举阳气]]<br>###主治::① [[风热感冒，发热头痛]]；<br>② [[麻疹不透]]；<br>③ [[热毒证：齿痛口疮，咽喉肿痛，阳毒发斑]]；<br>④ [[风热疫毒上攻之大头瘟，头面红肿，咽喉肿痛]]；<br>⑤ [[痄腮肿痛]]；<br>⑥ [[气虚下陷，脘腹重坠作胀，脏器脱垂【*···::胃下垂，久泻脱肛，子宫脱垂，肾下垂*】，月经量多或崩漏下血【*···::升提力比柴胡强*】]],性味归经::性[[微寒]]；味[[辛、微甘]]；归[[肺、脾、胃、大肠]]经。<br>###功效::① [[发表透疹]]；<br>② [[清热解毒]]；<br>③ [[升举阳气]]<br>###主治::① [[风热感冒，发热头痛]]；<br>② [[麻疹不透]]；<br>③ [[热毒证：齿痛口疮，咽喉肿痛，阳毒发斑]]；<br>④ [[风热疫毒上攻之大头瘟，头面红肿，咽喉肿痛]]；<br>⑤ [[痄腮肿痛]]；<br>⑥ [[气虚下陷，脘腹重坠作胀，脏器脱垂【*···::胃下垂，久泻脱肛，子宫脱垂，肾下垂*】，月经量多或崩漏下血【*···::升提力比柴胡强*】]]
<div style='text-align: center; font-size: 24px;'><b>葛根</b></div>,中药学::常见药 大纲第1部分:: 解表药::发散风热药,2,性味归经::性[[凉]]；味[[甘、辛]]；归[[脾、胃、肺]]经。<br>###功效::① [[解肌退热]]；<br>② [[生津止渴]]；<br>③ [[透疹]]；<br>④ [[升阳止泻]]；<br>⑤ [[通经活络]]；<br>⑥ [[解酒毒]]<br>###主治::① [[外感发热，头痛，项背强痛【*···::风寒风热均可*】]]；<br>② [[热病口渴，内热消渴]]；<br>③ [[麻疹不透]]；<br>④ [[热泻热痢，脾虚泄泻]]；<br>⑤ [[中风偏瘫，胸痹心痛，眩晕头痛【*···::通经活络降压*】]]；<br>⑥ [[酒毒伤中，恶心呕吐腹满]],性味归经::性[[凉]]；味[[甘、辛]]；归[[脾、胃、肺]]经。<br>###功效::① [[解肌退热]]；<br>② [[生津止渴]]；<br>③ [[透疹]]；<br>④ [[升阳止泻]]；<br>⑤ [[通经活络]]；<br>⑥ [[解酒毒]]<br>###主治::① [[外感发热，头痛，项背强痛【*···::风寒风热均可*】]]；<br>② [[热病口渴，内热消渴]]；<br>③ [[麻疹不透]]；<br>④ [[热泻热痢，脾虚泄泻]]；<br>⑤ [[中风偏瘫，胸痹心痛，眩晕头痛【*···::通经活络降压*】]]；<br>⑥ [[酒毒伤中，恶心呕吐腹满]]
<div style='text-align: center; font-size: 24px;'><b>石膏</b></div>,中药学::常见药 大纲第1部分:: 清热药::清热泻火药,2,性味归经::生：性[[大寒]]；味[[甘、辛]]；归[[肺、胃]]经。<br>煅：性[[寒]]；味[[甘、辛、涩]]；归[[肺、胃]]经。<br>###功效::① [[生用：清热泻火]]；<br>② [[除烦止渴]]；<br>③ [[煅用：收湿生肌]]；<br>④ [[敛疮止血]]<br>###主治::① [[外感热病，高热烦渴【*···::肺胃气分实热证*】]]；<br>② [[温邪渐入血分，气血两燔，高热不退、发斑发疹]]；<br>③ [[暑热初起，耗气伤阴或热病后期，余热未尽，气津两伤]]；<br>④ [[肺热喘咳]]；<br>⑤ [[胃火牙痛、头痛，内热消渴]]；<br>⑥ [[疮疡不敛，湿疹瘙痒，水火烫伤]]；<br>⑦ [[外伤出血]],性味归经::生：性[[大寒]]；味[[甘、辛]]；归[[肺、胃]]经。<br>煅：性[[寒]]；味[[甘、辛、涩]]；归[[肺、胃]]经。<br>###功效::① [[生用：清热泻火]]；<br>② [[除烦止渴]]；<br>③ [[煅用：收湿生肌]]；<br>④ [[敛疮止血]]<br>###主治::① [[外感热病，高热烦渴【*···::肺胃气分实热证*】]]；<br>② [[温邪渐入血分，气血两燔，高热不退、发斑发疹]]；<br>③ [[暑热初起，耗气伤阴或热病后期，余热未尽，气津两伤]]；<br>④ [[肺热喘咳]]；<br>⑤ [[胃火牙痛、头痛，内热消渴]]；<br>⑥ [[疮疡不敛，湿疹瘙痒，水火烫伤]]；<br>⑦ [[外伤出血]]
<div style='text-align: center; font-size: 24px;'><b>知母</b></div>,中药学::常见药 大纲第1部分:: 清热药::清热泻火药,2,性味归经::性[[寒]]；味[[苦、甘]]；归[[肺、胃、肾]]经。<br>###功效::① [[清热泻火]]；<br>② [[滋阴润燥]]；<br>③ [[生津止渴]]<br>###主治::① [[外感热病，高热烦渴]]；<br>② [[肺热咳嗽，阴虚燥咳]]；<br>③ [[骨蒸潮热]]；<br>④ [[内热消渴]]；<br>⑤ [[阴虚肠燥便秘]],性味归经::性[[寒]]；味[[苦、甘]]；归[[肺、胃、肾]]经。<br>###功效::① [[清热泻火]]；<br>② [[滋阴润燥]]；<br>③ [[生津止渴]]<br>###主治::① [[外感热病，高热烦渴]]；<br>② [[肺热咳嗽，阴虚燥咳]]；<br>③ [[骨蒸潮热]]；<br>④ [[内热消渴]]；<br>⑤ [[阴虚肠燥便秘]]
<div style='text-align: center; font-size: 24px;'><b>芦根</b></div>,中药学::常见药 大纲第1部分:: 清热药::清热泻火药,2,性味归经::性[[寒]]；味[[甘]]；归[[肺、胃]]经。<br>###功效::① [[清热泻火]]；<br>② [[生津止渴]]；<br>③ [[除烦止呕]]；<br>④ [[利尿]]<br>###主治::① [[热病烦渴【*···::生津不敛邪*】]]；<br>② [[胃热呕哕]]；<br>③ [[肺热咳嗽，肺痛吐脓【*···::清泻肺热，祛痰排脓*】]]；<br>④ [[热淋涩痛]],性味归经::性[[寒]]；味[[甘]]；归[[肺、胃]]经。<br>###功效::① [[清热泻火]]；<br>② [[生津止渴]]；<br>③ [[除烦止呕]]；<br>④ [[利尿]]<br>###主治::① [[热病烦渴【*···::生津不敛邪*】]]；<br>② [[胃热呕哕]]；<br>③ [[肺热咳嗽，肺痛吐脓【*···::清泻肺热，祛痰排脓*】]]；<br>④ [[热淋涩痛]]
<div style='text-align: center; font-size: 24px;'><b>天花粉</b></div>,中药学::常见药 大纲第1部分:: 清热药::清热泻火药,2,性味归经::性[[微寒]]；味[[甘、微苦]]；归[[肺、胃]]经。<br>###功效::① [[清热泻火，生津止渴，消肿排脓]]；<br>② [[泻火除烦，清热利湿，凉血解毒]]；<br>③ [[外用消肿止痛]]<br>###主治::① [[热病烦渴]]；<br>② [[燥伤肺胃，津液亏损，咽干口渴，干咳少痰]]；<br>③ [[肺热燥咳]]；<br>④ [[燥热伤肺，气阴两伤之咳喘咳血]]；<br>⑤ [[内热消渴]]；<br>⑥ [[疮疡肿毒【*···::疮疡初起之红肿热痛，未成脓者可使之消散，脓已成者可溃疮排脓*】]],性味归经::性[[微寒]]；味[[甘、微苦]]；归[[肺、胃]]经。<br>###功效::① [[清热泻火，生津止渴，消肿排脓]]；<br>② [[泻火除烦，清热利湿，凉血解毒]]；<br>③ [[外用消肿止痛]]<br>###主治::① [[热病烦渴]]；<br>② [[燥伤肺胃，津液亏损，咽干口渴，干咳少痰]]；<br>③ [[肺热燥咳]]；<br>④ [[燥热伤肺，气阴两伤之咳喘咳血]]；<br>⑤ [[内热消渴]]；<br>⑥ [[疮疡肿毒【*···::疮疡初起之红肿热痛，未成脓者可使之消散，脓已成者可溃疮排脓*】]]
<div style='text-align: center; font-size: 24px;'><b>栀子</b></div>,中药学::常见药 大纲第1部分:: 清热药::清热泻火药,2,性味归经::性[[寒]]；味[[苦]]；归[[肺、心、三焦]]经。<br>###功效::① [[清热泻火，生津止渴，消肿排脓]]；<br>② [[泻火除烦，清热利湿，凉血解毒]]；<br>③ [[外用消肿止痛]]；<br>④ [[焦栀子凉血止血]]<br>###主治::① [[热病心烦，热病火毒炽盛，三焦俱热而见高热烦躁、神昏谵语]]；<br>② [[湿热黄疸【*···::善清肝胆湿热*】]]；<br>③ [[淋证涩痛，血淋【*···::清湿热，凉血，利尿通淋*】]]；<br>④ [[目赤肿痛【*···::清肝火明目*】]]；<br>⑤ [[血热出血：吐血衄血【*···::凉血止血*】]]；<br>⑥ [[热毒疮疡]]；<br>⑦ [[跌打损伤，扭挫伤痛【*···::“治热病心烦躁扰不宁要药”*】]],性味归经::性[[寒]]；味[[苦]]；归[[肺、心、三焦]]经。<br>###功效::① [[清热泻火，生津止渴，消肿排脓]]；<br>② [[泻火除烦，清热利湿，凉血解毒]]；<br>③ [[外用消肿止痛]]；<br>④ [[焦栀子凉血止血]]<br>###主治::① [[热病心烦，热病火毒炽盛，三焦俱热而见高热烦躁、神昏谵语]]；<br>② [[湿热黄疸【*···::善清肝胆湿热*】]]；<br>③ [[淋证涩痛，血淋【*···::清湿热，凉血，利尿通淋*】]]；<br>④ [[目赤肿痛【*···::清肝火明目*】]]；<br>⑤ [[血热出血：吐血衄血【*···::凉血止血*】]]；<br>⑥ [[热毒疮疡]]；<br>⑦ [[跌打损伤，扭挫伤痛【*···::“治热病心烦躁扰不宁要药”*】]]
<div style='text-align: center; font-size: 24px;'><b>夏枯草</b></div>,中药学::常见药 大纲第1部分:: 清热药::清热泻火药,2,性味归经::性[[寒]]；味[[辛、苦]]；归[[肝、胆]]经。<br>###功效::① [[清肝泻火]]；<br>② [[明目]]；<br>③ [[散结消肿]]<br>###主治::① [[目赤肿痛，目珠夜痛]]；<br>② [[瘰疬，瘿瘤]]；<br>③ [[乳痈，乳癖，乳房肿痛]]；<br>④ [[肝火上炎或肝阳上亢之头痛眩晕【*···::兼清热平肝*】]],性味归经::性[[寒]]；味[[辛、苦]]；归[[肝、胆]]经。<br>###功效::① [[清肝泻火]]；<br>② [[明目]]；<br>③ [[散结消肿]]<br>###主治::① [[目赤肿痛，目珠夜痛]]；<br>② [[瘰疬，瘿瘤]]；<br>③ [[乳痈，乳癖，乳房肿痛]]；<br>④ [[肝火上炎或肝阳上亢之头痛眩晕【*···::兼清热平肝*】]]
<div style='text-align: center; font-size: 24px;'><b>决明子</b></div>,中药学::常见药 大纲第1部分:: 清热药::清热泻火药,2,性味归经::性[[微寒]]；味[[甘、苦、咸]]；归[[肝、大肠]]经。<br>###功效::① [[清热明目]]；<br>② [[润肠通便]]；<br>③ [[平肝清肝]]<br>###主治::① [[目赤肿痛，畏光多泪，目暗不明]]；<br>② [[头痛眩晕【*···::平肝清肝*】]]；<br>③ [[肠燥便秘]],性味归经::性[[微寒]]；味[[甘、苦、咸]]；归[[肝、大肠]]经。<br>###功效::① [[清热明目]]；<br>② [[润肠通便]]；<br>③ [[平肝清肝]]<br>###主治::① [[目赤肿痛，畏光多泪，目暗不明]]；<br>② [[头痛眩晕【*···::平肝清肝*】]]；<br>③ [[肠燥便秘]]
<div style='text-align: center; font-size: 24px;'><b>黄芩</b></div>,中药学::常见药 大纲第1部分:: 清热药::清热燥湿药,2,性味归经::性[[寒]]；味[[苦]]；归[[肺、胆、脾、大肠、小肠]]经。<br>###功效::① [[清热燥湿]]；<br>② [[泻火解毒]]；<br>③ [[止血]]；<br>④ [[安胎]]<br>###主治::① [[湿温暑湿，黄疸，泻痢，湿热痞满，胸闷呕恶【*···::善清中上焦湿热*】]]；<br>② [[肺热咳嗽]]；<br>③ [[高热烦渴，寒热往来]]；<br>④ [[咽喉肿痛，痈肿疮毒]]；<br>⑤ [[血热出血【*···::吐血衄血便血等，炒炭*】]]；<br>⑥ [[胎动不安【*···::清热安胎*】]]；<br>⑦ [[枯苓【*···::片芩*】善清上焦肺火，治肺热咳嗽痰黄]]；<br>⑧ [[子芩【*···::条芩*】善清大肠之火、泻下焦湿热，主治湿热泻痢、黄疸尿赤]],性味归经::性[[寒]]；味[[苦]]；归[[肺、胆、脾、大肠、小肠]]经。<br>###功效::① [[清热燥湿]]；<br>② [[泻火解毒]]；<br>③ [[止血]]；<br>④ [[安胎]]<br>###主治::① [[湿温暑湿，黄疸，泻痢，湿热痞满，胸闷呕恶【*···::善清中上焦湿热*】]]；<br>② [[肺热咳嗽]]；<br>③ [[高热烦渴，寒热往来]]；<br>④ [[咽喉肿痛，痈肿疮毒]]；<br>⑤ [[血热出血【*···::吐血衄血便血等，炒炭*】]]；<br>⑥ [[胎动不安【*···::清热安胎*】]]；<br>⑦ [[枯苓【*···::片芩*】善清上焦肺火，治肺热咳嗽痰黄]]；<br>⑧ [[子芩【*···::条芩*】善清大肠之火、泻下焦湿热，主治湿热泻痢、黄疸尿赤]]
<div style='text-align: center; font-size: 24px;'><b>黄连</b></div>,中药学::常见药 大纲第1部分:: 清热药::清热燥湿药,2,性味归经::性[[寒]]；味[[苦]]；归[[心、脾、胃、肝、胆、大肠]]经。<br>###功效::① [[清热燥湿]]；<br>② [[泻火解毒]]<br>###主治::① [[湿热痞满，呕吐，泻痢，黄疸【*···::善清中焦脾胃、大肠湿热，治泻痢要药*】]]；<br>② [[高热神昏，心火亢盛，心烦不寐，心悸不宁【*···::善清心火*】]]；<br>③ [[血热吐衄出血【*···::清热泻火解毒*】]]；<br>④ [[胃热呕吐吞酸、消渴，胃火牙痛【*···::清胃火*】]]；<br>⑤ [[痈肿疔疮，目赤肿痛，口舌生疮【*···::尤善疗疔毒*】]]；<br>⑥ [[湿疹湿疮，耳道流脓]],性味归经::性[[寒]]；味[[苦]]；归[[心、脾、胃、肝、胆、大肠]]经。<br>###功效::① [[清热燥湿]]；<br>② [[泻火解毒]]<br>###主治::① [[湿热痞满，呕吐，泻痢，黄疸【*···::善清中焦脾胃、大肠湿热，治泻痢要药*】]]；<br>② [[高热神昏，心火亢盛，心烦不寐，心悸不宁【*···::善清心火*】]]；<br>③ [[血热吐衄出血【*···::清热泻火解毒*】]]；<br>④ [[胃热呕吐吞酸、消渴，胃火牙痛【*···::清胃火*】]]；<br>⑤ [[痈肿疔疮，目赤肿痛，口舌生疮【*···::尤善疗疔毒*】]]；<br>⑥ [[湿疹湿疮，耳道流脓]]
<div style='text-align: center; font-size: 24px;'><b>黄柏</b></div>,中药学::常见药 大纲第1部分:: 清热药::清热燥湿药,2,性味归经::性[[寒]]；味[[苦]]；归[[肾、膀胱]]经。<br>###功效::① [[清热燥湿]]；<br>② [[泻火解毒]]；<br>③ [[除骨蒸]]<br>###主治::① [[湿热泻痢，黄疸尿赤，带下阴痒，热淋涩痛，脚气痿蹙]]；<br>② [[疮疡肿毒，湿疹湿疮]]；<br>③ [[骨蒸劳热，遗精，盗汗]],性味归经::性[[寒]]；味[[苦]]；归[[肾、膀胱]]经。<br>###功效::① [[清热燥湿]]；<br>② [[泻火解毒]]；<br>③ [[除骨蒸]]<br>###主治::① [[湿热泻痢，黄疸尿赤，带下阴痒，热淋涩痛，脚气痿蹙]]；<br>② [[疮疡肿毒，湿疹湿疮]]；<br>③ [[骨蒸劳热，遗精，盗汗]]
<div style='text-align: center; font-size: 24px;'><b>龙胆</b></div>,中药学::常见药 大纲第1部分:: 清热药::清热燥湿药,2,性味归经::性[[寒]]；味[[苦]]；归[[肝、胆]]经。<br>###功效::① [[清热燥湿]]；<br>② [[泻肝胆火]]<br>###主治::① [[湿热黄疸，阴肿阴痒，带下，湿疹瘙痒]]；<br>② [[肝火目赤，头痛，耳鸣耳聋，胁痛口苦，强中，惊风抽搐]],性味归经::性[[寒]]；味[[苦]]；归[[肝、胆]]经。<br>###功效::① [[清热燥湿]]；<br>② [[泻肝胆火]]<br>###主治::① [[湿热黄疸，阴肿阴痒，带下，湿疹瘙痒]]；<br>② [[肝火目赤，头痛，耳鸣耳聋，胁痛口苦，强中，惊风抽搐]]
<div style='text-align: center; font-size: 24px;'><b>苦参</b></div>,中药学::常见药 大纲第1部分:: 清热药::清热燥湿药,2,性味归经::性[[寒]]；味[[苦]]；归[[心、肝、胃、大肠、膀胱]]经。<br>###功效::① [[清热燥湿]]；<br>② [[杀虫止痒]]；<br>③ [[利尿]]<br>###主治::① [[湿热泻痢，黄疸，赤白带下，阴肿阴痒，便血]]；<br>② [[皮肤瘙痒，湿疹湿疮，疥癣麻风，滴虫性阴道炎]]；<br>③ [[淋证涩痛，小便不利，尿闭不通]],性味归经::性[[寒]]；味[[苦]]；归[[心、肝、胃、大肠、膀胱]]经。<br>###功效::① [[清热燥湿]]；<br>② [[杀虫止痒]]；<br>③ [[利尿]]<br>###主治::① [[湿热泻痢，黄疸，赤白带下，阴肿阴痒，便血]]；<br>② [[皮肤瘙痒，湿疹湿疮，疥癣麻风，滴虫性阴道炎]]；<br>③ [[淋证涩痛，小便不利，尿闭不通]]
<div style='text-align: center; font-size: 24px;'><b>白鲜皮</b></div>,中药学::常见药 大纲第1部分:: 清热药::清热燥湿药,2,性味归经::性[[寒]]；味[[苦]]；归[[脾、胃、膀胱]]经。<br>###功效::① [[清热燥湿]]；<br>② [[祛风解毒]]<br>###主治::① [[湿热疮毒，疥癣疮癫，黄水淋漓，湿疹风疹【*···::泻火解毒、祛风止痒*】]]；<br>② [[湿热黄疸尿赤【*···::清利湿热*】]]；<br>③ [[风湿热痹【*···::祛风通痹*】]],性味归经::性[[寒]]；味[[苦]]；归[[脾、胃、膀胱]]经。<br>###功效::① [[清热燥湿]]；<br>② [[祛风解毒]]<br>###主治::① [[湿热疮毒，疥癣疮癫，黄水淋漓，湿疹风疹【*···::泻火解毒、祛风止痒*】]]；<br>② [[湿热黄疸尿赤【*···::清利湿热*】]]；<br>③ [[风湿热痹【*···::祛风通痹*】]]
<div style='text-align: center; font-size: 24px;'><b>金银花</b></div>,中药学::常见药 大纲第1部分:: 清热药::清热解毒药,2,性味归经::性[[寒]]；味[[甘]]；归[[肺、心、胃]]经。<br>###功效::① [[清热解毒]]；<br>② [[疏散风热]]；<br>③ [[清解暑热]]；<br>④ [[凉血止痢]]<br>###主治::① [[痈肿疔疮，喉痹，丹毒【*···::消散痈肿力强，可治各种热毒外疡内痈，如肺痈、肠痈等*】]]；<br>② [[风热感冒，温病发热【*···::可用于卫气营血各个阶段*】]]；<br>③ [[热毒血痢【*···::凉血止痢*】]]；<br>④ [[清解暑热，治外感暑热，小儿热疖，痱子等]],性味归经::性[[寒]]；味[[甘]]；归[[肺、心、胃]]经。<br>###功效::① [[清热解毒]]；<br>② [[疏散风热]]；<br>③ [[清解暑热]]；<br>④ [[凉血止痢]]<br>###主治::① [[痈肿疔疮，喉痹，丹毒【*···::消散痈肿力强，可治各种热毒外疡内痈，如肺痈、肠痈等*】]]；<br>② [[风热感冒，温病发热【*···::可用于卫气营血各个阶段*】]]；<br>③ [[热毒血痢【*···::凉血止痢*】]]；<br>④ [[清解暑热，治外感暑热，小儿热疖，痱子等]]
<div style='text-align: center; font-size: 24px;'><b>连翘</b></div>,中药学::常见药 大纲第1部分:: 清热药::清热解毒药,2,性味归经::性[[微寒]]；味[[苦]]；归[[肺、心、小肠]]经。<br>###功效::① [[清热解毒]]；<br>② [[消肿散结]]；<br>③ [[疏散风热]]；<br>④ [[清心利尿]]<br>###主治::① [[痈疽，瘰疬痰核，乳痈，丹毒【*···::“疮家圣药”*】]]；<br>② [[风热感冒，温病初起，热入营血、高热烦渴、神昏发斑【*···::可用于卫气营血各个阶段*】]]；<br>③ [[热淋涩痛【*···::兼能清心利尿*】]],性味归经::性[[微寒]]；味[[苦]]；归[[肺、心、小肠]]经。<br>###功效::① [[清热解毒]]；<br>② [[消肿散结]]；<br>③ [[疏散风热]]；<br>④ [[清心利尿]]<br>###主治::① [[痈疽，瘰疬痰核，乳痈，丹毒【*···::“疮家圣药”*】]]；<br>② [[风热感冒，温病初起，热入营血、高热烦渴、神昏发斑【*···::可用于卫气营血各个阶段*】]]；<br>③ [[热淋涩痛【*···::兼能清心利尿*】]]
<div style='text-align: center; font-size: 24px;'><b>大青叶</b></div>,中药学::常见药 大纲第1部分:: 清热药::清热解毒药,2,性味归经::性[[寒]]；味[[苦]]；归[[心、胃、肺]]经。<br>###功效::① [[清热解毒]]；<br>② [[凉血消斑]]；<br>③ [[利咽消肿]]<br>###主治::① [[疮痈丹毒，口疮咽痛，痄腮]]；<br>② [[风热表证，温热病，高热神昏，发斑发疹【*···::长于凉血消斑，常用温热病各阶段*】]]；<br>③ [[质轻力强，表里双清]],性味归经::性[[寒]]；味[[苦]]；归[[心、胃、肺]]经。<br>###功效::① [[清热解毒]]；<br>② [[凉血消斑]]；<br>③ [[利咽消肿]]<br>###主治::① [[疮痈丹毒，口疮咽痛，痄腮]]；<br>② [[风热表证，温热病，高热神昏，发斑发疹【*···::长于凉血消斑，常用温热病各阶段*】]]；<br>③ [[质轻力强，表里双清]]
<div style='text-align: center; font-size: 24px;'><b>板蓝根</b></div>,中药学::常见药 大纲第1部分:: 清热药::清热解毒药,2,性味归经::性[[寒]]；味[[苦]]；归[[心、胃]]经。<br>###功效::① [[清热解毒]]；<br>② [[凉血利咽]]<br>###主治::① [[温病发热，头痛咽痛，身发斑疹]]；<br>② [[瘟疫热毒证【*···::大头瘟，烂喉丹痧*】，丹毒，痄腮，温毒发斑，痈肿【*···::长于解毒利咽散结*】]],性味归经::性[[寒]]；味[[苦]]；归[[心、胃]]经。<br>###功效::① [[清热解毒]]；<br>② [[凉血利咽]]<br>###主治::① [[温病发热，头痛咽痛，身发斑疹]]；<br>② [[瘟疫热毒证【*···::大头瘟，烂喉丹痧*】，丹毒，痄腮，温毒发斑，痈肿【*···::长于解毒利咽散结*】]]
<div style='text-align: center; font-size: 24px;'><b>青黛</b></div>,中药学::常见药 大纲第1部分:: 清热药::清热解毒药,2,性味归经::性[[寒]]；味[[咸、苦]]；归[[肝、肺]]经。<br>###功效::① [[清热解毒]]；<br>② [[凉血消斑]]；<br>③ [[泻火定惊]]；<br>④ [[息风止痉]]<br>###主治::① [[温毒发斑，血热吐血衄血]]；<br>② [[喉痹口疮，痄腮，疮疡，丹毒]]；<br>③ [[肝火犯肺，咳嗽胸痛，痰中带血]]；<br>④ [[小儿惊风抽搐，暑热惊痫]],性味归经::性[[寒]]；味[[咸、苦]]；归[[肝、肺]]经。<br>###功效::① [[清热解毒]]；<br>② [[凉血消斑]]；<br>③ [[泻火定惊]]；<br>④ [[息风止痉]]<br>###主治::① [[温毒发斑，血热吐血衄血]]；<br>② [[喉痹口疮，痄腮，疮疡，丹毒]]；<br>③ [[肝火犯肺，咳嗽胸痛，痰中带血]]；<br>④ [[小儿惊风抽搐，暑热惊痫]]
<div style='text-align: center; font-size: 24px;'><b>贯众</b></div>,中药学::常见药 大纲第1部分:: 清热药::清热解毒药,2,性味归经::性[[微寒]]；味[[微苦]]；归[[肝、胃]]经。<br>###功效::① [[清热解毒]]；<br>② [[止血]]；<br>③ [[驱虫]]<br>###主治::① [[时疫感冒，风热头痛，热入营血，温毒发斑]]；<br>② [[痄腮，疮疡肿毒]]；<br>③ [[血热出血【*···::崩漏下血，衄吐便血，炒炭收敛止血*】]]；<br>④ [[虫积腹痛【*···::杀三虫，可驱绦虫、钩虫、蛲虫、蛔虫等*】]],性味归经::性[[微寒]]；味[[微苦]]；归[[肝、胃]]经。<br>###功效::① [[清热解毒]]；<br>② [[止血]]；<br>③ [[驱虫]]<br>###主治::① [[时疫感冒，风热头痛，热入营血，温毒发斑]]；<br>② [[痄腮，疮疡肿毒]]；<br>③ [[血热出血【*···::崩漏下血，衄吐便血，炒炭收敛止血*】]]；<br>④ [[虫积腹痛【*···::杀三虫，可驱绦虫、钩虫、蛲虫、蛔虫等*】]]
<div style='text-align: center; font-size: 24px;'><b>蒲公英</b></div>,中药学::常见药 大纲第1部分:: 清热药::清热解毒药,2,性味归经::性[[寒]]；味[[苦、甘]]；归[[肝、胃]]经。<br>###功效::① [[清热解毒]]；<br>② [[消肿散结]]；<br>③ [[利湿通淋]]；<br>④ [[清肝明目]]<br>###主治::① [[内外热毒疮痈，如痈肿疔疮、乳痈【*···::兼通乳，要药*】、肺痈、肠痈]]；<br>② [[瘰疬]]；<br>③ [[咽喉肿痛]]；<br>④ [[毒蛇咬伤]]；<br>⑤ [[热淋涩痛]]；<br>⑥ [[湿热黄疸]]；<br>⑦ [[肝火上炎之目赤肿痛]],性味归经::性[[寒]]；味[[苦、甘]]；归[[肝、胃]]经。<br>###功效::① [[清热解毒]]；<br>② [[消肿散结]]；<br>③ [[利湿通淋]]；<br>④ [[清肝明目]]<br>###主治::① [[内外热毒疮痈，如痈肿疔疮、乳痈【*···::兼通乳，要药*】、肺痈、肠痈]]；<br>② [[瘰疬]]；<br>③ [[咽喉肿痛]]；<br>④ [[毒蛇咬伤]]；<br>⑤ [[热淋涩痛]]；<br>⑥ [[湿热黄疸]]；<br>⑦ [[肝火上炎之目赤肿痛]]
<div style='text-align: center; font-size: 24px;'><b>紫花地丁</b></div>,中药学::常见药 大纲第1部分:: 清热药::清热解毒药,2,性味归经::性[[寒]]；味[[苦、辛]]；归[[心、肝]]经。<br>###功效::① [[清热解毒]]；<br>② [[凉血消肿]]；<br>③ [[消痈散结]]；<br>④ [[解蛇毒]]<br>###主治::① [[热毒疮疡，如疔疮肿毒、丹毒、痈疽发背、乳痈、肠痈【*···::为治疗疮要药*】]]；<br>② [[毒蛇咬伤]]；<br>③ [[肝热目赤肿痛]]；<br>④ [[外感热病]],性味归经::性[[寒]]；味[[苦、辛]]；归[[心、肝]]经。<br>###功效::① [[清热解毒]]；<br>② [[凉血消肿]]；<br>③ [[消痈散结]]；<br>④ [[解蛇毒]]<br>###主治::① [[热毒疮疡，如疔疮肿毒、丹毒、痈疽发背、乳痈、肠痈【*···::为治疗疮要药*】]]；<br>② [[毒蛇咬伤]]；<br>③ [[肝热目赤肿痛]]；<br>④ [[外感热病]]
<div style='text-align: center; font-size: 24px;'><b>重楼</b></div>,中药学::常见药 大纲第1部分:: 清热药::清热解毒药,2,性味归经::性[[微寒]]；味[[苦]]；归[[肝]]经。有小<span style='color: red;'>毒</span><br>###功效::① [[清热解毒]]；<br>② [[消肿止痛]]；<br>③ [[凉肝定惊]]；<br>④ [[化瘀止血]]<br>###主治::① [[热毒疮痈【*···::疔疮痈肿、瘰疬痰核*】]]；<br>② [[蛇虫咬伤]]；<br>③ [[咽喉肿痛]]；<br>④ [[小儿惊风抽搐【*···::息风止痉*】]]；<br>⑤ [[跌打损伤【*···::消肿止痛，化瘀止血*】]],性味归经::性[[微寒]]；味[[苦]]；归[[肝]]经。有小<span style='color: red;'>毒</span><br>###功效::① [[清热解毒]]；<br>② [[消肿止痛]]；<br>③ [[凉肝定惊]]；<br>④ [[化瘀止血]]<br>###主治::① [[热毒疮痈【*···::疔疮痈肿、瘰疬痰核*】]]；<br>② [[蛇虫咬伤]]；<br>③ [[咽喉肿痛]]；<br>④ [[小儿惊风抽搐【*···::息风止痉*】]]；<br>⑤ [[跌打损伤【*···::消肿止痛，化瘀止血*】]]
<div style='text-align: center; font-size: 24px;'><b>鱼腥草</b></div>,中药学::常见药 大纲第1部分:: 清热药::清热解毒药,2,性味归经::性[[微寒]]；味[[辛]]；归[[肺]]经。<br>###功效::① [[清热解毒]]；<br>② [[消痈排脓]]；<br>③ [[利尿通淋]]；<br>④ [[清热除湿]]；<br>⑤ [[止痢]]<br>###主治::① [[肺痈吐脓，肺热、痰热喘咳【*···::清肺热，治肺痈要药*】]]；<br>② [[疮痈肿毒【*···::热毒疮痈，外痈疮毒常用*】]]；<br>③ [[热淋，湿热泻痢/热痢【*···::清热除湿，利水通淋，清热止痢*】]],性味归经::性[[微寒]]；味[[辛]]；归[[肺]]经。<br>###功效::① [[清热解毒]]；<br>② [[消痈排脓]]；<br>③ [[利尿通淋]]；<br>④ [[清热除湿]]；<br>⑤ [[止痢]]<br>###主治::① [[肺痈吐脓，肺热、痰热喘咳【*···::清肺热，治肺痈要药*】]]；<br>② [[疮痈肿毒【*···::热毒疮痈，外痈疮毒常用*】]]；<br>③ [[热淋，湿热泻痢/热痢【*···::清热除湿，利水通淋，清热止痢*】]]
<div style='text-align: center; font-size: 24px;'><b>山豆根</b></div>,中药学::常见药 大纲第1部分:: 清热药::清热解毒药,2,性味归经::性[[寒]]；味[[苦]]；归[[肺、胃]]经。<br>###功效::① [[清热解毒]]；<br>② [[消肿利咽]]<br>###主治::① [[火毒蕴结，乳蛾喉痹，咽喉肿痛]]；<br>② [[牙龈肿痛，口舌生疮]]；<br>③ [[肺热咳嗽，湿热黄疸，痈肿疮毒]],性味归经::性[[寒]]；味[[苦]]；归[[肺、胃]]经。<br>###功效::① [[清热解毒]]；<br>② [[消肿利咽]]<br>###主治::① [[火毒蕴结，乳蛾喉痹，咽喉肿痛]]；<br>② [[牙龈肿痛，口舌生疮]]；<br>③ [[肺热咳嗽，湿热黄疸，痈肿疮毒]]
<div style='text-align: center; font-size: 24px;'><b>白头翁</b></div>,中药学::常见药 大纲第1部分:: 清热药::清热解毒药,2,性味归经::性[[寒]]；味[[苦]]；归[[胃、大肠]]经。<br>###功效::① [[清热解毒]]；<br>② [[凉血止痢]]；<br>③ [[清热祛湿]]<br>###主治::① [[热毒血痢]]；<br>② [[阴痒带下]],性味归经::性[[寒]]；味[[苦]]；归[[胃、大肠]]经。<br>###功效::① [[清热解毒]]；<br>② [[凉血止痢]]；<br>③ [[清热祛湿]]<br>###主治::① [[热毒血痢]]；<br>② [[阴痒带下]]
<div style='text-align: center; font-size: 24px;'><b>射干</b></div>,中药学::常见药 大纲第1部分:: 清热药::清热解毒药,2,性味归经::性[[寒]]；味[[苦]]；归[[肺]]经。<br>###功效::① [[清热解毒]]；<br>② [[消痰利咽]]<br>###主治::① [[热毒痰火郁结，咽喉肿痛]]；<br>② [[痰涎壅盛，咳嗽气喘]],性味归经::性[[寒]]；味[[苦]]；归[[肺]]经。<br>###功效::① [[清热解毒]]；<br>② [[消痰利咽]]<br>###主治::① [[热毒痰火郁结，咽喉肿痛]]；<br>② [[痰涎壅盛，咳嗽气喘]]
<div style='text-align: center; font-size: 24px;'><b>土茯苓</b></div>,中药学::常见药 大纲第1部分:: 清热药::清热解毒药,2,性味归经::性[[平]]；味[[甘、淡]]；归[[肝、胃]]经。<br>###功效::① [[解毒]]；<br>② [[除湿]]；<br>③ [[通利关节]]<br>###主治::① [[梅毒及汞中毒所致的肢体拘挛、筋骨疼痛]]；<br>② [[湿热淋浊、带下、疥癣、湿疹瘙痒]]；<br>③ [[痈肿、瘰疬]],性味归经::性[[平]]；味[[甘、淡]]；归[[肝、胃]]经。<br>###功效::① [[解毒]]；<br>② [[除湿]]；<br>③ [[通利关节]]<br>###主治::① [[梅毒及汞中毒所致的肢体拘挛、筋骨疼痛]]；<br>② [[湿热淋浊、带下、疥癣、湿疹瘙痒]]；<br>③ [[痈肿、瘰疬]]
<div style='text-align: center; font-size: 24px;'><b>熊胆粉</b></div>,中药学::常见药 大纲第1部分:: 清热药::清热解毒药,2,性味归经::性[[寒]]；味[[苦]]；归[[肝、胆、心]]经。<br>###功效::① [[清热解毒]]；<br>② [[息风止痉]]；<br>③ [[清肝明目]]<br>###主治::① [[热毒疮痈，痔疮，咽喉肿痛【*···::消散痈肿*】]]；<br>② [[热极生风，惊痫抽搐【*···::凉心清肝*】]]；<br>③ [[肝热目赤，目生翳膜]]；<br>④ [[黄疸，小儿疳积，风虫牙痛，咽喉肿痛]],性味归经::性[[寒]]；味[[苦]]；归[[肝、胆、心]]经。<br>###功效::① [[清热解毒]]；<br>② [[息风止痉]]；<br>③ [[清肝明目]]<br>###主治::① [[热毒疮痈，痔疮，咽喉肿痛【*···::消散痈肿*】]]；<br>② [[热极生风，惊痫抽搐【*···::凉心清肝*】]]；<br>③ [[肝热目赤，目生翳膜]]；<br>④ [[黄疸，小儿疳积，风虫牙痛，咽喉肿痛]]
<div style='text-align: center; font-size: 24px;'><b>生地黄</b></div>,中药学::常见药 大纲第1部分:: 清热药::清热凉血药,2,性味归经::性[[寒]]；味[[甘]]；归[[心、肝、肾]]经。<br>###功效::① [[清热凉血]]；<br>② [[养阴生津]]<br>###主治::① [[热入营血证，温毒发斑]]；<br>② [[血热出血证【*···::吐血、衄血、便血、尿血、崩漏、产后出血*】]]；<br>③ [[热病伤阴，舌绛烦渴，津伤口渴，内热消渴]]；<br>④ [[阴虚内热，骨蒸劳热，温病后期，余热未尽，阴津已伤，邪伏阴分，夜热早凉]]；<br>⑤ [[津伤便秘]],性味归经::性[[寒]]；味[[甘]]；归[[心、肝、肾]]经。<br>###功效::① [[清热凉血]]；<br>② [[养阴生津]]<br>###主治::① [[热入营血证，温毒发斑]]；<br>② [[血热出血证【*···::吐血、衄血、便血、尿血、崩漏、产后出血*】]]；<br>③ [[热病伤阴，舌绛烦渴，津伤口渴，内热消渴]]；<br>④ [[阴虚内热，骨蒸劳热，温病后期，余热未尽，阴津已伤，邪伏阴分，夜热早凉]]；<br>⑤ [[津伤便秘]]
<div style='text-align: center; font-size: 24px;'><b>玄参</b></div>,中药学::常见药 大纲第1部分:: 清热药::清热凉血药,2,性味归经::性[[微寒]]；味[[甘、苦、咸]]；归[[肺、胃、肾]]经。<br>###功效::① [[清热凉血]]；<br>② [[滋阴降火]]；<br>③ [[解毒散结]]<br>###主治::① [[热入营血，温毒发斑]]；<br>② [[温病热陷心包，神昏谵语]]；<br>③ [[热病伤阴，舌绛烦渴，津伤便秘，骨蒸劳嗽]]；<br>④ [[目赤咽痛，瘰疬白喉，痈肿疮毒，热毒脱疽]],性味归经::性[[微寒]]；味[[甘、苦、咸]]；归[[肺、胃、肾]]经。<br>###功效::① [[清热凉血]]；<br>② [[滋阴降火]]；<br>③ [[解毒散结]]<br>###主治::① [[热入营血，温毒发斑]]；<br>② [[温病热陷心包，神昏谵语]]；<br>③ [[热病伤阴，舌绛烦渴，津伤便秘，骨蒸劳嗽]]；<br>④ [[目赤咽痛，瘰疬白喉，痈肿疮毒，热毒脱疽]]
<div style='text-align: center; font-size: 24px;'><b>牡丹皮</b></div>,中药学::常见药 大纲第1部分:: 清热药::清热凉血药,2,性味归经::性[[微寒]]；味[[苦、辛]]；归[[心、肝、肾]]经。<br>###功效::① [[清热凉血]]；<br>② [[活血化瘀]]；<br>③ [[散瘀消痈]]<br>###主治::① [[热入营血，温毒发斑，血热吐衄]]；<br>② [[温病伤阴，阴虚发热，夜热早凉，无汗骨蒸]]；<br>③ [[血滞经闭，痛经，跌打伤痛]]；<br>④ [[痈肿疮毒【*···::热壅血瘀所致外痈或内痈，瘀热互结之肠痈初起*】]],性味归经::性[[微寒]]；味[[苦、辛]]；归[[心、肝、肾]]经。<br>###功效::① [[清热凉血]]；<br>② [[活血化瘀]]；<br>③ [[散瘀消痈]]<br>###主治::① [[热入营血，温毒发斑，血热吐衄]]；<br>② [[温病伤阴，阴虚发热，夜热早凉，无汗骨蒸]]；<br>③ [[血滞经闭，痛经，跌打伤痛]]；<br>④ [[痈肿疮毒【*···::热壅血瘀所致外痈或内痈，瘀热互结之肠痈初起*】]]
<div style='text-align: center; font-size: 24px;'><b>赤芍</b></div>,中药学::常见药 大纲第1部分:: 清热药::清热凉血药,2,性味归经::性[[微寒]]；味[[苦]]；归[[肝]]经。<br>###功效::① [[清热凉血]]；<br>② [[散瘀止痛]]；<br>③ [[清肝泻火]]<br>###主治::① [[热入营血，温毒发斑，血热吐衄]]；<br>② [[目赤肿痛，目生翳障]]；<br>③ [[肝郁胁痛，经闭痛经，癥瘕腹痛，跌打损伤，痈肿疮疡]]；<br>④ [[热淋、血淋、热痢带血等血热证]],性味归经::性[[微寒]]；味[[苦]]；归[[肝]]经。<br>###功效::① [[清热凉血]]；<br>② [[散瘀止痛]]；<br>③ [[清肝泻火]]<br>###主治::① [[热入营血，温毒发斑，血热吐衄]]；<br>② [[目赤肿痛，目生翳障]]；<br>③ [[肝郁胁痛，经闭痛经，癥瘕腹痛，跌打损伤，痈肿疮疡]]；<br>④ [[热淋、血淋、热痢带血等血热证]]
<div style='text-align: center; font-size: 24px;'><b>水牛角</b></div>,中药学::常见药 大纲第1部分:: 清热药::清热凉血药,2,性味归经::性[[寒]]；味[[苦]]；归[[心、肝]]经。<br>###功效::① [[清热凉血]]；<br>② [[解毒]]；<br>③ [[定惊]]<br>###主治::① [[温病高热，神昏谵语，惊风癫狂]]；<br>② [[血热毒盛，发斑发疹，吐血衄血]]；<br>③ [[热毒壅盛，咽喉肿痛，痈肿疮疡]],性味归经::性[[寒]]；味[[苦]]；归[[心、肝]]经。<br>###功效::① [[清热凉血]]；<br>② [[解毒]]；<br>③ [[定惊]]<br>###主治::① [[温病高热，神昏谵语，惊风癫狂]]；<br>② [[血热毒盛，发斑发疹，吐血衄血]]；<br>③ [[热毒壅盛，咽喉肿痛，痈肿疮疡]]
<div style='text-align: center; font-size: 24px;'><b>青蒿</b></div>,中药学::常见药 大纲第1部分:: 清热药::清虚热药,2,性味归经::性[[寒]]；味[[苦、辛]]；归[[肝、胆]]经。<br>###功效::① [[清虚热]]；<br>② [[除骨蒸]]；<br>③ [[解暑热]]；<br>④ [[截疟]]；<br>⑤ [[退黄]]<br>###主治::① [[温邪伤阴，夜热早凉【*···::“阴分伏热”*】]]；<br>② [[阴虚发热，劳热骨蒸]]；<br>③ [[外感暑热，发热烦渴]]；<br>④ [[疟疾寒热【*···::“截疟力强，截疟良药”*】]]；<br>⑤ [[湿热黄疸【*···::利胆退黄*】]],性味归经::性[[寒]]；味[[苦、辛]]；归[[肝、胆]]经。<br>###功效::① [[清虚热]]；<br>② [[除骨蒸]]；<br>③ [[解暑热]]；<br>④ [[截疟]]；<br>⑤ [[退黄]]<br>###主治::① [[温邪伤阴，夜热早凉【*···::“阴分伏热”*】]]；<br>② [[阴虚发热，劳热骨蒸]]；<br>③ [[外感暑热，发热烦渴]]；<br>④ [[疟疾寒热【*···::“截疟力强，截疟良药”*】]]；<br>⑤ [[湿热黄疸【*···::利胆退黄*】]]
<div style='text-align: center; font-size: 24px;'><b>白薇</b></div>,中药学::常见药 大纲第1部分:: 清热药::清虚热药,2,性味归经::性[[寒]]；味[[苦、咸]]；归[[胃、肝、肾]]经。<br>###功效::① [[清虚热]]；<br>② [[凉血]]；<br>③ [[利尿通淋]]；<br>④ [[解毒疗疮]]；<br>⑤ [[清肺透邪]]；<br>⑥ [[益阴]]<br>###主治::① [[阴虚发热，产后血虚发热，骨蒸劳热，温邪发热]]；<br>② [[热淋，血淋]]；<br>③ [[痈疽肿毒，虫蛇咬伤]]；<br>④ [[肺热咳嗽，咽喉肿痛]]；<br>⑤ [[阴虚外感]],性味归经::性[[寒]]；味[[苦、咸]]；归[[胃、肝、肾]]经。<br>###功效::① [[清虚热]]；<br>② [[凉血]]；<br>③ [[利尿通淋]]；<br>④ [[解毒疗疮]]；<br>⑤ [[清肺透邪]]；<br>⑥ [[益阴]]<br>###主治::① [[阴虚发热，产后血虚发热，骨蒸劳热，温邪发热]]；<br>② [[热淋，血淋]]；<br>③ [[痈疽肿毒，虫蛇咬伤]]；<br>④ [[肺热咳嗽，咽喉肿痛]]；<br>⑤ [[阴虚外感]]
<div style='text-align: center; font-size: 24px;'><b>地骨皮</b></div>,中药学::常见药 大纲第1部分:: 清热药::清虚热药,2,性味归经::性[[寒]]；味[[甘]]；归[[肺、肝、肾]]经。<br>###功效::① [[凉血除蒸]]；<br>② [[清肺降火]]；<br>③ [[生津止渴]]<br>###主治::① [[阴虚发热，骨蒸盗汗]]；<br>② [[血热咳血衄血]]；<br>③ [[肺热咳嗽]]；<br>④ [[内热消渴]]；<br>⑤ [[泻肾经浮火而止虚火牙痛]],性味归经::性[[寒]]；味[[甘]]；归[[肺、肝、肾]]经。<br>###功效::① [[凉血除蒸]]；<br>② [[清肺降火]]；<br>③ [[生津止渴]]<br>###主治::① [[阴虚发热，骨蒸盗汗]]；<br>② [[血热咳血衄血]]；<br>③ [[肺热咳嗽]]；<br>④ [[内热消渴]]；<br>⑤ [[泻肾经浮火而止虚火牙痛]]
<div style='text-align: center; font-size: 24px;'><b>大黄</b></div>,中药学::常见药 大纲第1部分:: 泻下药::攻下药,2,性味归经::性[[寒]]；味[[苦]]；归[[脾、胃、大肠、肝、心包]]经。<br>###功效::① [[泻下攻积]]；<br>② [[清热泻火]]；<br>③ [[凉血解毒]]；<br>④ [[逐瘀通经]]；<br>⑤ [[利湿退黄]]；<br>⑥ [[炭能止血]]<br>###主治::① [[实热积滞便秘]]；<br>② [[血热吐衄，目赤咽肿，牙龈肿痛]]；<br>③ [[痈肿疔疮，肠痈腹痛]]；<br>④ [[瘀血经闭，产后瘀阻，跌打损伤]]；<br>⑤ [[湿热痢疾，黄疸尿赤，淋证，水肿]]；<br>⑥ [[烧烫伤]]；<br>⑦ [[破痰实，通脏腑降湿浊，治老痰壅塞，喘逆不得平卧]],性味归经::性[[寒]]；味[[苦]]；归[[脾、胃、大肠、肝、心包]]经。<br>###功效::① [[泻下攻积]]；<br>② [[清热泻火]]；<br>③ [[凉血解毒]]；<br>④ [[逐瘀通经]]；<br>⑤ [[利湿退黄]]；<br>⑥ [[炭能止血]]<br>###主治::① [[实热积滞便秘]]；<br>② [[血热吐衄，目赤咽肿，牙龈肿痛]]；<br>③ [[痈肿疔疮，肠痈腹痛]]；<br>④ [[瘀血经闭，产后瘀阻，跌打损伤]]；<br>⑤ [[湿热痢疾，黄疸尿赤，淋证，水肿]]；<br>⑥ [[烧烫伤]]；<br>⑦ [[破痰实，通脏腑降湿浊，治老痰壅塞，喘逆不得平卧]]
<div style='text-align: center; font-size: 24px;'><b>芒硝</b></div>,中药学::常见药 大纲第1部分:: 泻下药::攻下药,2,性味归经::性[[寒]]；味[[咸、苦]]；归[[胃、大肠]]经。<br>###功效::① [[泻下通便]]；<br>② [[润燥软坚]]；<br>③ [[清火消肿]]<br>###主治::① [[实热积滞，腹满胀痛，大便燥结【*···::对实热积滞，腹满胀痛，大便燥结者尤为适宜*】]]；<br>② [[肠痈腹痛]]；<br>③ [[乳痈，痔疮肿痛，咽痛口疮，目赤肿痛]]；<br>④ [[外敷可回乳]],性味归经::性[[寒]]；味[[咸、苦]]；归[[胃、大肠]]经。<br>###功效::① [[泻下通便]]；<br>② [[润燥软坚]]；<br>③ [[清火消肿]]<br>###主治::① [[实热积滞，腹满胀痛，大便燥结【*···::对实热积滞，腹满胀痛，大便燥结者尤为适宜*】]]；<br>② [[肠痈腹痛]]；<br>③ [[乳痈，痔疮肿痛，咽痛口疮，目赤肿痛]]；<br>④ [[外敷可回乳]]
<div style='text-align: center; font-size: 24px;'><b>火麻仁</b></div>,中药学::常见药 大纲第1部分:: 泻下药::润下药,2,性味归经::性[[平]]；味[[甘]]；归[[脾、胃、大肠]]经。<br>###功效::① [[润肠通便]]；<br>② [[滋养补虚]]<br>###主治::① [[血虚津亏肠燥便秘]]；<br>② [[尤宜于老年、体弱、产妇津血不足之肠燥便秘]],性味归经::性[[平]]；味[[甘]]；归[[脾、胃、大肠]]经。<br>###功效::① [[润肠通便]]；<br>② [[滋养补虚]]<br>###主治::① [[血虚津亏肠燥便秘]]；<br>② [[尤宜于老年、体弱、产妇津血不足之肠燥便秘]]
<div style='text-align: center; font-size: 24px;'><b>甘遂</b></div>,中药学::常见药 大纲第1部分:: 泻下药::酸下逐水药,2,性味归经::性[[寒]]；味[[苦]]；归[[肺、肾、大肠]]经。<br>###功效::① [[泻水逐饮]]；<br>② [[消肿散结]]<br>###主治::① [[水肿鼓胀，胸胁停饮【*···::胸腹积水*】，痰饮积聚，气逆咳喘，二便不利]]；<br>② [[风痰癫痫]]；<br>③ [[痈肿疮毒]],性味归经::性[[寒]]；味[[苦]]；归[[肺、肾、大肠]]经。<br>###功效::① [[泻水逐饮]]；<br>② [[消肿散结]]<br>###主治::① [[水肿鼓胀，胸胁停饮【*···::胸腹积水*】，痰饮积聚，气逆咳喘，二便不利]]；<br>② [[风痰癫痫]]；<br>③ [[痈肿疮毒]]
<div style='text-align: center; font-size: 24px;'><b>京大戟</b></div>,中药学::常见药 大纲第1部分:: 泻下药::酸下逐水药,2,性味归经::性[[寒]]；味[[苦]]；归[[肺、脾、肾]]经。<br>###功效::① [[泻水逐饮]]；<br>② [[消肿散结]]<br>###主治::① [[水肿胀满，胸腹积水，痰饮积聚，气逆咳喘，二便不利]]；<br>② [[痈肿疮毒，瘰疬痰核]],性味归经::性[[寒]]；味[[苦]]；归[[肺、脾、肾]]经。<br>###功效::① [[泻水逐饮]]；<br>② [[消肿散结]]<br>###主治::① [[水肿胀满，胸腹积水，痰饮积聚，气逆咳喘，二便不利]]；<br>② [[痈肿疮毒，瘰疬痰核]]
<div style='text-align: center; font-size: 24px;'><b>芫花</b></div>,中药学::常见药 大纲第1部分:: 泻下药::酸下逐水药,2,性味归经::性[[温]]；味[[辛、苦]]；归[[肺、脾、肾]]经。有<span style='color: red;'>毒</span>。<br>###功效::① [[泻水逐饮]]；<br>② [[祛痰止咳]]；<br>③ [[外用杀虫疗疮]]<br>###主治::① [[水肿，胸腹积水，痰饮积聚，咳嗽痰喘，二便不利]]；<br>② [[疥癣秃疮，痈肿，冻疮]],性味归经::性[[温]]；味[[辛、苦]]；归[[肺、脾、肾]]经。有<span style='color: red;'>毒</span>。<br>###功效::① [[泻水逐饮]]；<br>② [[祛痰止咳]]；<br>③ [[外用杀虫疗疮]]<br>###主治::① [[水肿，胸腹积水，痰饮积聚，咳嗽痰喘，二便不利]]；<br>② [[疥癣秃疮，痈肿，冻疮]]
<div style='text-align: center; font-size: 24px;'><b>牵牛子</b></div>,中药学::常见药 大纲第1部分:: 泻下药::酸下逐水药,2,性味归经::性[[寒]]；味[[苦]]；归[[肺、肾、大肠]]经。<br>###功效::① [[泻水通便]]；<br>② [[消痰涤饮]]；<br>③ [[杀虫攻积]]<br>###主治::① [[水肿胀满，二便不通]]；<br>② [[痰壅喘咳，痰饮积聚【*···::泻肺*】]]；<br>③ [[虫积腹痛【*···::蛔虫、绦虫*】]],性味归经::性[[寒]]；味[[苦]]；归[[肺、肾、大肠]]经。<br>###功效::① [[泻水通便]]；<br>② [[消痰涤饮]]；<br>③ [[杀虫攻积]]<br>###主治::① [[水肿胀满，二便不通]]；<br>② [[痰壅喘咳，痰饮积聚【*···::泻肺*】]]；<br>③ [[虫积腹痛【*···::蛔虫、绦虫*】]]
<div style='text-align: center; font-size: 24px;'><b>巴豆霜</b></div>,中药学::常见药 大纲第1部分:: 泻下药::酸下逐水药,2,性味归经::性[[热]]；味[[辛；有大<span style='color: red;'>毒</span>]]；归[[胃、大肠]]经。<br>###功效::① [[峻下冷积]]；<br>② [[逐水退肿]]；<br>③ [[豁痰利咽]]；<br>④ [[外用蚀疮]]<br>###主治::① [[寒积便秘，乳食停积【*···::峻药轻投*】]]；<br>② [[腹水鼓胀、二便不通]]；<br>③ [[喉痹喉风]]；<br>④ [[痈疽，疥癣，恶疮，痈肿脓成未溃，疣痣]],性味归经::性[[热]]；味[[辛；有大<span style='color: red;'>毒</span>]]；归[[胃、大肠]]经。<br>###功效::① [[峻下冷积]]；<br>② [[逐水退肿]]；<br>③ [[豁痰利咽]]；<br>④ [[外用蚀疮]]<br>###主治::① [[寒积便秘，乳食停积【*···::峻药轻投*】]]；<br>② [[腹水鼓胀、二便不通]]；<br>③ [[喉痹喉风]]；<br>④ [[痈疽，疥癣，恶疮，痈肿脓成未溃，疣痣]]
<div style='text-align: center; font-size: 24px;'><b>独活</b></div>,中药学::常见药 大纲第1部分:: 祛风湿药::法风寒湿药,2,性味归经::性[[温]]；味[[辛、苦]]；归[[肾、膀胱]]经。<br>###功效::① [[祛风除湿]]；<br>② [[通痹止痛]]；<br>③ [[解表]]<br>###主治::① [[风寒湿痹，腰膝疼痛【*···::为风湿痹痛要药，风寒湿痹无论新久，以腰膝、足跟关节疼痛属下半身为宜*】]]；<br>② [[风寒挟湿表证或头痛]]；<br>③ [[皮肤瘙痒]]；<br>④ [[少阴伏风头痛]],性味归经::性[[温]]；味[[辛、苦]]；归[[肾、膀胱]]经。<br>###功效::① [[祛风除湿]]；<br>② [[通痹止痛]]；<br>③ [[解表]]<br>###主治::① [[风寒湿痹，腰膝疼痛【*···::为风湿痹痛要药，风寒湿痹无论新久，以腰膝、足跟关节疼痛属下半身为宜*】]]；<br>② [[风寒挟湿表证或头痛]]；<br>③ [[皮肤瘙痒]]；<br>④ [[少阴伏风头痛]]
<div style='text-align: center; font-size: 24px;'><b>威灵仙</b></div>,中药学::常见药 大纲第1部分:: 祛风湿药::法风寒湿药,2,性味归经::性[[温]]；味[[辛、咸]]；归[[膀胱]]经。<br>###功效::① [[祛风湿]]；<br>② [[通经络]]；<br>③ [[止痛]]；<br>④ [[消骨鲠]]<br>###主治::① [[风湿痹痛【*···::要药，性善猛走，凡风湿痹痛、肢体麻木、筋脉拘挛、屈伸不利，无论上下皆可应用，尤宜于风邪偏盛、拘挛掣痛、游走不定*】]]；<br>② [[跌打伤痛、头痛、牙痛、胃脘痛]]；<br>③ [[诸骨鲠咽喉【*···::软坚消骨鲠*】]]；<br>④ [[消痰水，治噎膈、痞积]],性味归经::性[[温]]；味[[辛、咸]]；归[[膀胱]]经。<br>###功效::① [[祛风湿]]；<br>② [[通经络]]；<br>③ [[止痛]]；<br>④ [[消骨鲠]]<br>###主治::① [[风湿痹痛【*···::要药，性善猛走，凡风湿痹痛、肢体麻木、筋脉拘挛、屈伸不利，无论上下皆可应用，尤宜于风邪偏盛、拘挛掣痛、游走不定*】]]；<br>② [[跌打伤痛、头痛、牙痛、胃脘痛]]；<br>③ [[诸骨鲠咽喉【*···::软坚消骨鲠*】]]；<br>④ [[消痰水，治噎膈、痞积]]
<div style='text-align: center; font-size: 24px;'><b>木瓜</b></div>,中药学::常见药 大纲第1部分:: 祛风湿药::法风寒湿药,2,性味归经::性[[温]]；味[[酸]]；归[[肝、脾]]经。<br>###功效::① [[舒筋活络]]；<br>② [[和胃化湿]]；<br>③ [[消食]]；<br>④ [[生津止渴]]<br>###主治::① [[风湿痹证拘挛，关节屈伸不利，腰膝关节酸重疼痛]]；<br>② [[脚气浮肿肿痛]]；<br>③ [[湿阻中焦腹痛吐泻，转筋挛痛]]；<br>④ [[消化不良]]；<br>⑤ [[津伤口渴]],性味归经::性[[温]]；味[[酸]]；归[[肝、脾]]经。<br>###功效::① [[舒筋活络]]；<br>② [[和胃化湿]]；<br>③ [[消食]]；<br>④ [[生津止渴]]<br>###主治::① [[风湿痹证拘挛，关节屈伸不利，腰膝关节酸重疼痛]]；<br>② [[脚气浮肿肿痛]]；<br>③ [[湿阻中焦腹痛吐泻，转筋挛痛]]；<br>④ [[消化不良]]；<br>⑤ [[津伤口渴]]
<div style='text-align: center; font-size: 24px;'><b>蕲蛇</b></div>,中药学::常见药 大纲第1部分:: 祛风湿药::法风寒湿药,2,性味归经::性[[温]]；味[[甘、咸]]；归[[肝]]经；有<span style='color: red;'>毒</span>。<br>###功效::① [[祛风通络]]；<br>② [[止痉]]<br>###主治::① [[风湿顽痹，麻木拘挛]]；<br>② [[中风半身不遂，口眼歪斜]]；<br>③ [[小儿急慢惊风，破伤风，抽搐痉挛]]；<br>④ [[麻风，疥癣]]；<br>⑤ [[瘰疬，梅毒，恶疮]],性味归经::性[[温]]；味[[甘、咸]]；归[[肝]]经；有<span style='color: red;'>毒</span>。<br>###功效::① [[祛风通络]]；<br>② [[止痉]]<br>###主治::① [[风湿顽痹，麻木拘挛]]；<br>② [[中风半身不遂，口眼歪斜]]；<br>③ [[小儿急慢惊风，破伤风，抽搐痉挛]]；<br>④ [[麻风，疥癣]]；<br>⑤ [[瘰疬，梅毒，恶疮]]
<div style='text-align: center; font-size: 24px;'><b>秦艽</b></div>,中药学::常见药 大纲第1部分:: 祛风湿药::祛风湿热药,2,性味归经::性[[平]]；味[[辛、苦]]；归[[胃、肝、胆]]经。<br>###功效::① [[祛风湿]]；<br>② [[清湿热]]；<br>③ [[舒筋络]]；<br>④ [[止痹痛]]；<br>⑤ [[退虚热]]<br>###主治::① [[风湿痹证，筋脉拘挛，骨节酸痛【*···::寒热新久均可*】]]；<br>② [[中风半身不遂]]；<br>③ [[湿热黄疸【*···::清肝胆湿热*】]]；<br>④ [[骨蒸潮热，疳积发热]]；<br>⑤ [[痔疮肿毒]],性味归经::性[[平]]；味[[辛、苦]]；归[[胃、肝、胆]]经。<br>###功效::① [[祛风湿]]；<br>② [[清湿热]]；<br>③ [[舒筋络]]；<br>④ [[止痹痛]]；<br>⑤ [[退虚热]]<br>###主治::① [[风湿痹证，筋脉拘挛，骨节酸痛【*···::寒热新久均可*】]]；<br>② [[中风半身不遂]]；<br>③ [[湿热黄疸【*···::清肝胆湿热*】]]；<br>④ [[骨蒸潮热，疳积发热]]；<br>⑤ [[痔疮肿毒]]
<div style='text-align: center; font-size: 24px;'><b>防己</b></div>,中药学::常见药 大纲第1部分:: 祛风湿药::祛风湿热药,2,性味归经::性[[寒]]；味[[苦]]；归[[膀胱、肺]]经。<br>###功效::① [[祛风湿]]；<br>② [[止痛]]；<br>③ [[利水消肿]]<br>###主治::① [[风湿痹证【*···::风湿热痹尤宜*】]]；<br>② [[水肿，小便不利，脚气肿痛【*···::善走下行，下肢水肿小便不利尤宜*】]]；<br>③ [[湿疹疮毒【*···::苦以燥湿，寒以清热*】]]；<br>④ [[高血压病【*···::降血压*】]],性味归经::性[[寒]]；味[[苦]]；归[[膀胱、肺]]经。<br>###功效::① [[祛风湿]]；<br>② [[止痛]]；<br>③ [[利水消肿]]<br>###主治::① [[风湿痹证【*···::风湿热痹尤宜*】]]；<br>② [[水肿，小便不利，脚气肿痛【*···::善走下行，下肢水肿小便不利尤宜*】]]；<br>③ [[湿疹疮毒【*···::苦以燥湿，寒以清热*】]]；<br>④ [[高血压病【*···::降血压*】]]
<div style='text-align: center; font-size: 24px;'><b>五加皮</b></div>,中药学::常见药 大纲第1部分:: 祛风湿药::法风湿强筋骨药,2,性味归经::性[[温]]；味[[辛、苦]]；归[[肝、肾]]经。<br>###功效::① [[祛风除湿]]；<br>② [[补益肝肾]]；<br>③ [[强筋壮骨]]；<br>④ [[利水消肿]]<br>###主治::① [[风湿痹证【*···::老人久病体弱更宜*】]]；<br>② [[筋骨痿软，小儿行迟，体虚乏力]]；<br>③ [[水肿，脚气肿痛【*···::强壮性祛风湿药*】]],性味归经::性[[温]]；味[[辛、苦]]；归[[肝、肾]]经。<br>###功效::① [[祛风除湿]]；<br>② [[补益肝肾]]；<br>③ [[强筋壮骨]]；<br>④ [[利水消肿]]<br>###主治::① [[风湿痹证【*···::老人久病体弱更宜*】]]；<br>② [[筋骨痿软，小儿行迟，体虚乏力]]；<br>③ [[水肿，脚气肿痛【*···::强壮性祛风湿药*】]]
<div style='text-align: center; font-size: 24px;'><b>桑寄生</b></div>,中药学::常见药 大纲第1部分:: 祛风湿药::法风湿强筋骨药,2,性味归经::性[[平]]；味[[甘、苦]]；归[[肝、肾]]经。<br>###功效::① [[祛风湿]]；<br>② [[补肝肾]]；<br>③ [[强筋骨]]；<br>④ [[安胎元]]<br>###主治::① [[风湿痹证，腰膝酸软，筋骨无力【*···::痹证日久，肝肾不足尤宜*】]]；<br>② [[崩漏经多，妊娠漏血，胎动不安【*···::补肝肾，养血，固冲任，安胎元*】]]；<br>③ [[头晕目眩【*···::补益肝肾以平肝降压，治高血压病头晕目眩属肝肾不足者*】]],性味归经::性[[平]]；味[[甘、苦]]；归[[肝、肾]]经。<br>###功效::① [[祛风湿]]；<br>② [[补肝肾]]；<br>③ [[强筋骨]]；<br>④ [[安胎元]]<br>###主治::① [[风湿痹证，腰膝酸软，筋骨无力【*···::痹证日久，肝肾不足尤宜*】]]；<br>② [[崩漏经多，妊娠漏血，胎动不安【*···::补肝肾，养血，固冲任，安胎元*】]]；<br>③ [[头晕目眩【*···::补益肝肾以平肝降压，治高血压病头晕目眩属肝肾不足者*】]]
<div style='text-align: center; font-size: 24px;'><b>广藿香</b></div>,中药学::常见药 大纲第1部分:: 化湿药,2,性味归经::性[[微温]]；味[[辛]]；归[[脾、胃、肺]]经。<br>###功效::① [[芳香化湿]]；<br>② [[和中止呕]]；<br>③ [[发表解暑]]<br>###主治::① [[湿阻中焦证，脘腹痞闷]]；<br>② [[湿浊中阻所致呕吐]]；<br>③ [[暑湿表证，湿温初起，发热倦怠，胸闷不舒，寒湿闭暑，腹痛吐泻]],性味归经::性[[微温]]；味[[辛]]；归[[脾、胃、肺]]经。<br>###功效::① [[芳香化湿]]；<br>② [[和中止呕]]；<br>③ [[发表解暑]]<br>###主治::① [[湿阻中焦证，脘腹痞闷]]；<br>② [[湿浊中阻所致呕吐]]；<br>③ [[暑湿表证，湿温初起，发热倦怠，胸闷不舒，寒湿闭暑，腹痛吐泻]]
<div style='text-align: center; font-size: 24px;'><b>佩兰</b></div>,中药学::常见药 大纲第1部分:: 化湿药,2,性味归经::性[[平]]；味[[辛]]；归[[脾、胃、肺]]经。<br>###功效::① [[芳香化湿]]；<br>② [[醒脾开胃]]；<br>③ [[发表解暑]]<br>###主治::① [[湿阻中焦，脘痞呕恶【*···::尤善治脾经湿热*】]]；<br>② [[暑湿，湿温初起，发热倦怠，胸闷不舒]]；<br>③ [[口中甜腻，口臭，多涎]],性味归经::性[[平]]；味[[辛]]；归[[脾、胃、肺]]经。<br>###功效::① [[芳香化湿]]；<br>② [[醒脾开胃]]；<br>③ [[发表解暑]]<br>###主治::① [[湿阻中焦，脘痞呕恶【*···::尤善治脾经湿热*】]]；<br>② [[暑湿，湿温初起，发热倦怠，胸闷不舒]]；<br>③ [[口中甜腻，口臭，多涎]]
<div style='text-align: center; font-size: 24px;'><b>苍术</b></div>,中药学::常见药 大纲第1部分:: 化湿药,2,性味归经::性[[温]]；味[[辛、苦]]；归[[脾、胃、肝]]经。<br>###功效::① [[燥湿健脾]]；<br>② [[祛风散寒]]；<br>③ [[明目]]<br>###主治::① [[湿阻中焦，脘腹胀满，泄泻，痰饮，水肿]]；<br>② [[风湿痹证【*···::湿胜尤宜*】，脚气痿蹙]]；<br>③ [[风寒夹湿之表证]]；<br>④ [[夜盲，眼目昏涩]],性味归经::性[[温]]；味[[辛、苦]]；归[[脾、胃、肝]]经。<br>###功效::① [[燥湿健脾]]；<br>② [[祛风散寒]]；<br>③ [[明目]]<br>###主治::① [[湿阻中焦，脘腹胀满，泄泻，痰饮，水肿]]；<br>② [[风湿痹证【*···::湿胜尤宜*】，脚气痿蹙]]；<br>③ [[风寒夹湿之表证]]；<br>④ [[夜盲，眼目昏涩]]
<div style='text-align: center; font-size: 24px;'><b>厚朴</b></div>,中药学::常见药 大纲第1部分:: 化湿药,2,性味归经::性[[温]]；味[[辛、苦]]；归[[脾、胃、肺、大肠]]经。<br>###功效::① [[燥湿消痰]]；<br>② [[下气除满]]；<br>③ [[行气消积]]；<br>④ [[消痰平喘]]<br>###主治::① [[湿阻中焦证，脘痞吐泄【*···::“消胀除满要药”*】]]；<br>② [[胃肠气滞，食积气滞，腹胀便秘]]；<br>③ [[痰饮喘咳]]；<br>④ [[梅核气【*···::痰气互结*】]],性味归经::性[[温]]；味[[辛、苦]]；归[[脾、胃、肺、大肠]]经。<br>###功效::① [[燥湿消痰]]；<br>② [[下气除满]]；<br>③ [[行气消积]]；<br>④ [[消痰平喘]]<br>###主治::① [[湿阻中焦证，脘痞吐泄【*···::“消胀除满要药”*】]]；<br>② [[胃肠气滞，食积气滞，腹胀便秘]]；<br>③ [[痰饮喘咳]]；<br>④ [[梅核气【*···::痰气互结*】]]
<div style='text-align: center; font-size: 24px;'><b>砂仁</b></div>,中药学::常见药 大纲第1部分:: 化湿药,2,性味归经::性[[温]]；味[[辛]]；归[[脾、胃、肾]]经。<br>###功效::① [[化湿开胃]]；<br>② [[温脾止泻]]；<br>③ [[理气安胎]]<br>###主治::① [[湿浊中阻、脾胃气滞所致脘腹胀痛、脘痞不饥]]；<br>② [[脾胃虚寒所致呕吐泄泻]]；<br>③ [[妊娠恶阻、胎动不安]],性味归经::性[[温]]；味[[辛]]；归[[脾、胃、肾]]经。<br>###功效::① [[化湿开胃]]；<br>② [[温脾止泻]]；<br>③ [[理气安胎]]<br>###主治::① [[湿浊中阻、脾胃气滞所致脘腹胀痛、脘痞不饥]]；<br>② [[脾胃虚寒所致呕吐泄泻]]；<br>③ [[妊娠恶阻、胎动不安]]
<div style='text-align: center; font-size: 24px;'><b>豆蔻</b></div>,中药学::常见药 大纲第1部分:: 化湿药,2,性味归经::性[[温]]；味[[辛]]；归[[肺、脾、胃]]经。<br>###功效::① [[化湿行气]]；<br>② [[温中止呕]]；<br>③ [[开胃消食]]<br>###主治::① [[湿阻中焦、脾胃气滞证，症见不思饮食、胸腹胀痛]]；<br>② [[湿温初起，胸闷不饥]]；<br>③ [[寒湿呕吐【*···::胃寒湿滞尤宜*】]]；<br>④ [[食积不化]],性味归经::性[[温]]；味[[辛]]；归[[肺、脾、胃]]经。<br>###功效::① [[化湿行气]]；<br>② [[温中止呕]]；<br>③ [[开胃消食]]<br>###主治::① [[湿阻中焦、脾胃气滞证，症见不思饮食、胸腹胀痛]]；<br>② [[湿温初起，胸闷不饥]]；<br>③ [[寒湿呕吐【*···::胃寒湿滞尤宜*】]]；<br>④ [[食积不化]]
<div style='text-align: center; font-size: 24px;'><b>茯苓</b></div>,中药学::常见药 大纲第1部分:: 利水渗湿药::利水消肿药,2,性味归经::性[[平]]；味[[甘、淡]]；归[[心、肺、脾、肾]]经。<br>###功效::① [[利水渗湿]]；<br>② [[健脾补中]]；<br>③ [[宁心安神]]<br>###主治::① [[水肿尿少，小便不利【*···::为利水消肿要药，利水不伤正，寒热虚实均可使用*】]]；<br>② [[痰饮眩悸]]；<br>③ [[脾虚食少，便溏泄泻【*···::渗湿止泻，脾虚湿盛尤宜*】]]；<br>④ [[心神不宁，心悸失眠【*···::为宁心安神良药*】]],性味归经::性[[平]]；味[[甘、淡]]；归[[心、肺、脾、肾]]经。<br>###功效::① [[利水渗湿]]；<br>② [[健脾补中]]；<br>③ [[宁心安神]]<br>###主治::① [[水肿尿少，小便不利【*···::为利水消肿要药，利水不伤正，寒热虚实均可使用*】]]；<br>② [[痰饮眩悸]]；<br>③ [[脾虚食少，便溏泄泻【*···::渗湿止泻，脾虚湿盛尤宜*】]]；<br>④ [[心神不宁，心悸失眠【*···::为宁心安神良药*】]]
<div style='text-align: center; font-size: 24px;'><b>猪苓</b></div>,中药学::常见药 大纲第1部分:: 利水渗湿药::利水消肿药,2,性味归经::性[[平]]；味[[甘、淡]]；归[[肾、膀胱]]经。<br>###功效::① [[利水渗湿]]<br>###主治::① [[水肿]]；<br>② [[小便不利]]；<br>③ [[泄泻]]；<br>④ [[淋证]]；<br>⑤ [[带下]],性味归经::性[[平]]；味[[甘、淡]]；归[[肾、膀胱]]经。<br>###功效::① [[利水渗湿]]<br>###主治::① [[水肿]]；<br>② [[小便不利]]；<br>③ [[泄泻]]；<br>④ [[淋证]]；<br>⑤ [[带下]]
<div style='text-align: center; font-size: 24px;'><b>泽泻</b></div>,中药学::常见药 大纲第1部分:: 利水渗湿药::利水消肿药,2,性味归经::性[[寒]]；味[[甘、淡]]；归[[肾、膀胱]]经。<br>###功效::① [[利水渗湿]]；<br>② [[泄热]]；<br>③ [[化浊降脂]]<br>###主治::① [[水肿，小便不利，痰饮眩晕，泄泻尿少]]；<br>② [[热淋涩痛，遗精，带下]]；<br>③ [[高脂血症]],性味归经::性[[寒]]；味[[甘、淡]]；归[[肾、膀胱]]经。<br>###功效::① [[利水渗湿]]；<br>② [[泄热]]；<br>③ [[化浊降脂]]<br>###主治::① [[水肿，小便不利，痰饮眩晕，泄泻尿少]]；<br>② [[热淋涩痛，遗精，带下]]；<br>③ [[高脂血症]]
<div style='text-align: center; font-size: 24px;'><b>薏苡仁</b></div>,中药学::常见药 大纲第1部分:: 利水渗湿药::利水消肿药,2,性味归经::性[[凉]]；味[[甘、淡]]；归[[脾、胃、肺]]经。<br>###功效::① [[利水渗湿]]；<br>② [[健脾止泻]]；<br>③ [[清热排脓]]；<br>④ [[除痹]]；<br>⑤ [[解毒散结]]<br>###主治::① [[水肿，脚气浮肿，小便不利]]；<br>② [[脾虚泄泻]]；<br>③ [[湿痹拘挛，湿热痿证，两足麻木、痿软肿痛，湿温初起或暑湿邪在气分，头痛恶寒、胸闷身重]]；<br>④ [[肺痈，肠痈]]；<br>⑤ [[赘疣，癌肿]],性味归经::性[[凉]]；味[[甘、淡]]；归[[脾、胃、肺]]经。<br>###功效::① [[利水渗湿]]；<br>② [[健脾止泻]]；<br>③ [[清热排脓]]；<br>④ [[除痹]]；<br>⑤ [[解毒散结]]<br>###主治::① [[水肿，脚气浮肿，小便不利]]；<br>② [[脾虚泄泻]]；<br>③ [[湿痹拘挛，湿热痿证，两足麻木、痿软肿痛，湿温初起或暑湿邪在气分，头痛恶寒、胸闷身重]]；<br>④ [[肺痈，肠痈]]；<br>⑤ [[赘疣，癌肿]]
<div style='text-align: center; font-size: 24px;'><b>车前子</b></div>,中药学::常见药 大纲第1部分:: 利水渗湿药::利尿通淋药,2,性味归经::性[[微寒]]；味[[甘]]；归[[肾、肝、肺、小肠]]经。<br>###功效::① [[清热利尿通淋]]；<br>② [[渗湿止泻]]；<br>③ [[清肝明目]]；<br>④ [[清肺化痰]]<br>###主治::① [[淋证【*···::热淋涩痛*】，水肿胀满，小便不利]]；<br>② [[泄泻【*···::“利小便以实大便”，湿盛泄泻尤宜，可治暑湿泄泻*】]]；<br>③ [[目赤肿痛，目暗昏花]]；<br>④ [[痰热咳嗽【*···::清肺化痰止咳*】]],性味归经::性[[微寒]]；味[[甘]]；归[[肾、肝、肺、小肠]]经。<br>###功效::① [[清热利尿通淋]]；<br>② [[渗湿止泻]]；<br>③ [[清肝明目]]；<br>④ [[清肺化痰]]<br>###主治::① [[淋证【*···::热淋涩痛*】，水肿胀满，小便不利]]；<br>② [[泄泻【*···::“利小便以实大便”，湿盛泄泻尤宜，可治暑湿泄泻*】]]；<br>③ [[目赤肿痛，目暗昏花]]；<br>④ [[痰热咳嗽【*···::清肺化痰止咳*】]]
<div style='text-align: center; font-size: 24px;'><b>滑石</b></div>,中药学::常见药 大纲第1部分:: 利水渗湿药::利尿通淋药,2,性味归经::性[[寒]]；味[[甘、淡]]；归[[膀胱、肺、胃]]经。<br>###功效::① [[利尿通淋]]；<br>② [[清热解暑]]；<br>③ [[外用收湿敛疮]]<br>###主治::① [[热淋，石淋，尿热涩痛]]；<br>② [[暑湿烦渴，湿温初起]]；<br>③ [[湿热水泻【*···::分水道，实大肠*】]]；<br>④ [[湿疮，湿疹，痱子]],性味归经::性[[寒]]；味[[甘、淡]]；归[[膀胱、肺、胃]]经。<br>###功效::① [[利尿通淋]]；<br>② [[清热解暑]]；<br>③ [[外用收湿敛疮]]<br>###主治::① [[热淋，石淋，尿热涩痛]]；<br>② [[暑湿烦渴，湿温初起]]；<br>③ [[湿热水泻【*···::分水道，实大肠*】]]；<br>④ [[湿疮，湿疹，痱子]]
<div style='text-align: center; font-size: 24px;'><b>木通</b></div>,中药学::常见药 大纲第1部分:: 利水渗湿药::利尿通淋药,2,性味归经::性[[寒]]；味[[苦]]；归[[心、小肠、膀胱]]经。<br>###功效::① [[利尿通淋]]；<br>② [[清心除烦]]；<br>③ [[通经下乳]]<br>###主治::① [[淋证，水肿，小便不利]]；<br>② [[口舌生疮，心烦尿赤]]；<br>③ [[血瘀经闭，乳少【*···::“经闭乳少佳品”*】]]；<br>④ [[湿热痹证【*···::利血脉、通关节*】]],性味归经::性[[寒]]；味[[苦]]；归[[心、小肠、膀胱]]经。<br>###功效::① [[利尿通淋]]；<br>② [[清心除烦]]；<br>③ [[通经下乳]]<br>###主治::① [[淋证，水肿，小便不利]]；<br>② [[口舌生疮，心烦尿赤]]；<br>③ [[血瘀经闭，乳少【*···::“经闭乳少佳品”*】]]；<br>④ [[湿热痹证【*···::利血脉、通关节*】]]
<div style='text-align: center; font-size: 24px;'><b>通草</b></div>,中药学::常见药 大纲第1部分:: 利水渗湿药::利尿通淋药,2,性味归经::性[[微寒]]；味[[甘、淡]]；归[[肺、胃]]经。<br>###功效::① [[利尿通淋]]；<br>② [[通气下乳]]<br>###主治::① [[淋证【*···::热淋尤宜*】，水肿尿少]]；<br>② [[产后乳汁不下【*···::通胃气上达*】]]；<br>③ [[湿温初起及暑温夹湿，症见头痛恶寒，身重疼痛，肢体倦怠，胸闷不饥，午后身热]],性味归经::性[[微寒]]；味[[甘、淡]]；归[[肺、胃]]经。<br>###功效::① [[利尿通淋]]；<br>② [[通气下乳]]<br>###主治::① [[淋证【*···::热淋尤宜*】，水肿尿少]]；<br>② [[产后乳汁不下【*···::通胃气上达*】]]；<br>③ [[湿温初起及暑温夹湿，症见头痛恶寒，身重疼痛，肢体倦怠，胸闷不饥，午后身热]]
<div style='text-align: center; font-size: 24px;'><b>瞿麦</b></div>,中药学::常见药 大纲第1部分:: 利水渗湿药::利尿通淋药,2,性味归经::性[[寒]]；味[[苦]]；归[[心、小肠]]经。<br>###功效::① [[利尿通淋]]；<br>② [[活血通经]]<br>###主治::① [[淋证【*···::热淋、血淋、石淋*】，小便不通，淋沥涩痛]]；<br>② [[血瘀经闭，月经不调【*···::血热尤宜*】]],性味归经::性[[寒]]；味[[苦]]；归[[心、小肠]]经。<br>###功效::① [[利尿通淋]]；<br>② [[活血通经]]<br>###主治::① [[淋证【*···::热淋、血淋、石淋*】，小便不通，淋沥涩痛]]；<br>② [[血瘀经闭，月经不调【*···::血热尤宜*】]]
<div style='text-align: center; font-size: 24px;'><b>石韦</b></div>,中药学::常见药 大纲第1部分:: 利水渗湿药::利尿通淋药,2,性味归经::性[[微寒]]；味[[甘、苦]]；归[[肺、膀胱]]经。<br>###功效::① [[利尿通淋]]；<br>② [[清肺止咳]]；<br>③ [[凉血止血]]<br>###主治::① [[淋证【*···::热淋、血淋、石淋，血淋尤宜*】，小便不通，淋沥涩痛]]；<br>② [[肺热咳喘]]；<br>③ [[血热出血证，如吐衄、尿血、崩漏]],性味归经::性[[微寒]]；味[[甘、苦]]；归[[肺、膀胱]]经。<br>###功效::① [[利尿通淋]]；<br>② [[清肺止咳]]；<br>③ [[凉血止血]]<br>###主治::① [[淋证【*···::热淋、血淋、石淋，血淋尤宜*】，小便不通，淋沥涩痛]]；<br>② [[肺热咳喘]]；<br>③ [[血热出血证，如吐衄、尿血、崩漏]]
<div style='text-align: center; font-size: 24px;'><b>萆薢</b></div>,中药学::常见药 大纲第1部分:: 利水渗湿药::利尿通淋药,2,性味归经::性[[平]]；味[[苦]]；归[[肾、胃]]经。<br>###功效::① [[利湿去浊]]；<br>② [[祛风除痹]]；<br>③ [[通络止痛]]<br>###主治::① [[膏淋，带下，白浊【*···::分清去浊*】]]；<br>② [[风湿痹证，关节不利，腰膝疼痛【*···::“膏淋要药”，寒湿湿热痹均可*】]],性味归经::性[[平]]；味[[苦]]；归[[肾、胃]]经。<br>###功效::① [[利湿去浊]]；<br>② [[祛风除痹]]；<br>③ [[通络止痛]]<br>###主治::① [[膏淋，带下，白浊【*···::分清去浊*】]]；<br>② [[风湿痹证，关节不利，腰膝疼痛【*···::“膏淋要药”，寒湿湿热痹均可*】]]
<div style='text-align: center; font-size: 24px;'><b>茵陈</b></div>,中药学::常见药 大纲第1部分:: 利水渗湿药::利湿退黄药,2,性味归经::性[[微寒]]；味[[苦、辛]]；归[[脾、胃、肝、胆]]经。<br>###功效::① [[清利湿热]]；<br>② [[利胆退黄]]<br>###主治::① [[黄疸尿少【*···::为黄疸要药，尤宜湿热阳黄*】]]；<br>② [[湿温暑湿]]；<br>③ [[湿疮瘙痒]],性味归经::性[[微寒]]；味[[苦、辛]]；归[[脾、胃、肝、胆]]经。<br>###功效::① [[清利湿热]]；<br>② [[利胆退黄]]<br>###主治::① [[黄疸尿少【*···::为黄疸要药，尤宜湿热阳黄*】]]；<br>② [[湿温暑湿]]；<br>③ [[湿疮瘙痒]]
<div style='text-align: center; font-size: 24px;'><b>金钱草</b></div>,中药学::常见药 大纲第1部分:: 利水渗湿药::利湿退黄药,2,性味归经::性[[微寒]]；味[[甘、淡、咸]]；归[[肝、胆、肾、膀胱]]经。<br>###功效::① [[利湿退黄]]；<br>② [[利尿通淋]]；<br>③ [[解毒消肿]]<br>###主治::① [[湿热黄疸，胆胀胁痛]]；<br>② [[石淋，热淋，小便涩痛【*···::善排结石*】]]；<br>③ [[痈肿疔疮，虫蛇咬伤]],性味归经::性[[微寒]]；味[[甘、淡、咸]]；归[[肝、胆、肾、膀胱]]经。<br>###功效::① [[利湿退黄]]；<br>② [[利尿通淋]]；<br>③ [[解毒消肿]]<br>###主治::① [[湿热黄疸，胆胀胁痛]]；<br>② [[石淋，热淋，小便涩痛【*···::善排结石*】]]；<br>③ [[痈肿疔疮，虫蛇咬伤]]
<div style='text-align: center; font-size: 24px;'><b>虎杖</b></div>,中药学::常见药 大纲第1部分:: 利水渗湿药::利湿退黄药,2,性味归经::性[[微寒]]；味[[微苦]]；归[[肝、胆、肺]]经。<br>###功效::① [[利湿退黄]]；<br>② [[清热解毒]]；<br>③ [[散瘀止痛]]；<br>④ [[化痰止咳]]；<br>⑤ [[泻热通便]]<br>###主治::① [[湿热黄疸，淋浊带下]]；<br>② [[水火烫伤，疮痈肿毒，毒蛇咬伤]]；<br>③ [[癥瘕经闭，跌打损伤，风湿痹痛]]；<br>④ [[肺热咳嗽]]；<br>⑤ [[热结便秘]],性味归经::性[[微寒]]；味[[微苦]]；归[[肝、胆、肺]]经。<br>###功效::① [[利湿退黄]]；<br>② [[清热解毒]]；<br>③ [[散瘀止痛]]；<br>④ [[化痰止咳]]；<br>⑤ [[泻热通便]]<br>###主治::① [[湿热黄疸，淋浊带下]]；<br>② [[水火烫伤，疮痈肿毒，毒蛇咬伤]]；<br>③ [[癥瘕经闭，跌打损伤，风湿痹痛]]；<br>④ [[肺热咳嗽]]；<br>⑤ [[热结便秘]]
<div style='text-align: center; font-size: 24px;'><b>附子</b></div>,中药学::常见药 大纲第1部分:: 温里药,2,"性味归经::性[[大热]]；味[[辛、甘；有<span style='color: red;'>毒</span>]]；归[[心、肾、脾]]经<br>###功效::① [[回阳救逆]]；<br>② [[补火助阳]]；<br>③ [[散寒止痛]]<br>###主治::① [[亡阳虚脱，肢冷脉微【*···::上助心阳、中温脾阳、下补肾阳，为""回阳救逆第一品药""，久病体虚，阳气衰微，阴寒内盛，或大汗、大吐、大泻所致亡阳证，四肢厥逆，脉微欲绝*】]]；<br>② [[亡阳兼气脱]]；<br>③ [[寒邪入里，直中三阴而见四肢厥冷，恶寒蜷卧]]；<br>④ [[肾阳虚衰、阳痿遗精、宫冷不孕，虚寒吐泻、脘腹冷痛，阴寒水肿，心阳不足、胸痹冷痛，阳虚外感【*···::补元阳、益火消阴，""乃命门主药""，治肾、脾、心诸脏阳气衰弱，阴寒内盛者*】]]；<br>⑤ [[寒湿痹痛【*···::温经通络，逐经络中风寒湿邪，通关节之猛药，通十二经纯阳之要药*】]]","性味归经::性[[大热]]；味[[辛、甘；有<span style='color: red;'>毒</span>]]；归[[心、肾、脾]]经<br>###功效::① [[回阳救逆]]；<br>② [[补火助阳]]；<br>③ [[散寒止痛]]<br>###主治::① [[亡阳虚脱，肢冷脉微【*···::上助心阳、中温脾阳、下补肾阳，为""回阳救逆第一品药""，久病体虚，阳气衰微，阴寒内盛，或大汗、大吐、大泻所致亡阳证，四肢厥逆，脉微欲绝*】]]；<br>② [[亡阳兼气脱]]；<br>③ [[寒邪入里，直中三阴而见四肢厥冷，恶寒蜷卧]]；<br>④ [[肾阳虚衰、阳痿遗精、宫冷不孕，虚寒吐泻、脘腹冷痛，阴寒水肿，心阳不足、胸痹冷痛，阳虚外感【*···::补元阳、益火消阴，""乃命门主药""，治肾、脾、心诸脏阳气衰弱，阴寒内盛者*】]]；<br>⑤ [[寒湿痹痛【*···::温经通络，逐经络中风寒湿邪，通关节之猛药，通十二经纯阳之要药*】]]"
<div style='text-align: center; font-size: 24px;'><b>肉桂</b></div>,中药学::常见药 大纲第1部分:: 温里药,2,"性味归经::性[[大热]]；味[[辛甘]]；归[[肾、脾、心、肝]]经<br>###功效::① [[补火助阳]]；<br>② [[散寒止痛]]；<br>③ [[温通经脉]]；<br>④ [[引火归元]]<br>###主治::① [[肾阳虚证，命门火衰【*···::要药*】，阳痿宫冷，腰膝冷痛【*···::温和持久，""大补命门相火，益阳治阴""*】]]；<br>② [[寒凝诸痛，心腹冷痛【*···::胸痹或脘腹冷痛*】，寒疝腹痛，寒盛或虚寒吐泻]]；<br>③ [[冲任虚寒、寒凝血滞之痛经经闭，寒湿痹痛【*···::寒痹腰痛为主*】，阴疽流注]]；<br>④ [[肾虚作喘，虚阳上浮，眩晕目赤【*···::引火归原*】]]；<br>⑤ [[久病体虚气血不足，加少量肉桂温阳鼓舞气血生长]]","性味归经::性[[大热]]；味[[辛甘]]；归[[肾、脾、心、肝]]经<br>###功效::① [[补火助阳]]；<br>② [[散寒止痛]]；<br>③ [[温通经脉]]；<br>④ [[引火归元]]<br>###主治::① [[肾阳虚证，命门火衰【*···::要药*】，阳痿宫冷，腰膝冷痛【*···::温和持久，""大补命门相火，益阳治阴""*】]]；<br>② [[寒凝诸痛，心腹冷痛【*···::胸痹或脘腹冷痛*】，寒疝腹痛，寒盛或虚寒吐泻]]；<br>③ [[冲任虚寒、寒凝血滞之痛经经闭，寒湿痹痛【*···::寒痹腰痛为主*】，阴疽流注]]；<br>④ [[肾虚作喘，虚阳上浮，眩晕目赤【*···::引火归原*】]]；<br>⑤ [[久病体虚气血不足，加少量肉桂温阳鼓舞气血生长]]"
<div style='text-align: center; font-size: 24px;'><b>干姜</b></div>,中药学::常见药 大纲第1部分:: 温里药,2,性味归经::性[[热]]；味[[辛]]；归[[脾、胃、肾、心、肺]]经<br>###功效::① [[温中散寒]]；<br>② [[回阳通脉]]；<br>③ [[温肺化饮]]<br>###主治::① [[脾胃寒证【*···::脘腹冷痛，呕吐泄泻*】]]；<br>② [[亡阳证，肢冷脉微]]；<br>③ [[寒饮喘咳]]；<br>④ [[治感寒腹痛，守而不走，为温暖中焦主药]],性味归经::性[[热]]；味[[辛]]；归[[脾、胃、肾、心、肺]]经<br>###功效::① [[温中散寒]]；<br>② [[回阳通脉]]；<br>③ [[温肺化饮]]<br>###主治::① [[脾胃寒证【*···::脘腹冷痛，呕吐泄泻*】]]；<br>② [[亡阳证，肢冷脉微]]；<br>③ [[寒饮喘咳]]；<br>④ [[治感寒腹痛，守而不走，为温暖中焦主药]]
<div style='text-align: center; font-size: 24px;'><b>吴茱萸</b></div>,中药学::常见药 大纲第1部分:: 温里药,2,性味归经::性[[热]]；味[[辛、苦，有小<span style='color: red;'>毒</span>]]；归[[肝、脾、胃、肾]]经<br>###功效::① [[散寒止痛]]；<br>② [[降逆止呕]]；<br>③ [[助阳止泻]]<br>###主治::① [[寒滞肝脉【*···::肝寒气滞诸痛之主药*】，厥阴头痛，经行腹痛，寒疝腹痛，寒湿脚气肿痛]]；<br>② [[脘腹胀痛，呕吐吞酸【*···::疏肝解郁，制酸止痛*】]]；<br>③ [[脾肾阳虚，五更泄泻【*···::虚寒泄泻，温脾肾止泻*】]]；<br>④ [[研末醋调敷足心【*···::涌泉*】，治口疮及高血压病]],性味归经::性[[热]]；味[[辛、苦，有小<span style='color: red;'>毒</span>]]；归[[肝、脾、胃、肾]]经<br>###功效::① [[散寒止痛]]；<br>② [[降逆止呕]]；<br>③ [[助阳止泻]]<br>###主治::① [[寒滞肝脉【*···::肝寒气滞诸痛之主药*】，厥阴头痛，经行腹痛，寒疝腹痛，寒湿脚气肿痛]]；<br>② [[脘腹胀痛，呕吐吞酸【*···::疏肝解郁，制酸止痛*】]]；<br>③ [[脾肾阳虚，五更泄泻【*···::虚寒泄泻，温脾肾止泻*】]]；<br>④ [[研末醋调敷足心【*···::涌泉*】，治口疮及高血压病]]
<div style='text-align: center; font-size: 24px;'><b>丁香</b></div>,中药学::常见药 大纲第1部分:: 温里药,2,性味归经::性[[温]]；味[[辛]]；归[[脾、胃、肺、肾]]经<br>###功效::① [[温中降逆]]；<br>② [[补肾助阳]]；<br>③ [[散寒止痛]]<br>###主治::① [[脾胃虚寒，呃逆呕吐，食少吐泻，妊娠恶阻【*···::暖脾胃而行气滞，尤善降逆，温中散寒、降逆止呕、止呃。治胃寒呕吐呃逆要药。温中快气，治上焦呃逆*】]]；<br>② [[心腹冷痛【*···::温中散寒止痛，治胸痹心冷痛]]；<br>③ [[胃寒脘腹冷痛*】]]；<br>④ [[肾虚阳痿，宫冷不孕【*···::温肾助阳起痿*】]],性味归经::性[[温]]；味[[辛]]；归[[脾、胃、肺、肾]]经<br>###功效::① [[温中降逆]]；<br>② [[补肾助阳]]；<br>③ [[散寒止痛]]<br>###主治::① [[脾胃虚寒，呃逆呕吐，食少吐泻，妊娠恶阻【*···::暖脾胃而行气滞，尤善降逆，温中散寒、降逆止呕、止呃。治胃寒呕吐呃逆要药。温中快气，治上焦呃逆*】]]；<br>② [[心腹冷痛【*···::温中散寒止痛，治胸痹心冷痛]]；<br>③ [[胃寒脘腹冷痛*】]]；<br>④ [[肾虚阳痿，宫冷不孕【*···::温肾助阳起痿*】]]
<div style='text-align: center; font-size: 24px;'><b>花椒</b></div>,中药学::常见药 大纲第1部分:: 温里药,2,性味归经::性[[温]]；味[[辛]]；归[[脾、胃、肾]]经<br>###功效::① [[温中止痛]]；<br>② [[杀虫止痒]]<br>###主治::① [[中寒脘腹冷痛，呕吐泄泻【*···::温中燥湿，散寒止痛，止呕止泻，治外寒内侵，胃寒冷痛、呕吐*】]]；<br>② [[脾胃虚寒，脘腹冷痛、呕吐、不思饮食]]；<br>③ [[夏伤湿冷，泄泻不止]]；<br>④ [[虫积腹痛【*···::驱蛔杀虫，治虫积腹痛，手足厥逆，烦闷吐蛔*】]]；<br>⑤ [[小儿蛲虫病，肛周瘙痒]]；<br>⑥ [[湿疹，阴痒【*···::外用杀虫止痒*】]]；<br>⑦ [[与茯苓配伍，治肾虚痰喘、腰痛足冷]],性味归经::性[[温]]；味[[辛]]；归[[脾、胃、肾]]经<br>###功效::① [[温中止痛]]；<br>② [[杀虫止痒]]<br>###主治::① [[中寒脘腹冷痛，呕吐泄泻【*···::温中燥湿，散寒止痛，止呕止泻，治外寒内侵，胃寒冷痛、呕吐*】]]；<br>② [[脾胃虚寒，脘腹冷痛、呕吐、不思饮食]]；<br>③ [[夏伤湿冷，泄泻不止]]；<br>④ [[虫积腹痛【*···::驱蛔杀虫，治虫积腹痛，手足厥逆，烦闷吐蛔*】]]；<br>⑤ [[小儿蛲虫病，肛周瘙痒]]；<br>⑥ [[湿疹，阴痒【*···::外用杀虫止痒*】]]；<br>⑦ [[与茯苓配伍，治肾虚痰喘、腰痛足冷]]
<div style='text-align: center; font-size: 24px;'><b>高良姜</b></div>,中药学::常见药 大纲第1部分:: 温里药,2,性味归经::性[[热]]；味[[辛]]；归[[脾、胃]]经<br>###功效::① [[散寒止痛]]；<br>② [[温中止呕]]<br>###主治::① [[胃寒腹痛【*···::胃寒脘腹冷痛常用*】]]；<br>② [[胃寒呕吐，嗳气吞酸【*···::温胃散寒，和胃止呕*】]],性味归经::性[[热]]；味[[辛]]；归[[脾、胃]]经<br>###功效::① [[散寒止痛]]；<br>② [[温中止呕]]<br>###主治::① [[胃寒腹痛【*···::胃寒脘腹冷痛常用*】]]；<br>② [[胃寒呕吐，嗳气吞酸【*···::温胃散寒，和胃止呕*】]]
<div style='text-align: center; font-size: 24px;'><b>陈皮</b></div>,中药学::常见药 大纲第1部分:: 理气药,2,性味归经::性[[温]]；味[[辛、苦]]；归[[脾、肺]]经<br>###功效::① [[理气健脾]]；<br>② [[燥湿化痰]]；<br>③ [[行气通痹止痛]]<br>###主治::① [[脾胃气滞、湿阻之脘腹胀满，食少吐泻【*···::寒湿阻滞中焦最宜*】]]；<br>② [[呕吐，呃逆【*···::下气止呕，疗呕哕反胃嘈杂，时吐清水*】]]；<br>③ [[痰湿壅滞，湿痰寒痰，咳嗽痰多]]；<br>④ [[胸痹【*···::行气通痹止痛*】]],性味归经::性[[温]]；味[[辛、苦]]；归[[脾、肺]]经<br>###功效::① [[理气健脾]]；<br>② [[燥湿化痰]]；<br>③ [[行气通痹止痛]]<br>###主治::① [[脾胃气滞、湿阻之脘腹胀满，食少吐泻【*···::寒湿阻滞中焦最宜*】]]；<br>② [[呕吐，呃逆【*···::下气止呕，疗呕哕反胃嘈杂，时吐清水*】]]；<br>③ [[痰湿壅滞，湿痰寒痰，咳嗽痰多]]；<br>④ [[胸痹【*···::行气通痹止痛*】]]
<div style='text-align: center; font-size: 24px;'><b>青皮</b></div>,中药学::常见药 大纲第1部分:: 理气药,2,性味归经::性[[温]]；味[[苦辛]]；归[[肝、胆、胃]]经<br>###功效::① [[疏肝破气]]；<br>② [[消积化滞]]；<br>③ [[行气止痛]]<br>###主治::① [[肝郁气滞：胸胁胀痛，疝气疼痛，乳癖乳痛]]；<br>② [[食积气滞，脘腹胀痛【*···::行气止痛*】]]；<br>③ [[气滞血瘀重证：癥瘕积聚，久疟痞块]],性味归经::性[[温]]；味[[苦辛]]；归[[肝、胆、胃]]经<br>###功效::① [[疏肝破气]]；<br>② [[消积化滞]]；<br>③ [[行气止痛]]<br>###主治::① [[肝郁气滞：胸胁胀痛，疝气疼痛，乳癖乳痛]]；<br>② [[食积气滞，脘腹胀痛【*···::行气止痛*】]]；<br>③ [[气滞血瘀重证：癥瘕积聚，久疟痞块]]
<div style='text-align: center; font-size: 24px;'><b>枳实</b></div>,中药学::常见药 大纲第1部分:: 理气药,2,性味归经::性[[微寒]]；味[[苦、辛、酸]]；归[[脾胃（大肠）]]经<br>###功效::① [[破气消积]]；<br>② [[化痰除痞]]；<br>③ [[止痛]]<br>###主治::① [[胃肠气滞，积滞内停，痞满胀痛，泻痢后重，大便不通]]；<br>② [[痰阻气滞，胸痹，结胸]]；<br>③ [[脾胃虚弱，中气下陷之脏器下垂]],性味归经::性[[微寒]]；味[[苦、辛、酸]]；归[[脾胃（大肠）]]经<br>###功效::① [[破气消积]]；<br>② [[化痰除痞]]；<br>③ [[止痛]]<br>###主治::① [[胃肠气滞，积滞内停，痞满胀痛，泻痢后重，大便不通]]；<br>② [[痰阻气滞，胸痹，结胸]]；<br>③ [[脾胃虚弱，中气下陷之脏器下垂]]
<div style='text-align: center; font-size: 24px;'><b>枳壳</b></div>,中药学::常见药 大纲第1部分:: 理气药,2,性味归经::性[[微寒]]；味[[苦、辛、酸]]；归[[脾、胃]]经<br>###功效::① [[理气宽中]]；<br>② [[行滞消胀]]<br>###主治::① [[脾胃气滞]]；<br>② [[胸胁气滞]]；<br>③ [[脘腹胀满]]；<br>④ [[食积不化]]；<br>⑤ [[痰饮内停]]；<br>⑥ [[脏器下垂]],性味归经::性[[微寒]]；味[[苦、辛、酸]]；归[[脾、胃]]经<br>###功效::① [[理气宽中]]；<br>② [[行滞消胀]]<br>###主治::① [[脾胃气滞]]；<br>② [[胸胁气滞]]；<br>③ [[脘腹胀满]]；<br>④ [[食积不化]]；<br>⑤ [[痰饮内停]]；<br>⑥ [[脏器下垂]]
<div style='text-align: center; font-size: 24px;'><b>木香</b></div>,中药学::常见药 大纲第1部分:: 理气药,2,性味归经::性[[温]]；味[[辛、苦]]；归[[脾、胃、大肠、胆、三焦]]经<br>###功效::① [[行气止痛]]；<br>② [[健脾消食]]<br>###主治::① [[脾胃气滞所致脘腹胀痛，食积不消，不思饮食【*···::通理三焦，尤善行脾胃之气滞，为行气调中止痛之佳品，又能健脾消食，故食积气滞尤宜*】]]；<br>② [[大肠气滞所致泻痢后重]]；<br>③ [[肝胆气滞所致胸胁胀痛，黄疸，疝气疼痛]]；<br>④ [[减轻补益药腻胃滞气【*···::芳香醒脾*】]]；<br>⑤ [[多种气滞疼痛]]；<br>⑥ [[湿热泻痢里急后重要药]],性味归经::性[[温]]；味[[辛、苦]]；归[[脾、胃、大肠、胆、三焦]]经<br>###功效::① [[行气止痛]]；<br>② [[健脾消食]]<br>###主治::① [[脾胃气滞所致脘腹胀痛，食积不消，不思饮食【*···::通理三焦，尤善行脾胃之气滞，为行气调中止痛之佳品，又能健脾消食，故食积气滞尤宜*】]]；<br>② [[大肠气滞所致泻痢后重]]；<br>③ [[肝胆气滞所致胸胁胀痛，黄疸，疝气疼痛]]；<br>④ [[减轻补益药腻胃滞气【*···::芳香醒脾*】]]；<br>⑤ [[多种气滞疼痛]]；<br>⑥ [[湿热泻痢里急后重要药]]
<div style='text-align: center; font-size: 24px;'><b>香附</b></div>,中药学::常见药 大纲第1部分:: 理气药,2,"性味归经::性[[平]]；味[[辛、微苦、微甘]]；归[[肝、脾、三焦]]经<br>###功效::① [[疏肝解郁]]；<br>② [[理气宽中]]；<br>③ [[调经止痛]]<br>###主治::① [[肝郁气滞，胸胁胀痛，疝气疼痛]]；<br>② [[月经不调，经闭痛经，乳房胀痛]]；<br>③ [[脾胃气滞，脘腹痞闷，胀满疼痛【*···::""气病之总司，女科之主帅""""妇科调经要药""*】]]","性味归经::性[[平]]；味[[辛、微苦、微甘]]；归[[肝、脾、三焦]]经<br>###功效::① [[疏肝解郁]]；<br>② [[理气宽中]]；<br>③ [[调经止痛]]<br>###主治::① [[肝郁气滞，胸胁胀痛，疝气疼痛]]；<br>② [[月经不调，经闭痛经，乳房胀痛]]；<br>③ [[脾胃气滞，脘腹痞闷，胀满疼痛【*···::""气病之总司，女科之主帅""""妇科调经要药""*】]]"
<div style='text-align: center; font-size: 24px;'><b>乌药</b></div>,中药学::常见药 大纲第1部分:: 理气药,2,性味归经::性[[温]]；味[[辛]]；归[[肺、脾、肾、膀胱]]经<br>###功效::① [[行气止痛]]；<br>② [[温肾散寒]]<br>###主治::① [[寒凝气滞诸痛证，症见胸腹胀痛、气逆喘急、疝气疼痛、经寒腹痛]]；<br>② [[肾阳不足，膀胱虚冷，遗尿尿频【*···::缩尿止遗*】]]；<br>③ [[可宣通三焦气机，上走肺，中走脾，下达肾与膀胱]],性味归经::性[[温]]；味[[辛]]；归[[肺、脾、肾、膀胱]]经<br>###功效::① [[行气止痛]]；<br>② [[温肾散寒]]<br>###主治::① [[寒凝气滞诸痛证，症见胸腹胀痛、气逆喘急、疝气疼痛、经寒腹痛]]；<br>② [[肾阳不足，膀胱虚冷，遗尿尿频【*···::缩尿止遗*】]]；<br>③ [[可宣通三焦气机，上走肺，中走脾，下达肾与膀胱]]
<div style='text-align: center; font-size: 24px;'><b>沉香</b></div>,中药学::常见药 大纲第1部分:: 理气药,2,性味归经::性[[微温]]；味[[辛、苦]]；归[[脾、胃、肾]]经<br>###功效::① [[行气止痛]]；<br>② [[温中止呕]]；<br>③ [[纳气平喘]]<br>###主治::① [[寒凝气滞诸痛证，胸腹胀闷疼痛【*···::善行气散寒止痛*】]]；<br>② [[胃寒呕吐呃逆]]；<br>③ [[虚喘证，肾虚气逆喘息]],性味归经::性[[微温]]；味[[辛、苦]]；归[[脾、胃、肾]]经<br>###功效::① [[行气止痛]]；<br>② [[温中止呕]]；<br>③ [[纳气平喘]]<br>###主治::① [[寒凝气滞诸痛证，胸腹胀闷疼痛【*···::善行气散寒止痛*】]]；<br>② [[胃寒呕吐呃逆]]；<br>③ [[虚喘证，肾虚气逆喘息]]
<div style='text-align: center; font-size: 24px;'><b>檀香</b></div>,中药学::常见药 大纲第1部分:: 理气药,2,性味归经::性[[温]]；味[[辛]]；归[[脾、胃、心、肺]]经<br>###功效::① [[行气止痛]]；<br>② [[散寒调中]]；<br>③ [[开胃]]<br>###主治::① [[寒凝气滞诸痛]]；<br>② [[寒凝气滞，胸膈不舒，胸痹心痛，脘腹疼痛，呕吐食少【*···::偏于中上焦*】]],性味归经::性[[温]]；味[[辛]]；归[[脾、胃、心、肺]]经<br>###功效::① [[行气止痛]]；<br>② [[散寒调中]]；<br>③ [[开胃]]<br>###主治::① [[寒凝气滞诸痛]]；<br>② [[寒凝气滞，胸膈不舒，胸痹心痛，脘腹疼痛，呕吐食少【*···::偏于中上焦*】]]
<div style='text-align: center; font-size: 24px;'><b>川楝子</b></div>,中药学::常见药 大纲第1部分:: 理气药,2,性味归经::性[[寒]]；味[[苦；有小<span style='color: red;'>毒</span>]]；归[[肝、小肠、膀胱]]经<br>###功效::① [[疏肝泄热]]；<br>② [[行气止痛]]；<br>③ [[杀虫疗癣]]<br>###主治::① [[气郁化火，胁肋疼痛，肝郁有热诸痛证【*···::肝郁气滞疼痛良药*】]]；<br>② [[脘腹胀痛，疝气疼痛]]；<br>③ [[虫积腹痛【*···::蛔虫等*】]]；<br>④ [[头癣，秃疮]],性味归经::性[[寒]]；味[[苦；有小<span style='color: red;'>毒</span>]]；归[[肝、小肠、膀胱]]经<br>###功效::① [[疏肝泄热]]；<br>② [[行气止痛]]；<br>③ [[杀虫疗癣]]<br>###主治::① [[气郁化火，胁肋疼痛，肝郁有热诸痛证【*···::肝郁气滞疼痛良药*】]]；<br>② [[脘腹胀痛，疝气疼痛]]；<br>③ [[虫积腹痛【*···::蛔虫等*】]]；<br>④ [[头癣，秃疮]]
<div style='text-align: center; font-size: 24px;'><b>薤白</b></div>,中药学::常见药 大纲第1部分:: 理气药,2,性味归经::性[[温]]；味[[辛苦]]；归[[肺、心、胃、大肠]]经<br>###功效::① [[通阳散结]]；<br>② [[行气导滞]]<br>###主治::① [[胸痹心痛，胸闷作痛，胸痛彻背，背痛彻心，短气，多用于寒凝气滞，胸阳不振之胸痹，为治胸痹要药]]；<br>② [[脘腹痞满胀痛，泻痢后重，可行气导滞、消胀止痛]],性味归经::性[[温]]；味[[辛苦]]；归[[肺、心、胃、大肠]]经<br>###功效::① [[通阳散结]]；<br>② [[行气导滞]]<br>###主治::① [[胸痹心痛，胸闷作痛，胸痛彻背，背痛彻心，短气，多用于寒凝气滞，胸阳不振之胸痹，为治胸痹要药]]；<br>② [[脘腹痞满胀痛，泻痢后重，可行气导滞、消胀止痛]]
<div style='text-align: center; font-size: 24px;'><b>山楂</b></div>,中药学::常见药 大纲第1部分:: 消食药,2,性味归经::性[[微温]]；味[[酸、甘]]；归[[脾、胃、肝]]经<br>###功效::① [[消食健胃]]；<br>② [[行气散瘀]]；<br>③ [[化浊降脂]]；<br>④ [[散结止痛]]；<br>⑤ [[止泻]]<br>###主治::① [[各种食积【*···::油腻肉食积滞更宜*】，肉食积滞之胃脘胀满，嗳气吞酸，腹痛泄泻]]；<br>② [[泻痢腹痛，疝气疼痛【*···::行气散结止痛，炒用兼能止泻止痢*】]]；<br>③ [[瘀血证：血瘀经闭痛经，产后瘀阻腹痛，心腹刺痛，胸痹心痛]]；<br>④ [[高脂血症，以及冠心病、高血压病]],性味归经::性[[微温]]；味[[酸、甘]]；归[[脾、胃、肝]]经<br>###功效::① [[消食健胃]]；<br>② [[行气散瘀]]；<br>③ [[化浊降脂]]；<br>④ [[散结止痛]]；<br>⑤ [[止泻]]<br>###主治::① [[各种食积【*···::油腻肉食积滞更宜*】，肉食积滞之胃脘胀满，嗳气吞酸，腹痛泄泻]]；<br>② [[泻痢腹痛，疝气疼痛【*···::行气散结止痛，炒用兼能止泻止痢*】]]；<br>③ [[瘀血证：血瘀经闭痛经，产后瘀阻腹痛，心腹刺痛，胸痹心痛]]；<br>④ [[高脂血症，以及冠心病、高血压病]]
<div style='text-align: center; font-size: 24px;'><b>莱菔子</b></div>,中药学::常见药 大纲第1部分:: 消食药,2,"性味归经::性[[平]]；味[[辛甘]]；归[[脾、胃、肺]]经<br>###功效::① [[消食除胀]]；<br>② [[降气化痰]]；<br>③ [[涌吐风痰]]<br>###主治::① [[食积气滞证，脘腹胀痛，大便秘结，积滞泻痢【*···::""善行气消胀""*】]]；<br>② [[痰壅喘咳，痰壅气逆，喘咳痰多，胸闷食少]]；<br>③ [[涌吐风痰]]","性味归经::性[[平]]；味[[辛甘]]；归[[脾、胃、肺]]经<br>###功效::① [[消食除胀]]；<br>② [[降气化痰]]；<br>③ [[涌吐风痰]]<br>###主治::① [[食积气滞证，脘腹胀痛，大便秘结，积滞泻痢【*···::""善行气消胀""*】]]；<br>② [[痰壅喘咳，痰壅气逆，喘咳痰多，胸闷食少]]；<br>③ [[涌吐风痰]]"
<div style='text-align: center; font-size: 24px;'><b>鸡内金</b></div>,中药学::常见药 大纲第1部分:: 消食药,2,性味归经::性[[平]]；味[[甘]]；归[[脾、胃、小肠、膀胱]]经<br>###功效::① [[消食健胃]]；<br>② [[固精止遗]]；<br>③ [[通淋化石]]<br>###主治::① [[饮食积滞，小儿疳积，呕吐泻痢【*···::广泛食积*】]]；<br>② [[遗精遗尿【*···::固精缩尿止遗*】]]；<br>③ [[石淋涩痛，胆胀胁痛【*···::烧存性*】]],性味归经::性[[平]]；味[[甘]]；归[[脾、胃、小肠、膀胱]]经<br>###功效::① [[消食健胃]]；<br>② [[固精止遗]]；<br>③ [[通淋化石]]<br>###主治::① [[饮食积滞，小儿疳积，呕吐泻痢【*···::广泛食积*】]]；<br>② [[遗精遗尿【*···::固精缩尿止遗*】]]；<br>③ [[石淋涩痛，胆胀胁痛【*···::烧存性*】]]
<div style='text-align: center; font-size: 24px;'><b>使君子</b></div>,中药学::常见药 大纲第1部分:: 驱虫药,2,性味归经::性[[温]]；味[[甘]]；归[[脾、胃]]经<br>###功效::① [[杀虫消积]]；<br>② [[健脾消疳]]<br>###主治::① [[蛔虫病，蛲虫病，虫积腹痛]]；<br>② [[小儿疳积【*···::健脾消疳*】]]；<br>③ [[专杀蛔虫，驱蛔要药，杀虫益脾胃，敛虚热而止泻痢]],性味归经::性[[温]]；味[[甘]]；归[[脾、胃]]经<br>###功效::① [[杀虫消积]]；<br>② [[健脾消疳]]<br>###主治::① [[蛔虫病，蛲虫病，虫积腹痛]]；<br>② [[小儿疳积【*···::健脾消疳*】]]；<br>③ [[专杀蛔虫，驱蛔要药，杀虫益脾胃，敛虚热而止泻痢]]
<div style='text-align: center; font-size: 24px;'><b>苦楝皮</b></div>,中药学::常见药 大纲第1部分:: 驱虫药,2,性味归经::性[[寒]]；味[[苦]]；归[[肝、脾、胃]]经<br>###功效::① [[杀虫]]；<br>② [[疗癣]]<br>###主治::① [[蛔虫病，蛲虫、钩虫病，虫积腹痛【*···::广谱驱虫*】]]；<br>② [[疥癣瘙痒【*···::疥疮、头癣、湿疮、湿疹瘙痒，治游风热毒，风疹恶疮疥癫，能清热燥湿，杀虫止痒*】]]；<br>③ [[煎汤外洗治脓疱疮，煎浓汁含漱治虫牙疼痛]],性味归经::性[[寒]]；味[[苦]]；归[[肝、脾、胃]]经<br>###功效::① [[杀虫]]；<br>② [[疗癣]]<br>###主治::① [[蛔虫病，蛲虫、钩虫病，虫积腹痛【*···::广谱驱虫*】]]；<br>② [[疥癣瘙痒【*···::疥疮、头癣、湿疮、湿疹瘙痒，治游风热毒，风疹恶疮疥癫，能清热燥湿，杀虫止痒*】]]；<br>③ [[煎汤外洗治脓疱疮，煎浓汁含漱治虫牙疼痛]]
<div style='text-align: center; font-size: 24px;'><b>槟榔</b></div>,中药学::常见药 大纲第1部分:: 驱虫药,2,性味归经::性[[温]]；味[[苦辛]]；归[[胃、大肠]]经<br>###功效::① [[杀虫消积]]；<br>② [[行气利水]]；<br>③ [[截疟]]；<br>④ [[缓泻通便]]<br>###主治::① [[多种肠道寄生虫病：绦虫、蛔虫、蛲虫、姜片虫、钩虫，虫积腹痛【*···::广谱杀虫，绦虫最佳，泻下驱虫*】]]；<br>② [[食积气滞，腹胀便秘，泻痢，里急后重]]；<br>③ [[水肿，脚气肿痛]]；<br>④ [[疟疾]],性味归经::性[[温]]；味[[苦辛]]；归[[胃、大肠]]经<br>###功效::① [[杀虫消积]]；<br>② [[行气利水]]；<br>③ [[截疟]]；<br>④ [[缓泻通便]]<br>###主治::① [[多种肠道寄生虫病：绦虫、蛔虫、蛲虫、姜片虫、钩虫，虫积腹痛【*···::广谱杀虫，绦虫最佳，泻下驱虫*】]]；<br>② [[食积气滞，腹胀便秘，泻痢，里急后重]]；<br>③ [[水肿，脚气肿痛]]；<br>④ [[疟疾]]
<div style='text-align: center; font-size: 24px;'><b>雷丸</b></div>,中药学::常见药 大纲第1部分:: 驱虫药,2,性味归经::性[[微寒]]；味[[苦；有小<span style='color: red;'>毒</span>]]；归[[胃、大肠]]经<br>###功效::① [[杀虫消积]]<br>###主治::① [[多种肠道寄生虫病【*···::广谱杀虫，绦虫最佳，钩、蛔、蛲虫病*】，虫积腹痛，脑囊虫病]]；<br>② [[小儿疳积【*···::开滞消疳*】]],性味归经::性[[微寒]]；味[[苦；有小<span style='color: red;'>毒</span>]]；归[[胃、大肠]]经<br>###功效::① [[杀虫消积]]<br>###主治::① [[多种肠道寄生虫病【*···::广谱杀虫，绦虫最佳，钩、蛔、蛲虫病*】，虫积腹痛，脑囊虫病]]；<br>② [[小儿疳积【*···::开滞消疳*】]]
<div style='text-align: center; font-size: 24px;'><b>大蓟</b></div>,中药学::常见药 大纲第1部分:: 止血药::凉血止血药,2,性味归经::性[[凉]]；味[[甘苦]]；归[[心、肝]]经<br>###功效::① [[凉血止血]]；<br>② [[散瘀]]；<br>③ [[解毒消痈]]<br>###主治::① [[血热出血：吐血、咳血、衄血、尿血、便血，崩漏，外伤出血【*···::性凉降，多用于吐咳衄血及崩漏*】]]；<br>② [[痈肿疮毒【*···::热毒疮疡，凉血止血解毒消痈优于小蓟*】]],性味归经::性[[凉]]；味[[甘苦]]；归[[心、肝]]经<br>###功效::① [[凉血止血]]；<br>② [[散瘀]]；<br>③ [[解毒消痈]]<br>###主治::① [[血热出血：吐血、咳血、衄血、尿血、便血，崩漏，外伤出血【*···::性凉降，多用于吐咳衄血及崩漏*】]]；<br>② [[痈肿疮毒【*···::热毒疮疡，凉血止血解毒消痈优于小蓟*】]]
<div style='text-align: center; font-size: 24px;'><b>小蓟</b></div>,中药学::常见药 大纲第1部分:: 止血药::凉血止血药,2,性味归经::性[[凉]]；味[[苦甘]]；归[[心肝]]经<br>###功效::① [[凉血止血]]；<br>② [[散瘀解毒]]；<br>③ [[消痈]]；<br>④ [[利尿通淋]]<br>###主治::① [[血热出血证：血热吐血、衄血、便血、崩漏，外伤出血，尿血、血淋【*···::兼能利尿通淋，入心经而清心火*】]]；<br>② [[痈肿疮毒【*···::清热解毒，散瘀消肿，治热毒疮疡初起肿痛之证*】]],性味归经::性[[凉]]；味[[苦甘]]；归[[心肝]]经<br>###功效::① [[凉血止血]]；<br>② [[散瘀解毒]]；<br>③ [[消痈]]；<br>④ [[利尿通淋]]<br>###主治::① [[血热出血证：血热吐血、衄血、便血、崩漏，外伤出血，尿血、血淋【*···::兼能利尿通淋，入心经而清心火*】]]；<br>② [[痈肿疮毒【*···::清热解毒，散瘀消肿，治热毒疮疡初起肿痛之证*】]]
<div style='text-align: center; font-size: 24px;'><b>地榆</b></div>,中药学::常见药 大纲第1部分:: 止血药::凉血止血药,2,性味归经::性[[微寒]]；味[[苦酸涩]]；归[[肝、大肠]]经<br>###功效::① [[凉血止血]]；<br>② [[解毒敛疮]]；<br>③ [[收敛止血]]<br>###主治::① [[血热出血证：便血，痔血，血痢，崩漏【*···::凉血收敛止血*】]]；<br>② [[水火烫伤，湿疹，痈肿疮毒【*···::清不虑其过泄，涩不虑其或滞，善治下焦出血，烧烫伤要药*】]],性味归经::性[[微寒]]；味[[苦酸涩]]；归[[肝、大肠]]经<br>###功效::① [[凉血止血]]；<br>② [[解毒敛疮]]；<br>③ [[收敛止血]]<br>###主治::① [[血热出血证：便血，痔血，血痢，崩漏【*···::凉血收敛止血*】]]；<br>② [[水火烫伤，湿疹，痈肿疮毒【*···::清不虑其过泄，涩不虑其或滞，善治下焦出血，烧烫伤要药*】]]
<div style='text-align: center; font-size: 24px;'><b>槐花</b></div>,中药学::常见药 大纲第1部分:: 止血药::凉血止血药,2,性味归经::性[[微寒]]；味[[苦]]；归[[肝、大肠]]经<br>###功效::① [[凉血止血]]；<br>② [[清肝泻火]]<br>###主治::① [[血热出血证：便血，痔血，血痢，崩漏，吐血，衄血]]；<br>② [[肝热目赤，头痛眩晕]]；<br>③ [[凉血之功独在大肠]]；<br>④ [[善治大肠火盛出血]],性味归经::性[[微寒]]；味[[苦]]；归[[肝、大肠]]经<br>###功效::① [[凉血止血]]；<br>② [[清肝泻火]]<br>###主治::① [[血热出血证：便血，痔血，血痢，崩漏，吐血，衄血]]；<br>② [[肝热目赤，头痛眩晕]]；<br>③ [[凉血之功独在大肠]]；<br>④ [[善治大肠火盛出血]]
<div style='text-align: center; font-size: 24px;'><b>白茅根</b></div>,中药学::常见药 大纲第1部分:: 止血药::凉血止血药,2,性味归经::性[[寒]]；味[[甘]]；归[[肺、胃、膀胱]]经<br>###功效::① [[凉血止血]]；<br>② [[清热利尿]]<br>###主治::① [[血热出血，咳吐、衄血、尿血【*···::下焦湿热之尿血血淋尤宜*】]]；<br>② [[热病烦渴，肺热咳嗽【*···::清肺止咳*】，胃热呕吐【*···::清胃止呕，善清肺胃热*】]]；<br>③ [[湿热黄疸，水肿尿少，热淋涩痛]],性味归经::性[[寒]]；味[[甘]]；归[[肺、胃、膀胱]]经<br>###功效::① [[凉血止血]]；<br>② [[清热利尿]]<br>###主治::① [[血热出血，咳吐、衄血、尿血【*···::下焦湿热之尿血血淋尤宜*】]]；<br>② [[热病烦渴，肺热咳嗽【*···::清肺止咳*】，胃热呕吐【*···::清胃止呕，善清肺胃热*】]]；<br>③ [[湿热黄疸，水肿尿少，热淋涩痛]]
<div style='text-align: center; font-size: 24px;'><b>苎麻根</b></div>,中药学::常见药 大纲第1部分:: 止血药::凉血止血药,2,性味归经::性[[寒]]；味[[甘]]；归[[心、肝]]经<br>###功效::① [[凉血止血]]；<br>② [[安胎]]；<br>③ [[清热解毒]]；<br>④ [[利尿]]<br>###主治::① [[血热出血证，尿血血淋尤宜，可治咯血、吐血、便血、崩漏、紫癜、外伤出血【*···::尿血、血淋为佳*】]]；<br>② [[胎漏下血，胎动不安【*···::清热安胎，为安胎要药，善治血热胎动不安*】]]；<br>③ [[热毒痈肿疮毒【*···::如治痈疽发背、乳痛初起微赤*】，热淋涩痛]],性味归经::性[[寒]]；味[[甘]]；归[[心、肝]]经<br>###功效::① [[凉血止血]]；<br>② [[安胎]]；<br>③ [[清热解毒]]；<br>④ [[利尿]]<br>###主治::① [[血热出血证，尿血血淋尤宜，可治咯血、吐血、便血、崩漏、紫癜、外伤出血【*···::尿血、血淋为佳*】]]；<br>② [[胎漏下血，胎动不安【*···::清热安胎，为安胎要药，善治血热胎动不安*】]]；<br>③ [[热毒痈肿疮毒【*···::如治痈疽发背、乳痛初起微赤*】，热淋涩痛]]
<div style='text-align: center; font-size: 24px;'><b>三七</b></div>,中药学::常见药 大纲第1部分:: 止血药::化瘀止血药,2,性味归经::性[[温]]；味[[甘、微苦]]；归[[肝、胃]]经<br>###功效::① [[散瘀止血]]；<br>② [[消肿定痛]]；<br>③ [[补虚强壮]]<br>###主治::① [[各种出血：咳吐、衄血、便血、尿血，崩漏，外伤出血【*···::止血不留瘀，化瘀不伤正，有无瘀滞均可，有瘀滞者尤宜*】]]；<br>② [[瘀血证：血滞胸腹刺痛，跌扑肿痛【*···::伤科要药，跌打损伤或筋骨折伤、瘀血肿痛首选*】，亦治痈疽肿痛]]；<br>③ [[虚劳损伤【*···::治劳弱诸虚百损之病*】]],性味归经::性[[温]]；味[[甘、微苦]]；归[[肝、胃]]经<br>###功效::① [[散瘀止血]]；<br>② [[消肿定痛]]；<br>③ [[补虚强壮]]<br>###主治::① [[各种出血：咳吐、衄血、便血、尿血，崩漏，外伤出血【*···::止血不留瘀，化瘀不伤正，有无瘀滞均可，有瘀滞者尤宜*】]]；<br>② [[瘀血证：血滞胸腹刺痛，跌扑肿痛【*···::伤科要药，跌打损伤或筋骨折伤、瘀血肿痛首选*】，亦治痈疽肿痛]]；<br>③ [[虚劳损伤【*···::治劳弱诸虚百损之病*】]]
<div style='text-align: center; font-size: 24px;'><b>茜草</b></div>,中药学::常见药 大纲第1部分:: 止血药::化瘀止血药,2,性味归经::性[[寒]]；味[[苦]]；归[[肝]]经<br>###功效::① [[凉血止血]]；<br>② [[祛瘀通经]]<br>###主治::① [[出血证：吐血、衄血、崩漏、外伤出血，血热出血兼瘀尤宜]]；<br>② [[血瘀经闭、跌打损伤、风湿痹痛，行血凉血，为妇科调经之要药，专于行血活血，治女子经水不通]],性味归经::性[[寒]]；味[[苦]]；归[[肝]]经<br>###功效::① [[凉血止血]]；<br>② [[祛瘀通经]]<br>###主治::① [[出血证：吐血、衄血、崩漏、外伤出血，血热出血兼瘀尤宜]]；<br>② [[血瘀经闭、跌打损伤、风湿痹痛，行血凉血，为妇科调经之要药，专于行血活血，治女子经水不通]]
<div style='text-align: center; font-size: 24px;'><b>蒲黄</b></div>,中药学::常见药 大纲第1部分:: 止血药::化瘀止血药,2,性味归经::性[[平]]；味[[甘]]；归[[肝、心包]]经<br>###功效::① [[化瘀止血]]；<br>② [[收敛止血]]；<br>③ [[利尿通淋]]；<br>④ [[祛瘀止痛]]<br>###主治::① [[出血证：吐血，衄血，咯血，崩漏，外伤出血，无论寒热有无瘀滞均可，属实夹瘀尤宜，为血分行止之药，长于收敛止血]]；<br>② [[瘀血痛证：经闭痛经，胸腹刺痛，跌扑肿痛，可活血通经，祛瘀止痛]]；<br>③ [[血淋尿血]],性味归经::性[[平]]；味[[甘]]；归[[肝、心包]]经<br>###功效::① [[化瘀止血]]；<br>② [[收敛止血]]；<br>③ [[利尿通淋]]；<br>④ [[祛瘀止痛]]<br>###主治::① [[出血证：吐血，衄血，咯血，崩漏，外伤出血，无论寒热有无瘀滞均可，属实夹瘀尤宜，为血分行止之药，长于收敛止血]]；<br>② [[瘀血痛证：经闭痛经，胸腹刺痛，跌扑肿痛，可活血通经，祛瘀止痛]]；<br>③ [[血淋尿血]]
<div style='text-align: center; font-size: 24px;'><b>白及</b></div>,中药学::常见药 大纲第1部分:: 止血药::收敛止血药,2,性味归经::性[[微寒]]；味[[苦甘涩]]；归[[肺、胃、肝]]经<br>###功效::① [[收敛止血]]；<br>② [[消肿生肌]]<br>###主治::① [[出血证：咯血，吐血，外伤出血【*···::收敛止血要药，多治肺胃出血*】]]；<br>② [[疮疡肿毒，水火烫伤，皮肤皲裂【*···::疮疡不论溃破与否均可用*】]],性味归经::性[[微寒]]；味[[苦甘涩]]；归[[肺、胃、肝]]经<br>###功效::① [[收敛止血]]；<br>② [[消肿生肌]]<br>###主治::① [[出血证：咯血，吐血，外伤出血【*···::收敛止血要药，多治肺胃出血*】]]；<br>② [[疮疡肿毒，水火烫伤，皮肤皲裂【*···::疮疡不论溃破与否均可用*】]]
<div style='text-align: center; font-size: 24px;'><b>仙鹤草</b></div>,中药学::常见药 大纲第1部分:: 止血药::收敛止血药,2,性味归经::性[[平]]；味[[苦涩]]；归[[心、肝]]经<br>###功效::① [[收敛止血]]；<br>② [[截疟]]；<br>③ [[止痢]]；<br>④ [[解毒杀虫]]；<br>⑤ [[补虚]]<br>###主治::① [[出血证，症见咯血、吐血、尿血、便血、崩漏下血【*···::各种出血而无瘀滞，寒热虚实均可*】]]；<br>② [[疟疾寒热]]；<br>③ [[腹泻、痢疾【*···::血痢、久泻久痢*】]]；<br>④ [[痈肿疮毒]]；<br>⑤ [[阴痒带下]]；<br>⑥ [[脱力劳伤]],性味归经::性[[平]]；味[[苦涩]]；归[[心、肝]]经<br>###功效::① [[收敛止血]]；<br>② [[截疟]]；<br>③ [[止痢]]；<br>④ [[解毒杀虫]]；<br>⑤ [[补虚]]<br>###主治::① [[出血证，症见咯血、吐血、尿血、便血、崩漏下血【*···::各种出血而无瘀滞，寒热虚实均可*】]]；<br>② [[疟疾寒热]]；<br>③ [[腹泻、痢疾【*···::血痢、久泻久痢*】]]；<br>④ [[痈肿疮毒]]；<br>⑤ [[阴痒带下]]；<br>⑥ [[脱力劳伤]]
<div style='text-align: center; font-size: 24px;'><b>艾叶</b></div>,中药学::常见药 大纲第1部分:: 止血药::温经止血药,2,性味归经::性[[温]]；味[[辛、苦；有小<span style='color: red;'>毒</span>]]；归[[肝、脾、肾]]经<br>###功效::① [[温经止血]]；<br>② [[散寒止痛]]；<br>③ [[调经安胎]]；<br>④ [[外用：祛湿止痒]]<br>###主治::① [[虚寒出血：崩漏【*···::“尤宜”*】，月经过多，吐血，衄血]]；<br>② [[少腹冷痛，经寒不调，宫冷不孕，脘腹冷痛【*···::“尤善调经”*】]]；<br>③ [[胎动不安，胎漏下血，带下]]；<br>④ [[湿疹、阴痒、疥癣等皮肤瘙痒【*···::煎汤外洗*】]]；<br>⑤ [[温灸材料【*···::温煦气血透达经络，“妇科下焦虚寒要药，安胎要药”*】]],性味归经::性[[温]]；味[[辛、苦；有小<span style='color: red;'>毒</span>]]；归[[肝、脾、肾]]经<br>###功效::① [[温经止血]]；<br>② [[散寒止痛]]；<br>③ [[调经安胎]]；<br>④ [[外用：祛湿止痒]]<br>###主治::① [[虚寒出血：崩漏【*···::“尤宜”*】，月经过多，吐血，衄血]]；<br>② [[少腹冷痛，经寒不调，宫冷不孕，脘腹冷痛【*···::“尤善调经”*】]]；<br>③ [[胎动不安，胎漏下血，带下]]；<br>④ [[湿疹、阴痒、疥癣等皮肤瘙痒【*···::煎汤外洗*】]]；<br>⑤ [[温灸材料【*···::温煦气血透达经络，“妇科下焦虚寒要药，安胎要药”*】]]
<div style='text-align: center; font-size: 24px;'><b>川芎</b></div>,中药学::常见药 大纲第1部分:: 活血化瘀药::活血止痛药,2,性味归经::性[[温]]；味[[辛]]；归[[肝、胆、心包]]经<br>###功效::① [[活血行气]]；<br>② [[祛风止痛]]<br>###主治::① [[血瘀气滞诸证：胸痹心痛，胸胁刺痛，跌扑肿痛，月经不调，经闭痛经，癥瘕腹痛，肢体麻木]]；<br>② [[头痛，风湿痹痛]]；<br>③ [[本品为血中气药，是治头痛、妇科活血调经的要药，能上行头目、中开郁结、下调经水、旁通络脉]],性味归经::性[[温]]；味[[辛]]；归[[肝、胆、心包]]经<br>###功效::① [[活血行气]]；<br>② [[祛风止痛]]<br>###主治::① [[血瘀气滞诸证：胸痹心痛，胸胁刺痛，跌扑肿痛，月经不调，经闭痛经，癥瘕腹痛，肢体麻木]]；<br>② [[头痛，风湿痹痛]]；<br>③ [[本品为血中气药，是治头痛、妇科活血调经的要药，能上行头目、中开郁结、下调经水、旁通络脉]]
<div style='text-align: center; font-size: 24px;'><b>延胡索</b></div>,中药学::常见药 大纲第1部分:: 活血化瘀药::活血止痛药,2,性味归经::性[[温]]；味[[辛、苦]]；归[[肝、脾、心]]经<br>###功效::① [[活血]]；<br>② [[行气]]；<br>③ [[止痛]]<br>###主治::① [[血瘀气滞诸痛]]；<br>② [[胸胁、脘腹疼痛，胸痹心痛，经闭痛经，产后瘀阻，跌扑肿痛]]；<br>③ [[寒疝腹痛，睾丸肿胀]]；<br>④ [[风湿痹痛【*···::能行血中气滞，气中血滞，故专治一身上下诸痛]]；<br>⑤ [[止痛良好，尤宜血瘀气滞证*】]],性味归经::性[[温]]；味[[辛、苦]]；归[[肝、脾、心]]经<br>###功效::① [[活血]]；<br>② [[行气]]；<br>③ [[止痛]]<br>###主治::① [[血瘀气滞诸痛]]；<br>② [[胸胁、脘腹疼痛，胸痹心痛，经闭痛经，产后瘀阻，跌扑肿痛]]；<br>③ [[寒疝腹痛，睾丸肿胀]]；<br>④ [[风湿痹痛【*···::能行血中气滞，气中血滞，故专治一身上下诸痛]]；<br>⑤ [[止痛良好，尤宜血瘀气滞证*】]]
<div style='text-align: center; font-size: 24px;'><b>郁金</b></div>,中药学::常见药 大纲第1部分:: 活血化瘀药::活血止痛药,2,性味归经::性[[寒]]；味[[辛、苦]]；归[[肝、心、胆、肺]]经<br>###功效::① [[活血止痛]]；<br>② [[行气解郁]]；<br>③ [[清心凉血]]；<br>④ [[利胆退黄]]<br>###主治::① [[气滞血瘀，胸胁刺痛，胸痹心痛，月经不调，经闭痛经，乳房胀痛，癥瘕痞块【*···::善治气滞血瘀*】]]；<br>② [[热病神昏【*···::湿温病浊邪蒙蔽清窍，胸脘痞闷，神志不清*】，癫痫发狂【*···::清心解郁开窍*】]]；<br>③ [[血热出血，气火上逆之吐血、衄血，妇女倒经，亦治热结下焦，伤及血络之尿血、血淋]]；<br>④ [[肝胆湿热，黄疸尿赤，胆胀胁痛【*···::疏肝利胆，清利湿热*】]],性味归经::性[[寒]]；味[[辛、苦]]；归[[肝、心、胆、肺]]经<br>###功效::① [[活血止痛]]；<br>② [[行气解郁]]；<br>③ [[清心凉血]]；<br>④ [[利胆退黄]]<br>###主治::① [[气滞血瘀，胸胁刺痛，胸痹心痛，月经不调，经闭痛经，乳房胀痛，癥瘕痞块【*···::善治气滞血瘀*】]]；<br>② [[热病神昏【*···::湿温病浊邪蒙蔽清窍，胸脘痞闷，神志不清*】，癫痫发狂【*···::清心解郁开窍*】]]；<br>③ [[血热出血，气火上逆之吐血、衄血，妇女倒经，亦治热结下焦，伤及血络之尿血、血淋]]；<br>④ [[肝胆湿热，黄疸尿赤，胆胀胁痛【*···::疏肝利胆，清利湿热*】]]
<div style='text-align: center; font-size: 24px;'><b>姜黄</b></div>,中药学::常见药 大纲第1部分:: 活血化瘀药::活血止痛药,2,性味归经::性[[温]]；味[[辛、苦]]；归[[肝、脾]]经<br>###功效::① [[活血行气]]；<br>② [[通经止痛]]<br>###主治::① [[血瘀气滞诸痛：胸胁刺痛、胸痹心痛、痛经经闭、癥瘕、跌扑肿痛]]；<br>② [[风湿痹痛【*···::通络止痛，善治肩臂疼痛*】]]；<br>③ [[善治血瘀气滞证]],性味归经::性[[温]]；味[[辛、苦]]；归[[肝、脾]]经<br>###功效::① [[活血行气]]；<br>② [[通经止痛]]<br>###主治::① [[血瘀气滞诸痛：胸胁刺痛、胸痹心痛、痛经经闭、癥瘕、跌扑肿痛]]；<br>② [[风湿痹痛【*···::通络止痛，善治肩臂疼痛*】]]；<br>③ [[善治血瘀气滞证]]
<div style='text-align: center; font-size: 24px;'><b>乳香</b></div>,中药学::常见药 大纲第1部分:: 活血化瘀药::活血止痛药,2,性味归经::性[[温]]；味[[辛、苦]]；归[[心、肝、脾]]经<br>###功效::① [[活血行气止痛]]；<br>② [[消肿生肌]]<br>###主治::① [[血瘀气滞诸痛：跌打损伤，胸痹心痛，胃脘疼痛，痛经经闭，产后瘀阻，癥瘕腹痛，风湿痹痛，筋脉拘挛【*···::活血行气止痛*】]]；<br>② [[疮疡痈肿，瘰疬痰核【*···::外伤科要药，定诸经之痛*】]],性味归经::性[[温]]；味[[辛、苦]]；归[[心、肝、脾]]经<br>###功效::① [[活血行气止痛]]；<br>② [[消肿生肌]]<br>###主治::① [[血瘀气滞诸痛：跌打损伤，胸痹心痛，胃脘疼痛，痛经经闭，产后瘀阻，癥瘕腹痛，风湿痹痛，筋脉拘挛【*···::活血行气止痛*】]]；<br>② [[疮疡痈肿，瘰疬痰核【*···::外伤科要药，定诸经之痛*】]]
<div style='text-align: center; font-size: 24px;'><b>没药</b></div>,中药学::常见药 大纲第1部分:: 活血化瘀药::活血止痛药,2,性味归经::性[[平]]；味[[苦辛]]；归[[心、肝、脾]]经<br>###功效::① [[散瘀定痛]]；<br>② [[消肿生肌]]<br>###主治::① [[血瘀气滞诸痛证，常与乳香同用]]；<br>② [[疮疡痈肿，瘰疬痰核]]；<br>③ [[乳香偏行气，没药偏活血散瘀，可活血止痛]],性味归经::性[[平]]；味[[苦辛]]；归[[心、肝、脾]]经<br>###功效::① [[散瘀定痛]]；<br>② [[消肿生肌]]<br>###主治::① [[血瘀气滞诸痛证，常与乳香同用]]；<br>② [[疮疡痈肿，瘰疬痰核]]；<br>③ [[乳香偏行气，没药偏活血散瘀，可活血止痛]]
<div style='text-align: center; font-size: 24px;'><b>五灵脂</b></div>,中药学::常见药 大纲第1部分:: 活血化瘀药::活血止痛药,2,性味归经::性[[温]]；味[[苦咸甘]]；归[[肝、脾]]经<br>###功效::① [[活血止痛]]；<br>② [[化瘀止血]]<br>###主治::① [[瘀阻诸痛证：胸痹心痛，脘腹胁痛，痛经经闭及产后瘀滞腹痛，骨折肿痛等]]；<br>② [[瘀滞出血证，如崩漏经多，色紫有块，少腹刺痛]]；<br>③ [[解毒消肿，治蛇虫、蝎、蜈蚣咬伤]]；<br>④ [[消积，治小儿疳积]],性味归经::性[[温]]；味[[苦咸甘]]；归[[肝、脾]]经<br>###功效::① [[活血止痛]]；<br>② [[化瘀止血]]<br>###主治::① [[瘀阻诸痛证：胸痹心痛，脘腹胁痛，痛经经闭及产后瘀滞腹痛，骨折肿痛等]]；<br>② [[瘀滞出血证，如崩漏经多，色紫有块，少腹刺痛]]；<br>③ [[解毒消肿，治蛇虫、蝎、蜈蚣咬伤]]；<br>④ [[消积，治小儿疳积]]
<div style='text-align: center; font-size: 24px;'><b>丹参</b></div>,中药学::常见药 大纲第1部分:: 活血化瘀药::活血调经药,2,性味归经::性[[微寒]]；味[[苦]]；归[[心、肝]]经<br>###功效::① [[活血祛瘀]]；<br>② [[通经止痛]]；<br>③ [[清心除烦]]；<br>④ [[凉血消痈]]<br>###主治::① [[瘀血阻滞所致月经不调、痛经经闭、产后腹痛【*···::活血调经，祛瘀止痛*】]]；<br>② [[血瘀胸痹心痛、脘腹胁痛、癥瘕积聚、跌打损伤、热痹疼痛]]；<br>③ [[心烦心悸失眠【*···::除烦安神*】]]；<br>④ [[疮疡痈肿疼痛]]；<br>⑤ [[破宿血，补新血]]；<br>⑥ [[为活血化瘀要药，血热瘀滞尤宜，活血调经常用药]],性味归经::性[[微寒]]；味[[苦]]；归[[心、肝]]经<br>###功效::① [[活血祛瘀]]；<br>② [[通经止痛]]；<br>③ [[清心除烦]]；<br>④ [[凉血消痈]]<br>###主治::① [[瘀血阻滞所致月经不调、痛经经闭、产后腹痛【*···::活血调经，祛瘀止痛*】]]；<br>② [[血瘀胸痹心痛、脘腹胁痛、癥瘕积聚、跌打损伤、热痹疼痛]]；<br>③ [[心烦心悸失眠【*···::除烦安神*】]]；<br>④ [[疮疡痈肿疼痛]]；<br>⑤ [[破宿血，补新血]]；<br>⑥ [[为活血化瘀要药，血热瘀滞尤宜，活血调经常用药]]
<div style='text-align: center; font-size: 24px;'><b>红花</b></div>,中药学::常见药 大纲第1部分:: 活血化瘀药::活血调经药,2,性味归经::性[[温]]；味[[辛]]；归[[心、肝]]经<br>###功效::① [[活血通经]]；<br>② [[散瘀止痛]]<br>###主治::① [[血瘀痛经，经闭，产后瘀滞腹痛，恶露不行]]；<br>② [[心腹瘀阻疼痛，癥瘕痞块积聚，胸胁刺痛，胸痹心痛]]；<br>③ [[跌扑损伤，疮疡肿痛【*···::消肿*】]]；<br>④ [[热郁血瘀，斑疹紫暗【*···::消斑*】]]；<br>⑤ [[妇科伤科血瘀常用，善治瘀阻心腹诸痛]],性味归经::性[[温]]；味[[辛]]；归[[心、肝]]经<br>###功效::① [[活血通经]]；<br>② [[散瘀止痛]]<br>###主治::① [[血瘀痛经，经闭，产后瘀滞腹痛，恶露不行]]；<br>② [[心腹瘀阻疼痛，癥瘕痞块积聚，胸胁刺痛，胸痹心痛]]；<br>③ [[跌扑损伤，疮疡肿痛【*···::消肿*】]]；<br>④ [[热郁血瘀，斑疹紫暗【*···::消斑*】]]；<br>⑤ [[妇科伤科血瘀常用，善治瘀阻心腹诸痛]]
<div style='text-align: center; font-size: 24px;'><b>桃仁</b></div>,中药学::常见药 大纲第1部分:: 活血化瘀药::活血调经药,2,性味归经::性[[平]]；味[[苦甘]]；归[[心、肝、大肠]]经；有小<span style='color: red;'>毒</span><br>###功效::① [[活血祛瘀]]；<br>② [[润肠通便]]；<br>③ [[止咳平喘]]；<br>④ [[祛瘀消痈]]<br>###主治::① [[血瘀证：经闭痛经，产后腹痛，癥瘕痞块，跌扑损伤【*···::多种血瘀证要药*】]]；<br>② [[肠燥便秘]]；<br>③ [[咳嗽气喘]]；<br>④ [[肺痈，肠痈【*···::常用药*】]],性味归经::性[[平]]；味[[苦甘]]；归[[心、肝、大肠]]经；有小<span style='color: red;'>毒</span><br>###功效::① [[活血祛瘀]]；<br>② [[润肠通便]]；<br>③ [[止咳平喘]]；<br>④ [[祛瘀消痈]]<br>###主治::① [[血瘀证：经闭痛经，产后腹痛，癥瘕痞块，跌扑损伤【*···::多种血瘀证要药*】]]；<br>② [[肠燥便秘]]；<br>③ [[咳嗽气喘]]；<br>④ [[肺痈，肠痈【*···::常用药*】]]
<div style='text-align: center; font-size: 24px;'><b>益母草</b></div>,中药学::常见药 大纲第1部分:: 活血化瘀药::活血调经药,2,"性味归经::性[[微寒]]；味[[苦辛]]；归[[肝、心包、膀胱]]经<br>###功效::① [[活血调经]]；<br>② [[利水消肿]]；<br>③ [[清热解毒]]<br>###主治::① [[血瘀证：月经不调，痛经经闭，恶露不尽]]；<br>② [[水肿尿少，小便不利【*···::利尿消肿*】]]；<br>③ [[疮痈肿毒，跌打损伤，皮肤瘙痒【*···::""妇科经产瘀血病常用药""""善治水瘀互结水肿""*】]]","性味归经::性[[微寒]]；味[[苦辛]]；归[[肝、心包、膀胱]]经<br>###功效::① [[活血调经]]；<br>② [[利水消肿]]；<br>③ [[清热解毒]]<br>###主治::① [[血瘀证：月经不调，痛经经闭，恶露不尽]]；<br>② [[水肿尿少，小便不利【*···::利尿消肿*】]]；<br>③ [[疮痈肿毒，跌打损伤，皮肤瘙痒【*···::""妇科经产瘀血病常用药""""善治水瘀互结水肿""*】]]"
<div style='text-align: center; font-size: 24px;'><b>泽兰</b></div>,中药学::常见药 大纲第1部分:: 活血化瘀药::活血调经药,2,性味归经::性[[微温]]；味[[苦辛]]；归[[肝脾]]经<br>###功效::① [[活血调经]]；<br>② [[祛瘀消痈]]；<br>③ [[利水消肿]]<br>###主治::① [[血瘀证：月经不调，经闭痛经，产后瘀阻腹痛]]；<br>② [[疮痈肿毒，跌打伤痛]]；<br>③ [[水肿，腹水，小便不利]],性味归经::性[[微温]]；味[[苦辛]]；归[[肝脾]]经<br>###功效::① [[活血调经]]；<br>② [[祛瘀消痈]]；<br>③ [[利水消肿]]<br>###主治::① [[血瘀证：月经不调，经闭痛经，产后瘀阻腹痛]]；<br>② [[疮痈肿毒，跌打伤痛]]；<br>③ [[水肿，腹水，小便不利]]
<div style='text-align: center; font-size: 24px;'><b>牛膝</b></div>,中药学::常见药 大纲第1部分:: 活血化瘀药::活血调经药,2,性味归经::性[[平]]；味[[苦酸甘]]；归[[肝肾]]经<br>###功效::① [[逐瘀通经]]；<br>② [[补肝肾]]；<br>③ [[强筋骨]]；<br>④ [[利尿通淋]]；<br>⑤ [[引血下行]]<br>###主治::① [[瘀滞经产诸疾：经闭，痛经，产后腹痛，胞衣不下，跌扑伤痛【*···::活血祛瘀，通经止痛*】]]；<br>② [[腰膝酸痛，筋骨无力，下肢痿软]]；<br>③ [[淋证，水肿，小便不利]]；<br>④ [[气火上逆之吐血衄血、牙痛口疮，阴虚阳亢之头痛眩晕【*···::引火下行*】]]；<br>⑤ [[下行引经药【*···::引诸药下行*】]],性味归经::性[[平]]；味[[苦酸甘]]；归[[肝肾]]经<br>###功效::① [[逐瘀通经]]；<br>② [[补肝肾]]；<br>③ [[强筋骨]]；<br>④ [[利尿通淋]]；<br>⑤ [[引血下行]]<br>###主治::① [[瘀滞经产诸疾：经闭，痛经，产后腹痛，胞衣不下，跌扑伤痛【*···::活血祛瘀，通经止痛*】]]；<br>② [[腰膝酸痛，筋骨无力，下肢痿软]]；<br>③ [[淋证，水肿，小便不利]]；<br>④ [[气火上逆之吐血衄血、牙痛口疮，阴虚阳亢之头痛眩晕【*···::引火下行*】]]；<br>⑤ [[下行引经药【*···::引诸药下行*】]]
<div style='text-align: center; font-size: 24px;'><b>鸡血藤</b></div>,中药学::常见药 大纲第1部分:: 活血化瘀药::活血调经药,2,性味归经::性[[温]]；味[[甘苦]]；归[[肝肾]]经<br>###功效::① [[活血补血]]；<br>② [[调经止痛]]；<br>③ [[舒筋活络]]<br>###主治::① [[月经不调，痛经，经闭]]；<br>② [[风湿痹痛，肢体麻木，半身不遂，血虚萎黄【*···::养血荣筋*】]]；<br>③ [[为妇科调经要药，主治血瘀或兼血虚之证]],性味归经::性[[温]]；味[[甘苦]]；归[[肝肾]]经<br>###功效::① [[活血补血]]；<br>② [[调经止痛]]；<br>③ [[舒筋活络]]<br>###主治::① [[月经不调，痛经，经闭]]；<br>② [[风湿痹痛，肢体麻木，半身不遂，血虚萎黄【*···::养血荣筋*】]]；<br>③ [[为妇科调经要药，主治血瘀或兼血虚之证]]
<div style='text-align: center; font-size: 24px;'><b>王不留行</b></div>,中药学::常见药 大纲第1部分:: 活血化瘀药::活血调经药,2,性味归经::性[[平]]；味[[苦]]；归[[肝、胃]]经<br>###功效::① [[活血通经]]；<br>② [[下乳]]；<br>③ [[消痈]]；<br>④ [[利尿通淋]]<br>###主治::① [[血瘀痛经，经闭，难产]]；<br>② [[产后乳汁不下【*···::通乳汁*】，乳痈肿痛【*···::活血消痈、消肿止痛*】]]；<br>③ [[淋证涩痛：热淋，血淋，石淋]],性味归经::性[[平]]；味[[苦]]；归[[肝、胃]]经<br>###功效::① [[活血通经]]；<br>② [[下乳]]；<br>③ [[消痈]]；<br>④ [[利尿通淋]]<br>###主治::① [[血瘀痛经，经闭，难产]]；<br>② [[产后乳汁不下【*···::通乳汁*】，乳痈肿痛【*···::活血消痈、消肿止痛*】]]；<br>③ [[淋证涩痛：热淋，血淋，石淋]]
<div style='text-align: center; font-size: 24px;'><b>土鳖虫</b></div>,中药学::常见药 大纲第1部分:: 活血化瘀药::活血疗伤药,2,性味归经::性[[寒]]；味[[咸]]；归[[肝]]经；有小<span style='color: red;'>毒</span><br>###功效::① [[破血逐瘀]]；<br>② [[续筋接骨]]<br>###主治::① [[跌打损伤，筋伤骨折【*···::消肿止痛*】]]；<br>② [[血瘀经闭，产后瘀滞腹痛，癥瘕痞块【*···::性善走窜*】]],性味归经::性[[寒]]；味[[咸]]；归[[肝]]经；有小<span style='color: red;'>毒</span><br>###功效::① [[破血逐瘀]]；<br>② [[续筋接骨]]<br>###主治::① [[跌打损伤，筋伤骨折【*···::消肿止痛*】]]；<br>② [[血瘀经闭，产后瘀滞腹痛，癥瘕痞块【*···::性善走窜*】]]
<div style='text-align: center; font-size: 24px;'><b>马钱子</b></div>,中药学::常见药 大纲第1部分:: 活血化瘀药::活血疗伤药,2,性味归经::性[[温]]；味[[苦]]；归[[肝脾]]经；有大<span style='color: red;'>毒</span><br>###功效::① [[通络止痛]]；<br>② [[散结消肿]]<br>###主治::① [[跌打损伤，骨折肿痛【*···::伤科疗伤止痛要药*】]]；<br>② [[风湿顽痹，麻木瘫痪【*···::开通经络，透达关节，远胜他药*】]]；<br>③ [[痈疽疮毒，咽喉肿痛【*···::散结消肿，攻毒止痛*】]]；<br>④ [[八版记载性寒，十版记载性温]],性味归经::性[[温]]；味[[苦]]；归[[肝脾]]经；有大<span style='color: red;'>毒</span><br>###功效::① [[通络止痛]]；<br>② [[散结消肿]]<br>###主治::① [[跌打损伤，骨折肿痛【*···::伤科疗伤止痛要药*】]]；<br>② [[风湿顽痹，麻木瘫痪【*···::开通经络，透达关节，远胜他药*】]]；<br>③ [[痈疽疮毒，咽喉肿痛【*···::散结消肿，攻毒止痛*】]]；<br>④ [[八版记载性寒，十版记载性温]]
<div style='text-align: center; font-size: 24px;'><b>血竭</b></div>,中药学::常见药 大纲第1部分:: 活血化瘀药::活血疗伤药,2,性味归经::性[[平]]；味[[甘咸]]；归[[心肝]]经<br>###功效::① [[活血定痛]]；<br>② [[化瘀止血]]；<br>③ [[生肌敛疮]]<br>###主治::① [[跌打损伤，瘀滞心腹刺痛【*···::活血散瘀，消肿止痛，伤科及其他瘀滞痛证要药*】]]；<br>② [[外伤出血【*···::止血不留瘀*】]]；<br>③ [[疮疡不敛【*···::活血消肿，祛瘀化腐*】]],性味归经::性[[平]]；味[[甘咸]]；归[[心肝]]经<br>###功效::① [[活血定痛]]；<br>② [[化瘀止血]]；<br>③ [[生肌敛疮]]<br>###主治::① [[跌打损伤，瘀滞心腹刺痛【*···::活血散瘀，消肿止痛，伤科及其他瘀滞痛证要药*】]]；<br>② [[外伤出血【*···::止血不留瘀*】]]；<br>③ [[疮疡不敛【*···::活血消肿，祛瘀化腐*】]]
<div style='text-align: center; font-size: 24px;'><b>莪术</b></div>,中药学::常见药 大纲第1部分:: 活血化瘀药::破血消癥药,2,性味归经::性[[温]]；味[[辛、苦]]；归[[肝、脾]]经<br>###功效::① [[破血行气]]；<br>② [[消积止痛]]<br>###主治::① [[血瘀气滞所致癥瘕痞块、瘀血经闭、胸痹心痛【*···::散瘀消癥*】]]；<br>② [[食积气滞所致脘腹胀痛]]；<br>③ [[跌打损伤所致瘀肿疼痛【*···::消肿止痛*】，为破血消癥要药]],性味归经::性[[温]]；味[[辛、苦]]；归[[肝、脾]]经<br>###功效::① [[破血行气]]；<br>② [[消积止痛]]<br>###主治::① [[血瘀气滞所致癥瘕痞块、瘀血经闭、胸痹心痛【*···::散瘀消癥*】]]；<br>② [[食积气滞所致脘腹胀痛]]；<br>③ [[跌打损伤所致瘀肿疼痛【*···::消肿止痛*】，为破血消癥要药]]
<div style='text-align: center; font-size: 24px;'><b>三棱</b></div>,中药学::常见药 大纲第1部分:: 活血化瘀药::破血消癥药,2,性味归经::性[[平]]；味[[辛、苦]]；归[[肝、脾]]经<br>###功效::① [[破血行气]]；<br>② [[消积止痛]]<br>###主治::① [[主治病证与莪术相同]]；<br>② [[三棱偏于破血，莪术偏于破气]],性味归经::性[[平]]；味[[辛、苦]]；归[[肝、脾]]经<br>###功效::① [[破血行气]]；<br>② [[消积止痛]]<br>###主治::① [[主治病证与莪术相同]]；<br>② [[三棱偏于破血，莪术偏于破气]]
<div style='text-align: center; font-size: 24px;'><b>水蛭</b></div>,中药学::常见药 大纲第1部分:: 活血化瘀药::破血消癥药,2,性味归经::性[[平]]；味[[咸苦]]；归[[肝]]经；有小<span style='color: red;'>毒</span><br>###功效::① [[破血通经]]；<br>② [[逐瘀消癥]]<br>###主治::① [[血瘀经闭，癥瘕积聚【*···::常用于瘀滞重症*】]]；<br>② [[中风偏瘫，跌打损伤，瘀滞心腹疼痛]],性味归经::性[[平]]；味[[咸苦]]；归[[肝]]经；有小<span style='color: red;'>毒</span><br>###功效::① [[破血通经]]；<br>② [[逐瘀消癥]]<br>###主治::① [[血瘀经闭，癥瘕积聚【*···::常用于瘀滞重症*】]]；<br>② [[中风偏瘫，跌打损伤，瘀滞心腹疼痛]]
<div style='text-align: center; font-size: 24px;'><b>斑蝥</b></div>,中药学::常见药 大纲第1部分:: 活血化瘀药::破血消癥药,2,性味归经::性[[热]]；味[[辛]]；归[[肝、肾、胃]]经<br>###功效::① [[破血逐瘀]]；<br>② [[散结消癥]]；<br>③ [[攻毒蚀疮]]；<br>④ [[助生毛发]]<br>###主治::① [[血瘀经闭，癥瘕积聚【*···::破血通经*】]]；<br>② [[顽癣，瘰疬，赘疣，痈疽不溃，恶疮死肌]]；<br>③ [[面瘫，风湿痹痛【*···::外敷发泡*】]]；<br>④ [[斑秃【*···::酒浸外涂*】]],性味归经::性[[热]]；味[[辛]]；归[[肝、肾、胃]]经<br>###功效::① [[破血逐瘀]]；<br>② [[散结消癥]]；<br>③ [[攻毒蚀疮]]；<br>④ [[助生毛发]]<br>###主治::① [[血瘀经闭，癥瘕积聚【*···::破血通经*】]]；<br>② [[顽癣，瘰疬，赘疣，痈疽不溃，恶疮死肌]]；<br>③ [[面瘫，风湿痹痛【*···::外敷发泡*】]]；<br>④ [[斑秃【*···::酒浸外涂*】]]
<div style='text-align: center; font-size: 24px;'><b>半夏</b></div>,中药学::常见药 大纲第1部分:: 化痰止咳平喘药::温化寒痰药,2,性味归经::性[[辛温]]；味[[辛]]；归[[脾、胃、肺]]经；有<span style='color: red;'>毒</span><br>###功效::① [[燥湿化痰]]；<br>② [[降逆止呕]]；<br>③ [[消痞散结]]；<br>④ [[外用消肿止痛]]<br>###主治::① [[湿痰寒痰，咳喘痰多，痰饮眩悸，风痰眩晕，痰厥头痛]]；<br>② [[胃气上逆，呕吐反胃【*···::各种呕吐均可，痰饮或胃寒尤宜*】]]；<br>③ [[胸闷痞满，胸痹结胸，梅核气]]；<br>④ [[瘰疬瘿瘤，痈疽肿毒，毒蛇咬伤]]；<br>⑤ [[痰盛胃气不和之夜寐不安【*···::温化寒痰、止呕要药。善治湿痰。法半夏主治痰多咳喘，痰饮眩悸，风痰眩晕，痰厥头痛]]；<br>⑥ [[姜半夏主治痰饮呕吐，胃脘痞满]]；<br>⑦ [[清半夏主治湿痰咳嗽，胃脘痞满，痰涎凝聚，咯吐不出*】]],性味归经::性[[辛温]]；味[[辛]]；归[[脾、胃、肺]]经；有<span style='color: red;'>毒</span><br>###功效::① [[燥湿化痰]]；<br>② [[降逆止呕]]；<br>③ [[消痞散结]]；<br>④ [[外用消肿止痛]]<br>###主治::① [[湿痰寒痰，咳喘痰多，痰饮眩悸，风痰眩晕，痰厥头痛]]；<br>② [[胃气上逆，呕吐反胃【*···::各种呕吐均可，痰饮或胃寒尤宜*】]]；<br>③ [[胸闷痞满，胸痹结胸，梅核气]]；<br>④ [[瘰疬瘿瘤，痈疽肿毒，毒蛇咬伤]]；<br>⑤ [[痰盛胃气不和之夜寐不安【*···::温化寒痰、止呕要药。善治湿痰。法半夏主治痰多咳喘，痰饮眩悸，风痰眩晕，痰厥头痛]]；<br>⑥ [[姜半夏主治痰饮呕吐，胃脘痞满]]；<br>⑦ [[清半夏主治湿痰咳嗽，胃脘痞满，痰涎凝聚，咯吐不出*】]]
<div style='text-align: center; font-size: 24px;'><b>天南星</b></div>,中药学::常见药 大纲第1部分:: 化痰止咳平喘药::温化寒痰药,2,性味归经::性[[温]]；味[[苦辛]]；归[[肺肝脾]]经；有<span style='color: red;'>毒</span><br>###功效::① [[燥湿化痰]]；<br>② [[祛风止痉]]；<br>③ [[散结消肿]]；<br>④ [[止痛]]<br>###主治::① [[顽痰咳喘，胸膈胀闷]]；<br>② [[风痰眩晕，中风痰壅，口眼歪斜，半身不遂，癫痫，惊风，破伤风]]；<br>③ [[痈疽肿痛，瘰疬痰核，蛇虫咬伤]]；<br>④ [[风湿痹证，跌打损伤疼痛【*···::祛风痰要药*】]],性味归经::性[[温]]；味[[苦辛]]；归[[肺肝脾]]经；有<span style='color: red;'>毒</span><br>###功效::① [[燥湿化痰]]；<br>② [[祛风止痉]]；<br>③ [[散结消肿]]；<br>④ [[止痛]]<br>###主治::① [[顽痰咳喘，胸膈胀闷]]；<br>② [[风痰眩晕，中风痰壅，口眼歪斜，半身不遂，癫痫，惊风，破伤风]]；<br>③ [[痈疽肿痛，瘰疬痰核，蛇虫咬伤]]；<br>④ [[风湿痹证，跌打损伤疼痛【*···::祛风痰要药*】]]
<div style='text-align: center; font-size: 24px;'><b>白附子</b></div>,中药学::常见药 大纲第1部分:: 化痰止咳平喘药::温化寒痰药,2,"性味归经::性[[温]]；味[[辛、甘]]；归[[胃、肝]]经；有<span style='color: red;'>毒</span><br>###功效::① [[燥湿化痰]]；<br>② [[祛风止痉]]；<br>③ [[止痛]]；<br>④ [[解毒]]；<br>⑤ [[散结]]<br>###主治::① [[中风痰壅，口眼歪斜，语言謇涩，惊风癫痫，破伤风【*···::祛风痰，定惊搐而解痉*】]]；<br>② [[偏正头痛，痰厥头痛]]；<br>③ [[瘰疬痰核，毒蛇咬伤，痈疽肿毒【*···::""祛风痰常用，逐头面风痰""*】]]","性味归经::性[[温]]；味[[辛、甘]]；归[[胃、肝]]经；有<span style='color: red;'>毒</span><br>###功效::① [[燥湿化痰]]；<br>② [[祛风止痉]]；<br>③ [[止痛]]；<br>④ [[解毒]]；<br>⑤ [[散结]]<br>###主治::① [[中风痰壅，口眼歪斜，语言謇涩，惊风癫痫，破伤风【*···::祛风痰，定惊搐而解痉*】]]；<br>② [[偏正头痛，痰厥头痛]]；<br>③ [[瘰疬痰核，毒蛇咬伤，痈疽肿毒【*···::""祛风痰常用，逐头面风痰""*】]]"
<div style='text-align: center; font-size: 24px;'><b>芥子</b></div>,中药学::常见药 大纲第1部分:: 化痰止咳平喘药::温化寒痰药,2,性味归经::性[[温]]；味[[辛]]；归[[肺]]经<br>###功效::① [[温肺豁痰]]；<br>② [[利气散结]]；<br>③ [[通络止痛]]<br>###主治::① [[寒痰喘咳，悬饮胸胁胀痛]]；<br>② [[痰滞经络，肢体麻木疼痛，关节肿痛，痰湿流注，痈疽肿毒]]；<br>③ [[冷哮日久【*···::外敷穴位，善散皮里膜外之痰*】]],性味归经::性[[温]]；味[[辛]]；归[[肺]]经<br>###功效::① [[温肺豁痰]]；<br>② [[利气散结]]；<br>③ [[通络止痛]]<br>###主治::① [[寒痰喘咳，悬饮胸胁胀痛]]；<br>② [[痰滞经络，肢体麻木疼痛，关节肿痛，痰湿流注，痈疽肿毒]]；<br>③ [[冷哮日久【*···::外敷穴位，善散皮里膜外之痰*】]]
<div style='text-align: center; font-size: 24px;'><b>旋覆花</b></div>,中药学::常见药 大纲第1部分:: 化痰止咳平喘药::温化寒痰药,2,性味归经::性[[微温]]；味[[苦辛咸]]；归[[肺脾胃大肠]]经<br>###功效::① [[降气消痰]]；<br>② [[行水止呕]]；<br>③ [[活血通络]]<br>###主治::① [[痰饮壅肺或痰饮蓄结证，风寒咳嗽，胸膈痞闷，喘咳痰多]]；<br>② [[呕吐噫气，心下痞硬]]；<br>③ [[气血不和胸胁痛]],性味归经::性[[微温]]；味[[苦辛咸]]；归[[肺脾胃大肠]]经<br>###功效::① [[降气消痰]]；<br>② [[行水止呕]]；<br>③ [[活血通络]]<br>###主治::① [[痰饮壅肺或痰饮蓄结证，风寒咳嗽，胸膈痞闷，喘咳痰多]]；<br>② [[呕吐噫气，心下痞硬]]；<br>③ [[气血不和胸胁痛]]
<div style='text-align: center; font-size: 24px;'><b>白前</b></div>,中药学::常见药 大纲第1部分:: 化痰止咳平喘药::温化寒痰药,2,性味归经::性[[微温]]；味[[辛、苦]]；归[[肺]]经<br>###功效::① [[降气]]；<br>② [[消痰]]；<br>③ [[止咳]]<br>###主治::① [[肺气壅实，咳嗽痰多，胸满喘急【*···::性微温而不燥烈，长于祛痰，降肺气以平咳喘，无论属寒属热、外感内伤、新嗽久咳均可用之，尤以痰湿或寒痰阻肺、肺气失降者为宜*】]],性味归经::性[[微温]]；味[[辛、苦]]；归[[肺]]经<br>###功效::① [[降气]]；<br>② [[消痰]]；<br>③ [[止咳]]<br>###主治::① [[肺气壅实，咳嗽痰多，胸满喘急【*···::性微温而不燥烈，长于祛痰，降肺气以平咳喘，无论属寒属热、外感内伤、新嗽久咳均可用之，尤以痰湿或寒痰阻肺、肺气失降者为宜*】]]
<div style='text-align: center; font-size: 24px;'><b>桔梗</b></div>,中药学::常见药 大纲第1部分:: 化痰止咳平喘药::清化热痰药,2,"性味归经::性[[平]]；味[[苦辛]]；归[[肺]]经<br>###功效::① [[宣肺祛痰]]；<br>② [[利咽排脓]]；<br>③ [[载药上行]]<br>###主治::① [[咳嗽痰多，咯痰不爽，胸闷不畅]]；<br>② [[咽喉肿痛，失音喑哑【*···::利咽开音*】]]；<br>③ [[肺痈吐脓]]；<br>④ [[癃闭，便秘【*···::开宣肺气通利二便，""肺经气分、肺痈要药""*】]]","性味归经::性[[平]]；味[[苦辛]]；归[[肺]]经<br>###功效::① [[宣肺祛痰]]；<br>② [[利咽排脓]]；<br>③ [[载药上行]]<br>###主治::① [[咳嗽痰多，咯痰不爽，胸闷不畅]]；<br>② [[咽喉肿痛，失音喑哑【*···::利咽开音*】]]；<br>③ [[肺痈吐脓]]；<br>④ [[癃闭，便秘【*···::开宣肺气通利二便，""肺经气分、肺痈要药""*】]]"
<div style='text-align: center; font-size: 24px;'><b>川贝母</b></div>,中药学::常见药 大纲第1部分:: 化痰止咳平喘药::清化热痰药,2,性味归经::性[[微寒]]；味[[苦甘]]；归[[肺心]]经<br>###功效::① [[清热润肺]]；<br>② [[化痰止咳]]；<br>③ [[散结消痈]]<br>###主治::① [[肺热肺燥、肺虚咳嗽，阴虚劳嗽，干咳少痰，痰中带血【*···::性凉而甘兼润肺，尤其用于肺虚内伤久咳，燥痰、痰热咳嗽*】]]；<br>② [[瘰疬，乳痈，肺痈，疮痈肿毒]],性味归经::性[[微寒]]；味[[苦甘]]；归[[肺心]]经<br>###功效::① [[清热润肺]]；<br>② [[化痰止咳]]；<br>③ [[散结消痈]]<br>###主治::① [[肺热肺燥、肺虚咳嗽，阴虚劳嗽，干咳少痰，痰中带血【*···::性凉而甘兼润肺，尤其用于肺虚内伤久咳，燥痰、痰热咳嗽*】]]；<br>② [[瘰疬，乳痈，肺痈，疮痈肿毒]]
<div style='text-align: center; font-size: 24px;'><b>浙贝母</b></div>,中药学::常见药 大纲第1部分:: 化痰止咳平喘药::清化热痰药,2,性味归经::性[[寒]]；味[[苦]]；归[[肺、心]]经<br>###功效::① [[清热化痰]]；<br>② [[止咳]]；<br>③ [[解毒]]；<br>④ [[散结消痈]]<br>###主治::① [[风热咳嗽，痰热咳嗽]]；<br>② [[瘰疬，瘿瘤，疮毒，肺痈，乳痈【*···::功似川贝偏苦泄，善清热化痰，开郁散结*】]],性味归经::性[[寒]]；味[[苦]]；归[[肺、心]]经<br>###功效::① [[清热化痰]]；<br>② [[止咳]]；<br>③ [[解毒]]；<br>④ [[散结消痈]]<br>###主治::① [[风热咳嗽，痰热咳嗽]]；<br>② [[瘰疬，瘿瘤，疮毒，肺痈，乳痈【*···::功似川贝偏苦泄，善清热化痰，开郁散结*】]]
<div style='text-align: center; font-size: 24px;'><b>瓜蒌</b></div>,中药学::常见药 大纲第1部分:: 化痰止咳平喘药::清化热痰药,2,"性味归经::性[[寒]]；味[[甘、微苦]]；归[[肺、胃、大肠]]经<br>###功效::① [[清热涤痰]]；<br>② [[宽胸散结]]；<br>③ [[润燥滑肠]]<br>###主治::① [[痰热咳喘，肺热咳嗽，痰浊黄稠【*···::清肺热、润肺燥而化热痰、燥痰*】]]；<br>② [[胸痹心痛，结胸痞满【*···::""治胸痹要药""*】]]；<br>③ [[肺痈，肠痈，乳痈]]；<br>④ [[肠燥便秘]]","性味归经::性[[寒]]；味[[甘、微苦]]；归[[肺、胃、大肠]]经<br>###功效::① [[清热涤痰]]；<br>② [[宽胸散结]]；<br>③ [[润燥滑肠]]<br>###主治::① [[痰热咳喘，肺热咳嗽，痰浊黄稠【*···::清肺热、润肺燥而化热痰、燥痰*】]]；<br>② [[胸痹心痛，结胸痞满【*···::""治胸痹要药""*】]]；<br>③ [[肺痈，肠痈，乳痈]]；<br>④ [[肠燥便秘]]"
<div style='text-align: center; font-size: 24px;'><b>胆南星</b></div>,中药学::常见药 大纲第1部分:: 化痰止咳平喘药::清化热痰药,2,性味归经::性[[凉]]；味[[苦微辛]]；归[[肺、肝、脾]]经<br>###功效::① [[清热化痰]]；<br>② [[息风定惊]]<br>###主治::① [[痰热咳嗽，咳痰黄稠]]；<br>② [[中风痰迷，癫狂痫病，惊风]],性味归经::性[[凉]]；味[[苦微辛]]；归[[肺、肝、脾]]经<br>###功效::① [[清热化痰]]；<br>② [[息风定惊]]<br>###主治::① [[痰热咳嗽，咳痰黄稠]]；<br>② [[中风痰迷，癫狂痫病，惊风]]
<div style='text-align: center; font-size: 24px;'><b>竹茹</b></div>,中药学::常见药 大纲第1部分:: 化痰止咳平喘药::清化热痰药,2,性味归经::性[[微寒]]；味[[甘]]；归[[肺、胃、心、胆]]经<br>###功效::① [[清热化痰]]；<br>② [[除烦止呕]]；<br>③ [[安胎]]；<br>④ [[凉血止血]]<br>###主治::① [[肺热咳嗽，痰热咳嗽]]；<br>② [[痰火内扰烦躁，胆火夹痰，惊悸不宁，心烦失眠]]；<br>③ [[中风痰迷，舌强不语]]；<br>④ [[胃热呕吐，妊娠恶阻，胎动不安]]；<br>⑤ [[吐血，衄血，尿血，崩漏]]；<br>⑥ [[伤暑烦渴不止]],性味归经::性[[微寒]]；味[[甘]]；归[[肺、胃、心、胆]]经<br>###功效::① [[清热化痰]]；<br>② [[除烦止呕]]；<br>③ [[安胎]]；<br>④ [[凉血止血]]<br>###主治::① [[肺热咳嗽，痰热咳嗽]]；<br>② [[痰火内扰烦躁，胆火夹痰，惊悸不宁，心烦失眠]]；<br>③ [[中风痰迷，舌强不语]]；<br>④ [[胃热呕吐，妊娠恶阻，胎动不安]]；<br>⑤ [[吐血，衄血，尿血，崩漏]]；<br>⑥ [[伤暑烦渴不止]]
<div style='text-align: center; font-size: 24px;'><b>苦杏仁</b></div>,中药学::常见药 大纲第1部分:: 化痰止咳平喘药::止咳平喘药,2,性味归经::性[[微温]]；味[[苦]]；归[[肺、大肠]]经；有小<span style='color: red;'>毒</span><br>###功效::① [[降气止咳平喘]]；<br>② [[润肠通便]]<br>###主治::① [[咳喘诸证，胸满痰多【*···::降中兼宣，治咳喘要药，新久寒热咳嗽均可*】]]；<br>② [[肠燥便秘]]；<br>③ [[湿温初起及暑温夹湿之湿重于热]],性味归经::性[[微温]]；味[[苦]]；归[[肺、大肠]]经；有小<span style='color: red;'>毒</span><br>###功效::① [[降气止咳平喘]]；<br>② [[润肠通便]]<br>###主治::① [[咳喘诸证，胸满痰多【*···::降中兼宣，治咳喘要药，新久寒热咳嗽均可*】]]；<br>② [[肠燥便秘]]；<br>③ [[湿温初起及暑温夹湿之湿重于热]]
<div style='text-align: center; font-size: 24px;'><b>紫苏子</b></div>,中药学::常见药 大纲第1部分:: 化痰止咳平喘药::止咳平喘药,2,性味归经::性[[温]]；味[[辛]]；归[[肺、大肠]]经<br>###功效::① [[降气化痰]]；<br>② [[止咳平喘]]；<br>③ [[润肠通便]]<br>###主治::① [[痰壅气逆咳喘【*···::为治痰壅气逆咳喘之要药*】]]；<br>② [[肠燥便秘]],性味归经::性[[温]]；味[[辛]]；归[[肺、大肠]]经<br>###功效::① [[降气化痰]]；<br>② [[止咳平喘]]；<br>③ [[润肠通便]]<br>###主治::① [[痰壅气逆咳喘【*···::为治痰壅气逆咳喘之要药*】]]；<br>② [[肠燥便秘]]
<div style='text-align: center; font-size: 24px;'><b>百部</b></div>,中药学::常见药 大纲第1部分:: 化痰止咳平喘药::止咳平喘药,2,性味归经::性[[微温]]；味[[甘苦]]；归[[肺]]经<br>###功效::① [[润肺下气]]；<br>② [[止咳]]；<br>③ [[杀虫]]；<br>④ [[灭虱]]<br>###主治::① [[新久咳嗽，顿咳，肺痨咳嗽]]；<br>② [[头虱、体虱及疥癣，蛲虫，阴道滴虫，阴痒【*···::新久寒热咳嗽均可*】]],性味归经::性[[微温]]；味[[甘苦]]；归[[肺]]经<br>###功效::① [[润肺下气]]；<br>② [[止咳]]；<br>③ [[杀虫]]；<br>④ [[灭虱]]<br>###主治::① [[新久咳嗽，顿咳，肺痨咳嗽]]；<br>② [[头虱、体虱及疥癣，蛲虫，阴道滴虫，阴痒【*···::新久寒热咳嗽均可*】]]
<div style='text-align: center; font-size: 24px;'><b>紫菀</b></div>,中药学::常见药 大纲第1部分:: 化痰止咳平喘药::止咳平喘药,2,性味归经::性[[温]]；味[[辛、苦]]；归[[肺]]经<br>###功效::① [[润肺下气]]；<br>② [[化痰止咳]]<br>###主治::① [[咳嗽有痰，痰多喘咳，新久咳嗽，劳嗽咯血]]；<br>② [[新久寒热咳嗽均可]]；<br>③ [[肺气壅塞，咳嗽有痰最宜]],性味归经::性[[温]]；味[[辛、苦]]；归[[肺]]经<br>###功效::① [[润肺下气]]；<br>② [[化痰止咳]]<br>###主治::① [[咳嗽有痰，痰多喘咳，新久咳嗽，劳嗽咯血]]；<br>② [[新久寒热咳嗽均可]]；<br>③ [[肺气壅塞，咳嗽有痰最宜]]
<div style='text-align: center; font-size: 24px;'><b>款冬花</b></div>,中药学::常见药 大纲第1部分:: 化痰止咳平喘药::止咳平喘药,2,性味归经::性[[温]]；味[[辛微苦]]；归[[肺]]经<br>###功效::① [[润肺下气]]；<br>② [[止咳化痰]]<br>###主治::① [[咳嗽有痰]]；<br>② [[痰多喘咳]]；<br>③ [[新久咳嗽]]；<br>④ [[劳嗽咯血]]；<br>⑤ [[长于润肺下气止咳，略具化痰]]；<br>⑥ [[新久寒热咳嗽均可]],性味归经::性[[温]]；味[[辛微苦]]；归[[肺]]经<br>###功效::① [[润肺下气]]；<br>② [[止咳化痰]]<br>###主治::① [[咳嗽有痰]]；<br>② [[痰多喘咳]]；<br>③ [[新久咳嗽]]；<br>④ [[劳嗽咯血]]；<br>⑤ [[长于润肺下气止咳，略具化痰]]；<br>⑥ [[新久寒热咳嗽均可]]
<div style='text-align: center; font-size: 24px;'><b>桑白皮</b></div>,中药学::常见药 大纲第1部分:: 化痰止咳平喘药::止咳平喘药,2,性味归经::性[[寒]]；味[[甘]]；归[[肺]]经<br>###功效::① [[泻肺平喘]]；<br>② [[利水消肿]]；<br>③ [[清肝降压]]；<br>④ [[止血]]<br>###主治::① [[肺热咳喘【*···::清泻肺火，兼泻肺中水气而平喘咳*】]]；<br>② [[水肿胀满尿少，面目肌肤浮肿]]；<br>③ [[肝阳肝火偏旺之高血压病，衄血，咯血]],性味归经::性[[寒]]；味[[甘]]；归[[肺]]经<br>###功效::① [[泻肺平喘]]；<br>② [[利水消肿]]；<br>③ [[清肝降压]]；<br>④ [[止血]]<br>###主治::① [[肺热咳喘【*···::清泻肺火，兼泻肺中水气而平喘咳*】]]；<br>② [[水肿胀满尿少，面目肌肤浮肿]]；<br>③ [[肝阳肝火偏旺之高血压病，衄血，咯血]]
<div style='text-align: center; font-size: 24px;'><b>葶苈子</b></div>,中药学::常见药 大纲第1部分:: 化痰止咳平喘药::止咳平喘药,2,性味归经::性[[大寒]]；味[[辛苦]]；归[[肺、膀胱]]经<br>###功效::① [[泻肺平喘]]；<br>② [[利水消肿]]<br>###主治::① [[痰涎壅盛咳喘，胸胁胀闷，不得平卧【*···::泻肺平喘要药，善泻肺中水饮及痰火*】]]；<br>② [[胸腹积水实证，水肿小便不利]],性味归经::性[[大寒]]；味[[辛苦]]；归[[肺、膀胱]]经<br>###功效::① [[泻肺平喘]]；<br>② [[利水消肿]]<br>###主治::① [[痰涎壅盛咳喘，胸胁胀闷，不得平卧【*···::泻肺平喘要药，善泻肺中水饮及痰火*】]]；<br>② [[胸腹积水实证，水肿小便不利]]
<div style='text-align: center; font-size: 24px;'><b>白果</b></div>,中药学::常见药 大纲第1部分:: 化痰止咳平喘药::止咳平喘药,2,性味归经::性[[平]]；味[[甘苦涩]]；归[[肺肾]]经<br>###功效::① [[敛肺定喘]]；<br>② [[止带缩尿]]<br>###主治::① [[喘咳气逆，痰多【*···::善于敛肺定喘，且有一定化痰之功，为治哮喘痰嗽之常用药*】]]；<br>② [[带下、白浊，遗尿、尿频【*···::除湿泄浊，收涩止带，固精缩尿止遗]]；<br>③ [[也治肾气不固而梦遗滑精*】]],性味归经::性[[平]]；味[[甘苦涩]]；归[[肺肾]]经<br>###功效::① [[敛肺定喘]]；<br>② [[止带缩尿]]<br>###主治::① [[喘咳气逆，痰多【*···::善于敛肺定喘，且有一定化痰之功，为治哮喘痰嗽之常用药*】]]；<br>② [[带下、白浊，遗尿、尿频【*···::除湿泄浊，收涩止带，固精缩尿止遗]]；<br>③ [[也治肾气不固而梦遗滑精*】]]
<div style='text-align: center; font-size: 24px;'><b>朱砂</b></div>,中药学::常见药 大纲第1部分:: 安神药::重镇安神药,2,"性味归经::性[[微寒]]；味[[甘]]；归[[心]]经；有<span style='color: red;'>毒</span><br>###功效::① [[清心镇惊]]；<br>② [[安神]]；<br>③ [[明目]]；<br>④ [[解毒]]<br>###主治::① [[心神不宁，心悸易惊，失眠多梦]]；<br>② [[惊风，癫痫发狂【*···::镇惊止痉，宜用于温热病热入心包或痰热内闭，高热烦躁，神昏谵语，惊厥抽搐*】]]；<br>③ [[视物昏花]]；<br>④ [[疮疡肿毒，咽痛口疮，喉痹【*···::""清心镇惊安神要药""*】]]","性味归经::性[[微寒]]；味[[甘]]；归[[心]]经；有<span style='color: red;'>毒</span><br>###功效::① [[清心镇惊]]；<br>② [[安神]]；<br>③ [[明目]]；<br>④ [[解毒]]<br>###主治::① [[心神不宁，心悸易惊，失眠多梦]]；<br>② [[惊风，癫痫发狂【*···::镇惊止痉，宜用于温热病热入心包或痰热内闭，高热烦躁，神昏谵语，惊厥抽搐*】]]；<br>③ [[视物昏花]]；<br>④ [[疮疡肿毒，咽痛口疮，喉痹【*···::""清心镇惊安神要药""*】]]"
<div style='text-align: center; font-size: 24px;'><b>磁石</b></div>,中药学::常见药 大纲第1部分:: 安神药::重镇安神药,2,"性味归经::性[[寒]]；味[[咸]]；归[[肝、心、肾]]经<br>###功效::① [[镇惊安神]]；<br>② [[平肝潜阳]]；<br>③ [[聪耳明目]]；<br>④ [[纳气平喘]]<br>###主治::① [[心神不宁，惊悸失眠，癫痫]]；<br>② [[肝阳上亢，头晕目眩]]；<br>③ [[视物昏花，耳鸣耳聋]]；<br>④ [[肾虚喘促【*···::益肾，""重镇补益并举""*】]]","性味归经::性[[寒]]；味[[咸]]；归[[肝、心、肾]]经<br>###功效::① [[镇惊安神]]；<br>② [[平肝潜阳]]；<br>③ [[聪耳明目]]；<br>④ [[纳气平喘]]<br>###主治::① [[心神不宁，惊悸失眠，癫痫]]；<br>② [[肝阳上亢，头晕目眩]]；<br>③ [[视物昏花，耳鸣耳聋]]；<br>④ [[肾虚喘促【*···::益肾，""重镇补益并举""*】]]"
<div style='text-align: center; font-size: 24px;'><b>龙骨</b></div>,中药学::常见药 大纲第1部分:: 安神药::重镇安神药,2,性味归经::性[[平]]；味[[甘涩]]；归[[心、肝]]经<br>###功效::① [[镇惊安神]]；<br>② [[平肝潜阳]]；<br>③ [[收敛固涩]]；<br>④ [[收湿敛疮]]<br>###主治::① [[心神不宁，心悸失眠，惊痫癫狂]]；<br>② [[肝阳眩晕]]；<br>③ [[滑脱诸证：遗精、滑精、遗尿、尿频、崩漏、带下、自汗盗汗，也治大汗不止、脉微欲绝的亡阳证]]；<br>④ [[湿疮湿疹，疮疡久溃不敛]],性味归经::性[[平]]；味[[甘涩]]；归[[心、肝]]经<br>###功效::① [[镇惊安神]]；<br>② [[平肝潜阳]]；<br>③ [[收敛固涩]]；<br>④ [[收湿敛疮]]<br>###主治::① [[心神不宁，心悸失眠，惊痫癫狂]]；<br>② [[肝阳眩晕]]；<br>③ [[滑脱诸证：遗精、滑精、遗尿、尿频、崩漏、带下、自汗盗汗，也治大汗不止、脉微欲绝的亡阳证]]；<br>④ [[湿疮湿疹，疮疡久溃不敛]]
<div style='text-align: center; font-size: 24px;'><b>琥珀</b></div>,中药学::常见药 大纲第1部分:: 安神药::重镇安神药,2,性味归经::性[[平]]；味[[甘]]；归[[心、肝、膀胱]]经<br>###功效::① [[镇惊安神]]；<br>② [[活血散瘀]]；<br>③ [[利尿通淋]]；<br>④ [[止血]]<br>###主治::① [[心神不宁，惊悸失眠，惊风癫痫]]；<br>② [[血滞经闭，心腹刺痛，癥瘕]]；<br>③ [[淋证，癃闭【*···::血淋尤宜*】]],性味归经::性[[平]]；味[[甘]]；归[[心、肝、膀胱]]经<br>###功效::① [[镇惊安神]]；<br>② [[活血散瘀]]；<br>③ [[利尿通淋]]；<br>④ [[止血]]<br>###主治::① [[心神不宁，惊悸失眠，惊风癫痫]]；<br>② [[血滞经闭，心腹刺痛，癥瘕]]；<br>③ [[淋证，癃闭【*···::血淋尤宜*】]]
<div style='text-align: center; font-size: 24px;'><b>酸枣仁</b></div>,中药学::常见药 大纲第1部分:: 安神药::养心安神药,2,性味归经::性[[平]]；味[[甘酸]]；归[[肝、胆、心]]经<br>###功效::① [[养心补肝]]；<br>② [[宁心安神]]；<br>③ [[敛汗]]；<br>④ [[生津]]<br>###主治::① [[虚烦不眠，惊悸多梦，心肝阴血亏虚【*···::养心安神要药*】]]；<br>② [[体虚多汗【*···::体虚自汗、盗汗*】]]；<br>③ [[津伤口渴]],性味归经::性[[平]]；味[[甘酸]]；归[[肝、胆、心]]经<br>###功效::① [[养心补肝]]；<br>② [[宁心安神]]；<br>③ [[敛汗]]；<br>④ [[生津]]<br>###主治::① [[虚烦不眠，惊悸多梦，心肝阴血亏虚【*···::养心安神要药*】]]；<br>② [[体虚多汗【*···::体虚自汗、盗汗*】]]；<br>③ [[津伤口渴]]
<div style='text-align: center; font-size: 24px;'><b>柏子仁</b></div>,中药学::常见药 大纲第1部分:: 安神药::养心安神药,2,性味归经::性[[平]]；味[[甘]]；归[[心、肾、大肠]]经<br>###功效::① [[养心安神]]；<br>② [[润肠通便]]；<br>③ [[滋阴止汗]]<br>###主治::① [[阴血不足，虚烦失眠，心悸怔忡]]；<br>② [[肠燥便秘【*···::阴虚血亏，老年、产后等肠燥便秘*】]]；<br>③ [[阴虚盗汗，小儿惊悸【*···::“平补润燥之品”*】]],性味归经::性[[平]]；味[[甘]]；归[[心、肾、大肠]]经<br>###功效::① [[养心安神]]；<br>② [[润肠通便]]；<br>③ [[滋阴止汗]]<br>###主治::① [[阴血不足，虚烦失眠，心悸怔忡]]；<br>② [[肠燥便秘【*···::阴虚血亏，老年、产后等肠燥便秘*】]]；<br>③ [[阴虚盗汗，小儿惊悸【*···::“平补润燥之品”*】]]
<div style='text-align: center; font-size: 24px;'><b>远志</b></div>,中药学::常见药 大纲第1部分:: 安神药::养心安神药,2,性味归经::性[[温]]；味[[辛、苦]]；归[[心、肾、肺]]经<br>###功效::① [[安神益智]]；<br>② [[交通心肾]]；<br>③ [[祛痰开窍]]；<br>④ [[止咳]]；<br>⑤ [[消散痈肿]]<br>###主治::① [[心肾不交引起的失眠多梦，心悸怔忡，健忘，神志恍惚【*···::助心阳气*】]]；<br>② [[癫痫惊狂【*···::祛痰开窍*】]]；<br>③ [[咳嗽痰多不爽【*···::祛痰止咳*】]]；<br>④ [[疮疡肿毒，乳房肿痛，喉痹]]；<br>⑤ [[交通心肾，安定神志，益智强识佳品]],性味归经::性[[温]]；味[[辛、苦]]；归[[心、肾、肺]]经<br>###功效::① [[安神益智]]；<br>② [[交通心肾]]；<br>③ [[祛痰开窍]]；<br>④ [[止咳]]；<br>⑤ [[消散痈肿]]<br>###主治::① [[心肾不交引起的失眠多梦，心悸怔忡，健忘，神志恍惚【*···::助心阳气*】]]；<br>② [[癫痫惊狂【*···::祛痰开窍*】]]；<br>③ [[咳嗽痰多不爽【*···::祛痰止咳*】]]；<br>④ [[疮疡肿毒，乳房肿痛，喉痹]]；<br>⑤ [[交通心肾，安定神志，益智强识佳品]]
<div style='text-align: center; font-size: 24px;'><b>石决明</b></div>,中药学::常见药 大纲第1部分:: 平肝息风药::平抑肝阳药,2,性味归经::性[[寒]]；味[[咸]]；归[[肝]]经<br>###功效::① [[平肝潜阳]]；<br>② [[清肝明目]]；<br>③ [[收敛制酸]]；<br>④ [[止血]]<br>###主治::① [[肝阳上亢，头痛眩晕【*···::长于潜降肝阳，清泄肝热，兼益肝阴，为平肝凉肝之要药，善治肝肾阴虚，阴不制阳而致肝阳上亢之头痛眩晕*】，也治邪热灼阴所致筋脉拘急、手足蠕动、头晕目眩]]；<br>② [[肝阳上亢兼肝火亢盛之头晕头痛、烦躁易怒]]；<br>③ [[目赤翳障，视物昏花，青盲雀目【*···::清肝火、益肝阴，明目退翳，治目疾之常用药*】]]；<br>④ [[疮疡久溃不敛，胃痛泛酸及外伤出血]],性味归经::性[[寒]]；味[[咸]]；归[[肝]]经<br>###功效::① [[平肝潜阳]]；<br>② [[清肝明目]]；<br>③ [[收敛制酸]]；<br>④ [[止血]]<br>###主治::① [[肝阳上亢，头痛眩晕【*···::长于潜降肝阳，清泄肝热，兼益肝阴，为平肝凉肝之要药，善治肝肾阴虚，阴不制阳而致肝阳上亢之头痛眩晕*】，也治邪热灼阴所致筋脉拘急、手足蠕动、头晕目眩]]；<br>② [[肝阳上亢兼肝火亢盛之头晕头痛、烦躁易怒]]；<br>③ [[目赤翳障，视物昏花，青盲雀目【*···::清肝火、益肝阴，明目退翳，治目疾之常用药*】]]；<br>④ [[疮疡久溃不敛，胃痛泛酸及外伤出血]]
<div style='text-align: center; font-size: 24px;'><b>牡蛎</b></div>,中药学::常见药 大纲第1部分:: 平肝息风药::平抑肝阳药,2,性味归经::性[[微寒]]；味[[咸]]；归[[肝、胆、肾]]经<br>###功效::① [[潜阳补阴]]；<br>② [[重镇安神]]；<br>③ [[软坚散结]]；<br>④ [[收敛固涩]]；<br>⑤ [[制酸止痛]]<br>###主治::① [[肝阳上亢，眩晕耳鸣【*···::水不涵木，阴虚阳亢*】]]；<br>② [[亦治热病日久，灼烁真阴，虚风内动，四肢抽搐【*···::平肝潜阳，益阴*】]]；<br>③ [[心神不宁，惊悸失眠]]；<br>④ [[瘰疬痰核，癥瘕积聚【*···::痞块*】，瘿瘤]]；<br>⑤ [[滑脱诸证：自汗盗汗，遗精滑精，崩漏带下，尿频、遗尿【*···::煅用*】]]；<br>⑥ [[胃痛泛酸【*···::煅用*】]],性味归经::性[[微寒]]；味[[咸]]；归[[肝、胆、肾]]经<br>###功效::① [[潜阳补阴]]；<br>② [[重镇安神]]；<br>③ [[软坚散结]]；<br>④ [[收敛固涩]]；<br>⑤ [[制酸止痛]]<br>###主治::① [[肝阳上亢，眩晕耳鸣【*···::水不涵木，阴虚阳亢*】]]；<br>② [[亦治热病日久，灼烁真阴，虚风内动，四肢抽搐【*···::平肝潜阳，益阴*】]]；<br>③ [[心神不宁，惊悸失眠]]；<br>④ [[瘰疬痰核，癥瘕积聚【*···::痞块*】，瘿瘤]]；<br>⑤ [[滑脱诸证：自汗盗汗，遗精滑精，崩漏带下，尿频、遗尿【*···::煅用*】]]；<br>⑥ [[胃痛泛酸【*···::煅用*】]]
<div style='text-align: center; font-size: 24px;'><b>代赭石</b></div>,中药学::常见药 大纲第1部分:: 平肝息风药::平抑肝阳药,2,性味归经::性[[寒]]；味[[苦]]；归[[肝、心、肺、胃]]经<br>###功效::① [[平肝潜阳]]；<br>② [[重镇降逆]]；<br>③ [[凉血止血]]<br>###主治::① [[肝阳上亢，眩晕耳鸣，小儿急慢惊风]]；<br>② [[呕吐，呃逆，噫气【*···::降胃气*】]]；<br>③ [[气逆喘息【*···::降肺平喘*】]]；<br>④ [[血热吐衄，崩漏【*···::降气降火、气火上逆迫血妄行尤宜*】]],性味归经::性[[寒]]；味[[苦]]；归[[肝、心、肺、胃]]经<br>###功效::① [[平肝潜阳]]；<br>② [[重镇降逆]]；<br>③ [[凉血止血]]<br>###主治::① [[肝阳上亢，眩晕耳鸣，小儿急慢惊风]]；<br>② [[呕吐，呃逆，噫气【*···::降胃气*】]]；<br>③ [[气逆喘息【*···::降肺平喘*】]]；<br>④ [[血热吐衄，崩漏【*···::降气降火、气火上逆迫血妄行尤宜*】]]
<div style='text-align: center; font-size: 24px;'><b>羚羊角</b></div>,中药学::常见药 大纲第1部分:: 平肝息风药::息风止痉药,2,"性味归经::性[[寒]]；味[[咸]]；归[[肝、心]]经<br>###功效::① [[息风止痉]]；<br>② [[平肝潜阳]]；<br>③ [[清肝明目]]；<br>④ [[清热解毒]]；<br>⑤ [[清肺止咳]]<br>###主治::① [[肝风内动，惊痫抽搐【*···::""要药""*】，妊娠子痫，高热痉厥，癫痫发狂]]；<br>② [[肝阳上亢，头晕目眩]]；<br>③ [[肝火上炎，目赤翳障]]；<br>④ [[温热病壮热神昏，热毒发斑【*···::心*】]]；<br>⑤ [[痈肿疮毒]]；<br>⑥ [[肺热咳喘]]；<br>⑦ [[热极生风所致的高热神昏，惊厥抽搐尤宜]]","性味归经::性[[寒]]；味[[咸]]；归[[肝、心]]经<br>###功效::① [[息风止痉]]；<br>② [[平肝潜阳]]；<br>③ [[清肝明目]]；<br>④ [[清热解毒]]；<br>⑤ [[清肺止咳]]<br>###主治::① [[肝风内动，惊痫抽搐【*···::""要药""*】，妊娠子痫，高热痉厥，癫痫发狂]]；<br>② [[肝阳上亢，头晕目眩]]；<br>③ [[肝火上炎，目赤翳障]]；<br>④ [[温热病壮热神昏，热毒发斑【*···::心*】]]；<br>⑤ [[痈肿疮毒]]；<br>⑥ [[肺热咳喘]]；<br>⑦ [[热极生风所致的高热神昏，惊厥抽搐尤宜]]"
<div style='text-align: center; font-size: 24px;'><b>牛黄</b></div>,中药学::常见药 大纲第1部分:: 平肝息风药::息风止痉药,2,性味归经::性[[凉]]；味[[苦]]；归[[肝、心]]经<br>###功效::① [[凉肝息风]]；<br>② [[清心豁痰]]；<br>③ [[开窍醒神]]；<br>④ [[清热解毒]]<br>###主治::① [[温热病及小儿急惊风，热盛动风，惊厥抽搐，癫痫发狂【*···::清心凉肝、息风止痉*】]]；<br>② [[热闭神昏，口噤，中风痰迷，痰鸣]]；<br>③ [[咽喉肿痛，溃烂，口舌生疮及痈疽疔毒]],性味归经::性[[凉]]；味[[苦]]；归[[肝、心]]经<br>###功效::① [[凉肝息风]]；<br>② [[清心豁痰]]；<br>③ [[开窍醒神]]；<br>④ [[清热解毒]]<br>###主治::① [[温热病及小儿急惊风，热盛动风，惊厥抽搐，癫痫发狂【*···::清心凉肝、息风止痉*】]]；<br>② [[热闭神昏，口噤，中风痰迷，痰鸣]]；<br>③ [[咽喉肿痛，溃烂，口舌生疮及痈疽疔毒]]
<div style='text-align: center; font-size: 24px;'><b>钩藤</b></div>,中药学::常见药 大纲第1部分:: 平肝息风药::息风止痉药,2,性味归经::性[[微寒]]；味[[甘]]；归[[肝、心包]]经<br>###功效::① [[息风定惊]]；<br>② [[止痉]]；<br>③ [[清肝平肝]]；<br>④ [[疏风散热]]<br>###主治::① [[肝风内动，惊痫抽搐，高热惊厥，尤宜于热极生风、四肢抽搐及小儿高热惊厥，可治小儿急惊风、壮热神昏、牙关紧闭、手足抽搐、妊娠子痫等]]；<br>② [[头痛眩晕，可清肝平肝，治肝火上攻或肝阳上亢之头胀头痛、眩晕]]；<br>③ [[感冒夹惊、小儿惊啼、夜啼，可清透热邪、定惊止痛]]；<br>④ [[外感风热，头痛目赤及斑疹透发不畅]],性味归经::性[[微寒]]；味[[甘]]；归[[肝、心包]]经<br>###功效::① [[息风定惊]]；<br>② [[止痉]]；<br>③ [[清肝平肝]]；<br>④ [[疏风散热]]<br>###主治::① [[肝风内动，惊痫抽搐，高热惊厥，尤宜于热极生风、四肢抽搐及小儿高热惊厥，可治小儿急惊风、壮热神昏、牙关紧闭、手足抽搐、妊娠子痫等]]；<br>② [[头痛眩晕，可清肝平肝，治肝火上攻或肝阳上亢之头胀头痛、眩晕]]；<br>③ [[感冒夹惊、小儿惊啼、夜啼，可清透热邪、定惊止痛]]；<br>④ [[外感风热，头痛目赤及斑疹透发不畅]]
<div style='text-align: center; font-size: 24px;'><b>天麻</b></div>,中药学::常见药 大纲第1部分:: 平肝息风药::息风止痉药,2,性味归经::性[[平]]；味[[甘]]；归[[肝]]经<br>###功效::① [[息风止痉]]；<br>② [[平抑肝阳]]；<br>③ [[祛风通络]]；<br>④ [[止痛]]<br>###主治::① [[肝风内动，小儿急慢惊风，癫痫抽搐，破伤风]]；<br>② [[肝阳上亢，眩晕，头痛]]；<br>③ [[中风不遂，风湿痹痛，肢体麻木【*···::止眩晕良药、内、外风皆可、不论寒热虚实均可*】]],性味归经::性[[平]]；味[[甘]]；归[[肝]]经<br>###功效::① [[息风止痉]]；<br>② [[平抑肝阳]]；<br>③ [[祛风通络]]；<br>④ [[止痛]]<br>###主治::① [[肝风内动，小儿急慢惊风，癫痫抽搐，破伤风]]；<br>② [[肝阳上亢，眩晕，头痛]]；<br>③ [[中风不遂，风湿痹痛，肢体麻木【*···::止眩晕良药、内、外风皆可、不论寒热虚实均可*】]]
<div style='text-align: center; font-size: 24px;'><b>地龙</b></div>,中药学::常见药 大纲第1部分:: 平肝息风药::息风止痉药,2,性味归经::性[[寒]]；味[[咸]]；归[[肝、脾、膀胱]]经<br>###功效::① [[清热定惊]]；<br>② [[息风止痉]]；<br>③ [[通经活络]]；<br>④ [[平喘利尿]]；<br>⑤ [[降压]]<br>###主治::① [[高热神昏，惊痫抽搐，癫狂]]；<br>② [[关节痹痛，肢体麻木，半身不遂]]；<br>③ [[肺热喘咳，痰鸣喘息]]；<br>④ [[水肿尿少或尿闭不通]]；<br>⑤ [[高血压病]],性味归经::性[[寒]]；味[[咸]]；归[[肝、脾、膀胱]]经<br>###功效::① [[清热定惊]]；<br>② [[息风止痉]]；<br>③ [[通经活络]]；<br>④ [[平喘利尿]]；<br>⑤ [[降压]]<br>###主治::① [[高热神昏，惊痫抽搐，癫狂]]；<br>② [[关节痹痛，肢体麻木，半身不遂]]；<br>③ [[肺热喘咳，痰鸣喘息]]；<br>④ [[水肿尿少或尿闭不通]]；<br>⑤ [[高血压病]]
<div style='text-align: center; font-size: 24px;'><b>全蝎</b></div>,中药学::常见药 大纲第1部分:: 平肝息风药::息风止痉药,2,性味归经::性[[平]]；味[[辛]]；归[[肝]]经；有<span style='color: red;'>毒</span><br>###功效::① [[息风镇痉]]；<br>② [[通络止痛]]；<br>③ [[攻毒散结]]<br>###主治::① [[肝风内动，痉挛抽搐，小儿急慢惊风，中风口㖞，半身不遂，破伤风]]；<br>② [[风湿顽痹，偏正头痛]]；<br>③ [[疮疡肿毒，瘰疬结核【*···::痉挛抽搐要药、内外风兼治*】]],性味归经::性[[平]]；味[[辛]]；归[[肝]]经；有<span style='color: red;'>毒</span><br>###功效::① [[息风镇痉]]；<br>② [[通络止痛]]；<br>③ [[攻毒散结]]<br>###主治::① [[肝风内动，痉挛抽搐，小儿急慢惊风，中风口㖞，半身不遂，破伤风]]；<br>② [[风湿顽痹，偏正头痛]]；<br>③ [[疮疡肿毒，瘰疬结核【*···::痉挛抽搐要药、内外风兼治*】]]
<div style='text-align: center; font-size: 24px;'><b>蜈蚣</b></div>,中药学::常见药 大纲第1部分:: 平肝息风药::息风止痉药,2,性味归经::性[[温]]；味[[辛]]；归[[肝]]经；有<span style='color: red;'>毒</span><br>###功效::① [[息风镇痉]]；<br>② [[通络止痛]]；<br>③ [[攻毒散结]]<br>###主治::① [[肝风内动，痉挛抽搐，小儿急慢惊风，中风口喎，半身不遂，破伤风]]；<br>② [[风湿顽痹，顽固性头痛]]；<br>③ [[疮疡肿毒，瘰疬结核，虫蛇咬伤【*···::内外风兼治，息风镇痉、攻毒散结之力比全蝎强*】]],性味归经::性[[温]]；味[[辛]]；归[[肝]]经；有<span style='color: red;'>毒</span><br>###功效::① [[息风镇痉]]；<br>② [[通络止痛]]；<br>③ [[攻毒散结]]<br>###主治::① [[肝风内动，痉挛抽搐，小儿急慢惊风，中风口喎，半身不遂，破伤风]]；<br>② [[风湿顽痹，顽固性头痛]]；<br>③ [[疮疡肿毒，瘰疬结核，虫蛇咬伤【*···::内外风兼治，息风镇痉、攻毒散结之力比全蝎强*】]]
<div style='text-align: center; font-size: 24px;'><b>僵蚕</b></div>,中药学::常见药 大纲第1部分:: 平肝息风药::息风止痉药,2,性味归经::性[[平]]；味[[咸、辛]]；归[[肝、肺]]经<br>###功效::① [[息风止痉]]；<br>② [[祛风通络]]；<br>③ [[疏风散热]]；<br>④ [[止痛止痒]]；<br>⑤ [[化痰散结]]<br>###主治::① [[肝风夹痰，惊痫抽搐，小儿急慢惊风，破伤风【*···::惊风夹痰热尤宜，内外风均可*】]]；<br>② [[风中经络，口眼㖞斜]]；<br>③ [[风热头痛，目赤咽肿或风疹瘙痒，风虫牙痛]]；<br>④ [[痰核，瘰疬，发颐痄腮，疔肿丹毒【*···::乳痈、疔疮*】]],性味归经::性[[平]]；味[[咸、辛]]；归[[肝、肺]]经<br>###功效::① [[息风止痉]]；<br>② [[祛风通络]]；<br>③ [[疏风散热]]；<br>④ [[止痛止痒]]；<br>⑤ [[化痰散结]]<br>###主治::① [[肝风夹痰，惊痫抽搐，小儿急慢惊风，破伤风【*···::惊风夹痰热尤宜，内外风均可*】]]；<br>② [[风中经络，口眼㖞斜]]；<br>③ [[风热头痛，目赤咽肿或风疹瘙痒，风虫牙痛]]；<br>④ [[痰核，瘰疬，发颐痄腮，疔肿丹毒【*···::乳痈、疔疮*】]]
<div style='text-align: center; font-size: 24px;'><b>麝香</b></div>,中药学::常见药 大纲第1部分:: 开窍药,2,性味归经::性[[温]]；味[[辛]]；归[[心、脾]]经<br>###功效::① [[开窍醒神]]；<br>② [[活血通经]]；<br>③ [[消肿止痛]]；<br>④ [[催产]]<br>###主治::① [[热病神昏，中风痰厥，气郁暴厥，中恶昏迷【*···::走窜之性甚烈，有极强开窍通闭之功，为醒神回苏之要药，可治各种闭证神昏，寒闭热闭均可用，寒闭神昏尤宜*】]]；<br>② [[可治温病热陷心包、痰热蒙蔽心窍、小儿惊风及中风痰厥等热闭神昏]]；<br>③ [[中风卒昏、中恶胸腹满痛等寒浊或痰湿阻闭心窍之寒闭神昏]]；<br>④ [[血瘀经闭，癥瘕，胸痹心痛，心腹暴痛，跌扑伤痛，风湿痹痛麻木【*···::可行血中之瘀滞，开经络之壅遏，可活血通经止痛，为伤科要药*】]]；<br>⑤ [[痈肿疮疡肿毒，痰核瘰疬，咽喉肿痛【*···::可活血散结，消肿止痛*】]]；<br>⑥ [[难产死胎、胞衣不下【*···::可活血通经、催生下胎*】]],性味归经::性[[温]]；味[[辛]]；归[[心、脾]]经<br>###功效::① [[开窍醒神]]；<br>② [[活血通经]]；<br>③ [[消肿止痛]]；<br>④ [[催产]]<br>###主治::① [[热病神昏，中风痰厥，气郁暴厥，中恶昏迷【*···::走窜之性甚烈，有极强开窍通闭之功，为醒神回苏之要药，可治各种闭证神昏，寒闭热闭均可用，寒闭神昏尤宜*】]]；<br>② [[可治温病热陷心包、痰热蒙蔽心窍、小儿惊风及中风痰厥等热闭神昏]]；<br>③ [[中风卒昏、中恶胸腹满痛等寒浊或痰湿阻闭心窍之寒闭神昏]]；<br>④ [[血瘀经闭，癥瘕，胸痹心痛，心腹暴痛，跌扑伤痛，风湿痹痛麻木【*···::可行血中之瘀滞，开经络之壅遏，可活血通经止痛，为伤科要药*】]]；<br>⑤ [[痈肿疮疡肿毒，痰核瘰疬，咽喉肿痛【*···::可活血散结，消肿止痛*】]]；<br>⑥ [[难产死胎、胞衣不下【*···::可活血通经、催生下胎*】]]
<div style='text-align: center; font-size: 24px;'><b>石菖蒲</b></div>,中药学::常见药 大纲第1部分:: 开窍药,2,性味归经::性[[温]]；味[[辛苦]]；归[[心、胃]]经<br>###功效::① [[开窍豁痰]]；<br>② [[醒神益智]]；<br>③ [[化湿和胃]]；<br>④ [[辟秽]]<br>###主治::① [[痰蒙清窍，神昏癫痫【*···::辟秽开窍醒神，善治痰湿秽浊之邪蒙蔽清窍*】]]；<br>② [[健忘失眠，耳鸣耳聋，心悸眩晕嗜睡【*···::宁心安神益智、聪耳明目*】]]；<br>③ [[湿阻中焦，胸闷脘痞不饥，噤口下痢【*···::化湿醒脾和胃*】]]；<br>④ [[声音嘶哑，痈疽疮疡，风湿痹痛，跌打伤痛【*···::第八版教材记载*】]],性味归经::性[[温]]；味[[辛苦]]；归[[心、胃]]经<br>###功效::① [[开窍豁痰]]；<br>② [[醒神益智]]；<br>③ [[化湿和胃]]；<br>④ [[辟秽]]<br>###主治::① [[痰蒙清窍，神昏癫痫【*···::辟秽开窍醒神，善治痰湿秽浊之邪蒙蔽清窍*】]]；<br>② [[健忘失眠，耳鸣耳聋，心悸眩晕嗜睡【*···::宁心安神益智、聪耳明目*】]]；<br>③ [[湿阻中焦，胸闷脘痞不饥，噤口下痢【*···::化湿醒脾和胃*】]]；<br>④ [[声音嘶哑，痈疽疮疡，风湿痹痛，跌打伤痛【*···::第八版教材记载*】]]
<div style='text-align: center; font-size: 24px;'><b>人参</b></div>,中药学::常见药 大纲第1部分:: 补益药::补气药,2,性味归经::性[[微温]]；味[[甘、微苦]]；归[[肺、脾、心、肾]]经<br>###功效::① [[大补元气]]；<br>② [[复脉固脱]]；<br>③ [[补脾益肺]]；<br>④ [[生津养血]]；<br>⑤ [[安神益智]]；<br>⑥ [[扶正祛邪]]<br>###主治::① [[元气虚极欲脱证，肢冷脉微]]；<br>② [[肺脾气虚，脾虚食少，肺虚喘咳]]；<br>③ [[热病气虚，津伤口渴及消渴证]]；<br>④ [[阳痿，宫冷【*···::益肾气，助肾阳*】，肾不纳气或肺肾两虚，短气喘促]]；<br>⑤ [[气血亏虚，久病虚羸]]；<br>⑥ [[心气不足，心悸失眠健忘]]；<br>⑦ [[气虚外感或里实热结正虚]]；<br>⑧ [[补气第一要药]]；<br>⑨ [[大补元气之品，拯救危脱要药]]；<br>⑩ [[补元脾肺心肾气+生津+补血]]；<br>⑪ [[治男、妇一切虚证]],性味归经::性[[微温]]；味[[甘、微苦]]；归[[肺、脾、心、肾]]经<br>###功效::① [[大补元气]]；<br>② [[复脉固脱]]；<br>③ [[补脾益肺]]；<br>④ [[生津养血]]；<br>⑤ [[安神益智]]；<br>⑥ [[扶正祛邪]]<br>###主治::① [[元气虚极欲脱证，肢冷脉微]]；<br>② [[肺脾气虚，脾虚食少，肺虚喘咳]]；<br>③ [[热病气虚，津伤口渴及消渴证]]；<br>④ [[阳痿，宫冷【*···::益肾气，助肾阳*】，肾不纳气或肺肾两虚，短气喘促]]；<br>⑤ [[气血亏虚，久病虚羸]]；<br>⑥ [[心气不足，心悸失眠健忘]]；<br>⑦ [[气虚外感或里实热结正虚]]；<br>⑧ [[补气第一要药]]；<br>⑨ [[大补元气之品，拯救危脱要药]]；<br>⑩ [[补元脾肺心肾气+生津+补血]]；<br>⑪ [[治男、妇一切虚证]]
<div style='text-align: center; font-size: 24px;'><b>西洋参</b></div>,中药学::常见药 大纲第1部分:: 补益药::补气药,2,性味归经::性[[凉]]；味[[甘微苦]]；归[[肺、心、肾]]经<br>###功效::① [[补气养阴]]；<br>② [[清热生津]]；<br>③ [[清肠止血]]<br>###主治::① [[气阴两脱证【*···::益气救脱力较人参差*】]]；<br>② [[气虚阴亏，虚热烦倦，咳喘痰血【*···::肺气阴见短气喘促、咳嗽痰少或痰中带血，心气阴见心悸心痛、失眠多梦，脾气阴见纳呆食滞、口渴思饮*】]]；<br>③ [[气虚津伤，口燥咽干，内热消渴【*···::为补气生津清热之清补佳品*】]]；<br>④ [[肠热便血]],性味归经::性[[凉]]；味[[甘微苦]]；归[[肺、心、肾]]经<br>###功效::① [[补气养阴]]；<br>② [[清热生津]]；<br>③ [[清肠止血]]<br>###主治::① [[气阴两脱证【*···::益气救脱力较人参差*】]]；<br>② [[气虚阴亏，虚热烦倦，咳喘痰血【*···::肺气阴见短气喘促、咳嗽痰少或痰中带血，心气阴见心悸心痛、失眠多梦，脾气阴见纳呆食滞、口渴思饮*】]]；<br>③ [[气虚津伤，口燥咽干，内热消渴【*···::为补气生津清热之清补佳品*】]]；<br>④ [[肠热便血]]
<div style='text-align: center; font-size: 24px;'><b>党参</b></div>,中药学::常见药 大纲第1部分:: 补益药::补气药,2,性味归经::性[[平]]；味[[甘]]；归[[脾、肺]]经<br>###功效::① [[补脾益肺]]；<br>② [[养血生津]]<br>###主治::① [[脾肺气虚：食少倦怠，咳嗽虚喘]]；<br>② [[气津两伤：气短口渴，内热消渴]]；<br>③ [[气血两虚，面色萎黄，心悸气短【*···::补肺、脾气+生津+补血，无益气固脱之效*】]],性味归经::性[[平]]；味[[甘]]；归[[脾、肺]]经<br>###功效::① [[补脾益肺]]；<br>② [[养血生津]]<br>###主治::① [[脾肺气虚：食少倦怠，咳嗽虚喘]]；<br>② [[气津两伤：气短口渴，内热消渴]]；<br>③ [[气血两虚，面色萎黄，心悸气短【*···::补肺、脾气+生津+补血，无益气固脱之效*】]]
<div style='text-align: center; font-size: 24px;'><b>太子参</b></div>,中药学::常见药 大纲第1部分:: 补益药::补气药,2,性味归经::性[[平]]；味[[甘微苦]]；归[[脾肺]]经<br>###功效::① [[益气健脾]]；<br>② [[生津润肺]]<br>###主治::① [[脾虚体倦，食欲不振]]；<br>② [[病后虚弱，气阴不足，自汗口渴]]；<br>③ [[心悸失眠，虚热汗多]]；<br>④ [[肺燥干咳]]；<br>⑤ [[【*···::补气药中清补之品，补脾气、肺气阴、胃阴，小儿常用，气阴不足轻证热不盛多用*】]],性味归经::性[[平]]；味[[甘微苦]]；归[[脾肺]]经<br>###功效::① [[益气健脾]]；<br>② [[生津润肺]]<br>###主治::① [[脾虚体倦，食欲不振]]；<br>② [[病后虚弱，气阴不足，自汗口渴]]；<br>③ [[心悸失眠，虚热汗多]]；<br>④ [[肺燥干咳]]；<br>⑤ [[【*···::补气药中清补之品，补脾气、肺气阴、胃阴，小儿常用，气阴不足轻证热不盛多用*】]]
<div style='text-align: center; font-size: 24px;'><b>黄芪</b></div>,中药学::常见药 大纲第1部分:: 补益药::补气药,2,性味归经::性[[微温]]；味[[甘]]；归[[脾、肺]]经<br>###功效::① [[补气升阳]]；<br>② [[固表止汗]]；<br>③ [[利水消肿]]；<br>④ [[生津养血]]；<br>⑤ [[行滞通痹]]；<br>⑥ [[托毒排脓]]；<br>⑦ [[敛疮生肌]]<br>###主治::① [[脾胃气虚及中气下陷诸证：气虚乏力，食少便溏，久泻脱肛，便血崩漏]]；<br>② [[肺气虚，咳喘气短]]；<br>③ [[表虚自汗【*···::益卫固表以止汗*】，盗汗，气虚外感]]；<br>④ [[气虚浮肿，小便不利]]；<br>⑤ [[血虚证【*···::萎黄*】，气血两虚证]]；<br>⑥ [[内热消渴证【*···::生津止渴*】]]；<br>⑦ [[气虚血滞，肢体麻木，半身不遂、关节痹痛]]；<br>⑧ [[气血亏虚，痈疽难溃或久溃不敛]]；<br>⑨ [[补脾气要药，尤善中气下陷，气虚水肿要药，补气之长，补脾肺卫气、固表、补血、生津]],性味归经::性[[微温]]；味[[甘]]；归[[脾、肺]]经<br>###功效::① [[补气升阳]]；<br>② [[固表止汗]]；<br>③ [[利水消肿]]；<br>④ [[生津养血]]；<br>⑤ [[行滞通痹]]；<br>⑥ [[托毒排脓]]；<br>⑦ [[敛疮生肌]]<br>###主治::① [[脾胃气虚及中气下陷诸证：气虚乏力，食少便溏，久泻脱肛，便血崩漏]]；<br>② [[肺气虚，咳喘气短]]；<br>③ [[表虚自汗【*···::益卫固表以止汗*】，盗汗，气虚外感]]；<br>④ [[气虚浮肿，小便不利]]；<br>⑤ [[血虚证【*···::萎黄*】，气血两虚证]]；<br>⑥ [[内热消渴证【*···::生津止渴*】]]；<br>⑦ [[气虚血滞，肢体麻木，半身不遂、关节痹痛]]；<br>⑧ [[气血亏虚，痈疽难溃或久溃不敛]]；<br>⑨ [[补脾气要药，尤善中气下陷，气虚水肿要药，补气之长，补脾肺卫气、固表、补血、生津]]
<div style='text-align: center; font-size: 24px;'><b>白术</b></div>,中药学::常见药 大纲第1部分:: 补益药::补气药,2,性味归经::性[[温]]；味[[甘苦]]；归[[脾胃]]经<br>###功效::① [[补气健脾]]；<br>② [[燥湿利水]]；<br>③ [[止汗]]；<br>④ [[安胎]]<br>###主治::① [[脾气虚证，食少倦怠，腹胀泄泻]]；<br>② [[痰饮眩悸，水肿带下]]；<br>③ [[气虚自汗【*···::固表止汗*】]]；<br>④ [[胎动不安【*···::益气健脾安胎*】]]；<br>⑤ [[脾脏补气健脾第一要药，补脾气+固表]],性味归经::性[[温]]；味[[甘苦]]；归[[脾胃]]经<br>###功效::① [[补气健脾]]；<br>② [[燥湿利水]]；<br>③ [[止汗]]；<br>④ [[安胎]]<br>###主治::① [[脾气虚证，食少倦怠，腹胀泄泻]]；<br>② [[痰饮眩悸，水肿带下]]；<br>③ [[气虚自汗【*···::固表止汗*】]]；<br>④ [[胎动不安【*···::益气健脾安胎*】]]；<br>⑤ [[脾脏补气健脾第一要药，补脾气+固表]]
<div style='text-align: center; font-size: 24px;'><b>山药</b></div>,中药学::常见药 大纲第1部分:: 补益药::补气药,2,性味归经::性[[平]]；味[[甘]]；归[[脾肺肾]]经<br>###功效::① [[益气养阴]]；<br>② [[补脾养胃]]；<br>③ [[生津益肺]]；<br>④ [[补肾涩精]]；<br>⑤ [[止带]]；<br>⑥ [[止泻]]<br>###主治::① [[脾虚所致食少久泻、白带过多]]；<br>② [[肺虚喘咳]]；<br>③ [[肾虚所致遗精、带下、尿频]]；<br>④ [[消渴气阴两虚证【*···::虚热消渴*】]]；<br>⑤ [[补脾肺肾气阴]]；<br>⑥ [[平补气阴，不热不燥，补而不腻]],性味归经::性[[平]]；味[[甘]]；归[[脾肺肾]]经<br>###功效::① [[益气养阴]]；<br>② [[补脾养胃]]；<br>③ [[生津益肺]]；<br>④ [[补肾涩精]]；<br>⑤ [[止带]]；<br>⑥ [[止泻]]<br>###主治::① [[脾虚所致食少久泻、白带过多]]；<br>② [[肺虚喘咳]]；<br>③ [[肾虚所致遗精、带下、尿频]]；<br>④ [[消渴气阴两虚证【*···::虚热消渴*】]]；<br>⑤ [[补脾肺肾气阴]]；<br>⑥ [[平补气阴，不热不燥，补而不腻]]
<div style='text-align: center; font-size: 24px;'><b>甘草</b></div>,中药学::常见药 大纲第1部分:: 补益药::补气药,2,"性味归经::性[[平]]；味[[甘]]；归[[心肺脾胃]]经<br>###功效::① [[补脾益气]]；<br>② [[清热解毒]]；<br>③ [[祛痰止咳]]；<br>④ [[缓急止痛]]；<br>⑤ [[调和诸药]]<br>###主治::① [[脾气虚弱，倦怠乏力]]；<br>② [[心气不足的心动悸，脉结代]]；<br>③ [[热毒疮疡，咽喉肿痛【*···::热毒证*】]]；<br>④ [[痰多咳嗽【*···::寒热虚实多种咳喘，有痰无痰均宜*】]]；<br>⑤ [[脘腹及四肢挛急作痛]]；<br>⑥ [[缓解药物毒性、烈性【*···::""国老""""补脾心气""*】]]","性味归经::性[[平]]；味[[甘]]；归[[心肺脾胃]]经<br>###功效::① [[补脾益气]]；<br>② [[清热解毒]]；<br>③ [[祛痰止咳]]；<br>④ [[缓急止痛]]；<br>⑤ [[调和诸药]]<br>###主治::① [[脾气虚弱，倦怠乏力]]；<br>② [[心气不足的心动悸，脉结代]]；<br>③ [[热毒疮疡，咽喉肿痛【*···::热毒证*】]]；<br>④ [[痰多咳嗽【*···::寒热虚实多种咳喘，有痰无痰均宜*】]]；<br>⑤ [[脘腹及四肢挛急作痛]]；<br>⑥ [[缓解药物毒性、烈性【*···::""国老""""补脾心气""*】]]"
<div style='text-align: center; font-size: 24px;'><b>鹿茸</b></div>,中药学::常见药 大纲第1部分:: 补益药::补阳药,2,性味归经::性[[温]]；味[[甘咸]]；归[[肾、肝]]经<br>###功效::① [[壮肾阳]]；<br>② [[益精血]]；<br>③ [[强筋骨]]；<br>④ [[调冲任]]；<br>⑤ [[托疮毒]]<br>###主治::① [[肾阳虚衰，精血亏虚证，阳痿遗精，宫冷不孕，眩晕，耳鸣耳聋，羸瘦，神疲，畏寒]]；<br>② [[肾虚或肝肾亏虚，腰脊冷痛，筋骨痿软，小儿发育迟缓，齿迟、行迟、囟门闭合迟，骨折后期愈合不良]]；<br>③ [[冲任虚寒，崩漏带下【*···::固冲止带*】]]；<br>④ [[阴疽疮疡，内陷不起或久溃不敛【*···::峻补之品，补阳力强，补肾阳+补精血*】]],性味归经::性[[温]]；味[[甘咸]]；归[[肾、肝]]经<br>###功效::① [[壮肾阳]]；<br>② [[益精血]]；<br>③ [[强筋骨]]；<br>④ [[调冲任]]；<br>⑤ [[托疮毒]]<br>###主治::① [[肾阳虚衰，精血亏虚证，阳痿遗精，宫冷不孕，眩晕，耳鸣耳聋，羸瘦，神疲，畏寒]]；<br>② [[肾虚或肝肾亏虚，腰脊冷痛，筋骨痿软，小儿发育迟缓，齿迟、行迟、囟门闭合迟，骨折后期愈合不良]]；<br>③ [[冲任虚寒，崩漏带下【*···::固冲止带*】]]；<br>④ [[阴疽疮疡，内陷不起或久溃不敛【*···::峻补之品，补阳力强，补肾阳+补精血*】]]
<div style='text-align: center; font-size: 24px;'><b>淫羊藿</b></div>,中药学::常见药 大纲第1部分:: 补益药::补阳药,2,性味归经::性[[温]]；味[[辛甘]]；归[[肝肾]]经<br>###功效::① [[补肾阳]]；<br>② [[强筋骨]]；<br>③ [[祛风湿]]<br>###主治::① [[肾阳虚衰，阳痿遗精，筋骨痿软【*···::长于壮阳起痿*】]]；<br>② [[肝肾不足或风寒湿痹，麻木拘挛【*···::久病累及肝肾或素体肾虚尤宜]]；<br>③ [[补肾阳+补肝肾*】]],性味归经::性[[温]]；味[[辛甘]]；归[[肝肾]]经<br>###功效::① [[补肾阳]]；<br>② [[强筋骨]]；<br>③ [[祛风湿]]<br>###主治::① [[肾阳虚衰，阳痿遗精，筋骨痿软【*···::长于壮阳起痿*】]]；<br>② [[肝肾不足或风寒湿痹，麻木拘挛【*···::久病累及肝肾或素体肾虚尤宜]]；<br>③ [[补肾阳+补肝肾*】]]
<div style='text-align: center; font-size: 24px;'><b>巴戟天</b></div>,中药学::常见药 大纲第1部分:: 补益药::补阳药,2,性味归经::性[[微温]]；味[[甘辛]]；归[[肝、肾]]经<br>###功效::① [[补肾阳]]；<br>② [[强筋骨]]；<br>③ [[祛风湿]]；<br>④ [[益精血]]<br>###主治::① [[肾阳虚弱，精血不足证，阳痿遗精，宫冷不孕，月经不调，少腹冷痛]]；<br>② [[肝肾不足或风湿久痹，筋骨痿软【*···::补肾阳+补精血+补肝肾*】]],性味归经::性[[微温]]；味[[甘辛]]；归[[肝、肾]]经<br>###功效::① [[补肾阳]]；<br>② [[强筋骨]]；<br>③ [[祛风湿]]；<br>④ [[益精血]]<br>###主治::① [[肾阳虚弱，精血不足证，阳痿遗精，宫冷不孕，月经不调，少腹冷痛]]；<br>② [[肝肾不足或风湿久痹，筋骨痿软【*···::补肾阳+补精血+补肝肾*】]]
<div style='text-align: center; font-size: 24px;'><b>杜仲</b></div>,中药学::常见药 大纲第1部分:: 补益药::补阳药,2,性味归经::性[[温]]；味[[甘]]；归[[肝、肾]]经<br>###功效::① [[补肝肾]]；<br>② [[强筋骨]]；<br>③ [[安胎]]<br>###主治::① [[腰膝酸痛，筋骨无力，头晕目眩]]；<br>② [[肝肾亏虚，妊娠漏血，胎动不安【*···::固冲任安胎*】]]；<br>③ [[肝肾虚寒，阳痿尿频]]；<br>④ [[肾虚腰痛要药，补肝肾、补肾阳]],性味归经::性[[温]]；味[[甘]]；归[[肝、肾]]经<br>###功效::① [[补肝肾]]；<br>② [[强筋骨]]；<br>③ [[安胎]]<br>###主治::① [[腰膝酸痛，筋骨无力，头晕目眩]]；<br>② [[肝肾亏虚，妊娠漏血，胎动不安【*···::固冲任安胎*】]]；<br>③ [[肝肾虚寒，阳痿尿频]]；<br>④ [[肾虚腰痛要药，补肝肾、补肾阳]]
<div style='text-align: center; font-size: 24px;'><b>续断</b></div>,中药学::常见药 大纲第1部分:: 补益药::补阳药,2,性味归经::性[[微温]]；味[[甘、苦、辛]]；归[[肝肾]]经<br>###功效::① [[补肝肾]]；<br>② [[强筋骨]]；<br>③ [[续折伤]]；<br>④ [[止崩漏]]；<br>⑤ [[安胎]]<br>###主治::① [[肝肾不足，腰膝酸软，风湿痹痛]]；<br>② [[跌扑损伤，筋伤骨折【*···::活血续伤，消肿止痛*】]]；<br>③ [[肝肾不足，崩漏胎漏，胎动不安【*···::固冲任安胎*】]]；<br>④ [[骨伤科要药，补肝肾]],性味归经::性[[微温]]；味[[甘、苦、辛]]；归[[肝肾]]经<br>###功效::① [[补肝肾]]；<br>② [[强筋骨]]；<br>③ [[续折伤]]；<br>④ [[止崩漏]]；<br>⑤ [[安胎]]<br>###主治::① [[肝肾不足，腰膝酸软，风湿痹痛]]；<br>② [[跌扑损伤，筋伤骨折【*···::活血续伤，消肿止痛*】]]；<br>③ [[肝肾不足，崩漏胎漏，胎动不安【*···::固冲任安胎*】]]；<br>④ [[骨伤科要药，补肝肾]]
<div style='text-align: center; font-size: 24px;'><b>菟丝子</b></div>,中药学::常见药 大纲第1部分:: 补益药::补阳药,2,性味归经::性[[平]]；味[[辛甘]]；归[[肝、肾、脾]]经<br>###功效::① [[补益肝肾]]；<br>② [[固精缩尿]]；<br>③ [[安胎]]；<br>④ [[明目]]；<br>⑤ [[止泻]]；<br>⑥ [[外用消风祛斑]]<br>###主治::① [[肝肾不足，腰膝酸软，阳痿遗精，遗尿尿频，带下等]]；<br>② [[肾虚胎漏，胎动不安【*···::补肝肾安胎*】]]；<br>③ [[肝肾不足，目昏耳鸣【*···::滋补肝肾、益精养血而明目*】]]；<br>④ [[脾肾虚泻【*···::补肾益脾止泻*】]]；<br>⑤ [[肾虚消渴【*···::补肾益精*】]]；<br>⑥ [[白癜风【*···::外用*】]]；<br>⑦ [[平补肝肾脾，平补阴阳，补肾阳精、肝肾、精血、脾阳，固精尿泻胎]],性味归经::性[[平]]；味[[辛甘]]；归[[肝、肾、脾]]经<br>###功效::① [[补益肝肾]]；<br>② [[固精缩尿]]；<br>③ [[安胎]]；<br>④ [[明目]]；<br>⑤ [[止泻]]；<br>⑥ [[外用消风祛斑]]<br>###主治::① [[肝肾不足，腰膝酸软，阳痿遗精，遗尿尿频，带下等]]；<br>② [[肾虚胎漏，胎动不安【*···::补肝肾安胎*】]]；<br>③ [[肝肾不足，目昏耳鸣【*···::滋补肝肾、益精养血而明目*】]]；<br>④ [[脾肾虚泻【*···::补肾益脾止泻*】]]；<br>⑤ [[肾虚消渴【*···::补肾益精*】]]；<br>⑥ [[白癜风【*···::外用*】]]；<br>⑦ [[平补肝肾脾，平补阴阳，补肾阳精、肝肾、精血、脾阳，固精尿泻胎]]
<div style='text-align: center; font-size: 24px;'><b>补骨脂</b></div>,中药学::常见药 大纲第1部分:: 补益药::补阳药,2,性味归经::性[[温]]；味[[辛、苦]]；归[[脾、肾]]经<br>###功效::① [[温肾助阳]]；<br>② [[纳气平喘]]；<br>③ [[温脾止泻]]；<br>④ [[固精缩尿]]；<br>⑤ [[外用消风祛斑]]<br>###主治::① [[肾阳不足，阳痿不孕，腰膝冷痛]]；<br>② [[肾虚遗精滑精，遗尿尿频]]；<br>③ [[肾虚作喘]]；<br>④ [[脾肾阳虚，五更泄泻]]；<br>⑤ [[白癜风，斑秃]]；<br>⑥ [[【*···::脾肾阳虚下元不固要药，收涩，补肾阳+脾阳，固精+缩尿+止泻*】]],性味归经::性[[温]]；味[[辛、苦]]；归[[脾、肾]]经<br>###功效::① [[温肾助阳]]；<br>② [[纳气平喘]]；<br>③ [[温脾止泻]]；<br>④ [[固精缩尿]]；<br>⑤ [[外用消风祛斑]]<br>###主治::① [[肾阳不足，阳痿不孕，腰膝冷痛]]；<br>② [[肾虚遗精滑精，遗尿尿频]]；<br>③ [[肾虚作喘]]；<br>④ [[脾肾阳虚，五更泄泻]]；<br>⑤ [[白癜风，斑秃]]；<br>⑥ [[【*···::脾肾阳虚下元不固要药，收涩，补肾阳+脾阳，固精+缩尿+止泻*】]]
<div style='text-align: center; font-size: 24px;'><b>紫河车</b></div>,中药学::常见药 大纲第1部分:: 补益药::补阳药,2,性味归经::性[[温]]；味[[甘咸]]；归[[肺肝肾]]经<br>###功效::① [[温肾补精]]；<br>② [[益气养血]]；<br>③ [[补肺气]]；<br>④ [[纳气平喘]]<br>###主治::① [[肾阳不足，精血亏虚，阳痿遗精，宫冷不孕，虚劳羸瘦]]；<br>② [[肺肾两虚，久咳虚喘，骨蒸劳嗽]]；<br>③ [[气血两虚，产后少乳，面色萎黄，食少气短，或癫痫久发不止【*···::养阴力强，大补气血，补肾阳、肺气、精血*】]],性味归经::性[[温]]；味[[甘咸]]；归[[肺肝肾]]经<br>###功效::① [[温肾补精]]；<br>② [[益气养血]]；<br>③ [[补肺气]]；<br>④ [[纳气平喘]]<br>###主治::① [[肾阳不足，精血亏虚，阳痿遗精，宫冷不孕，虚劳羸瘦]]；<br>② [[肺肾两虚，久咳虚喘，骨蒸劳嗽]]；<br>③ [[气血两虚，产后少乳，面色萎黄，食少气短，或癫痫久发不止【*···::养阴力强，大补气血，补肾阳、肺气、精血*】]]
<div style='text-align: center; font-size: 24px;'><b>肉苁蓉</b></div>,中药学::常见药 大纲第1部分:: 补益药::补阳药,2,性味归经::性[[温]]；味[[甘咸]]；归[[肾、大肠]]经<br>###功效::① [[补肾阳]]；<br>② [[益精血]]；<br>③ [[润肠通便]]<br>###主治::① [[肾阳不足，精血亏虚证，阳痿不孕，腰膝酸软，筋骨无力]]；<br>② [[肠燥便秘【*···::老人虚人精血虚，温而不燥，补而不腻，暖而不燥，滑而不泄，从容，补肾阳+精血*】]],性味归经::性[[温]]；味[[甘咸]]；归[[肾、大肠]]经<br>###功效::① [[补肾阳]]；<br>② [[益精血]]；<br>③ [[润肠通便]]<br>###主治::① [[肾阳不足，精血亏虚证，阳痿不孕，腰膝酸软，筋骨无力]]；<br>② [[肠燥便秘【*···::老人虚人精血虚，温而不燥，补而不腻，暖而不燥，滑而不泄，从容，补肾阳+精血*】]]
<div style='text-align: center; font-size: 24px;'><b>蛤蚧</b></div>,中药学::常见药 大纲第1部分:: 补益药::补阳药,2,性味归经::性[[平]]；味[[咸]]；归[[肺、肾]]经<br>###功效::① [[补肺益肾]]；<br>② [[纳气定喘]]；<br>③ [[助阳益精]]<br>###主治::① [[肺肾虚喘，劳嗽咯血【*···::肺肾两虚，肾不纳气为宜*】]]；<br>② [[阳痿，遗精【*···::补肾阳、益肺气、补精血*】]],性味归经::性[[平]]；味[[咸]]；归[[肺、肾]]经<br>###功效::① [[补肺益肾]]；<br>② [[纳气定喘]]；<br>③ [[助阳益精]]<br>###主治::① [[肺肾虚喘，劳嗽咯血【*···::肺肾两虚，肾不纳气为宜*】]]；<br>② [[阳痿，遗精【*···::补肾阳、益肺气、补精血*】]]
<div style='text-align: center; font-size: 24px;'><b>冬虫夏草</b></div>,中药学::常见药 大纲第1部分:: 补益药::补阳药,2,性味归经::性[[平]]；味[[甘]]；归[[肺、肾]]经<br>###功效::① [[补肾益肺]]；<br>② [[止血化痰]]；<br>③ [[固本益卫]]<br>###主治::① [[肾虚精亏，阳痿遗精，腰膝酸痛]]；<br>② [[久咳虚喘，劳嗽咯血]]；<br>③ [[病后体虚不复或自汗恶寒【*···::平补肺肾之品，可补肾阳、益精血、补肺气、补肺阴，改善体虚*】]],性味归经::性[[平]]；味[[甘]]；归[[肺、肾]]经<br>###功效::① [[补肾益肺]]；<br>② [[止血化痰]]；<br>③ [[固本益卫]]<br>###主治::① [[肾虚精亏，阳痿遗精，腰膝酸痛]]；<br>② [[久咳虚喘，劳嗽咯血]]；<br>③ [[病后体虚不复或自汗恶寒【*···::平补肺肾之品，可补肾阳、益精血、补肺气、补肺阴，改善体虚*】]]
<div style='text-align: center; font-size: 24px;'><b>当归</b></div>,中药学::常见药 大纲第1部分:: 补益药::补血药,2,性味归经::性[[温]]；味[[甘辛]]；归[[肝、心、脾]]经<br>###功效::① [[补血活血]]；<br>② [[调经止痛]]；<br>③ [[润肠通便]]<br>###主治::① [[血虚诸症，血虚萎黄，眩晕心悸【*···::补血之圣药，配芪、参治气血两虚*】]]；<br>② [[血虚、血瘀之月经不调，经闭痛经【*···::血中之气药，亦血中之圣药，妇科补血活血、调经止痛之要药，尤用于血虚、血瘀有寒者*】]]；<br>③ [[虚寒腹痛，风湿痹痛，跌扑损伤，痈疽疮疡【*···::疮疡初起、肿胀疼痛]]；<br>④ [[痈疽溃后不敛]]；<br>⑤ [[脱疽溃烂，阴血伤败，补血活血、散寒止痛*】]]；<br>⑥ [[血虚肠燥便秘【*···::补血以润肠通便*】]],性味归经::性[[温]]；味[[甘辛]]；归[[肝、心、脾]]经<br>###功效::① [[补血活血]]；<br>② [[调经止痛]]；<br>③ [[润肠通便]]<br>###主治::① [[血虚诸症，血虚萎黄，眩晕心悸【*···::补血之圣药，配芪、参治气血两虚*】]]；<br>② [[血虚、血瘀之月经不调，经闭痛经【*···::血中之气药，亦血中之圣药，妇科补血活血、调经止痛之要药，尤用于血虚、血瘀有寒者*】]]；<br>③ [[虚寒腹痛，风湿痹痛，跌扑损伤，痈疽疮疡【*···::疮疡初起、肿胀疼痛]]；<br>④ [[痈疽溃后不敛]]；<br>⑤ [[脱疽溃烂，阴血伤败，补血活血、散寒止痛*】]]；<br>⑥ [[血虚肠燥便秘【*···::补血以润肠通便*】]]
<div style='text-align: center; font-size: 24px;'><b>熟地黄</b></div>,中药学::常见药 大纲第1部分:: 补益药::补血药,2,性味归经::性[[微温]]；味[[甘]]；归[[肝肾]]经<br>###功效::① [[补血滋阴]]；<br>② [[益精填髓]]<br>###主治::① [[血虚诸症，血虚萎黄，心悸怔忡，月经不调，崩漏下血]]；<br>② [[肝肾阴虚诸证，腰膝酸软，骨蒸潮热，盗汗遗精，内热消渴]]；<br>③ [[肝肾不足，精血亏虚，眩晕耳鸣，须发早白，五迟五软]]；<br>④ [[可滋补肝肾阴血，大补血虚不足，大补五脏真阴，大补阴水，补血兼补肝肾阴、精血]],性味归经::性[[微温]]；味[[甘]]；归[[肝肾]]经<br>###功效::① [[补血滋阴]]；<br>② [[益精填髓]]<br>###主治::① [[血虚诸症，血虚萎黄，心悸怔忡，月经不调，崩漏下血]]；<br>② [[肝肾阴虚诸证，腰膝酸软，骨蒸潮热，盗汗遗精，内热消渴]]；<br>③ [[肝肾不足，精血亏虚，眩晕耳鸣，须发早白，五迟五软]]；<br>④ [[可滋补肝肾阴血，大补血虚不足，大补五脏真阴，大补阴水，补血兼补肝肾阴、精血]]
<div style='text-align: center; font-size: 24px;'><b>白芍</b></div>,中药学::常见药 大纲第1部分:: 补益药::补血药,2,性味归经::性[[微寒]]；味[[苦酸]]；归[[肝、脾]]经<br>###功效::① [[养血调经]]；<br>② [[敛阴止汗]]；<br>③ [[柔肝止痛]]；<br>④ [[平抑肝阳]]<br>###主治::① [[血虚萎黄，月经不调，崩漏]]；<br>② [[自汗，盗汗【*···::“止汗佳品”*】]]；<br>③ [[胁痛，腹痛，四肢挛痛]]；<br>④ [[肝阳上亢证，头痛眩晕【*···::“补肝血阴”*】]],性味归经::性[[微寒]]；味[[苦酸]]；归[[肝、脾]]经<br>###功效::① [[养血调经]]；<br>② [[敛阴止汗]]；<br>③ [[柔肝止痛]]；<br>④ [[平抑肝阳]]<br>###主治::① [[血虚萎黄，月经不调，崩漏]]；<br>② [[自汗，盗汗【*···::“止汗佳品”*】]]；<br>③ [[胁痛，腹痛，四肢挛痛]]；<br>④ [[肝阳上亢证，头痛眩晕【*···::“补肝血阴”*】]]
<div style='text-align: center; font-size: 24px;'><b>何首乌</b></div>,中药学::常见药 大纲第1部分:: 补益药::补血药,2,性味归经::性[[微温]]；味[[甘、苦、涩]]；归[[肝、心、肾]]经<br>###功效::① [[生首乌解毒消痈]]；<br>② [[截疟]]；<br>③ [[润肠通便]]；<br>④ [[制首乌补肝肾]]；<br>⑤ [[益精血]]；<br>⑥ [[乌须发]]；<br>⑦ [[强筋骨]]；<br>⑧ [[化浊降脂]]<br>###主治::① [[血虚诸证，血虚萎黄，两目干涩，视力减退]]；<br>② [[精血亏虚诸证，眩晕耳鸣，须发早白，腰膝酸软，肢体麻木，崩漏带下]]；<br>③ [[久疟不止，气血虚弱]]；<br>④ [[疮痈，瘰疬及风疹瘙痒]]；<br>⑤ [[肠燥便秘证]]；<br>⑥ [[高脂血症]]；<br>⑦ [[【*···::制首乌不寒不燥不腻，滋补良药]]；<br>⑧ [[尤善乌须发]]；<br>⑨ [[补肝肾、益精血*】]],性味归经::性[[微温]]；味[[甘、苦、涩]]；归[[肝、心、肾]]经<br>###功效::① [[生首乌解毒消痈]]；<br>② [[截疟]]；<br>③ [[润肠通便]]；<br>④ [[制首乌补肝肾]]；<br>⑤ [[益精血]]；<br>⑥ [[乌须发]]；<br>⑦ [[强筋骨]]；<br>⑧ [[化浊降脂]]<br>###主治::① [[血虚诸证，血虚萎黄，两目干涩，视力减退]]；<br>② [[精血亏虚诸证，眩晕耳鸣，须发早白，腰膝酸软，肢体麻木，崩漏带下]]；<br>③ [[久疟不止，气血虚弱]]；<br>④ [[疮痈，瘰疬及风疹瘙痒]]；<br>⑤ [[肠燥便秘证]]；<br>⑥ [[高脂血症]]；<br>⑦ [[【*···::制首乌不寒不燥不腻，滋补良药]]；<br>⑧ [[尤善乌须发]]；<br>⑨ [[补肝肾、益精血*】]]
<div style='text-align: center; font-size: 24px;'><b>阿胶</b></div>,中药学::常见药 大纲第1部分:: 补益药::补血药,2,性味归经::性[[平]]；味[[甘]]；归[[肺、肝、肾]]经<br>###功效::① [[补血]]；<br>② [[滋阴]]；<br>③ [[润燥]]；<br>④ [[止血]]<br>###主治::① [[血虚证见血虚萎黄、眩晕心悸、肌痿无力，失血导致血虚者尤宜]]；<br>② [[阴虚证见热病伤阴、心烦不眠、虚风内动、手足瘈疭]]；<br>③ [[出血证见吐血、尿血、便血、崩漏、妊娠胎漏，出血而兼阴虚、血虚者尤宜，可配伍治阴虚血热吐衄、肺破嗽血、血虚血寒妇人崩漏下血、中焦虚寒脾不统血之吐血、衄血、便血、崩漏]]；<br>④ [[肺燥咳嗽、劳嗽咯血，可补血滋阴]],性味归经::性[[平]]；味[[甘]]；归[[肺、肝、肾]]经<br>###功效::① [[补血]]；<br>② [[滋阴]]；<br>③ [[润燥]]；<br>④ [[止血]]<br>###主治::① [[血虚证见血虚萎黄、眩晕心悸、肌痿无力，失血导致血虚者尤宜]]；<br>② [[阴虚证见热病伤阴、心烦不眠、虚风内动、手足瘈疭]]；<br>③ [[出血证见吐血、尿血、便血、崩漏、妊娠胎漏，出血而兼阴虚、血虚者尤宜，可配伍治阴虚血热吐衄、肺破嗽血、血虚血寒妇人崩漏下血、中焦虚寒脾不统血之吐血、衄血、便血、崩漏]]；<br>④ [[肺燥咳嗽、劳嗽咯血，可补血滋阴]]
<div style='text-align: center; font-size: 24px;'><b>北沙参</b></div>,中药学::常见药 大纲第1部分:: 补益药::补明药,2,"性味归经::性[[微寒]]；味[[甘、微苦]]；归[[肺、胃]]经<br>###功效::① [[养阴清肺]]；<br>② [[益胃生津]]<br>###主治::① [[肺阴虚证，肺热燥咳，劳嗽痰血]]；<br>② [[胃阴虚证，热病津伤，咽干口渴【*···::""清肺胃热""""补肺胃阴+生津""*】]]","性味归经::性[[微寒]]；味[[甘、微苦]]；归[[肺、胃]]经<br>###功效::① [[养阴清肺]]；<br>② [[益胃生津]]<br>###主治::① [[肺阴虚证，肺热燥咳，劳嗽痰血]]；<br>② [[胃阴虚证，热病津伤，咽干口渴【*···::""清肺胃热""""补肺胃阴+生津""*】]]"
<div style='text-align: center; font-size: 24px;'><b>南沙参</b></div>,中药学::常见药 大纲第1部分:: 补益药::补明药,2,性味归经::性[[微寒]]；味[[甘]]；归[[肺、胃]]经<br>###功效::① [[养阴清肺]]；<br>② [[益胃生津]]；<br>③ [[化痰]]；<br>④ [[益气]]<br>###主治::① [[肺阴虚证，肺热燥咳，阴虚劳嗽，干咳痰黏]]；<br>② [[胃阴虚证，食少呕吐，气阴不足，烦热口干，尤宜于热病后期气阴两虚而余热未清不受温补]],性味归经::性[[微寒]]；味[[甘]]；归[[肺、胃]]经<br>###功效::① [[养阴清肺]]；<br>② [[益胃生津]]；<br>③ [[化痰]]；<br>④ [[益气]]<br>###主治::① [[肺阴虚证，肺热燥咳，阴虚劳嗽，干咳痰黏]]；<br>② [[胃阴虚证，食少呕吐，气阴不足，烦热口干，尤宜于热病后期气阴两虚而余热未清不受温补]]
<div style='text-align: center; font-size: 24px;'><b>麦冬</b></div>,中药学::常见药 大纲第1部分:: 补益药::补明药,2,性味归经::性[[微寒]]；味[[甘微苦]]；归[[肺、胃、心]]经<br>###功效::① [[养阴润肺]]；<br>② [[益胃生津]]；<br>③ [[清心除烦]]<br>###主治::① [[胃阴虚证，津伤口渴，内热消渴，肠燥便秘]]；<br>② [[肺阴虚证，肺燥干咳，阴虚劳嗽，喉痹咽痛]]；<br>③ [[心阴虚及温热病热扰心营，心烦失眠【*···::以养胃阴生津液为佳]]；<br>④ [[清肺胃心热]]；<br>⑤ [[补肺胃心阴+生津*】]],性味归经::性[[微寒]]；味[[甘微苦]]；归[[肺、胃、心]]经<br>###功效::① [[养阴润肺]]；<br>② [[益胃生津]]；<br>③ [[清心除烦]]<br>###主治::① [[胃阴虚证，津伤口渴，内热消渴，肠燥便秘]]；<br>② [[肺阴虚证，肺燥干咳，阴虚劳嗽，喉痹咽痛]]；<br>③ [[心阴虚及温热病热扰心营，心烦失眠【*···::以养胃阴生津液为佳]]；<br>④ [[清肺胃心热]]；<br>⑤ [[补肺胃心阴+生津*】]]
<div style='text-align: center; font-size: 24px;'><b>天冬</b></div>,中药学::常见药 大纲第1部分:: 补益药::补明药,2,性味归经::性[[寒]]；味[[甘、苦]]；归[[肺、肾]]经<br>###功效::① [[养阴润燥]]；<br>② [[清肺生津]]<br>###主治::① [[肺阴虚证，肺燥干咳，顿咳痰黏，劳嗽咳血]]；<br>② [[肾阴虚证，腰膝酸痛，骨蒸潮热【*···::滋肾阴，兼能降虚火*】]]；<br>③ [[热病伤津所致食欲不振、口渴、肠燥便秘及消渴]],性味归经::性[[寒]]；味[[甘、苦]]；归[[肺、肾]]经<br>###功效::① [[养阴润燥]]；<br>② [[清肺生津]]<br>###主治::① [[肺阴虚证，肺燥干咳，顿咳痰黏，劳嗽咳血]]；<br>② [[肾阴虚证，腰膝酸痛，骨蒸潮热【*···::滋肾阴，兼能降虚火*】]]；<br>③ [[热病伤津所致食欲不振、口渴、肠燥便秘及消渴]]
<div style='text-align: center; font-size: 24px;'><b>玉竹</b></div>,中药学::常见药 大纲第1部分:: 补益药::补明药,2,"性味归经::性[[微寒]]；味[[甘]]；归[[肺、胃]]经<br>###功效::① [[养阴润燥]]；<br>② [[生津止渴]]<br>###主治::① [[肺阴虚证，燥热咳嗽]]；<br>② [[胃阴虚证，咽干口渴、内热消渴]]；<br>③ [[阴虚外感【*···::""清肺胃热""""养阴不滋腻恋邪""""补肺胃阴+生津""*】]]","性味归经::性[[微寒]]；味[[甘]]；归[[肺、胃]]经<br>###功效::① [[养阴润燥]]；<br>② [[生津止渴]]<br>###主治::① [[肺阴虚证，燥热咳嗽]]；<br>② [[胃阴虚证，咽干口渴、内热消渴]]；<br>③ [[阴虚外感【*···::""清肺胃热""""养阴不滋腻恋邪""""补肺胃阴+生津""*】]]"
<div style='text-align: center; font-size: 24px;'><b>石斛</b></div>,中药学::常见药 大纲第1部分:: 补益药::补明药,2,性味归经::性[[微寒]]；味[[甘]]；归[[胃、肾]]经<br>###功效::① [[益胃生津]]；<br>② [[滋阴清热]]<br>###主治::① [[胃阴虚证，热病津伤，口干烦渴，食少干呕，病后虚热不退]]；<br>② [[肾阴虚证，目暗不明，筋骨痿软，阴虚火旺，骨蒸劳热]]；<br>③ [[本品为胃阴不足佳品，兼虚热尤宜，可清胃热与虚热，补胃肾阴生津]],性味归经::性[[微寒]]；味[[甘]]；归[[胃、肾]]经<br>###功效::① [[益胃生津]]；<br>② [[滋阴清热]]<br>###主治::① [[胃阴虚证，热病津伤，口干烦渴，食少干呕，病后虚热不退]]；<br>② [[肾阴虚证，目暗不明，筋骨痿软，阴虚火旺，骨蒸劳热]]；<br>③ [[本品为胃阴不足佳品，兼虚热尤宜，可清胃热与虚热，补胃肾阴生津]]
<div style='text-align: center; font-size: 24px;'><b>百合</b></div>,中药学::常见药 大纲第1部分:: 补益药::补明药,2,性味归经::性[[寒]]；味[[甘]]；归[[肺、心]]经<br>###功效::① [[养阴润肺]]；<br>② [[清心安神]]；<br>③ [[养胃阴]]；<br>④ [[清胃热]]<br>###主治::① [[肺阴虚证，阴虚燥咳，劳嗽痰血]]；<br>② [[心阴虚证，虚烦惊悸，失眠多梦，精神恍惚]]；<br>③ [[胃阴虚热之胃脘疼痛]]；<br>④ [[热病余热未清心烦失眠常用]]；<br>⑤ [[清肺心胃热]]；<br>⑥ [[补心肺胃阴]],性味归经::性[[寒]]；味[[甘]]；归[[肺、心]]经<br>###功效::① [[养阴润肺]]；<br>② [[清心安神]]；<br>③ [[养胃阴]]；<br>④ [[清胃热]]<br>###主治::① [[肺阴虚证，阴虚燥咳，劳嗽痰血]]；<br>② [[心阴虚证，虚烦惊悸，失眠多梦，精神恍惚]]；<br>③ [[胃阴虚热之胃脘疼痛]]；<br>④ [[热病余热未清心烦失眠常用]]；<br>⑤ [[清肺心胃热]]；<br>⑥ [[补心肺胃阴]]
<div style='text-align: center; font-size: 24px;'><b>黄精</b></div>,中药学::常见药 大纲第1部分:: 补益药::补明药,2,性味归经::性[[平]]；味[[甘]]；归[[脾肺肾]]经<br>###功效::① [[补气养阴]]；<br>② [[健脾润肺]]；<br>③ [[益肾]]<br>###主治::① [[肺虚燥咳，劳嗽咳血【*···::肺之气阴两伤，干咳少痰*】]]；<br>② [[或肺肾阴虚之劳嗽久咳]]；<br>③ [[脾胃虚弱，体倦乏力，胃阴不足，口干食少]]；<br>④ [[肾精亏虚，精血不足，腰膝酸软，须发早白，内热消渴【*···::补脾肺肾阴、脾肺气、肝肾、精血*】]],性味归经::性[[平]]；味[[甘]]；归[[脾肺肾]]经<br>###功效::① [[补气养阴]]；<br>② [[健脾润肺]]；<br>③ [[益肾]]<br>###主治::① [[肺虚燥咳，劳嗽咳血【*···::肺之气阴两伤，干咳少痰*】]]；<br>② [[或肺肾阴虚之劳嗽久咳]]；<br>③ [[脾胃虚弱，体倦乏力，胃阴不足，口干食少]]；<br>④ [[肾精亏虚，精血不足，腰膝酸软，须发早白，内热消渴【*···::补脾肺肾阴、脾肺气、肝肾、精血*】]]
<div style='text-align: center; font-size: 24px;'><b>枸杞子</b></div>,中药学::常见药 大纲第1部分:: 补益药::补明药,2,性味归经::性[[平]]；味[[甘]]；归[[肝、肾]]经<br>###功效::① [[滋补肝肾]]；<br>② [[益精明目]]；<br>③ [[补血]]<br>###主治::① [[肝肾亏虚【*···::阴虚*】，精血不足，虚劳精亏，腰膝酸痛，眩晕耳鸣，阳痿遗精，内热消渴，目昏不明]]；<br>② [[阴虚劳嗽]]；<br>③ [[血虚萎黄，失眠多梦，头昏耳鸣【*···::补肝肾阴虚，肾精肝血]]；<br>④ [[肝肾真阴不足，劳乏内热补益之药*】]],性味归经::性[[平]]；味[[甘]]；归[[肝、肾]]经<br>###功效::① [[滋补肝肾]]；<br>② [[益精明目]]；<br>③ [[补血]]<br>###主治::① [[肝肾亏虚【*···::阴虚*】，精血不足，虚劳精亏，腰膝酸痛，眩晕耳鸣，阳痿遗精，内热消渴，目昏不明]]；<br>② [[阴虚劳嗽]]；<br>③ [[血虚萎黄，失眠多梦，头昏耳鸣【*···::补肝肾阴虚，肾精肝血]]；<br>④ [[肝肾真阴不足，劳乏内热补益之药*】]]
<div style='text-align: center; font-size: 24px;'><b>墨旱莲</b></div>,中药学::常见药 大纲第1部分:: 补益药::补明药,2,性味归经::性[[寒]]；味[[甘酸]]；归[[肝、肾]]经<br>###功效::① [[滋补肝肾]]；<br>② [[凉血止血]]<br>###主治::① [[肝肾阴虚证，牙齿松动，须发早白，眩晕耳鸣，腰膝酸软]]；<br>② [[出血证，阴虚血热吐血，衄血，尿血，血痢，崩漏下血，外伤出血【*···::补肝肾阴]]；<br>③ [[固齿乌须发*】]],性味归经::性[[寒]]；味[[甘酸]]；归[[肝、肾]]经<br>###功效::① [[滋补肝肾]]；<br>② [[凉血止血]]<br>###主治::① [[肝肾阴虚证，牙齿松动，须发早白，眩晕耳鸣，腰膝酸软]]；<br>② [[出血证，阴虚血热吐血，衄血，尿血，血痢，崩漏下血，外伤出血【*···::补肝肾阴]]；<br>③ [[固齿乌须发*】]]
<div style='text-align: center; font-size: 24px;'><b>女贞子</b></div>,中药学::常见药 大纲第1部分:: 补益药::补明药,2,性味归经::性[[凉]]；味[[甘苦]]；归[[肝肾]]经<br>###功效::① [[滋补肝肾]]；<br>② [[明目乌发]]；<br>③ [[清虚热]]<br>###主治::① [[肝肾阴虚证]]；<br>② [[眩晕耳鸣]]；<br>③ [[腰膝酸软]]；<br>④ [[须发早白]]；<br>⑤ [[目暗不明]]；<br>⑥ [[内热消渴]]；<br>⑦ [[骨蒸潮热【*···::补肝肾阴、清虚热*】]],性味归经::性[[凉]]；味[[甘苦]]；归[[肝肾]]经<br>###功效::① [[滋补肝肾]]；<br>② [[明目乌发]]；<br>③ [[清虚热]]<br>###主治::① [[肝肾阴虚证]]；<br>② [[眩晕耳鸣]]；<br>③ [[腰膝酸软]]；<br>④ [[须发早白]]；<br>⑤ [[目暗不明]]；<br>⑥ [[内热消渴]]；<br>⑦ [[骨蒸潮热【*···::补肝肾阴、清虚热*】]]
<div style='text-align: center; font-size: 24px;'><b>龟甲</b></div>,中药学::常见药 大纲第1部分:: 补益药::补明药,2,性味归经::性[[微寒]]；味[[咸甘]]；归[[肝肾心]]经<br>###功效::① [[滋阴潜阳]]；<br>② [[益肾强骨]]；<br>③ [[养血补心]]；<br>④ [[固经止崩]]；<br>⑤ [[息风清热]]；<br>⑥ [[止血]]<br>###主治::① [[肝肾阴虚所致阴虚潮热、骨蒸盗汗、阴虚阳亢、头晕目眩、虚风内动【*···::退虚热*】]]；<br>② [[肾虚筋骨痿弱，囟门不合]]；<br>③ [[阴血亏虚之惊悸，失眠、健忘]]；<br>④ [[阴虚血热，崩漏经多【*···::固冲任，补肝肾阴+心血+养肝*】]],性味归经::性[[微寒]]；味[[咸甘]]；归[[肝肾心]]经<br>###功效::① [[滋阴潜阳]]；<br>② [[益肾强骨]]；<br>③ [[养血补心]]；<br>④ [[固经止崩]]；<br>⑤ [[息风清热]]；<br>⑥ [[止血]]<br>###主治::① [[肝肾阴虚所致阴虚潮热、骨蒸盗汗、阴虚阳亢、头晕目眩、虚风内动【*···::退虚热*】]]；<br>② [[肾虚筋骨痿弱，囟门不合]]；<br>③ [[阴血亏虚之惊悸，失眠、健忘]]；<br>④ [[阴虚血热，崩漏经多【*···::固冲任，补肝肾阴+心血+养肝*】]]
<div style='text-align: center; font-size: 24px;'><b>鳖甲</b></div>,中药学::常见药 大纲第1部分:: 补益药::补明药,2,性味归经::性[[微寒]]；味[[咸]]；归[[肝肾]]经<br>###功效::① [[滋阴潜阳]]；<br>② [[退热除蒸]]；<br>③ [[软坚散结]]；<br>④ [[息风]]<br>###主治::① [[肝肾阴虚，阴虚发热，骨蒸劳热，阴虚阳亢，头晕目眩，虚风内动，手足瘈疭【*···::退虚热力较龟甲强*】]]；<br>② [[经闭，癥瘕积聚，久疟疟母]]；<br>③ [[为阴虚发热、阴虚阳亢、阴虚动风之要药，可补肝肾之阴]],性味归经::性[[微寒]]；味[[咸]]；归[[肝肾]]经<br>###功效::① [[滋阴潜阳]]；<br>② [[退热除蒸]]；<br>③ [[软坚散结]]；<br>④ [[息风]]<br>###主治::① [[肝肾阴虚，阴虚发热，骨蒸劳热，阴虚阳亢，头晕目眩，虚风内动，手足瘈疭【*···::退虚热力较龟甲强*】]]；<br>② [[经闭，癥瘕积聚，久疟疟母]]；<br>③ [[为阴虚发热、阴虚阳亢、阴虚动风之要药，可补肝肾之阴]]
<div style='text-align: center; font-size: 24px;'><b>五味子</b></div>,中药学::常见药 大纲第1部分:: 收涩药::敛肺涩肠药,2,性味归经::性[[温]]；味[[酸、甘]]；归[[肺、心、肾]]经<br>###功效::① [[收敛固涩]]；<br>② [[益气生津]]；<br>③ [[补肾宁心]]<br>###主治::① [[久咳虚喘【*···::为治久咳虚喘之要药*】]]；<br>② [[自汗盗汗【*···::可敛肺止汗*】]]；<br>③ [[遗精滑精、遗尿尿频【*···::可固精缩尿*】]]；<br>④ [[久泻不止【*···::可涩肠止泻*】]]；<br>⑤ [[津伤口渴、消渴【*···::能益气生津止渴*】]]；<br>⑥ [[心悸、失眠、多梦【*···::可补心肾安神*】]]；<br>⑦ [[本品涩补兼备，上敛肺止咳，下滋肾阴涩精，外敛肺止汗，内涩肠止泻，可用于喘咳汗精尿泻]],性味归经::性[[温]]；味[[酸、甘]]；归[[肺、心、肾]]经<br>###功效::① [[收敛固涩]]；<br>② [[益气生津]]；<br>③ [[补肾宁心]]<br>###主治::① [[久咳虚喘【*···::为治久咳虚喘之要药*】]]；<br>② [[自汗盗汗【*···::可敛肺止汗*】]]；<br>③ [[遗精滑精、遗尿尿频【*···::可固精缩尿*】]]；<br>④ [[久泻不止【*···::可涩肠止泻*】]]；<br>⑤ [[津伤口渴、消渴【*···::能益气生津止渴*】]]；<br>⑥ [[心悸、失眠、多梦【*···::可补心肾安神*】]]；<br>⑦ [[本品涩补兼备，上敛肺止咳，下滋肾阴涩精，外敛肺止汗，内涩肠止泻，可用于喘咳汗精尿泻]]
<div style='text-align: center; font-size: 24px;'><b>乌梅</b></div>,中药学::常见药 大纲第1部分:: 收涩药::敛肺涩肠药,2,性味归经::性[[平]]；味[[酸、涩]]；归[[肝、脾、肺、大肠]]经<br>###功效::① [[敛肺涩肠]]；<br>② [[生津安蛔]]；<br>③ [[固崩止血]]；<br>④ [[外用消疮毒]]；<br>⑤ [[炒炭止血止泻]]<br>###主治::① [[肺虚久咳【*···::少痰或无痰*】]]；<br>② [[久泻久痢【常用】【*···::涩肠止泻痢*】]]；<br>③ [[蛔厥腹痛、呕吐【*···::安蛔止痛，和胃止呕*】]]；<br>④ [[虚热消渴【*···::生津止烦渴*】]]；<br>⑤ [[崩漏、便血]]；<br>⑥ [[胬肉外突、头疮【*···::外敷，“安蛔止痛良药”“咳泻痢崩血疮”*】]],性味归经::性[[平]]；味[[酸、涩]]；归[[肝、脾、肺、大肠]]经<br>###功效::① [[敛肺涩肠]]；<br>② [[生津安蛔]]；<br>③ [[固崩止血]]；<br>④ [[外用消疮毒]]；<br>⑤ [[炒炭止血止泻]]<br>###主治::① [[肺虚久咳【*···::少痰或无痰*】]]；<br>② [[久泻久痢【常用】【*···::涩肠止泻痢*】]]；<br>③ [[蛔厥腹痛、呕吐【*···::安蛔止痛，和胃止呕*】]]；<br>④ [[虚热消渴【*···::生津止烦渴*】]]；<br>⑤ [[崩漏、便血]]；<br>⑥ [[胬肉外突、头疮【*···::外敷，“安蛔止痛良药”“咳泻痢崩血疮”*】]]
<div style='text-align: center; font-size: 24px;'><b>诃子</b></div>,中药学::常见药 大纲第1部分:: 收涩药::敛肺涩肠药,2,性味归经::性[[平]]；味[[苦酸涩]]；归[[肺、大肠]]经<br>###功效::① [[涩肠止泻]]；<br>② [[敛肺止咳]]；<br>③ [[降火利咽]]<br>###主治::① [[久泻久痢，便血脱肛]]；<br>② [[肺虚喘咳，久嗽不止，咽痛失音【*···::治久泻久痢常用药，失音要药、喘咳泻痢血*】]],性味归经::性[[平]]；味[[苦酸涩]]；归[[肺、大肠]]经<br>###功效::① [[涩肠止泻]]；<br>② [[敛肺止咳]]；<br>③ [[降火利咽]]<br>###主治::① [[久泻久痢，便血脱肛]]；<br>② [[肺虚喘咳，久嗽不止，咽痛失音【*···::治久泻久痢常用药，失音要药、喘咳泻痢血*】]]
<div style='text-align: center; font-size: 24px;'><b>肉豆蔻</b></div>,中药学::常见药 大纲第1部分:: 收涩药::敛肺涩肠药,2,性味归经::性[[温]]；味[[辛]]；归[[脾胃、大肠]]经<br>###功效::① [[温中行气]]；<br>② [[涩肠止泻]]；<br>③ [[止痛]]<br>###主治::① [[虚寒泻痢]]；<br>② [[胃寒气滞，脘腹胀痛，食少呕吐【*···::虚寒泻痢要药*】]],性味归经::性[[温]]；味[[辛]]；归[[脾胃、大肠]]经<br>###功效::① [[温中行气]]；<br>② [[涩肠止泻]]；<br>③ [[止痛]]<br>###主治::① [[虚寒泻痢]]；<br>② [[胃寒气滞，脘腹胀痛，食少呕吐【*···::虚寒泻痢要药*】]]
<div style='text-align: center; font-size: 24px;'><b>赤石脂</b></div>,中药学::常见药 大纲第1部分:: 收涩药::敛肺涩肠药,2,性味归经::性[[温]]；味[[甘、酸、涩]]；归[[胃、大肠]]经<br>###功效::① [[涩肠止泻]]；<br>② [[收敛止血]]；<br>③ [[生肌敛疮]]；<br>④ [[收敛止带]]<br>###主治::① [[久泻，久痢，下痢脓血【*···::常用药*】]]；<br>② [[崩漏便血【*···::多用*】，外伤出血]]；<br>③ [[疮疡不敛，湿疮流水]]；<br>④ [[肾虚带脉失约，赤白带下【*···::泻痢崩血带疮*】]],性味归经::性[[温]]；味[[甘、酸、涩]]；归[[胃、大肠]]经<br>###功效::① [[涩肠止泻]]；<br>② [[收敛止血]]；<br>③ [[生肌敛疮]]；<br>④ [[收敛止带]]<br>###主治::① [[久泻，久痢，下痢脓血【*···::常用药*】]]；<br>② [[崩漏便血【*···::多用*】，外伤出血]]；<br>③ [[疮疡不敛，湿疮流水]]；<br>④ [[肾虚带脉失约，赤白带下【*···::泻痢崩血带疮*】]]
<div style='text-align: center; font-size: 24px;'><b>山茱萸</b></div>,中药学::常见药 大纲第1部分:: 收涩药::固精缩尿止带药,2,"性味归经::性[[微温]]；味[[酸、涩]]；归[[肝、肾]]经<br>###功效::① [[补益肝肾]]；<br>② [[收敛固涩]]<br>###主治::① [[肝肾不足所致眩晕耳鸣、腰膝酸痛、阳痿]]；<br>② [[遗精滑精、遗尿尿频【*···::固精缩尿*】]]；<br>③ [[崩漏带下、月经过多【*···::固冲止血*】]]；<br>④ [[大汗不止、体虚欲脱【*···::敛汗固脱*】]]；<br>⑤ [[消渴]]；<br>⑥ [[【*···::""精尿血带汗""，""平补阴阳，固精止遗要药""*】]]","性味归经::性[[微温]]；味[[酸、涩]]；归[[肝、肾]]经<br>###功效::① [[补益肝肾]]；<br>② [[收敛固涩]]<br>###主治::① [[肝肾不足所致眩晕耳鸣、腰膝酸痛、阳痿]]；<br>② [[遗精滑精、遗尿尿频【*···::固精缩尿*】]]；<br>③ [[崩漏带下、月经过多【*···::固冲止血*】]]；<br>④ [[大汗不止、体虚欲脱【*···::敛汗固脱*】]]；<br>⑤ [[消渴]]；<br>⑥ [[【*···::""精尿血带汗""，""平补阴阳，固精止遗要药""*】]]"
<div style='text-align: center; font-size: 24px;'><b>覆盆子</b></div>,中药学::常见药 大纲第1部分:: 收涩药::固精缩尿止带药,2,性味归经::性[[温]]；味[[甘酸]]；归[[肝、肾、膀胱]]经<br>###功效::① [[益肾固精]]；<br>② [[缩尿]]；<br>③ [[养肝明目]]<br>###主治::① [[肾虚不固，遗精滑精，遗尿尿频，阳痿早泄【*···::固精缩尿，补益肝肾*】]]；<br>② [[肝肾不足，目暗不明【*···::养肝明目*】]],性味归经::性[[温]]；味[[甘酸]]；归[[肝、肾、膀胱]]经<br>###功效::① [[益肾固精]]；<br>② [[缩尿]]；<br>③ [[养肝明目]]<br>###主治::① [[肾虚不固，遗精滑精，遗尿尿频，阳痿早泄【*···::固精缩尿，补益肝肾*】]]；<br>② [[肝肾不足，目暗不明【*···::养肝明目*】]]
<div style='text-align: center; font-size: 24px;'><b>椿皮</b></div>,中药学::常见药 大纲第1部分:: 收涩药::固精缩尿止带药,2,性味归经::性[[寒]]；味[[苦、涩]]；归[[大肠、胃、肝]]经<br>###功效::① [[清热燥湿]]；<br>② [[收敛止带]]；<br>③ [[止血]]；<br>④ [[止泻]]；<br>⑤ [[杀虫]]<br>###主治::① [[湿热泻痢，久泻，久痢]]；<br>② [[赤白带下【*···::止带常用*】]]；<br>③ [[崩漏经多，便血痔血【*···::血热尤宜*】]]；<br>④ [[蛔虫腹痛，疥癣，瘙痒【*···::泻痢带崩血*】]],性味归经::性[[寒]]；味[[苦、涩]]；归[[大肠、胃、肝]]经<br>###功效::① [[清热燥湿]]；<br>② [[收敛止带]]；<br>③ [[止血]]；<br>④ [[止泻]]；<br>⑤ [[杀虫]]<br>###主治::① [[湿热泻痢，久泻，久痢]]；<br>② [[赤白带下【*···::止带常用*】]]；<br>③ [[崩漏经多，便血痔血【*···::血热尤宜*】]]；<br>④ [[蛔虫腹痛，疥癣，瘙痒【*···::泻痢带崩血*】]]
<div style='text-align: center; font-size: 24px;'><b>桑螵蛸</b></div>,中药学::常见药 大纲第1部分:: 收涩药::固精缩尿止带药,2,性味归经::性[[平]]；味[[甘咸]]；归[[肝、肾]]经<br>###功效::① [[固精缩尿]]；<br>② [[补肾助阳]]<br>###主治::① [[肾虚不固所致遗精滑精、遗尿尿频、白浊]]；<br>② [[肾虚阳痿]],性味归经::性[[平]]；味[[甘咸]]；归[[肝、肾]]经<br>###功效::① [[固精缩尿]]；<br>② [[补肾助阳]]<br>###主治::① [[肾虚不固所致遗精滑精、遗尿尿频、白浊]]；<br>② [[肾虚阳痿]]
<div style='text-align: center; font-size: 24px;'><b>海螵蛸</b></div>,中药学::常见药 大纲第1部分:: 收涩药::固精缩尿止带药,2,性味归经::性[[温]]；味[[咸、涩]]；归[[肝、肾]]经<br>###功效::① [[收敛止血]]；<br>② [[固精止带]]；<br>③ [[制酸止痛]]；<br>④ [[收湿敛疮]]<br>###主治::① [[崩漏便血，吐血衄血，外伤出血]]；<br>② [[遗精滑精，带下]]；<br>③ [[胃痛吐酸]]；<br>④ [[湿疮湿疹，溃疡不敛【*···::固涩力强，崩血精带疮*】]],性味归经::性[[温]]；味[[咸、涩]]；归[[肝、肾]]经<br>###功效::① [[收敛止血]]；<br>② [[固精止带]]；<br>③ [[制酸止痛]]；<br>④ [[收湿敛疮]]<br>###主治::① [[崩漏便血，吐血衄血，外伤出血]]；<br>② [[遗精滑精，带下]]；<br>③ [[胃痛吐酸]]；<br>④ [[湿疮湿疹，溃疡不敛【*···::固涩力强，崩血精带疮*】]]
<div style='text-align: center; font-size: 24px;'><b>金樱子</b></div>,中药学::常见药 大纲第1部分:: 收涩药::固精缩尿止带药,2,性味归经::性[[平]]；味[[酸、甘、涩]]；归[[肾、膀胱、大肠]]经<br>###功效::① [[固精缩尿]]；<br>② [[固崩止带]]；<br>③ [[涩肠止泻]]<br>###主治::① [[遗精滑精，遗尿尿频，崩漏带下]]；<br>② [[久泻，久痢]]；<br>③ [[脱肛，子宫脱垂【*···::功专固敛，精尿崩带泻痢*】]],性味归经::性[[平]]；味[[酸、甘、涩]]；归[[肾、膀胱、大肠]]经<br>###功效::① [[固精缩尿]]；<br>② [[固崩止带]]；<br>③ [[涩肠止泻]]<br>###主治::① [[遗精滑精，遗尿尿频，崩漏带下]]；<br>② [[久泻，久痢]]；<br>③ [[脱肛，子宫脱垂【*···::功专固敛，精尿崩带泻痢*】]]
<div style='text-align: center; font-size: 24px;'><b>莲子</b></div>,中药学::常见药 大纲第1部分:: 收涩药::固精缩尿止带药,2,性味归经::性[[平]]；味[[甘涩]]；归[[脾、肾、心]]经<br>###功效::① [[补脾止泻]]；<br>② [[止带]]；<br>③ [[益肾固精]]；<br>④ [[养心安神]]<br>###主治::① [[脾虚泄泻]]；<br>② [[带下证，妇女崩漏]]；<br>③ [[肾虚遗精滑精，遗尿尿频]]；<br>④ [[虚烦，心悸，失眠【*···::补涩兼佳，泻带精*】]],性味归经::性[[平]]；味[[甘涩]]；归[[脾、肾、心]]经<br>###功效::① [[补脾止泻]]；<br>② [[止带]]；<br>③ [[益肾固精]]；<br>④ [[养心安神]]<br>###主治::① [[脾虚泄泻]]；<br>② [[带下证，妇女崩漏]]；<br>③ [[肾虚遗精滑精，遗尿尿频]]；<br>④ [[虚烦，心悸，失眠【*···::补涩兼佳，泻带精*】]]
<div style='text-align: center; font-size: 24px;'><b>芡实</b></div>,中药学::常见药 大纲第1部分:: 收涩药::固精缩尿止带药,2,性味归经::性[[平]]；味[[甘涩]]；归[[脾、肾]]经<br>###功效::① [[益肾固精]]；<br>② [[健脾止泻]]；<br>③ [[除湿止带]]<br>###主治::① [[遗精滑精，遗尿，尿频]]；<br>② [[脾虚久泻]]；<br>③ [[带下、白浊【*···::治虚、实带下证佳品，精尿泻带*】]],性味归经::性[[平]]；味[[甘涩]]；归[[脾、肾]]经<br>###功效::① [[益肾固精]]；<br>② [[健脾止泻]]；<br>③ [[除湿止带]]<br>###主治::① [[遗精滑精，遗尿，尿频]]；<br>② [[脾虚久泻]]；<br>③ [[带下、白浊【*···::治虚、实带下证佳品，精尿泻带*】]]
<div style='text-align: center; font-size: 24px;'><b>常山</b></div>,中药学::常见药 大纲第1部分:: 涌吐药,2,性味归经::性[[寒]]；味[[苦辛]]；归[[肺肝心]]经；有<span style='color: red;'>毒</span><br>###功效::① [[涌吐痰涎]]；<br>② [[截疟]]<br>###主治::① [[胸中痰饮证，胸膈痞塞]]；<br>② [[疟疾【*···::宜在寒热发作前半天或2小时服用，以间日疟与三日疟为佳，为治疟要药*】]],性味归经::性[[寒]]；味[[苦辛]]；归[[肺肝心]]经；有<span style='color: red;'>毒</span><br>###功效::① [[涌吐痰涎]]；<br>② [[截疟]]<br>###主治::① [[胸中痰饮证，胸膈痞塞]]；<br>② [[疟疾【*···::宜在寒热发作前半天或2小时服用，以间日疟与三日疟为佳，为治疟要药*】]]
<div style='text-align: center; font-size: 24px;'><b>雄黄</b></div>,中药学::常见药 大纲第1部分:: 攻毒杀虫止痒药,2,性味归经::性[[温]]；味[[辛]]；归[[肝、大肠]]经；有<span style='color: red;'>毒</span><br>###功效::① [[解毒杀虫]]；<br>② [[燥湿祛痰]]；<br>③ [[截疟]]<br>###主治::① [[痈肿疔疮，湿疹疥癣，虫蛇咬伤]]；<br>② [[虫积腹痛，惊痫，疟疾，哮喘【*···::现少用*】]],性味归经::性[[温]]；味[[辛]]；归[[肝、大肠]]经；有<span style='color: red;'>毒</span><br>###功效::① [[解毒杀虫]]；<br>② [[燥湿祛痰]]；<br>③ [[截疟]]<br>###主治::① [[痈肿疔疮，湿疹疥癣，虫蛇咬伤]]；<br>② [[虫积腹痛，惊痫，疟疾，哮喘【*···::现少用*】]]
<div style='text-align: center; font-size: 24px;'><b>硫黄</b></div>,中药学::常见药 大纲第1部分:: 攻毒杀虫止痒药,2,性味归经::性[[温]]；味[[酸]]；归[[肾、大肠]]经；有<span style='color: red;'>毒</span><br>###功效::① [[外用解毒疗疮、杀虫止痒]]；<br>② [[内服补火助阳、通便]]<br>###主治::① [[疥癣，湿疹，秃疮，阴疽疮疡【*···::解毒杀虫，止痒疗疮*】]]；<br>② [[阳痿足冷，虚寒哮喘，虚冷便秘【*···::治疥疮要药、大补命门真火*】]],性味归经::性[[温]]；味[[酸]]；归[[肾、大肠]]经；有<span style='color: red;'>毒</span><br>###功效::① [[外用解毒疗疮、杀虫止痒]]；<br>② [[内服补火助阳、通便]]<br>###主治::① [[疥癣，湿疹，秃疮，阴疽疮疡【*···::解毒杀虫，止痒疗疮*】]]；<br>② [[阳痿足冷，虚寒哮喘，虚冷便秘【*···::治疥疮要药、大补命门真火*】]]
<div style='text-align: center; font-size: 24px;'><b>蟾酥</b></div>,中药学::常见药 大纲第1部分:: 攻毒杀虫止痒药,2,性味归经::性[[温]]；味[[辛]]；归[[心]]经；有<span style='color: red;'>毒</span><br>###功效::① [[解毒]]；<br>② [[止痛]]；<br>③ [[开窍醒神]]<br>###主治::① [[痈疽疔疮瘰疬，咽喉肿痛，牙痛]]；<br>② [[中暑神昏，痧胀腹痛吐泻【*···::解毒消肿，麻醉止痛]]；<br>③ [[辟秽化浊，开窍醒神*】]],性味归经::性[[温]]；味[[辛]]；归[[心]]经；有<span style='color: red;'>毒</span><br>###功效::① [[解毒]]；<br>② [[止痛]]；<br>③ [[开窍醒神]]<br>###主治::① [[痈疽疔疮瘰疬，咽喉肿痛，牙痛]]；<br>② [[中暑神昏，痧胀腹痛吐泻【*···::解毒消肿，麻醉止痛]]；<br>③ [[辟秽化浊，开窍醒神*】]]
<div style='text-align: center; font-size: 24px;'><b>蛇床子</b></div>,中药学::常见药 大纲第1部分:: 攻毒杀虫止痒药,2,性味归经::性[[温]]；味[[辛苦]]；归[[肾]]经；有小<span style='color: red;'>毒</span><br>###功效::① [[燥湿祛风]]；<br>② [[杀虫止痒]]；<br>③ [[温肾壮阳]]<br>###主治::① [[阴部湿痒，湿疹瘙痒，疥癣]]；<br>② [[寒湿带下，湿痹腰痛]]；<br>③ [[肾虚阳痿，宫冷不孕【*···::皮肤病及妇科病常用药*】]],性味归经::性[[温]]；味[[辛苦]]；归[[肾]]经；有小<span style='color: red;'>毒</span><br>###功效::① [[燥湿祛风]]；<br>② [[杀虫止痒]]；<br>③ [[温肾壮阳]]<br>###主治::① [[阴部湿痒，湿疹瘙痒，疥癣]]；<br>② [[寒湿带下，湿痹腰痛]]；<br>③ [[肾虚阳痿，宫冷不孕【*···::皮肤病及妇科病常用药*】]]
<div style='text-align: center; font-size: 24px;'><b>红粉</b></div>,中药学::常见药 大纲第1部分:: 拔毒化腐生肌药,2,"性味归经::性[[热]]；味[[辛]]；归[[肺脾]]经；有大<span style='color: red;'>毒</span><br>###功效::① [[拔毒除脓]]；<br>② [[去腐生肌]]<br>###主治::① [[痈疽疔疮]]；<br>② [[梅毒下疳]]；<br>③ [[一切恶疮]]；<br>④ [[肉暗紫黑]]；<br>⑤ [[腐肉不去]]；<br>⑥ [[窦道瘘管]]；<br>⑦ [[脓水淋漓]]；<br>⑧ [[久不收口]]；<br>⑨ [[[注：外科良药""升药""系以水银、火硝、白矾为原料加工而成的升华物。其中，红色升华物称为""红升""【*···::2015版药典称为""红粉""*】,黄色升华物称为""黄升""]]]","性味归经::性[[热]]；味[[辛]]；归[[肺脾]]经；有大<span style='color: red;'>毒</span><br>###功效::① [[拔毒除脓]]；<br>② [[去腐生肌]]<br>###主治::① [[痈疽疔疮]]；<br>② [[梅毒下疳]]；<br>③ [[一切恶疮]]；<br>④ [[肉暗紫黑]]；<br>⑤ [[腐肉不去]]；<br>⑥ [[窦道瘘管]]；<br>⑦ [[脓水淋漓]]；<br>⑧ [[久不收口]]；<br>⑨ [[[注：外科良药""升药""系以水银、火硝、白矾为原料加工而成的升华物。其中，红色升华物称为""红升""【*···::2015版药典称为""红粉""*】,黄色升华物称为""黄升""]]]"
<div style='text-align: center; font-size: 24px;'><b>炉甘石</b></div>,中药学::常见药 大纲第1部分:: 拔毒化腐生肌药,2,性味归经::性[[平]]；味[[甘]]；归[[肝、脾]]经<br>###功效::① [[解毒明目退翳]]；<br>② [[收湿止痒、敛疮]]<br>###主治::① [[目赤肿痛，眼睑溃烂，翳膜遮睛，胬肉攀睛【*···::眼科外用常用药*】]]；<br>② [[溃疡不敛，湿疮，湿疹，脓水淋漓【*···::生肌敛疮、收湿止痒、解毒*】]],性味归经::性[[平]]；味[[甘]]；归[[肝、脾]]经<br>###功效::① [[解毒明目退翳]]；<br>② [[收湿止痒、敛疮]]<br>###主治::① [[目赤肿痛，眼睑溃烂，翳膜遮睛，胬肉攀睛【*···::眼科外用常用药*】]]；<br>② [[溃疡不敛，湿疮，湿疹，脓水淋漓【*···::生肌敛疮、收湿止痒、解毒*】]]
<div style='text-align: center; font-size: 24px;'><b>硼砂</b></div>,中药学::常见药 大纲第1部分:: 拔毒化腐生肌药,2,性味归经::性[[凉]]；味[[甘咸]]；归[[肺、胃]]经<br>###功效::① [[外用清热解毒]]；<br>② [[内服清肺化痰]]<br>###主治::① [[咽喉肿痛，口舌生疮，目赤翳障【*···::外用能清热解毒、消肿防腐，为喉科及眼科常用药*】]]；<br>② [[痰热咳嗽]],性味归经::性[[凉]]；味[[甘咸]]；归[[肺、胃]]经<br>###功效::① [[外用清热解毒]]；<br>② [[内服清肺化痰]]<br>###主治::① [[咽喉肿痛，口舌生疮，目赤翳障【*···::外用能清热解毒、消肿防腐，为喉科及眼科常用药*】]]；<br>② [[痰热咳嗽]]
<div style='text-align: center; font-size: 24px;'><b>藁本</b></div>,中药学::常见药 大纲第2部分:: 解表药::发散风寒药,2,性味归经::性[[温]]；味[[辛]]；归[[膀胱]]经。<br>###功效::① [[祛风散寒]]；<br>② [[除湿止痛]]<br>###主治::① [[风寒感冒，巅顶疼痛]]；<br>② [[风湿痹痛]],性味归经::性[[温]]；味[[辛]]；归[[膀胱]]经。<br>###功效::① [[祛风散寒]]；<br>② [[除湿止痛]]<br>###主治::① [[风寒感冒，巅顶疼痛]]；<br>② [[风湿痹痛]]
<div style='text-align: center; font-size: 24px;'><b>辛夷</b></div>,中药学::常见药 大纲第2部分:: 解表药::发散风寒药,2,性味归经::性[[温]]；味[[辛]]；归[[肺、胃]]经。<br>###功效::① [[散风寒]]；<br>② [[通鼻窍]]<br>###主治::① [[风寒感冒，头痛鼻塞]]；<br>② [[风热感冒而鼻塞头痛亦可配伍使用]]；<br>③ [[鼻渊鼻鼽，鼻塞流涕【*···::局部用效果较好，“治鼻渊鼻鼽要药”*】]],性味归经::性[[温]]；味[[辛]]；归[[肺、胃]]经。<br>###功效::① [[散风寒]]；<br>② [[通鼻窍]]<br>###主治::① [[风寒感冒，头痛鼻塞]]；<br>② [[风热感冒而鼻塞头痛亦可配伍使用]]；<br>③ [[鼻渊鼻鼽，鼻塞流涕【*···::局部用效果较好，“治鼻渊鼻鼽要药”*】]]
<div style='text-align: center; font-size: 24px;'><b>葱白</b></div>,中药学::常见药 大纲第2部分:: 解表药::发散风寒药,2,性味归经::性[[温]]；味[[辛]]；归[[肺、胃]]经。<br>###功效::① [[发汗解表]]；<br>② [[散寒通阳]]；<br>③ [[外敷散结通络]]；<br>④ [[下乳解毒散结]]<br>###主治::① [[风寒感冒轻证【*···::发汗不峻猛，药力弱*】]]；<br>② [[阴虚格阳证]]；<br>③ [[小便不通]]；<br>④ [[乳汁郁积不下，乳房胀痛]]；<br>⑤ [[疮疡肿毒]],性味归经::性[[温]]；味[[辛]]；归[[肺、胃]]经。<br>###功效::① [[发汗解表]]；<br>② [[散寒通阳]]；<br>③ [[外敷散结通络]]；<br>④ [[下乳解毒散结]]<br>###主治::① [[风寒感冒轻证【*···::发汗不峻猛，药力弱*】]]；<br>② [[阴虚格阳证]]；<br>③ [[小便不通]]；<br>④ [[乳汁郁积不下，乳房胀痛]]；<br>⑤ [[疮疡肿毒]]
<div style='text-align: center; font-size: 24px;'><b>淡豆豉</b></div>,中药学::常见药 大纲第2部分:: 解表药::发散风热药,2,性味归经::性[[凉]]；味[[辛、苦]]；归[[肺、胃]]经。<br>###功效::① [[解表除烦]]；<br>② [[宣发郁热]]<br>###主治::① [[外感表证，寒热头痛，温病初起【*···::疏散表邪，发汗解表之力平稳，风寒、风热均可*】]]；<br>② [[热病烦躁胸闷，虚烦不眠]],性味归经::性[[凉]]；味[[辛、苦]]；归[[肺、胃]]经。<br>###功效::① [[解表除烦]]；<br>② [[宣发郁热]]<br>###主治::① [[外感表证，寒热头痛，温病初起【*···::疏散表邪，发汗解表之力平稳，风寒、风热均可*】]]；<br>② [[热病烦躁胸闷，虚烦不眠]]
<div style='text-align: center; font-size: 24px;'><b>浮萍</b></div>,中药学::常见药 大纲第2部分:: 解表药::发散风热药,2,性味归经::性[[寒]]；味[[辛]]；归[[肺、膀胱]]经。<br>###功效::① [[宣散风热]]；<br>② [[发汗解表]]；<br>③ [[透疹止痒]]；<br>④ [[利尿消肿]]<br>###主治::① [[风热感冒]]；<br>② [[麻疹不透，风疹瘙痒]]；<br>③ [[水肿尿少【*···::上可开宣肺气而发汗透邪，下可通调水道而利尿消肿*】]],性味归经::性[[寒]]；味[[辛]]；归[[肺、膀胱]]经。<br>###功效::① [[宣散风热]]；<br>② [[发汗解表]]；<br>③ [[透疹止痒]]；<br>④ [[利尿消肿]]<br>###主治::① [[风热感冒]]；<br>② [[麻疹不透，风疹瘙痒]]；<br>③ [[水肿尿少【*···::上可开宣肺气而发汗透邪，下可通调水道而利尿消肿*】]]
<div style='text-align: center; font-size: 24px;'><b>木贼</b></div>,中药学::常见药 大纲第2部分:: 解表药::发散风热药,2,性味归经::性[[微温]]；味[[甘、苦]]；归[[肺、肝]]经。<br>###功效::① [[疏散风热]]；<br>② [[明目退翳]]；<br>③ [[止血]]<br>###主治::① [[风热目赤，迎风流泪，目生云翳]]；<br>② [[出血证]],性味归经::性[[微温]]；味[[甘、苦]]；归[[肺、肝]]经。<br>###功效::① [[疏散风热]]；<br>② [[明目退翳]]；<br>③ [[止血]]<br>###主治::① [[风热目赤，迎风流泪，目生云翳]]；<br>② [[出血证]]
<div style='text-align: center; font-size: 24px;'><b>谷精草</b></div>,中药学::常见药 大纲第2部分:: 解表药::发散风热药,2,性味归经::性[[平]]；味[[辛、甘]]；归[[肝、肺]]经。<br>###功效::① [[疏散风热]]；<br>② [[明目退翳]]<br>###主治::① [[风热目赤，肿痛羞明，目生翳膜]]；<br>② [[风热头痛]],性味归经::性[[平]]；味[[辛、甘]]；归[[肝、肺]]经。<br>###功效::① [[疏散风热]]；<br>② [[明目退翳]]<br>###主治::① [[风热目赤，肿痛羞明，目生翳膜]]；<br>② [[风热头痛]]
<div style='text-align: center; font-size: 24px;'><b>淡竹叶</b></div>,中药学::常见药 大纲第2部分:: 清热药::清热泻火药,2,性味归经::性[[微寒]]；味[[甘、淡]]；归[[心、胃、小肠]]经。<br>###功效::① [[清热泻火]]；<br>② [[除烦止渴]]；<br>③ [[利尿通淋]]<br>###主治::① [[热病烦渴]]；<br>② [[口舌生疮]]；<br>③ [[小便热淋涩痛]],性味归经::性[[微寒]]；味[[甘、淡]]；归[[心、胃、小肠]]经。<br>###功效::① [[清热泻火]]；<br>② [[除烦止渴]]；<br>③ [[利尿通淋]]<br>###主治::① [[热病烦渴]]；<br>② [[口舌生疮]]；<br>③ [[小便热淋涩痛]]
<div style='text-align: center; font-size: 24px;'><b>密蒙花</b></div>,中药学::常见药 大纲第2部分:: 清热药::清热泻火药,2,性味归经::性[[微寒]]；味[[甘]]；归[[肝]]经。<br>###功效::① [[清热泻火]]；<br>② [[养肝明目]]；<br>③ [[退翳]]<br>###主治::① [[目赤肿痛，畏光多泪，目生翳膜]]；<br>② [[肝虚目暗，视物昏花]],性味归经::性[[微寒]]；味[[甘]]；归[[肝]]经。<br>###功效::① [[清热泻火]]；<br>② [[养肝明目]]；<br>③ [[退翳]]<br>###主治::① [[目赤肿痛，畏光多泪，目生翳膜]]；<br>② [[肝虚目暗，视物昏花]]
<div style='text-align: center; font-size: 24px;'><b>青葙子</b></div>,中药学::常见药 大纲第2部分:: 清热药::清热泻火药,2,性味归经::性[[微寒]]；味[[苦]]；归[[肝]]经。<br>###功效::① [[清肝泻火]]；<br>② [[明目退翳]]<br>###主治::① [[肝热目赤，目生翳膜，视物昏花]]；<br>② [[肝火眩晕]],性味归经::性[[微寒]]；味[[苦]]；归[[肝]]经。<br>###功效::① [[清肝泻火]]；<br>② [[明目退翳]]<br>###主治::① [[肝热目赤，目生翳膜，视物昏花]]；<br>② [[肝火眩晕]]
<div style='text-align: center; font-size: 24px;'><b>秦皮</b></div>,中药学::常见药 大纲第2部分:: 清热药::清热燥湿药,2,性味归经::性[[微寒]]；味[[苦涩]]；归[[肝、胆、大肠]]经。<br>###功效::① [[清热燥湿]]；<br>② [[收涩止痢]]；<br>③ [[止带]]；<br>④ [[明目]]<br>###主治::① [[湿热泻痢，赤白带下]]；<br>② [[肝热目赤肿痛，目生翳障]],性味归经::性[[微寒]]；味[[苦涩]]；归[[肝、胆、大肠]]经。<br>###功效::① [[清热燥湿]]；<br>② [[收涩止痢]]；<br>③ [[止带]]；<br>④ [[明目]]<br>###主治::① [[湿热泻痢，赤白带下]]；<br>② [[肝热目赤肿痛，目生翳障]]
<div style='text-align: center; font-size: 24px;'><b>穿心莲</b></div>,中药学::常见药 大纲第2部分:: 清热药::清热解毒药,2,性味归经::性[[寒]]；味[[苦]]；归[[心、肺、大肠、膀胱]]经。<br>###功效::① [[清热解毒]]；<br>② [[凉血消肿]]；<br>③ [[清热燥湿]]；<br>④ [[止痢]]<br>###主治::① [[风热感冒，温病初起【*···::尤善清肺*】]]；<br>② [[咽喉肿痛，口舌生疮]]；<br>③ [[肺热咳嗽，或痰热壅肺，顿咳劳嗽，肺痈吐脓【*···::清肺火，解热毒*】]]；<br>④ [[痈肿疮疡，蛇虫咬伤【*···::清热解毒，凉血消痈*】]]；<br>⑤ [[湿热泻痢，热淋涩痛，湿疹瘙痒，湿热黄疸，湿热带下【*···::清热解毒，燥湿，止痢*】]],性味归经::性[[寒]]；味[[苦]]；归[[心、肺、大肠、膀胱]]经。<br>###功效::① [[清热解毒]]；<br>② [[凉血消肿]]；<br>③ [[清热燥湿]]；<br>④ [[止痢]]<br>###主治::① [[风热感冒，温病初起【*···::尤善清肺*】]]；<br>② [[咽喉肿痛，口舌生疮]]；<br>③ [[肺热咳嗽，或痰热壅肺，顿咳劳嗽，肺痈吐脓【*···::清肺火，解热毒*】]]；<br>④ [[痈肿疮疡，蛇虫咬伤【*···::清热解毒，凉血消痈*】]]；<br>⑤ [[湿热泻痢，热淋涩痛，湿疹瘙痒，湿热黄疸，湿热带下【*···::清热解毒，燥湿，止痢*】]]
<div style='text-align: center; font-size: 24px;'><b>野菊花</b></div>,中药学::常见药 大纲第2部分:: 清热药::清热解毒药,2,性味归经::性[[微寒]]；味[[苦、辛]]；归[[肝、心]]经。<br>###功效::① [[清热解毒]]；<br>② [[泻火平肝]]<br>###主治::① [[疗疮痈肿，咽喉肿痛]]；<br>② [[目赤肿痛，头痛眩晕]],性味归经::性[[微寒]]；味[[苦、辛]]；归[[肝、心]]经。<br>###功效::① [[清热解毒]]；<br>② [[泻火平肝]]<br>###主治::① [[疗疮痈肿，咽喉肿痛]]；<br>② [[目赤肿痛，头痛眩晕]]
<div style='text-align: center; font-size: 24px;'><b>白花蛇舌草</b></div>,中药学::常见药 大纲第2部分:: 清热药::清热解毒药,2,性味归经::性[[微寒]]；味[[微苦、甘]]；归[[胃、大肠、小肠]]经。<br>###功效::① [[清热解毒]]；<br>② [[消痈]]；<br>③ [[利湿通淋]]<br>###主治::① [[疮疡肿毒，咽喉肿痛，毒蛇咬伤]]；<br>② [[湿热淋证涩痛，湿热黄疸]]；<br>③ [[癌症【*···::清热解毒消肿，为治内外痈常用品*】]],性味归经::性[[微寒]]；味[[微苦、甘]]；归[[胃、大肠、小肠]]经。<br>###功效::① [[清热解毒]]；<br>② [[消痈]]；<br>③ [[利湿通淋]]<br>###主治::① [[疮疡肿毒，咽喉肿痛，毒蛇咬伤]]；<br>② [[湿热淋证涩痛，湿热黄疸]]；<br>③ [[癌症【*···::清热解毒消肿，为治内外痈常用品*】]]
<div style='text-align: center; font-size: 24px;'><b>败酱草</b></div>,中药学::常见药 大纲第2部分:: 清热药::清热解毒药,2,性味归经::性[[微寒]]；味[[辛、苦]]；归[[胃、大肠、肝]]经。<br>###功效::① [[清热解毒]]；<br>② [[消痈排脓]]；<br>③ [[祛瘀止痛]]<br>###主治::① [[肠痈【*···::要药，有无化脓均可，已成脓尤宜*】]]；<br>② [[肺痈【*···::咳吐脓血*】]]；<br>③ [[痈肿疮毒【*···::已溃未溃皆可*】]]；<br>④ [[产后瘀阻腹痛【*···::活血祛瘀，通经止痛*】]],性味归经::性[[微寒]]；味[[辛、苦]]；归[[胃、大肠、肝]]经。<br>###功效::① [[清热解毒]]；<br>② [[消痈排脓]]；<br>③ [[祛瘀止痛]]<br>###主治::① [[肠痈【*···::要药，有无化脓均可，已成脓尤宜*】]]；<br>② [[肺痈【*···::咳吐脓血*】]]；<br>③ [[痈肿疮毒【*···::已溃未溃皆可*】]]；<br>④ [[产后瘀阻腹痛【*···::活血祛瘀，通经止痛*】]]
<div style='text-align: center; font-size: 24px;'><b>大血藤</b></div>,中药学::常见药 大纲第2部分:: 清热药::清热解毒药,2,性味归经::性[[微寒]]；味[[苦]]；归[[大肠、肝]]经。<br>###功效::① [[清热解毒]]；<br>② [[活血祛风]]；<br>③ [[止痛]]<br>###主治::① [[肠痈腹痛，热毒疮疡]]；<br>② [[血滞经闭痛经，跌扑肿痛]]；<br>③ [[风湿痹痛，腰腿疼痛，关节不利]],性味归经::性[[微寒]]；味[[苦]]；归[[大肠、肝]]经。<br>###功效::① [[清热解毒]]；<br>② [[活血祛风]]；<br>③ [[止痛]]<br>###主治::① [[肠痈腹痛，热毒疮疡]]；<br>② [[血滞经闭痛经，跌扑肿痛]]；<br>③ [[风湿痹痛，腰腿疼痛，关节不利]]
<div style='text-align: center; font-size: 24px;'><b>马勃</b></div>,中药学::常见药 大纲第2部分:: 清热药::清热解毒药,2,性味归经::性[[平]]；味[[辛]]；归[[肺]]经。<br>###功效::① [[清肺解毒]]；<br>② [[利咽]]；<br>③ [[止血]]<br>###主治::① [[风热郁肺，咽喉肿痛，喑哑咳嗽]]；<br>② [[吐血衄血，外伤出血]],性味归经::性[[平]]；味[[辛]]；归[[肺]]经。<br>###功效::① [[清肺解毒]]；<br>② [[利咽]]；<br>③ [[止血]]<br>###主治::① [[风热郁肺，咽喉肿痛，喑哑咳嗽]]；<br>② [[吐血衄血，外伤出血]]
<div style='text-align: center; font-size: 24px;'><b>马齿苋</b></div>,中药学::常见药 大纲第2部分:: 清热药::清热解毒药,2,性味归经::性[[寒]]；味[[酸]]；归[[肝、大肠]]经。<br>###功效::① [[清热解毒]]；<br>② [[凉血止血]]；<br>③ [[止痢]]；<br>④ [[利尿通淋]]<br>###主治::① [[热毒血痢，大肠湿热，腹痛泄泻]]；<br>② [[痈肿疔疮，丹毒，蛇虫咬伤，湿疹]]；<br>③ [[便血，痔血，崩漏下血]]；<br>④ [[湿热淋证，血淋，带下]],性味归经::性[[寒]]；味[[酸]]；归[[肝、大肠]]经。<br>###功效::① [[清热解毒]]；<br>② [[凉血止血]]；<br>③ [[止痢]]；<br>④ [[利尿通淋]]<br>###主治::① [[热毒血痢，大肠湿热，腹痛泄泻]]；<br>② [[痈肿疔疮，丹毒，蛇虫咬伤，湿疹]]；<br>③ [[便血，痔血，崩漏下血]]；<br>④ [[湿热淋证，血淋，带下]]
<div style='text-align: center; font-size: 24px;'><b>鸦胆子</b></div>,中药学::常见药 大纲第2部分:: 清热药::清热解毒药,2,性味归经::性[[寒]]；味[[苦]]；归[[大肠、肝]]经。<br>###功效::① [[清热解毒]]；<br>② [[止痢]]；<br>③ [[截疟]]；<br>④ [[外用腐蚀赘疣]]<br>###主治::① [[热毒血痢，休息痢，冷积久痢]]；<br>② [[疟疾【*···::间日或三日疟最佳*】]]；<br>③ [[鸡眼，赘疣]],性味归经::性[[寒]]；味[[苦]]；归[[大肠、肝]]经。<br>###功效::① [[清热解毒]]；<br>② [[止痢]]；<br>③ [[截疟]]；<br>④ [[外用腐蚀赘疣]]<br>###主治::① [[热毒血痢，休息痢，冷积久痢]]；<br>② [[疟疾【*···::间日或三日疟最佳*】]]；<br>③ [[鸡眼，赘疣]]
<div style='text-align: center; font-size: 24px;'><b>漏芦</b></div>,中药学::常见药 大纲第2部分:: 清热药::清热解毒药,2,性味归经::性[[寒]]；味[[苦]]；归[[胃]]经。<br>###功效::① [[清热解毒]]；<br>② [[消痈散结]]；<br>③ [[通经下乳]]；<br>④ [[舒筋通脉]]<br>###主治::① [[热毒疮痈，乳痈肿痛，痈疽发背，瘰疬疮毒，湿疹湿疮、皮肤瘙痒【*···::为治乳痈要药*】]]；<br>② [[乳房胀痛，乳汁不下]]；<br>③ [[湿痹拘挛]],性味归经::性[[寒]]；味[[苦]]；归[[胃]]经。<br>###功效::① [[清热解毒]]；<br>② [[消痈散结]]；<br>③ [[通经下乳]]；<br>④ [[舒筋通脉]]<br>###主治::① [[热毒疮痈，乳痈肿痛，痈疽发背，瘰疬疮毒，湿疹湿疮、皮肤瘙痒【*···::为治乳痈要药*】]]；<br>② [[乳房胀痛，乳汁不下]]；<br>③ [[湿痹拘挛]]
<div style='text-align: center; font-size: 24px;'><b>山慈菇</b></div>,中药学::常见药 大纲第2部分:: 清热药::清热解毒药,2,性味归经::性[[凉]]；味[[甘、微辛]]；归[[肝、脾、胃]]经。<br>###功效::① [[清热解毒]]；<br>② [[化痰散结]]<br>###主治::① [[痈疽疔毒，发背恶疮，瘰疬痰核，虫蛇咬伤]]；<br>② [[癥瘕痞块]]；<br>③ [[风痰癫痫]],性味归经::性[[凉]]；味[[甘、微辛]]；归[[肝、脾、胃]]经。<br>###功效::① [[清热解毒]]；<br>② [[化痰散结]]<br>###主治::① [[痈疽疔毒，发背恶疮，瘰疬痰核，虫蛇咬伤]]；<br>② [[癥瘕痞块]]；<br>③ [[风痰癫痫]]
<div style='text-align: center; font-size: 24px;'><b>半边莲</b></div>,中药学::常见药 大纲第2部分:: 清热药::清热解毒药,2,性味归经::性[[平]]；味[[辛]]；归[[心、小肠、肺]]经。<br>###功效::① [[清热解毒]]；<br>② [[利尿消肿]]<br>###主治::① [[痈肿疔疮【*···::热毒疮痈肿痛，乳痈肿痛*】]]；<br>② [[蛇虫咬伤【*···::毒蛇咬伤、蜂蝎螯伤*】]]；<br>③ [[鼓胀水肿，湿热黄疸，小便不利]]；<br>④ [[湿疹湿疮，手足疥癣]],性味归经::性[[平]]；味[[辛]]；归[[心、小肠、肺]]经。<br>###功效::① [[清热解毒]]；<br>② [[利尿消肿]]<br>###主治::① [[痈肿疔疮【*···::热毒疮痈肿痛，乳痈肿痛*】]]；<br>② [[蛇虫咬伤【*···::毒蛇咬伤、蜂蝎螯伤*】]]；<br>③ [[鼓胀水肿，湿热黄疸，小便不利]]；<br>④ [[湿疹湿疮，手足疥癣]]
<div style='text-align: center; font-size: 24px;'><b>白蔹</b></div>,中药学::常见药 大纲第2部分:: 清热药::清热解毒药,2,性味归经::性[[微寒]]；味[[苦]]；归[[心、胃]]经。<br>###功效::① [[清热解毒]]；<br>② [[消痈散结]]；<br>③ [[敛疮生肌]]<br>###主治::① [[痈疽发背，疔疮，瘰疬]]；<br>② [[烧烫伤，手足皲裂]],性味归经::性[[微寒]]；味[[苦]]；归[[心、胃]]经。<br>###功效::① [[清热解毒]]；<br>② [[消痈散结]]；<br>③ [[敛疮生肌]]<br>###主治::① [[痈疽发背，疔疮，瘰疬]]；<br>② [[烧烫伤，手足皲裂]]
<div style='text-align: center; font-size: 24px;'><b>紫草</b></div>,中药学::常见药 大纲第2部分:: 清热药::清热凉血药,2,性味归经::性[[寒]]；味[[甘、咸]]；归[[心、肝]]经。<br>###功效::① [[清热凉血]]；<br>② [[活血解毒]]；<br>③ [[透疹消斑]]<br>###主治::① [[血热毒盛，斑疹紫黑，麻疹不透]]；<br>② [[疮疡，湿疹，水火烫伤]],性味归经::性[[寒]]；味[[甘、咸]]；归[[心、肝]]经。<br>###功效::① [[清热凉血]]；<br>② [[活血解毒]]；<br>③ [[透疹消斑]]<br>###主治::① [[血热毒盛，斑疹紫黑，麻疹不透]]；<br>② [[疮疡，湿疹，水火烫伤]]
<div style='text-align: center; font-size: 24px;'><b>银柴胡</b></div>,中药学::常见药 大纲第2部分:: 清热药::清虚热药,2,性味归经::性[[微寒]]；味[[甘]]；归[[肝、胃]]经。<br>###功效::① [[清虚热]]；<br>② [[除疳热]]<br>###主治::① [[阴虚发热，骨蒸劳热]]；<br>② [[小儿疳积发热]],性味归经::性[[微寒]]；味[[甘]]；归[[肝、胃]]经。<br>###功效::① [[清虚热]]；<br>② [[除疳热]]<br>###主治::① [[阴虚发热，骨蒸劳热]]；<br>② [[小儿疳积发热]]
<div style='text-align: center; font-size: 24px;'><b>胡黄连</b></div>,中药学::常见药 大纲第2部分:: 清热药::清虚热药,2,性味归经::性[[寒]]；味[[苦]]；归[[肝、胃、大肠]]经。<br>###功效::① [[退虚热]]；<br>② [[除疳热]]；<br>③ [[清湿热]]<br>###主治::① [[阴虚发热，骨蒸潮热]]；<br>② [[小儿疳积发热]]；<br>③ [[湿热泻痢，黄疸尿赤，痔疮肿痛]],性味归经::性[[寒]]；味[[苦]]；归[[肝、胃、大肠]]经。<br>###功效::① [[退虚热]]；<br>② [[除疳热]]；<br>③ [[清湿热]]<br>###主治::① [[阴虚发热，骨蒸潮热]]；<br>② [[小儿疳积发热]]；<br>③ [[湿热泻痢，黄疸尿赤，痔疮肿痛]]
<div style='text-align: center; font-size: 24px;'><b>番泻叶</b></div>,中药学::常见药 大纲第2部分:: 泻下药::攻下药,2,性味归经::性[[寒]]；味[[甘、苦]]；归[[大肠]]经。<br>###功效::① [[泻热行滞]]；<br>② [[通便利水]]<br>###主治::① [[热结积滞，便秘腹痛【*···::适用于热结便秘，亦可用于习惯性便秘及老年便秘，大多单味泡服，小剂量可起缓泻作用，大剂量则可攻下*】]]；<br>② [[水肿胀满【*···::或腹水肿胀，二便不利*】]],性味归经::性[[寒]]；味[[甘、苦]]；归[[大肠]]经。<br>###功效::① [[泻热行滞]]；<br>② [[通便利水]]<br>###主治::① [[热结积滞，便秘腹痛【*···::适用于热结便秘，亦可用于习惯性便秘及老年便秘，大多单味泡服，小剂量可起缓泻作用，大剂量则可攻下*】]]；<br>② [[水肿胀满【*···::或腹水肿胀，二便不利*】]]
<div style='text-align: center; font-size: 24px;'><b>芦荟</b></div>,中药学::常见药 大纲第2部分:: 泻下药::攻下药,2,性味归经::性[[寒]]；味[[苦]]；归[[肝、胃、大肠]]经。<br>###功效::① [[泻下通便]]；<br>② [[清肝泻火]]；<br>③ [[杀虫疗疳]]<br>###主治::① [[热结便秘]]；<br>② [[烦躁惊痫抽搐]]；<br>③ [[小儿疳积]]；<br>④ [[头癣、顽癣【*···::外敷，杀虫止痒*】]],性味归经::性[[寒]]；味[[苦]]；归[[肝、胃、大肠]]经。<br>###功效::① [[泻下通便]]；<br>② [[清肝泻火]]；<br>③ [[杀虫疗疳]]<br>###主治::① [[热结便秘]]；<br>② [[烦躁惊痫抽搐]]；<br>③ [[小儿疳积]]；<br>④ [[头癣、顽癣【*···::外敷，杀虫止痒*】]]
<div style='text-align: center; font-size: 24px;'><b>郁李仁</b></div>,中药学::常见药 大纲第2部分:: 泻下药::润下药,2,性味归经::性[[平]]；味[[辛、苦、甘]]；归[[脾、大肠、小肠]]经。<br>###功效::① [[润肠通便]]；<br>② [[下气利水]]<br>###主治::① [[津枯肠燥，腹胀便秘，食积气滞]]；<br>② [[水肿腹满，脚气浮肿，小便不利]],性味归经::性[[平]]；味[[辛、苦、甘]]；归[[脾、大肠、小肠]]经。<br>###功效::① [[润肠通便]]；<br>② [[下气利水]]<br>###主治::① [[津枯肠燥，腹胀便秘，食积气滞]]；<br>② [[水肿腹满，脚气浮肿，小便不利]]
<div style='text-align: center; font-size: 24px;'><b>商陆</b></div>,中药学::常见药 大纲第2部分:: 泻下药::酸下逐水药,2,性味归经::性[[寒]]；味[[苦；有<span style='color: red;'>毒</span>]]；归[[肺、脾、肾、大肠]]经。<br>###功效::① [[逐水消肿]]；<br>② [[通利二便]]；<br>③ [[外用解毒散结]]<br>###主治::① [[水肿胀满，二便不通]]；<br>② [[疮痈肿毒]],性味归经::性[[寒]]；味[[苦；有<span style='color: red;'>毒</span>]]；归[[肺、脾、肾、大肠]]经。<br>###功效::① [[逐水消肿]]；<br>② [[通利二便]]；<br>③ [[外用解毒散结]]<br>###主治::① [[水肿胀满，二便不通]]；<br>② [[疮痈肿毒]]
<div style='text-align: center; font-size: 24px;'><b>乌梢蛇</b></div>,中药学::常见药 大纲第2部分:: 祛风湿药::法风寒湿药,2,性味归经::性[[平]]；味[[甘]]；归[[肝]]经。<br>###功效::① [[祛风]]；<br>② [[通络]]；<br>③ [[止痉]]<br>###主治::① [[风湿顽痹，麻木拘挛]]；<br>② [[中风半身不遂，口眼㖞斜]]；<br>③ [[小儿急慢惊风，破伤风痉挛抽搐]]；<br>④ [[麻风，疥癣【*···::祛风止痒*】]]；<br>⑤ [[瘰疬，恶疮【*···::内外风毒壅滞皆宜，善治病久邪深者，力较蕲蛇缓*】]],性味归经::性[[平]]；味[[甘]]；归[[肝]]经。<br>###功效::① [[祛风]]；<br>② [[通络]]；<br>③ [[止痉]]<br>###主治::① [[风湿顽痹，麻木拘挛]]；<br>② [[中风半身不遂，口眼㖞斜]]；<br>③ [[小儿急慢惊风，破伤风痉挛抽搐]]；<br>④ [[麻风，疥癣【*···::祛风止痒*】]]；<br>⑤ [[瘰疬，恶疮【*···::内外风毒壅滞皆宜，善治病久邪深者，力较蕲蛇缓*】]]
<div style='text-align: center; font-size: 24px;'><b>川乌</b></div>,中药学::常见药 大纲第2部分:: 祛风湿药::法风寒湿药,2,性味归经::性[[热]]；味[[辛、苦，有大<span style='color: red;'>毒</span>]]；归[[心、脾、肝、肾]]经。<br>###功效::① [[祛风除湿]]；<br>② [[温经止痛]]<br>###主治::① [[风寒湿痹，关节拘急疼痛【*···::善驱逐寒湿、温经止痛，治“一切沉寒痛冷之症”，尤宜于寒邪偏盛之痹痛*】]]；<br>② [[心腹冷痛、寒疝腹痛【*···::辛散温通，散寒止痛*】]]；<br>③ [[跌打损伤疼痛，骨折瘀肿疼痛，麻醉止痛【*···::“治寒湿痹要药”“止痛力强”*】]],性味归经::性[[热]]；味[[辛、苦，有大<span style='color: red;'>毒</span>]]；归[[心、脾、肝、肾]]经。<br>###功效::① [[祛风除湿]]；<br>② [[温经止痛]]<br>###主治::① [[风寒湿痹，关节拘急疼痛【*···::善驱逐寒湿、温经止痛，治“一切沉寒痛冷之症”，尤宜于寒邪偏盛之痹痛*】]]；<br>② [[心腹冷痛、寒疝腹痛【*···::辛散温通，散寒止痛*】]]；<br>③ [[跌打损伤疼痛，骨折瘀肿疼痛，麻醉止痛【*···::“治寒湿痹要药”“止痛力强”*】]]
<div style='text-align: center; font-size: 24px;'><b>草乌</b></div>,中药学::常见药 大纲第2部分:: 祛风湿药::法风寒湿药,2,性味归经::性[[热]]；味[[辛、苦，有大<span style='color: red;'>毒</span>]]；归[[心、脾、肝、肾]]经。<br>###功效::① [[祛风除湿]]；<br>② [[温经止痛]]<br>###主治::① [[风寒湿痹，关节拘急疼痛【*···::善驱逐寒湿、温经止痛，治“一切沉寒痛冷之症”，尤宜于寒邪偏盛之痹痛*】]]；<br>② [[心腹冷痛、寒疝腹痛【*···::辛散温通，散寒止痛*】]]；<br>③ [[跌打损伤疼痛，骨折瘀肿疼痛，麻醉止痛【*···::“治寒湿痹要药”“止痛力强”*】]],性味归经::性[[热]]；味[[辛、苦，有大<span style='color: red;'>毒</span>]]；归[[心、脾、肝、肾]]经。<br>###功效::① [[祛风除湿]]；<br>② [[温经止痛]]<br>###主治::① [[风寒湿痹，关节拘急疼痛【*···::善驱逐寒湿、温经止痛，治“一切沉寒痛冷之症”，尤宜于寒邪偏盛之痹痛*】]]；<br>② [[心腹冷痛、寒疝腹痛【*···::辛散温通，散寒止痛*】]]；<br>③ [[跌打损伤疼痛，骨折瘀肿疼痛，麻醉止痛【*···::“治寒湿痹要药”“止痛力强”*】]]
<div style='text-align: center; font-size: 24px;'><b>海风藤</b></div>,中药学::常见药 大纲第2部分:: 祛风湿药::法风寒湿药,2,性味归经::性[[温]]；味[[辛、苦]]；归[[肝]]经。<br>###功效::① [[祛风除湿]]；<br>② [[通络止痛]]<br>###主治::① [[风寒湿痹，肢节疼痛，筋脉拘挛，屈伸不利]]；<br>② [[跌打损伤]],性味归经::性[[温]]；味[[辛、苦]]；归[[肝]]经。<br>###功效::① [[祛风除湿]]；<br>② [[通络止痛]]<br>###主治::① [[风寒湿痹，肢节疼痛，筋脉拘挛，屈伸不利]]；<br>② [[跌打损伤]]
<div style='text-align: center; font-size: 24px;'><b>青风藤</b></div>,中药学::常见药 大纲第2部分:: 祛风湿药::法风寒湿药,2,性味归经::性[[平]]；味[[苦、辛]]；归[[肝、脾]]经。<br>###功效::① [[祛风湿]]；<br>② [[通经络]]；<br>③ [[利小便]]<br>###主治::① [[风湿痹痛，关节肿胀，麻木不仁，皮肤瘙痒，肩臂痛，腰膝痛]]；<br>② [[水肿，脚气肿痛]],性味归经::性[[平]]；味[[苦、辛]]；归[[肝、脾]]经。<br>###功效::① [[祛风湿]]；<br>② [[通经络]]；<br>③ [[利小便]]<br>###主治::① [[风湿痹痛，关节肿胀，麻木不仁，皮肤瘙痒，肩臂痛，腰膝痛]]；<br>② [[水肿，脚气肿痛]]
<div style='text-align: center; font-size: 24px;'><b>昆明山海棠</b></div>,中药学::常见药 大纲第2部分:: 祛风湿药::法风寒湿药,2,性味归经::性[[温]]；味[[辛、苦]]；归[[肝、脾、肾]]经。<br>###功效::① [[祛风湿]]；<br>② [[活血止痛]]；<br>③ [[续筋接骨]]<br>###主治::① [[风湿痹证，为风寒湿痹日久、关节肿痛麻木之良药]]；<br>② [[跌打损伤、骨折]],性味归经::性[[温]]；味[[辛、苦]]；归[[肝、脾、肾]]经。<br>###功效::① [[祛风湿]]；<br>② [[活血止痛]]；<br>③ [[续筋接骨]]<br>###主治::① [[风湿痹证，为风寒湿痹日久、关节肿痛麻木之良药]]；<br>② [[跌打损伤、骨折]]
<div style='text-align: center; font-size: 24px;'><b>穿山龙</b></div>,中药学::常见药 大纲第2部分:: 祛风湿药::法风寒湿药,2,性味归经::性[[温]]；味[[甘、苦]]；归[[肝、肾、肺]]经。<br>###功效::① [[祛风除湿]]；<br>② [[舒筋通络]]；<br>③ [[活血止痛]]；<br>④ [[止咳平喘]]<br>###主治::① [[风湿痹病，关节肿胀，疼痛麻木]]；<br>② [[跌扑损伤，闪腰岔气]]；<br>③ [[咳嗽气喘【*···::化痰止咳平喘*】]],性味归经::性[[温]]；味[[甘、苦]]；归[[肝、肾、肺]]经。<br>###功效::① [[祛风除湿]]；<br>② [[舒筋通络]]；<br>③ [[活血止痛]]；<br>④ [[止咳平喘]]<br>###主治::① [[风湿痹病，关节肿胀，疼痛麻木]]；<br>② [[跌扑损伤，闪腰岔气]]；<br>③ [[咳嗽气喘【*···::化痰止咳平喘*】]]
<div style='text-align: center; font-size: 24px;'><b>雷公藤</b></div>,中药学::常见药 大纲第2部分:: 祛风湿药::祛风湿热药,2,性味归经::性[[寒]]；味[[辛、苦]]；归[[肝、肾]]经。<br>###功效::① [[祛风除湿]]；<br>② [[活血通络]]；<br>③ [[消肿止痛]]；<br>④ [[杀虫解毒]]<br>###主治::① [[风湿顽痹【*···::要药，尤宜于关节红肿热痛、肿胀难消、晨僵、功能受限，甚至关节变形者*】]]；<br>② [[疥疮，麻风，顽癣，湿疹]]；<br>③ [[疗疮肿毒]]；<br>④ [[现代治肾小球肾炎、肾病综合征、红斑狼疮、口眼干燥综合征、白塞病]],性味归经::性[[寒]]；味[[辛、苦]]；归[[肝、肾]]经。<br>###功效::① [[祛风除湿]]；<br>② [[活血通络]]；<br>③ [[消肿止痛]]；<br>④ [[杀虫解毒]]<br>###主治::① [[风湿顽痹【*···::要药，尤宜于关节红肿热痛、肿胀难消、晨僵、功能受限，甚至关节变形者*】]]；<br>② [[疥疮，麻风，顽癣，湿疹]]；<br>③ [[疗疮肿毒]]；<br>④ [[现代治肾小球肾炎、肾病综合征、红斑狼疮、口眼干燥综合征、白塞病]]
<div style='text-align: center; font-size: 24px;'><b>络石藤</b></div>,中药学::常见药 大纲第2部分:: 祛风湿药::祛风湿热药,2,性味归经::性[[微寒]]；味[[苦]]；归[[心、肝、肾]]经。<br>###功效::① [[祛风通络]]；<br>② [[凉血消肿]]<br>###主治::① [[风湿热痹，筋脉拘挛，腰膝酸痛]]；<br>② [[喉痹，痈肿]]；<br>③ [[跌扑损伤]],性味归经::性[[微寒]]；味[[苦]]；归[[心、肝、肾]]经。<br>###功效::① [[祛风通络]]；<br>② [[凉血消肿]]<br>###主治::① [[风湿热痹，筋脉拘挛，腰膝酸痛]]；<br>② [[喉痹，痈肿]]；<br>③ [[跌扑损伤]]
<div style='text-align: center; font-size: 24px;'><b>豨莶草</b></div>,中药学::常见药 大纲第2部分:: 祛风湿药::祛风湿热药,2,性味归经::性[[寒]]；味[[辛、苦]]；归[[肝、肾]]经。<br>###功效::① [[祛风湿]]；<br>② [[利关节]]；<br>③ [[解毒]]；<br>④ [[通经络]]<br>###主治::① [[风湿痹痛，筋骨无力，腰膝酸软，四肢麻木【*···::酒制兼补肝肾*】]]；<br>② [[中风半身不遂【*···::祛风通络*】]]；<br>③ [[风疹，湿疮，痈肿疮毒【*···::生用清热解毒，除湿热*】]]；<br>④ [[高血压病，阳亢眩晕【*···::降血压*】]],性味归经::性[[寒]]；味[[辛、苦]]；归[[肝、肾]]经。<br>###功效::① [[祛风湿]]；<br>② [[利关节]]；<br>③ [[解毒]]；<br>④ [[通经络]]<br>###主治::① [[风湿痹痛，筋骨无力，腰膝酸软，四肢麻木【*···::酒制兼补肝肾*】]]；<br>② [[中风半身不遂【*···::祛风通络*】]]；<br>③ [[风疹，湿疮，痈肿疮毒【*···::生用清热解毒，除湿热*】]]；<br>④ [[高血压病，阳亢眩晕【*···::降血压*】]]
<div style='text-align: center; font-size: 24px;'><b>臭梧桐</b></div>,中药学::常见药 大纲第2部分:: 祛风湿药::祛风湿热药,2,性味归经::性[[凉]]；味[[辛、苦、甘]]；归[[肝]]经。<br>###功效::① [[祛风湿]]；<br>② [[通经络]]；<br>③ [[平肝阳]]<br>###主治::① [[风湿痹证]]；<br>② [[中风半身不遂]]；<br>③ [[风疹，湿疮]]；<br>④ [[肝阳上亢，头痛眩晕【*···::高血压病*】]],性味归经::性[[凉]]；味[[辛、苦、甘]]；归[[肝]]经。<br>###功效::① [[祛风湿]]；<br>② [[通经络]]；<br>③ [[平肝阳]]<br>###主治::① [[风湿痹证]]；<br>② [[中风半身不遂]]；<br>③ [[风疹，湿疮]]；<br>④ [[肝阳上亢，头痛眩晕【*···::高血压病*】]]
<div style='text-align: center; font-size: 24px;'><b>桑枝</b></div>,中药学::常见药 大纲第2部分:: 祛风湿药::祛风湿热药,2,性味归经::性[[平]]；味[[微苦]]；归[[肝]]经。<br>###功效::① [[祛风湿]]；<br>② [[利关节]]；<br>③ [[利水消肿]]<br>###主治::① [[风湿痹证，肩臂、关节酸痛麻木]]；<br>② [[水肿，脚气肿痛]],性味归经::性[[平]]；味[[微苦]]；归[[肝]]经。<br>###功效::① [[祛风湿]]；<br>② [[利关节]]；<br>③ [[利水消肿]]<br>###主治::① [[风湿痹证，肩臂、关节酸痛麻木]]；<br>② [[水肿，脚气肿痛]]
<div style='text-align: center; font-size: 24px;'><b>海桐皮</b></div>,中药学::常见药 大纲第2部分:: 祛风湿药::祛风湿热药,2,性味归经::性[[平]]；味[[苦、辛]]；归[[肝、肾]]经。<br>###功效::① [[祛风除湿]]；<br>② [[通络止痛]]；<br>③ [[杀虫止痒]]<br>###主治::① [[风湿痹痛，尤善治下肢关节痹痛]]；<br>② [[疥癣、湿疹]],性味归经::性[[平]]；味[[苦、辛]]；归[[肝、肾]]经。<br>###功效::① [[祛风除湿]]；<br>② [[通络止痛]]；<br>③ [[杀虫止痒]]<br>###主治::① [[风湿痹痛，尤善治下肢关节痹痛]]；<br>② [[疥癣、湿疹]]
<div style='text-align: center; font-size: 24px;'><b>狗脊</b></div>,中药学::常见药 大纲第2部分:: 祛风湿药::法风湿强筋骨药,2,性味归经::性[[温]]；味[[甘、苦]]；归[[肝、肾]]经。<br>###功效::① [[祛风湿]]；<br>② [[补肝肾]]；<br>③ [[强腰膝]]<br>###主治::① [[风湿痹证【*···::肝肾不足兼风寒湿之腰痛脊强，不能俯仰最宜*】]]；<br>② [[腰膝酸软，下肢无力]]；<br>③ [[遗尿尿频，白带过多，带下清稀【*···::肾虚不固，能温补固摄*】]]；<br>④ [[金疮出血【*···::毛可止血*】]],性味归经::性[[温]]；味[[甘、苦]]；归[[肝、肾]]经。<br>###功效::① [[祛风湿]]；<br>② [[补肝肾]]；<br>③ [[强腰膝]]<br>###主治::① [[风湿痹证【*···::肝肾不足兼风寒湿之腰痛脊强，不能俯仰最宜*】]]；<br>② [[腰膝酸软，下肢无力]]；<br>③ [[遗尿尿频，白带过多，带下清稀【*···::肾虚不固，能温补固摄*】]]；<br>④ [[金疮出血【*···::毛可止血*】]]
<div style='text-align: center; font-size: 24px;'><b>草豆蔻</b></div>,中药学::常见药 大纲第2部分:: 化湿药,2,性味归经::性[[温]]；味[[辛]]；归[[脾、胃]]经。<br>###功效::① [[燥湿行气]]；<br>② [[温中止呕]]；<br>③ [[止泻止痢]]<br>###主治::① [[寒湿中阻气滞证，脘腹胀满冷痛，不思饮食]]；<br>② [[寒湿呕逆【*···::呕吐、呃逆、嗳气*】]]；<br>③ [[寒湿内盛，清浊不分之腹痛泻痢【*···::温燥寒湿，暖脾止泻*】]],性味归经::性[[温]]；味[[辛]]；归[[脾、胃]]经。<br>###功效::① [[燥湿行气]]；<br>② [[温中止呕]]；<br>③ [[止泻止痢]]<br>###主治::① [[寒湿中阻气滞证，脘腹胀满冷痛，不思饮食]]；<br>② [[寒湿呕逆【*···::呕吐、呃逆、嗳气*】]]；<br>③ [[寒湿内盛，清浊不分之腹痛泻痢【*···::温燥寒湿，暖脾止泻*】]]
<div style='text-align: center; font-size: 24px;'><b>草果</b></div>,中药学::常见药 大纲第2部分:: 化湿药,2,性味归经::性[[温]]；味[[辛]]；归[[脾、胃]]经。<br>###功效::① [[燥湿温中]]；<br>② [[截疟除痰]]<br>###主治::① [[寒湿中阻，脘腹胀痛，痞满呕吐]]；<br>② [[疟疾寒热，瘟疫发热]],性味归经::性[[温]]；味[[辛]]；归[[脾、胃]]经。<br>###功效::① [[燥湿温中]]；<br>② [[截疟除痰]]<br>###主治::① [[寒湿中阻，脘腹胀痛，痞满呕吐]]；<br>② [[疟疾寒热，瘟疫发热]]
<div style='text-align: center; font-size: 24px;'><b>香加皮</b></div>,中药学::常见药 大纲第2部分:: 利水渗湿药::利水消肿药,2,性味归经::性[[温]]；味[[辛、苦]]；归[[肝、肾、心]]经。<br>###功效::① [[利水消肿]]；<br>② [[祛风湿]]；<br>③ [[强筋骨]]<br>###主治::① [[下肢水肿，小便不利，心悸气短]]；<br>② [[风寒湿痹，筋骨痿软，腰膝酸软]],性味归经::性[[温]]；味[[辛、苦]]；归[[肝、肾、心]]经。<br>###功效::① [[利水消肿]]；<br>② [[祛风湿]]；<br>③ [[强筋骨]]<br>###主治::① [[下肢水肿，小便不利，心悸气短]]；<br>② [[风寒湿痹，筋骨痿软，腰膝酸软]]
<div style='text-align: center; font-size: 24px;'><b>枳椇子</b></div>,中药学::常见药 大纲第2部分:: 利水渗湿药::利水消肿药,2,性味归经::性[[平]]；味[[甘]]；归[[脾、胃]]经。<br>###功效::① [[利水消肿]]；<br>② [[解酒毒]]<br>###主治::① [[水肿]]；<br>② [[醉酒【*···::善解酒毒，清胸膈之热。治醉酒，烦热口渴]]；<br>③ [[饮酒过度，成痨吐血*】]],性味归经::性[[平]]；味[[甘]]；归[[脾、胃]]经。<br>###功效::① [[利水消肿]]；<br>② [[解酒毒]]<br>###主治::① [[水肿]]；<br>② [[醉酒【*···::善解酒毒，清胸膈之热。治醉酒，烦热口渴]]；<br>③ [[饮酒过度，成痨吐血*】]]
<div style='text-align: center; font-size: 24px;'><b>海金沙</b></div>,中药学::常见药 大纲第2部分:: 利水渗湿药::利尿通淋药,2,性味归经::性[[寒]]；味[[甘、咸]]；归[[膀胱、小肠]]经。<br>###功效::① [[清利湿热]]；<br>② [[通淋止痛]]；<br>③ [[利水消肿]]<br>###主治::① [[淋证【*···::热淋、血淋、石淋、膏淋*】，尿道涩痛]]；<br>② [[水肿小便不利【*···::“善治尿道涩痛，诸淋涩痛要药”*】]],性味归经::性[[寒]]；味[[甘、咸]]；归[[膀胱、小肠]]经。<br>###功效::① [[清利湿热]]；<br>② [[通淋止痛]]；<br>③ [[利水消肿]]<br>###主治::① [[淋证【*···::热淋、血淋、石淋、膏淋*】，尿道涩痛]]；<br>② [[水肿小便不利【*···::“善治尿道涩痛，诸淋涩痛要药”*】]]
<div style='text-align: center; font-size: 24px;'><b>萹蓄</b></div>,中药学::常见药 大纲第2部分:: 利水渗湿药::利尿通淋药,2,性味归经::性[[微寒]]；味[[苦]]；归[[膀胱]]经。<br>###功效::① [[利尿通淋]]；<br>② [[杀虫止痒]]<br>###主治::① [[热淋涩痛，小便短赤]]；<br>② [[虫积腹痛，皮肤湿疹，阴痒带下]],性味归经::性[[微寒]]；味[[苦]]；归[[膀胱]]经。<br>###功效::① [[利尿通淋]]；<br>② [[杀虫止痒]]<br>###主治::① [[热淋涩痛，小便短赤]]；<br>② [[虫积腹痛，皮肤湿疹，阴痒带下]]
<div style='text-align: center; font-size: 24px;'><b>地肤子</b></div>,中药学::常见药 大纲第2部分:: 利水渗湿药::利尿通淋药,2,性味归经::性[[寒]]；味[[辛、苦]]；归[[肾、膀胱]]经。<br>###功效::① [[清热利湿]]；<br>② [[祛风止痒]]<br>###主治::① [[小便不利，淋沥涩痛]]；<br>② [[阴痒带下]]；<br>③ [[风疹湿疹，皮肤瘙痒]],性味归经::性[[寒]]；味[[辛、苦]]；归[[肾、膀胱]]经。<br>###功效::① [[清热利湿]]；<br>② [[祛风止痒]]<br>###主治::① [[小便不利，淋沥涩痛]]；<br>② [[阴痒带下]]；<br>③ [[风疹湿疹，皮肤瘙痒]]
<div style='text-align: center; font-size: 24px;'><b>冬葵子</b></div>,中药学::常见药 大纲第2部分:: 利水渗湿药::利尿通淋药,2,性味归经::性[[微寒]]；味[[甘]]；归[[大肠、小肠、膀胱]]经。<br>###功效::① [[清热利尿通淋]]；<br>② [[下乳]]；<br>③ [[润肠通便]]<br>###主治::① [[淋证，水肿，尿闭]]；<br>② [[乳汁不通，乳房胀痛]]；<br>③ [[肠燥便秘]],性味归经::性[[微寒]]；味[[甘]]；归[[大肠、小肠、膀胱]]经。<br>###功效::① [[清热利尿通淋]]；<br>② [[下乳]]；<br>③ [[润肠通便]]<br>###主治::① [[淋证，水肿，尿闭]]；<br>② [[乳汁不通，乳房胀痛]]；<br>③ [[肠燥便秘]]
<div style='text-align: center; font-size: 24px;'><b>灯心草</b></div>,中药学::常见药 大纲第2部分:: 利水渗湿药::利尿通淋药,2,性味归经::性[[微寒]]；味[[甘、淡]]；归[[心、肺、小肠]]经。<br>###功效::① [[利尿通淋]]；<br>② [[清心降火]]<br>###主治::① [[热淋，尿少涩痛]]；<br>② [[心烦失眠，小儿心热夜啼，口舌生疮]],性味归经::性[[微寒]]；味[[甘、淡]]；归[[心、肺、小肠]]经。<br>###功效::① [[利尿通淋]]；<br>② [[清心降火]]<br>###主治::① [[热淋，尿少涩痛]]；<br>② [[心烦失眠，小儿心热夜啼，口舌生疮]]
<div style='text-align: center; font-size: 24px;'><b>珍珠草</b></div>,中药学::常见药 大纲第2部分:: 利水渗湿药::利湿退黄药,2,性味归经::性[[凉]]；味[[甘、苦]]；归[[肝、肺]]经。<br>###功效::① [[利湿退黄]]；<br>② [[清热解毒]]；<br>③ [[明目]]；<br>④ [[消积]]<br>###主治::① [[湿热黄疸，泄痢，淋证]]；<br>② [[疮痈肿毒，犬蛇咬伤]]；<br>③ [[目赤肿痛]]；<br>④ [[小儿疳积]],性味归经::性[[凉]]；味[[甘、苦]]；归[[肝、肺]]经。<br>###功效::① [[利湿退黄]]；<br>② [[清热解毒]]；<br>③ [[明目]]；<br>④ [[消积]]<br>###主治::① [[湿热黄疸，泄痢，淋证]]；<br>② [[疮痈肿毒，犬蛇咬伤]]；<br>③ [[目赤肿痛]]；<br>④ [[小儿疳积]]
<div style='text-align: center; font-size: 24px;'><b>小茴香</b></div>,中药学::常见药 大纲第2部分:: 温里药,2,性味归经::性[[温]]；味[[辛]]；归[[肝、肾、脾、胃]]经<br>###功效::① [[散寒止痛]]；<br>② [[理气和胃]]<br>###主治::① [[寒疝腹痛，睾丸偏坠胀痛，少腹冷痛，痛经【*···::温肾暖肝散寒止痛*】]]；<br>② [[脾胃虚寒气滞，中焦寒凝气滞，脘腹胀痛，食少吐泻【*···::温中快气之药*】]],性味归经::性[[温]]；味[[辛]]；归[[肝、肾、脾、胃]]经<br>###功效::① [[散寒止痛]]；<br>② [[理气和胃]]<br>###主治::① [[寒疝腹痛，睾丸偏坠胀痛，少腹冷痛，痛经【*···::温肾暖肝散寒止痛*】]]；<br>② [[脾胃虚寒气滞，中焦寒凝气滞，脘腹胀痛，食少吐泻【*···::温中快气之药*】]]
<div style='text-align: center; font-size: 24px;'><b>荜茇</b></div>,中药学::常见药 大纲第2部分:: 温里药,2,性味归经::性[[热]]；味[[辛]]；归[[胃、大肠]]经<br>###功效::① [[温中散寒]]；<br>② [[下气止痛]]<br>###主治::① [[中寒脘腹冷痛，呕吐呃逆，泄泻【*···::温中散寒止痛，降胃气，止呕呃*】]]；<br>② [[寒凝气滞，胸痹心痛，头痛牙痛]],性味归经::性[[热]]；味[[辛]]；归[[胃、大肠]]经<br>###功效::① [[温中散寒]]；<br>② [[下气止痛]]<br>###主治::① [[中寒脘腹冷痛，呕吐呃逆，泄泻【*···::温中散寒止痛，降胃气，止呕呃*】]]；<br>② [[寒凝气滞，胸痹心痛，头痛牙痛]]
<div style='text-align: center; font-size: 24px;'><b>荜澄茄</b></div>,中药学::常见药 大纲第2部分:: 温里药,2,性味归经::性[[温]]；味[[辛]]；归[[脾、胃、肾、膀胱]]经<br>###功效::① [[温中散寒]]；<br>② [[行气止痛]]<br>###主治::① [[脾胃寒证【*···::胃寒呕逆，脘腹冷痛，暖脾胃止呕吐呃逆*】]]；<br>② [[寒疝腹痛]]；<br>③ [[寒湿郁滞，小便混浊]]；<br>④ [[小便不利【*···::肾与膀胱虚冷*】]],性味归经::性[[温]]；味[[辛]]；归[[脾、胃、肾、膀胱]]经<br>###功效::① [[温中散寒]]；<br>② [[行气止痛]]<br>###主治::① [[脾胃寒证【*···::胃寒呕逆，脘腹冷痛，暖脾胃止呕吐呃逆*】]]；<br>② [[寒疝腹痛]]；<br>③ [[寒湿郁滞，小便混浊]]；<br>④ [[小便不利【*···::肾与膀胱虚冷*】]]
<div style='text-align: center; font-size: 24px;'><b>胡椒</b></div>,中药学::常见药 大纲第2部分:: 温里药,2,性味归经::性[[热]]；味[[辛]]；归[[胃、大肠]]经<br>###功效::① [[温中散寒]]；<br>② [[下气消痰]]；<br>③ [[开胃进食]]<br>###主治::① [[胃寒腹痛【*···::温中散寒止痛*】、呕吐泄泻]]；<br>② [[癫痫痰多]]；<br>③ [[食欲不振]],性味归经::性[[热]]；味[[辛]]；归[[胃、大肠]]经<br>###功效::① [[温中散寒]]；<br>② [[下气消痰]]；<br>③ [[开胃进食]]<br>###主治::① [[胃寒腹痛【*···::温中散寒止痛*】、呕吐泄泻]]；<br>② [[癫痫痰多]]；<br>③ [[食欲不振]]
<div style='text-align: center; font-size: 24px;'><b>荔枝核</b></div>,中药学::常见药 大纲第2部分:: 理气药,2,性味归经::性[[温]]；味[[甘、微苦]]；归[[肝、肾]]经<br>###功效::① [[行气散结]]；<br>② [[散寒止痛]]<br>###主治::① [[寒疝腹痛，睾丸肿痛]]；<br>② [[气滞疼痛，胃脘胀痛，痛经，产后腹痛]],性味归经::性[[温]]；味[[甘、微苦]]；归[[肝、肾]]经<br>###功效::① [[行气散结]]；<br>② [[散寒止痛]]<br>###主治::① [[寒疝腹痛，睾丸肿痛]]；<br>② [[气滞疼痛，胃脘胀痛，痛经，产后腹痛]]
<div style='text-align: center; font-size: 24px;'><b>佛手</b></div>,中药学::常见药 大纲第2部分:: 理气药,2,性味归经::性[[温]]；味[[辛苦酸]]；归[[肝、脾、胃、肺]]经<br>###功效::① [[疏肝理气]]；<br>② [[和胃止痛]]；<br>③ [[燥湿化痰]]<br>###主治::① [[肝郁气滞，肝胃不和，胸胁胀痛]]；<br>② [[脾胃气滞，胃脘痞闷，食少呕吐]]；<br>③ [[痰湿壅肺，咳嗽痰多【*···::广泛性气机不畅*】]],性味归经::性[[温]]；味[[辛苦酸]]；归[[肝、脾、胃、肺]]经<br>###功效::① [[疏肝理气]]；<br>② [[和胃止痛]]；<br>③ [[燥湿化痰]]<br>###主治::① [[肝郁气滞，肝胃不和，胸胁胀痛]]；<br>② [[脾胃气滞，胃脘痞闷，食少呕吐]]；<br>③ [[痰湿壅肺，咳嗽痰多【*···::广泛性气机不畅*】]]
<div style='text-align: center; font-size: 24px;'><b>香橼</b></div>,中药学::常见药 大纲第2部分:: 理气药,2,性味归经::性[[温]]；味[[辛苦酸]]；归[[肝脾肺]]经<br>###功效::① [[疏肝解郁]]；<br>② [[理气宽中]]；<br>③ [[燥湿化痰]]<br>###主治::① [[肝郁气滞，肝胃不和，胸胁胀痛]]；<br>② [[脾胃气滞，脘腹痞闷，呕吐噫气]]；<br>③ [[痰湿壅肺证，咳嗽痰多【*···::疏肝理气，和中止痛，化痰*】]],性味归经::性[[温]]；味[[辛苦酸]]；归[[肝脾肺]]经<br>###功效::① [[疏肝解郁]]；<br>② [[理气宽中]]；<br>③ [[燥湿化痰]]<br>###主治::① [[肝郁气滞，肝胃不和，胸胁胀痛]]；<br>② [[脾胃气滞，脘腹痞闷，呕吐噫气]]；<br>③ [[痰湿壅肺证，咳嗽痰多【*···::疏肝理气，和中止痛，化痰*】]]
<div style='text-align: center; font-size: 24px;'><b>玫瑰花</b></div>,中药学::常见药 大纲第2部分:: 理气药,2,性味归经::性[[温]]；味[[甘、微苦]]；归[[肝、脾]]经<br>###功效::① [[行气解郁]]；<br>② [[和血]]；<br>③ [[止痛]]<br>###主治::① [[肝郁气滞，肝胃不和，胃脘胀痛，胁痛脘闷，食少呕恶【*···::疏肝和胃*】]]；<br>② [[跌打损伤疼痛【*···::活血止痛*】]]；<br>③ [[月经不调，经前乳房胀痛【*···::疏肝行气止痛，治肝胃不和为佳*】]],性味归经::性[[温]]；味[[甘、微苦]]；归[[肝、脾]]经<br>###功效::① [[行气解郁]]；<br>② [[和血]]；<br>③ [[止痛]]<br>###主治::① [[肝郁气滞，肝胃不和，胃脘胀痛，胁痛脘闷，食少呕恶【*···::疏肝和胃*】]]；<br>② [[跌打损伤疼痛【*···::活血止痛*】]]；<br>③ [[月经不调，经前乳房胀痛【*···::疏肝行气止痛，治肝胃不和为佳*】]]
<div style='text-align: center; font-size: 24px;'><b>大腹皮</b></div>,中药学::常见药 大纲第2部分:: 理气药,2,性味归经::性[[微温]]；味[[辛]]；归[[脾、胃、大肠、小肠]]经<br>###功效::① [[行气宽中]]；<br>② [[利水消肿]]<br>###主治::① [[胃肠湿阻气滞，脘腹胀满，大便不爽【*···::亦治食积气滞脘腹痞胀，大便秘结或泻而不爽*】]]；<br>② [[水肿胀满，脚气肿痛，小便不利]],性味归经::性[[微温]]；味[[辛]]；归[[脾、胃、大肠、小肠]]经<br>###功效::① [[行气宽中]]；<br>② [[利水消肿]]<br>###主治::① [[胃肠湿阻气滞，脘腹胀满，大便不爽【*···::亦治食积气滞脘腹痞胀，大便秘结或泻而不爽*】]]；<br>② [[水肿胀满，脚气肿痛，小便不利]]
<div style='text-align: center; font-size: 24px;'><b>柿蒂</b></div>,中药学::常见药 大纲第2部分:: 理气药,2,性味归经::性[[平]]；味[[苦涩]]；归[[胃]]经<br>###功效::① [[降气止呃]]<br>###主治::① [[呃逆证]]；<br>② [[广泛用治各种胃气上逆之呃逆，无论寒热虚实均可用之]],性味归经::性[[平]]；味[[苦涩]]；归[[胃]]经<br>###功效::① [[降气止呃]]<br>###主治::① [[呃逆证]]；<br>② [[广泛用治各种胃气上逆之呃逆，无论寒热虚实均可用之]]
<div style='text-align: center; font-size: 24px;'><b>刀豆</b></div>,中药学::常见药 大纲第2部分:: 理气药,2,性味归经::性[[温]]；味[[甘]]；归[[胃、肾]]经<br>###功效::① [[温中降气]]；<br>② [[止呃]]；<br>③ [[温肾助阳]]<br>###主治::① [[虚寒呃逆，呕吐【*···::性温沉降，下气止呃*】]]；<br>② [[肾虚腰痛]],性味归经::性[[温]]；味[[甘]]；归[[胃、肾]]经<br>###功效::① [[温中降气]]；<br>② [[止呃]]；<br>③ [[温肾助阳]]<br>###主治::① [[虚寒呃逆，呕吐【*···::性温沉降，下气止呃*】]]；<br>② [[肾虚腰痛]]
<div style='text-align: center; font-size: 24px;'><b>甘松</b></div>,中药学::常见药 大纲第2部分:: 理气药,2,性味归经::性[[温]]；味[[辛甘]]；归[[脾、胃]]经<br>###功效::① [[行气止痛]]；<br>② [[开郁醒脾]]；<br>③ [[外用祛湿消肿]]<br>###主治::① [[寒郁气滞，脘腹胀满，食欲不振，呕吐【*···::行气理气消胀，醒脾开胃，散寒止痛*】]]；<br>② [[牙痛，脚气肿痛]],性味归经::性[[温]]；味[[辛甘]]；归[[脾、胃]]经<br>###功效::① [[行气止痛]]；<br>② [[开郁醒脾]]；<br>③ [[外用祛湿消肿]]<br>###主治::① [[寒郁气滞，脘腹胀满，食欲不振，呕吐【*···::行气理气消胀，醒脾开胃，散寒止痛*】]]；<br>② [[牙痛，脚气肿痛]]
<div style='text-align: center; font-size: 24px;'><b>梅花</b></div>,中药学::常见药 大纲第2部分:: 理气药,2,性味归经::性[[平]]；味[[微酸]]；归[[肝、胃、肺]]经<br>###功效::① [[疏肝和中]]；<br>② [[化痰散结]]<br>###主治::① [[肝胃气滞，胁肋胀痛，郁闷心烦]]；<br>② [[梅核气]]；<br>③ [[瘰疬疮毒]],性味归经::性[[平]]；味[[微酸]]；归[[肝、胃、肺]]经<br>###功效::① [[疏肝和中]]；<br>② [[化痰散结]]<br>###主治::① [[肝胃气滞，胁肋胀痛，郁闷心烦]]；<br>② [[梅核气]]；<br>③ [[瘰疬疮毒]]
<div style='text-align: center; font-size: 24px;'><b>六神曲</b></div>,中药学::常见药 大纲第2部分:: 消食药,2,性味归经::性[[温]]；味[[甘辛]]；归[[脾胃]]经<br>###功效::① [[消食和胃]]；<br>② [[解表退热]]<br>###主治::① [[饮食积滞证【*···::广泛食积*】]]；<br>② [[食滞者兼外感表证]]；<br>③ [[丸剂含金石、贝壳类时，用此糊丸助消化]],性味归经::性[[温]]；味[[甘辛]]；归[[脾胃]]经<br>###功效::① [[消食和胃]]；<br>② [[解表退热]]<br>###主治::① [[饮食积滞证【*···::广泛食积*】]]；<br>② [[食滞者兼外感表证]]；<br>③ [[丸剂含金石、贝壳类时，用此糊丸助消化]]
<div style='text-align: center; font-size: 24px;'><b>麦芽</b></div>,中药学::常见药 大纲第2部分:: 消食药,2,性味归经::性[[平]]；味[[甘]]；归[[脾胃肝]]经<br>###功效::① [[消食行气]]；<br>② [[健脾开胃]]；<br>③ [[回乳消胀]]；<br>④ [[疏肝行气]]<br>###主治::① [[食积不化，脘腹胀满，脾虚食少]]；<br>② [[妇女断乳，乳汁郁积，乳房胀痛]]；<br>③ [[肝郁气滞，肝胃不和之胁痛，脘腹胀痛【*···::善治淀粉食积*】]]；<br>④ [[生麦芽健脾和胃，疏肝行气，治脾虚食少，乳汁郁积]]；<br>⑤ [[炒麦芽行气消食回乳，用于食积不消，妇女断乳]]；<br>⑥ [[焦麦芽消食化滞，治食积不消，脘腹胀痛]],性味归经::性[[平]]；味[[甘]]；归[[脾胃肝]]经<br>###功效::① [[消食行气]]；<br>② [[健脾开胃]]；<br>③ [[回乳消胀]]；<br>④ [[疏肝行气]]<br>###主治::① [[食积不化，脘腹胀满，脾虚食少]]；<br>② [[妇女断乳，乳汁郁积，乳房胀痛]]；<br>③ [[肝郁气滞，肝胃不和之胁痛，脘腹胀痛【*···::善治淀粉食积*】]]；<br>④ [[生麦芽健脾和胃，疏肝行气，治脾虚食少，乳汁郁积]]；<br>⑤ [[炒麦芽行气消食回乳，用于食积不消，妇女断乳]]；<br>⑥ [[焦麦芽消食化滞，治食积不消，脘腹胀痛]]
<div style='text-align: center; font-size: 24px;'><b>稻芽</b></div>,中药学::常见药 大纲第2部分:: 消食药,2,性味归经::性[[温]]；味[[甘]]；归[[脾、胃]]经<br>###功效::① [[消食和中]]；<br>② [[健脾开胃]]<br>###主治::① [[食积不消，腹胀口臭]]；<br>② [[脾胃虚弱，不饥食少【*···::作用和缓，助消化而不伤胃气，主治米面薯芋淀粉类食积不化和脾虚食滞证，功似麦芽，亦常与麦芽相须为用，以提高疗效*】]],性味归经::性[[温]]；味[[甘]]；归[[脾、胃]]经<br>###功效::① [[消食和中]]；<br>② [[健脾开胃]]<br>###主治::① [[食积不消，腹胀口臭]]；<br>② [[脾胃虚弱，不饥食少【*···::作用和缓，助消化而不伤胃气，主治米面薯芋淀粉类食积不化和脾虚食滞证，功似麦芽，亦常与麦芽相须为用，以提高疗效*】]]
<div style='text-align: center; font-size: 24px;'><b>南瓜子</b></div>,中药学::常见药 大纲第2部分:: 驱虫药,2,性味归经::性[[平]]；味[[甘]]；归[[胃、大肠]]经<br>###功效::① [[杀虫]]<br>###主治::① [[绦虫病【*···::杀虫不伤正*】]]；<br>② [[大剂量长期服用可治血吸虫病，用量为120~200g]],性味归经::性[[平]]；味[[甘]]；归[[胃、大肠]]经<br>###功效::① [[杀虫]]<br>###主治::① [[绦虫病【*···::杀虫不伤正*】]]；<br>② [[大剂量长期服用可治血吸虫病，用量为120~200g]]
<div style='text-align: center; font-size: 24px;'><b>鹤草芽</b></div>,中药学::常见药 大纲第2部分:: 驱虫药,2,性味归经::性[[凉]]；味[[苦、涩]]；归[[肝、小肠、大肠]]经<br>###功效::① [[杀虫]]；<br>② [[泻下通便]]<br>###主治::① [[绦虫病【*···::善驱绦虫，并具有缓泻通便作用，有利于虫体排出*】]]；<br>② [[滴虫性阴道炎]],性味归经::性[[凉]]；味[[苦、涩]]；归[[肝、小肠、大肠]]经<br>###功效::① [[杀虫]]；<br>② [[泻下通便]]<br>###主治::① [[绦虫病【*···::善驱绦虫，并具有缓泻通便作用，有利于虫体排出*】]]；<br>② [[滴虫性阴道炎]]
<div style='text-align: center; font-size: 24px;'><b>榧子</b></div>,中药学::常见药 大纲第2部分:: 驱虫药,2,性味归经::性[[平]]；味[[甘]]；归[[肺、胃、大肠]]经<br>###功效::① [[杀虫消积]]；<br>② [[润肺止咳]]；<br>③ [[润肠通便]]<br>###主治::① [[钩虫病、蛔虫病、绦虫病、虫积腹痛【*···::蛔钩绦姜片虫，甘平不伤胃*】]]；<br>② [[小儿疳积]]；<br>③ [[肺燥咳嗽]]；<br>④ [[肠燥便秘]],性味归经::性[[平]]；味[[甘]]；归[[肺、胃、大肠]]经<br>###功效::① [[杀虫消积]]；<br>② [[润肺止咳]]；<br>③ [[润肠通便]]<br>###主治::① [[钩虫病、蛔虫病、绦虫病、虫积腹痛【*···::蛔钩绦姜片虫，甘平不伤胃*】]]；<br>② [[小儿疳积]]；<br>③ [[肺燥咳嗽]]；<br>④ [[肠燥便秘]]
<div style='text-align: center; font-size: 24px;'><b>侧柏叶</b></div>,中药学::常见药 大纲第2部分:: 止血药::凉血止血药,2,性味归经::性[[寒]]；味[[苦涩]]；归[[肺肝脾]]经<br>###功效::① [[凉血止血]]；<br>② [[化痰止咳]]；<br>③ [[生发乌发]]<br>###主治::① [[多种出血证：吐血，衄血，咯血，便血，崩漏下血【*···::血热尤宜*】]]；<br>② [[肺热咳嗽，咯痰黄稠]]；<br>③ [[血热脱发【*···::凉血祛风*】，须发早白【*···::凉血收敛止血之佳品*】]],性味归经::性[[寒]]；味[[苦涩]]；归[[肺肝脾]]经<br>###功效::① [[凉血止血]]；<br>② [[化痰止咳]]；<br>③ [[生发乌发]]<br>###主治::① [[多种出血证：吐血，衄血，咯血，便血，崩漏下血【*···::血热尤宜*】]]；<br>② [[肺热咳嗽，咯痰黄稠]]；<br>③ [[血热脱发【*···::凉血祛风*】，须发早白【*···::凉血收敛止血之佳品*】]]
<div style='text-align: center; font-size: 24px;'><b>棕榈炭</b></div>,中药学::常见药 大纲第2部分:: 止血药::收敛止血药,2,性味归经::性[[平]]；味[[苦、涩]]；归[[肺、肝、大肠]]经<br>###功效::① [[收敛止血]]；<br>② [[止泻]]；<br>③ [[止带]]<br>###主治::① [[出血证：吐血、衄血、尿血、便血、崩漏【*···::各种出血，崩漏尤宜，止上下失血，止下血为良，出血无瘀滞为宜*】]]；<br>② [[久泻久痢，妇人带下]],性味归经::性[[平]]；味[[苦、涩]]；归[[肺、肝、大肠]]经<br>###功效::① [[收敛止血]]；<br>② [[止泻]]；<br>③ [[止带]]<br>###主治::① [[出血证：吐血、衄血、尿血、便血、崩漏【*···::各种出血，崩漏尤宜，止上下失血，止下血为良，出血无瘀滞为宜*】]]；<br>② [[久泻久痢，妇人带下]]
<div style='text-align: center; font-size: 24px;'><b>血余炭</b></div>,中药学::常见药 大纲第2部分:: 止血药::收敛止血药,2,性味归经::性[[平]]；味[[苦]]；归[[肝、胃]]经<br>###功效::① [[收敛止血]]；<br>② [[化瘀]]；<br>③ [[利尿]]<br>###主治::① [[出血证：吐血，咯血，衄血，血淋，尿血，便血，崩漏，外伤出血【*···::止血而不留瘀，可用于各种出血之证，无论寒热虚实皆可*】]]；<br>② [[小便不利【*···::化瘀通窍，通利水道*】]],性味归经::性[[平]]；味[[苦]]；归[[肝、胃]]经<br>###功效::① [[收敛止血]]；<br>② [[化瘀]]；<br>③ [[利尿]]<br>###主治::① [[出血证：吐血，咯血，衄血，血淋，尿血，便血，崩漏，外伤出血【*···::止血而不留瘀，可用于各种出血之证，无论寒热虚实皆可*】]]；<br>② [[小便不利【*···::化瘀通窍，通利水道*】]]
<div style='text-align: center; font-size: 24px;'><b>紫珠叶</b></div>,中药学::常见药 大纲第2部分:: 止血药::收敛止血药,2,性味归经::性[[凉]]；味[[苦、涩]]；归[[肝、肺、胃]]经<br>###功效::① [[凉血收敛止血]]；<br>② [[散瘀解毒]]；<br>③ [[消肿]]<br>###主治::① [[出血证：吐血，咯血，衄血，便血，崩漏，外伤出血【*···::多用于肺胃出血*】]]；<br>② [[热毒疮疡，水火烫伤]],性味归经::性[[凉]]；味[[苦、涩]]；归[[肝、肺、胃]]经<br>###功效::① [[凉血收敛止血]]；<br>② [[散瘀解毒]]；<br>③ [[消肿]]<br>###主治::① [[出血证：吐血，咯血，衄血，便血，崩漏，外伤出血【*···::多用于肺胃出血*】]]；<br>② [[热毒疮疡，水火烫伤]]
<div style='text-align: center; font-size: 24px;'><b>炮姜</b></div>,中药学::常见药 大纲第2部分:: 止血药::温经止血药,2,性味归经::性[[热]]；味[[辛]]；归[[脾胃肾]]经<br>###功效::① [[温经止血]]；<br>② [[温中止痛]]<br>###主治::① [[阳虚失血，吐衄崩漏]]；<br>② [[脾胃虚寒，腹痛，腹泻]],性味归经::性[[热]]；味[[辛]]；归[[脾胃肾]]经<br>###功效::① [[温经止血]]；<br>② [[温中止痛]]<br>###主治::① [[阳虚失血，吐衄崩漏]]；<br>② [[脾胃虚寒，腹痛，腹泻]]
<div style='text-align: center; font-size: 24px;'><b>灶心土</b></div>,中药学::常见药 大纲第2部分:: 止血药::温经止血药,2,性味归经::性[[温]]；味[[辛]]；归[[脾、胃]]经<br>###功效::① [[温中止血]]；<br>② [[降逆止呕]]；<br>③ [[涩肠止泻]]<br>###主治::① [[虚寒性出血【*···::吐血、便血、衄血、崩漏*】]]；<br>② [[胃寒呕吐、反胃、妊娠呕吐::温中和胃，降逆【*止呕*】]]；<br>③ [[脾虚久泻【*···::涩肠止泻*】]],性味归经::性[[温]]；味[[辛]]；归[[脾、胃]]经<br>###功效::① [[温中止血]]；<br>② [[降逆止呕]]；<br>③ [[涩肠止泻]]<br>###主治::① [[虚寒性出血【*···::吐血、便血、衄血、崩漏*】]]；<br>② [[胃寒呕吐、反胃、妊娠呕吐::温中和胃，降逆【*止呕*】]]；<br>③ [[脾虚久泻【*···::涩肠止泻*】]]
<div style='text-align: center; font-size: 24px;'><b>降香</b></div>,中药学::常见药 大纲第2部分:: 活血化瘀药::活血止痛药,2,性味归经::性[[温]]；味[[辛]]；归[[肝、脾]]经<br>###功效::① [[化瘀止血]]；<br>② [[理气止痛]]<br>###主治::① [[肝郁胁痛，胸痹刺痛【*···::血瘀气滞之胸胁脘腹疼痛*】，跌扑伤痛]]；<br>② [[吐血，衄血，外伤出血【*···::瘀滞出血，跌打损伤之内外出血，外科常用*】]]；<br>③ [[秽浊内阻，呕吐腹痛【*···::降气辟秽，和中止呕*】]],性味归经::性[[温]]；味[[辛]]；归[[肝、脾]]经<br>###功效::① [[化瘀止血]]；<br>② [[理气止痛]]<br>###主治::① [[肝郁胁痛，胸痹刺痛【*···::血瘀气滞之胸胁脘腹疼痛*】，跌扑伤痛]]；<br>② [[吐血，衄血，外伤出血【*···::瘀滞出血，跌打损伤之内外出血，外科常用*】]]；<br>③ [[秽浊内阻，呕吐腹痛【*···::降气辟秽，和中止呕*】]]
<div style='text-align: center; font-size: 24px;'><b>川牛膝</b></div>,中药学::常见药 大纲第2部分:: 活血化瘀药::活血止痛药,2,性味归经::性[[平]]；味[[甘微苦]]；归[[肝、肾]]经<br>###功效::① [[逐瘀通经]]；<br>② [[通利关节]]；<br>③ [[利尿通淋]]<br>###主治::① [[经闭癥瘕]]；<br>② [[胞衣不下]]；<br>③ [[跌扑损伤]]；<br>④ [[风湿痹痛]]；<br>⑤ [[足痿筋挛]]；<br>⑥ [[尿血血淋]],性味归经::性[[平]]；味[[甘微苦]]；归[[肝、肾]]经<br>###功效::① [[逐瘀通经]]；<br>② [[通利关节]]；<br>③ [[利尿通淋]]<br>###主治::① [[经闭癥瘕]]；<br>② [[胞衣不下]]；<br>③ [[跌扑损伤]]；<br>④ [[风湿痹痛]]；<br>⑤ [[足痿筋挛]]；<br>⑥ [[尿血血淋]]
<div style='text-align: center; font-size: 24px;'><b>银杏叶</b></div>,中药学::常见药 大纲第2部分:: 活血化瘀药::活血止痛药,2,性味归经::性[[平]]；味[[甘苦涩]]；归[[心肺]]经<br>###功效::① [[活血化瘀]]；<br>② [[通络止痛]]；<br>③ [[敛肺平喘]]；<br>④ [[化浊降脂]]<br>###主治::① [[瘀血阻络，胸痹心痛]]；<br>② [[中风偏瘫，舌强语謇]]；<br>③ [[肺虚咳喘]]；<br>④ [[高脂血症]],性味归经::性[[平]]；味[[甘苦涩]]；归[[心肺]]经<br>###功效::① [[活血化瘀]]；<br>② [[通络止痛]]；<br>③ [[敛肺平喘]]；<br>④ [[化浊降脂]]<br>###主治::① [[瘀血阻络，胸痹心痛]]；<br>② [[中风偏瘫，舌强语謇]]；<br>③ [[肺虚咳喘]]；<br>④ [[高脂血症]]
<div style='text-align: center; font-size: 24px;'><b>月季花</b></div>,中药学::常见药 大纲第2部分:: 活血化瘀药::活血调经药,2,性味归经::性[[温]]；味[[甘]]；归[[肝]]经<br>###功效::① [[活血调经]]；<br>② [[疏肝解郁]]；<br>③ [[消肿散结]]；<br>④ [[止痛]]<br>###主治::① [[气滞血瘀，月经不调，经闭痛经，胸胁胀痛]]；<br>② [[疮疡肿痛【*···::痈疽肿毒*】，跌打伤痛，瘰疬]],性味归经::性[[温]]；味[[甘]]；归[[肝]]经<br>###功效::① [[活血调经]]；<br>② [[疏肝解郁]]；<br>③ [[消肿散结]]；<br>④ [[止痛]]<br>###主治::① [[气滞血瘀，月经不调，经闭痛经，胸胁胀痛]]；<br>② [[疮疡肿痛【*···::痈疽肿毒*】，跌打伤痛，瘰疬]]
<div style='text-align: center; font-size: 24px;'><b>苏木</b></div>,中药学::常见药 大纲第2部分:: 活血化瘀药::活血疗伤药,2,性味归经::性[[平]]；味[[甘咸]]；归[[心、肝、脾]]经<br>###功效::① [[活血祛瘀]]；<br>② [[消肿止痛]]<br>###主治::① [[跌打损伤，骨折筋伤，瘀滞肿痛【*···::活血疗伤，散瘀消肿止痛，伤科常用*】]]；<br>② [[血滞经闭、痛经，产后瘀阻，胸腹刺痛，痈肿疮毒/痈疽肿痛【*···::活血祛瘀，通经止痛*】]],性味归经::性[[平]]；味[[甘咸]]；归[[心、肝、脾]]经<br>###功效::① [[活血祛瘀]]；<br>② [[消肿止痛]]<br>###主治::① [[跌打损伤，骨折筋伤，瘀滞肿痛【*···::活血疗伤，散瘀消肿止痛，伤科常用*】]]；<br>② [[血滞经闭、痛经，产后瘀阻，胸腹刺痛，痈肿疮毒/痈疽肿痛【*···::活血祛瘀，通经止痛*】]]
<div style='text-align: center; font-size: 24px;'><b>自然铜</b></div>,中药学::常见药 大纲第2部分:: 活血化瘀药::活血疗伤药,2,性味归经::性[[平]]；味[[辛]]；归[[肝]]经<br>###功效::① [[散瘀止痛]]；<br>② [[续筋接骨]]<br>###主治::① [[跌打损伤]]；<br>② [[筋骨折伤]]；<br>③ [[瘀肿疼痛【*···::活血散瘀止痛，续筋接骨疗伤，为伤科要药*】]],性味归经::性[[平]]；味[[辛]]；归[[肝]]经<br>###功效::① [[散瘀止痛]]；<br>② [[续筋接骨]]<br>###主治::① [[跌打损伤]]；<br>② [[筋骨折伤]]；<br>③ [[瘀肿疼痛【*···::活血散瘀止痛，续筋接骨疗伤，为伤科要药*】]]
<div style='text-align: center; font-size: 24px;'><b>骨碎补</b></div>,中药学::常见药 大纲第2部分:: 活血化瘀药::活血疗伤药,2,性味归经::性[[温]]；味[[苦]]；归[[肝、肾]]经<br>###功效::① [[活血疗伤，止痛，补肾强骨]]；<br>② [[外用消风祛斑]]<br>###主治::① [[跌扑闪挫【*···::跌打损伤或创伤*】，筋骨折伤，瘀滞肿痛【*···::活血散瘀，消肿止痛，续筋接骨，五版教材还有止血，为伤科要药，善补骨碎*】]]；<br>② [[肾虚腰痛，筋骨痿软，耳鸣耳聋，牙痛，牙齿松动，久泻【*···::温补肾阳，强筋健骨，可治肾阳虚损*】]]；<br>③ [[斑秃，白癜风]],性味归经::性[[温]]；味[[苦]]；归[[肝、肾]]经<br>###功效::① [[活血疗伤，止痛，补肾强骨]]；<br>② [[外用消风祛斑]]<br>###主治::① [[跌扑闪挫【*···::跌打损伤或创伤*】，筋骨折伤，瘀滞肿痛【*···::活血散瘀，消肿止痛，续筋接骨，五版教材还有止血，为伤科要药，善补骨碎*】]]；<br>② [[肾虚腰痛，筋骨痿软，耳鸣耳聋，牙痛，牙齿松动，久泻【*···::温补肾阳，强筋健骨，可治肾阳虚损*】]]；<br>③ [[斑秃，白癜风]]
<div style='text-align: center; font-size: 24px;'><b>儿茶</b></div>,中药学::常见药 大纲第2部分:: 活血化瘀药::活血疗伤药,2,"性味归经::性[[微寒]]；味[[苦涩]]；归[[心肺]]经<br>###功效::① [[活血止痛]]；<br>② [[止血生肌]]；<br>③ [[收湿敛疮]]；<br>④ [[清肺化痰]]<br>###主治::① [[跌扑伤痛【*···::活血散瘀，疗伤止痛*】]]；<br>② [[外伤出血、吐血衄血【*···::活血散瘀，收敛止血，血热出血尤宜，""涂金疮，一切诸疮，止血收湿""*】]]；<br>③ [[疮疡不敛、湿疹、湿疮、牙疳、下疳、痔疮::解毒收湿，敛疮【*生肌*】]]；<br>④ [[肺热咳嗽]]","性味归经::性[[微寒]]；味[[苦涩]]；归[[心肺]]经<br>###功效::① [[活血止痛]]；<br>② [[止血生肌]]；<br>③ [[收湿敛疮]]；<br>④ [[清肺化痰]]<br>###主治::① [[跌扑伤痛【*···::活血散瘀，疗伤止痛*】]]；<br>② [[外伤出血、吐血衄血【*···::活血散瘀，收敛止血，血热出血尤宜，""涂金疮，一切诸疮，止血收湿""*】]]；<br>③ [[疮疡不敛、湿疹、湿疮、牙疳、下疳、痔疮::解毒收湿，敛疮【*生肌*】]]；<br>④ [[肺热咳嗽]]"
<div style='text-align: center; font-size: 24px;'><b>刘寄奴</b></div>,中药学::常见药 大纲第2部分:: 活血化瘀药::活血疗伤药,2,"性味归经::性[[温]]；味[[辛、苦]]；归[[心、肝、脾]]经<br>###功效::① [[破血通经]]；<br>② [[散瘀止痛]]；<br>③ [[止血疗伤]]；<br>④ [[消食化积]]<br>###主治::① [[血瘀经闭，产后瘀痛]]；<br>② [[跌打损伤，肿痛出血]]；<br>③ [[食积不化，脘腹胀痛，赤白痢疾【*···::""金疮要药""*】]]","性味归经::性[[温]]；味[[辛、苦]]；归[[心、肝、脾]]经<br>###功效::① [[破血通经]]；<br>② [[散瘀止痛]]；<br>③ [[止血疗伤]]；<br>④ [[消食化积]]<br>###主治::① [[血瘀经闭，产后瘀痛]]；<br>② [[跌打损伤，肿痛出血]]；<br>③ [[食积不化，脘腹胀痛，赤白痢疾【*···::""金疮要药""*】]]"
<div style='text-align: center; font-size: 24px;'><b>虻虫</b></div>,中药学::常见药 大纲第2部分:: 活血化瘀药::破血消癥药,2,性味归经::性[[微寒]]；味[[苦]]；归[[肝]]经；有小<span style='color: red;'>毒</span><br>###功效::① [[破血逐瘀]]；<br>② [[消癥散积]]<br>###主治::① [[癥瘕积聚，血瘀经闭【*···::瘀血重症*】]]；<br>② [[跌打损伤，瘀滞肿痛]],性味归经::性[[微寒]]；味[[苦]]；归[[肝]]经；有小<span style='color: red;'>毒</span><br>###功效::① [[破血逐瘀]]；<br>② [[消癥散积]]<br>###主治::① [[癥瘕积聚，血瘀经闭【*···::瘀血重症*】]]；<br>② [[跌打损伤，瘀滞肿痛]]
<div style='text-align: center; font-size: 24px;'><b>皂荚</b></div>,中药学::常见药 大纲第2部分:: 化痰止咳平喘药::温化寒痰药,2,性味归经::性[[温]]；味[[辛咸]]；归[[肺、大肠]]经；有小<span style='color: red;'>毒</span><br>###功效::① [[祛痰开窍]]；<br>② [[散结消肿]]；<br>③ [[祛风杀虫]]；<br>④ [[止痒]]<br>###主治::① [[中风口噤，昏迷不醒，癫痫痰盛，关窍不通，痰阻喉痹]]；<br>② [[顽痰喘咳，咳痰不爽【*···::稠痰黏肺*】]]；<br>③ [[大便燥结【*···::通肺及大肠气*】]]；<br>④ [[疮痈疖肿，皮癣]],性味归经::性[[温]]；味[[辛咸]]；归[[肺、大肠]]经；有小<span style='color: red;'>毒</span><br>###功效::① [[祛痰开窍]]；<br>② [[散结消肿]]；<br>③ [[祛风杀虫]]；<br>④ [[止痒]]<br>###主治::① [[中风口噤，昏迷不醒，癫痫痰盛，关窍不通，痰阻喉痹]]；<br>② [[顽痰喘咳，咳痰不爽【*···::稠痰黏肺*】]]；<br>③ [[大便燥结【*···::通肺及大肠气*】]]；<br>④ [[疮痈疖肿，皮癣]]
<div style='text-align: center; font-size: 24px;'><b>竹沥</b></div>,中药学::常见药 大纲第2部分:: 化痰止咳平喘药::清化热痰药,2,性味归经::性[[寒]]；味[[甘]]；归[[心肺肝]]经<br>###功效::① [[清热豁痰]]；<br>② [[定惊利窍]]<br>###主治::① [[肺热痰壅咳喘【*···::治痰热咳喘，痰稠难咯，顽痰胶结者最宜*】]]；<br>② [[中风痰迷，痰热惊痫，小儿惊风，癫狂【*···::走窍逐痰，通达内外*】]],性味归经::性[[寒]]；味[[甘]]；归[[心肺肝]]经<br>###功效::① [[清热豁痰]]；<br>② [[定惊利窍]]<br>###主治::① [[肺热痰壅咳喘【*···::治痰热咳喘，痰稠难咯，顽痰胶结者最宜*】]]；<br>② [[中风痰迷，痰热惊痫，小儿惊风，癫狂【*···::走窍逐痰，通达内外*】]]
<div style='text-align: center; font-size: 24px;'><b>天竺黄</b></div>,中药学::常见药 大纲第2部分:: 化痰止咳平喘药::清化热痰药,2,性味归经::性[[寒]]；味[[甘]]；归[[心、肝]]经<br>###功效::① [[清热豁痰]]；<br>② [[凉心定惊]]<br>###主治::① [[热病神昏]]；<br>② [[中风痰壅]]；<br>③ [[痰热癫痫]]；<br>④ [[小儿痰热惊风]]；<br>⑤ [[抽搐夜啼【*···::清心定惊良药*】]],性味归经::性[[寒]]；味[[甘]]；归[[心、肝]]经<br>###功效::① [[清热豁痰]]；<br>② [[凉心定惊]]<br>###主治::① [[热病神昏]]；<br>② [[中风痰壅]]；<br>③ [[痰热癫痫]]；<br>④ [[小儿痰热惊风]]；<br>⑤ [[抽搐夜啼【*···::清心定惊良药*】]]
<div style='text-align: center; font-size: 24px;'><b>前胡</b></div>,中药学::常见药 大纲第2部分:: 化痰止咳平喘药::清化热痰药,2,性味归经::性[[微寒]]；味[[苦辛]]；归[[肺]]经<br>###功效::① [[降气化痰]]；<br>② [[散风清热]]<br>###主治::① [[痰热阻肺所致痰热咳喘、咳痰黄稠]]；<br>② [[风热咳嗽痰多【*···::止咳*】]]；<br>③ [[麻疹初起、透发不畅兼有咳嗽]],性味归经::性[[微寒]]；味[[苦辛]]；归[[肺]]经<br>###功效::① [[降气化痰]]；<br>② [[散风清热]]<br>###主治::① [[痰热阻肺所致痰热咳喘、咳痰黄稠]]；<br>② [[风热咳嗽痰多【*···::止咳*】]]；<br>③ [[麻疹初起、透发不畅兼有咳嗽]]
<div style='text-align: center; font-size: 24px;'><b>胖大海</b></div>,中药学::常见药 大纲第2部分:: 化痰止咳平喘药::清化热痰药,2,性味归经::性[[寒]]；味[[甘]]；归[[肺、大肠]]经<br>###功效::① [[清热润肺]]；<br>② [[利咽开音]]；<br>③ [[润肠通便]]<br>###主治::① [[肺热声哑，干咳无痰，咽喉肿痛]]；<br>② [[肠燥便秘，头痛目赤]],性味归经::性[[寒]]；味[[甘]]；归[[肺、大肠]]经<br>###功效::① [[清热润肺]]；<br>② [[利咽开音]]；<br>③ [[润肠通便]]<br>###主治::① [[肺热声哑，干咳无痰，咽喉肿痛]]；<br>② [[肠燥便秘，头痛目赤]]
<div style='text-align: center; font-size: 24px;'><b>海藻</b></div>,中药学::常见药 大纲第2部分:: 化痰止咳平喘药::清化热痰药,2,性味归经::性[[寒]]；味[[苦咸]]；归[[肝、胃、肾]]经<br>###功效::① [[消痰软坚散结]]；<br>② [[利水消肿]]<br>###主治::① [[瘿瘤，瘰疬，睾丸肿痛]]；<br>② [[脚气浮肿，痰饮水肿]],性味归经::性[[寒]]；味[[苦咸]]；归[[肝、胃、肾]]经<br>###功效::① [[消痰软坚散结]]；<br>② [[利水消肿]]<br>###主治::① [[瘿瘤，瘰疬，睾丸肿痛]]；<br>② [[脚气浮肿，痰饮水肿]]
<div style='text-align: center; font-size: 24px;'><b>昆布</b></div>,中药学::常见药 大纲第2部分:: 化痰止咳平喘药::清化热痰药,2,性味归经::性[[寒]]；味[[咸]]；归[[肝、胃、肾]]经<br>###功效::① [[消痰软坚]]；<br>② [[散结]]；<br>③ [[利水消肿]]<br>###主治::① [[瘿瘤、瘰疬、睾丸肿痛]]；<br>② [[脚气浮肿、痰饮水肿]],性味归经::性[[寒]]；味[[咸]]；归[[肝、胃、肾]]经<br>###功效::① [[消痰软坚]]；<br>② [[散结]]；<br>③ [[利水消肿]]<br>###主治::① [[瘿瘤、瘰疬、睾丸肿痛]]；<br>② [[脚气浮肿、痰饮水肿]]
<div style='text-align: center; font-size: 24px;'><b>黄药子</b></div>,中药学::常见药 大纲第2部分:: 化痰止咳平喘药::清化热痰药,2,性味归经::性[[寒]]；味[[苦]]；归[[肺、肝、心]]经<br>###功效::① [[化痰散结]]；<br>② [[消瘿]]；<br>③ [[清热凉血]]；<br>④ [[解毒]]；<br>⑤ [[止咳平喘]]<br>###主治::① [[瘿瘤，瘰疬]]；<br>② [[疮疡肿毒，咽喉肿痛]]；<br>③ [[毒蛇咬伤]]；<br>④ [[血热出血【*···::解毒凉血最验*】]]；<br>⑤ [[咳嗽，气喘，百日咳]],性味归经::性[[寒]]；味[[苦]]；归[[肺、肝、心]]经<br>###功效::① [[化痰散结]]；<br>② [[消瘿]]；<br>③ [[清热凉血]]；<br>④ [[解毒]]；<br>⑤ [[止咳平喘]]<br>###主治::① [[瘿瘤，瘰疬]]；<br>② [[疮疡肿毒，咽喉肿痛]]；<br>③ [[毒蛇咬伤]]；<br>④ [[血热出血【*···::解毒凉血最验*】]]；<br>⑤ [[咳嗽，气喘，百日咳]]
<div style='text-align: center; font-size: 24px;'><b>海蛤壳</b></div>,中药学::常见药 大纲第2部分:: 化痰止咳平喘药::清化热痰药,2,性味归经::性[[寒]]；味[[咸]]；归[[肺、肾、胃]]经<br>###功效::① [[清热化痰]]；<br>② [[软坚散结]]；<br>③ [[制酸止痛]]；<br>④ [[利尿消肿]]；<br>⑤ [[外用收湿敛疮]]<br>###主治::① [[痰火咳嗽，肺热咳喘，胸胁疼痛，痰中带血]]；<br>② [[痰核，瘿瘤，瘰疬]]；<br>③ [[胃痛吐酸]]；<br>④ [[湿疹，烧烫伤【*···::外用*】]]；<br>⑤ [[水湿停滞，水肿，小便不利]],性味归经::性[[寒]]；味[[咸]]；归[[肺、肾、胃]]经<br>###功效::① [[清热化痰]]；<br>② [[软坚散结]]；<br>③ [[制酸止痛]]；<br>④ [[利尿消肿]]；<br>⑤ [[外用收湿敛疮]]<br>###主治::① [[痰火咳嗽，肺热咳喘，胸胁疼痛，痰中带血]]；<br>② [[痰核，瘿瘤，瘰疬]]；<br>③ [[胃痛吐酸]]；<br>④ [[湿疹，烧烫伤【*···::外用*】]]；<br>⑤ [[水湿停滞，水肿，小便不利]]
<div style='text-align: center; font-size: 24px;'><b>海浮石</b></div>,中药学::常见药 大纲第2部分:: 化痰止咳平喘药::清化热痰药,2,性味归经::性[[寒]]；味[[咸]]；归[[肺、肾]]经<br>###功效::① [[清肺化痰]]；<br>② [[软坚散结]]；<br>③ [[利尿通淋]]<br>###主治::① [[痰热咳喘【*···::清热化痰*】]]；<br>② [[瘿瘤、瘰疬]]；<br>③ [[血淋、石淋]]；<br>④ [[清金降火，消积块，化老痰]]；<br>⑤ [[善治老痰胶结积块]],性味归经::性[[寒]]；味[[咸]]；归[[肺、肾]]经<br>###功效::① [[清肺化痰]]；<br>② [[软坚散结]]；<br>③ [[利尿通淋]]<br>###主治::① [[痰热咳喘【*···::清热化痰*】]]；<br>② [[瘿瘤、瘰疬]]；<br>③ [[血淋、石淋]]；<br>④ [[清金降火，消积块，化老痰]]；<br>⑤ [[善治老痰胶结积块]]
<div style='text-align: center; font-size: 24px;'><b>礞石</b></div>,中药学::常见药 大纲第2部分:: 化痰止咳平喘药::清化热痰药,2,性味归经::性[[平]]；味[[甘咸]]；归[[肺、心、肝]]经<br>###功效::① [[坠痰下气]]；<br>② [[平肝镇惊]]；<br>③ [[涤痰消食]]；<br>④ [[软坚消痞]]<br>###主治::① [[实热顽痰胶结，咳逆喘急]]；<br>② [[痰蒙清窍的癫狂，惊风抽搐，烦躁胸闷]]；<br>③ [[痰食积聚，癥积痞块，脘腹疼痛【*···::本品重坠性猛，宜用于痰热内结实证*】]],性味归经::性[[平]]；味[[甘咸]]；归[[肺、心、肝]]经<br>###功效::① [[坠痰下气]]；<br>② [[平肝镇惊]]；<br>③ [[涤痰消食]]；<br>④ [[软坚消痞]]<br>###主治::① [[实热顽痰胶结，咳逆喘急]]；<br>② [[痰蒙清窍的癫狂，惊风抽搐，烦躁胸闷]]；<br>③ [[痰食积聚，癥积痞块，脘腹疼痛【*···::本品重坠性猛，宜用于痰热内结实证*】]]
<div style='text-align: center; font-size: 24px;'><b>马兜铃</b></div>,中药学::常见药 大纲第2部分:: 化痰止咳平喘药::止咳平喘药,2,性味归经::性[[微寒]]；味[[苦]]；归[[肺、大肠]]经<br>###功效::① [[清肺降气]]；<br>② [[止咳平喘]]；<br>③ [[清肠消痔]]；<br>④ [[清热平肝]]；<br>⑤ [[降压]]<br>###主治::① [[肺热咳喘，痰中带血【*···::一切肺热燥热咳喘均可用*】]]；<br>② [[肠热痔血，痔疮肿痛]]；<br>③ [[高血压病属肝阳上亢者]],性味归经::性[[微寒]]；味[[苦]]；归[[肺、大肠]]经<br>###功效::① [[清肺降气]]；<br>② [[止咳平喘]]；<br>③ [[清肠消痔]]；<br>④ [[清热平肝]]；<br>⑤ [[降压]]<br>###主治::① [[肺热咳喘，痰中带血【*···::一切肺热燥热咳喘均可用*】]]；<br>② [[肠热痔血，痔疮肿痛]]；<br>③ [[高血压病属肝阳上亢者]]
<div style='text-align: center; font-size: 24px;'><b>枇杷叶</b></div>,中药学::常见药 大纲第2部分:: 化痰止咳平喘药::止咳平喘药,2,性味归经::性[[微寒]]；味[[苦]]；归[[肺、胃]]经<br>###功效::① [[清肺止咳]]；<br>② [[降逆止呕]]；<br>③ [[清胃止渴]]<br>###主治::① [[肺热咳嗽，气逆喘急【*···::长于降泄肺气，清肺化痰以止咳平喘，凡风热燥火所致的咳嗽气喘均可配伍使用*】]]；<br>② [[胃热呕吐，哕逆]]；<br>③ [[烦热口渴【*···::热病口渴，消渴。清胃热，降胃气而止呕逆*】]],性味归经::性[[微寒]]；味[[苦]]；归[[肺、胃]]经<br>###功效::① [[清肺止咳]]；<br>② [[降逆止呕]]；<br>③ [[清胃止渴]]<br>###主治::① [[肺热咳嗽，气逆喘急【*···::长于降泄肺气，清肺化痰以止咳平喘，凡风热燥火所致的咳嗽气喘均可配伍使用*】]]；<br>② [[胃热呕吐，哕逆]]；<br>③ [[烦热口渴【*···::热病口渴，消渴。清胃热，降胃气而止呕逆*】]]
<div style='text-align: center; font-size: 24px;'><b>洋金花</b></div>,中药学::常见药 大纲第2部分:: 化痰止咳平喘药::止咳平喘药,2,性味归经::性[[温]]；味[[辛]]；归[[肺、肝]]经；有<span style='color: red;'>毒</span><br>###功效::① [[平喘止咳]]；<br>② [[解痉定痛]]；<br>③ [[麻醉止痛]]<br>###主治::① [[哮喘咳嗽【*···::寒性哮喘尤宜*】]]；<br>② [[心腹疼痛，跌打损伤，风湿痹痛]]；<br>③ [[癫痫及小儿慢惊风]]；<br>④ [[麻醉]],性味归经::性[[温]]；味[[辛]]；归[[肺、肝]]经；有<span style='color: red;'>毒</span><br>###功效::① [[平喘止咳]]；<br>② [[解痉定痛]]；<br>③ [[麻醉止痛]]<br>###主治::① [[哮喘咳嗽【*···::寒性哮喘尤宜*】]]；<br>② [[心腹疼痛，跌打损伤，风湿痹痛]]；<br>③ [[癫痫及小儿慢惊风]]；<br>④ [[麻醉]]
<div style='text-align: center; font-size: 24px;'><b>首乌藤</b></div>,中药学::常见药 大纲第2部分:: 安神药::养心安神药,2,性味归经::性[[平]]；味[[甘]]；归[[心、肝]]经<br>###功效::① [[养血安神]]；<br>② [[通经活络]]；<br>③ [[祛风止痒]]<br>###主治::① [[心神不宁，失眠多梦【*···::血虚*】]]；<br>② [[血虚身痛，风湿痹痛]]；<br>③ [[皮肤痒疹【*···::养血祛风止痒*】]],性味归经::性[[平]]；味[[甘]]；归[[心、肝]]经<br>###功效::① [[养血安神]]；<br>② [[通经活络]]；<br>③ [[祛风止痒]]<br>###主治::① [[心神不宁，失眠多梦【*···::血虚*】]]；<br>② [[血虚身痛，风湿痹痛]]；<br>③ [[皮肤痒疹【*···::养血祛风止痒*】]]
<div style='text-align: center; font-size: 24px;'><b>合欢皮</b></div>,中药学::常见药 大纲第2部分:: 安神药::养心安神药,2,性味归经::性[[平]]；味[[甘]]；归[[心、肝、肺]]经<br>###功效::① [[解郁安神]]；<br>② [[活血消肿]]<br>###主治::① [[心神不安，忧郁失眠【*···::悦心安神要药*】]]；<br>② [[肺痈，疮痈肿毒【*···::消内外痈*】]]；<br>③ [[跌打骨折，血瘀肿痛]],性味归经::性[[平]]；味[[甘]]；归[[心、肝、肺]]经<br>###功效::① [[解郁安神]]；<br>② [[活血消肿]]<br>###主治::① [[心神不安，忧郁失眠【*···::悦心安神要药*】]]；<br>② [[肺痈，疮痈肿毒【*···::消内外痈*】]]；<br>③ [[跌打骨折，血瘀肿痛]]
<div style='text-align: center; font-size: 24px;'><b>灵芝</b></div>,中药学::常见药 大纲第2部分:: 安神药::养心安神药,2,性味归经::性[[平]]；味[[甘]]；归[[心、肺、肝、肾]]经<br>###功效::① [[补气安神]]；<br>② [[止咳平喘]]<br>###主治::① [[心神不宁，失眠心悸【*···::气血不足，心神不养*】]]；<br>② [[肺虚咳喘，痰多]]；<br>③ [[虚劳短气，不思饮食]],性味归经::性[[平]]；味[[甘]]；归[[心、肺、肝、肾]]经<br>###功效::① [[补气安神]]；<br>② [[止咳平喘]]<br>###主治::① [[心神不宁，失眠心悸【*···::气血不足，心神不养*】]]；<br>② [[肺虚咳喘，痰多]]；<br>③ [[虚劳短气，不思饮食]]
<div style='text-align: center; font-size: 24px;'><b>珍珠母</b></div>,中药学::常见药 大纲第2部分:: 平肝息风药::平抑肝阳药,2,性味归经::性[[寒]]；味[[咸]]；归[[心、肝]]经<br>###功效::① [[平肝潜阳]]；<br>② [[明目退翳]]；<br>③ [[安神定惊]]；<br>④ [[燥湿收敛]]<br>###主治::① [[肝阳上亢，眩晕头痛]]；<br>② [[目赤翳障【*···::清肝明目*】，视物昏花，夜盲]]；<br>③ [[惊悸失眠，心神不宁【*···::镇惊安神*】，或治癫痫、惊风抽搐]]；<br>④ [[外用治湿疮瘙痒，溃疡久不收口，口疮等]]；<br>⑤ [[用珍珠层粉内服可治胃、十二指肠球部溃疡]]；<br>⑥ [[制成眼药膏外用，可治疗白内障、角膜炎及结膜炎等]],性味归经::性[[寒]]；味[[咸]]；归[[心、肝]]经<br>###功效::① [[平肝潜阳]]；<br>② [[明目退翳]]；<br>③ [[安神定惊]]；<br>④ [[燥湿收敛]]<br>###主治::① [[肝阳上亢，眩晕头痛]]；<br>② [[目赤翳障【*···::清肝明目*】，视物昏花，夜盲]]；<br>③ [[惊悸失眠，心神不宁【*···::镇惊安神*】，或治癫痫、惊风抽搐]]；<br>④ [[外用治湿疮瘙痒，溃疡久不收口，口疮等]]；<br>⑤ [[用珍珠层粉内服可治胃、十二指肠球部溃疡]]；<br>⑥ [[制成眼药膏外用，可治疗白内障、角膜炎及结膜炎等]]
<div style='text-align: center; font-size: 24px;'><b>刺蒺藜</b></div>,中药学::常见药 大纲第2部分:: 平肝息风药::平抑肝阳药,2,性味归经::性[[微温]]；味[[苦辛]]；归[[肝]]经；有小<span style='color: red;'>毒</span><br>###功效::① [[平抑肝阳]]；<br>② [[疏肝解郁]]；<br>③ [[活血祛风]]；<br>④ [[明目止痒]]<br>###主治::① [[肝阳上亢，头目胀痛]]；<br>② [[肝郁气滞，胸胁胀痛，乳闭胀痛]]；<br>③ [[风热上攻，目赤翳障【*···::眼科常用*】]]；<br>④ [[风疹瘙痒，白癜风]],性味归经::性[[微温]]；味[[苦辛]]；归[[肝]]经；有小<span style='color: red;'>毒</span><br>###功效::① [[平抑肝阳]]；<br>② [[疏肝解郁]]；<br>③ [[活血祛风]]；<br>④ [[明目止痒]]<br>###主治::① [[肝阳上亢，头目胀痛]]；<br>② [[肝郁气滞，胸胁胀痛，乳闭胀痛]]；<br>③ [[风热上攻，目赤翳障【*···::眼科常用*】]]；<br>④ [[风疹瘙痒，白癜风]]
<div style='text-align: center; font-size: 24px;'><b>罗布麻叶</b></div>,中药学::常见药 大纲第2部分:: 平肝息风药::平抑肝阳药,2,性味归经::性[[凉]]；味[[甘苦]]；归[[肝]]经<br>###功效::① [[平肝]]；<br>② [[清肝]]；<br>③ [[安神]]；<br>④ [[清热利水]]<br>###主治::① [[肝阳上亢，头晕目眩，心悸失眠]]；<br>② [[水肿尿少【*···::伴有热者*】]],性味归经::性[[凉]]；味[[甘苦]]；归[[肝]]经<br>###功效::① [[平肝]]；<br>② [[清肝]]；<br>③ [[安神]]；<br>④ [[清热利水]]<br>###主治::① [[肝阳上亢，头晕目眩，心悸失眠]]；<br>② [[水肿尿少【*···::伴有热者*】]]
<div style='text-align: center; font-size: 24px;'><b>珍珠</b></div>,中药学::常见药 大纲第2部分:: 平肝息风药::息风止痉药,2,性味归经::性[[寒]]；味[[甘咸]]；归[[心、肝]]经<br>###功效::① [[安神定惊]]；<br>② [[明目消翳]]；<br>③ [[解毒生肌]]；<br>④ [[润肤祛斑]]<br>###主治::① [[惊悸失眠【*···::心虚有热*】]]；<br>② [[惊风癫痫]]；<br>③ [[目赤翳障，视物不清]]；<br>④ [[口舌生疮，咽喉溃烂，溃疡不敛]]；<br>⑤ [[皮肤色斑]],性味归经::性[[寒]]；味[[甘咸]]；归[[心、肝]]经<br>###功效::① [[安神定惊]]；<br>② [[明目消翳]]；<br>③ [[解毒生肌]]；<br>④ [[润肤祛斑]]<br>###主治::① [[惊悸失眠【*···::心虚有热*】]]；<br>② [[惊风癫痫]]；<br>③ [[目赤翳障，视物不清]]；<br>④ [[口舌生疮，咽喉溃烂，溃疡不敛]]；<br>⑤ [[皮肤色斑]]
<div style='text-align: center; font-size: 24px;'><b>冰片</b></div>,中药学::常见药 大纲第2部分:: 开窍药,2,性味归经::性[[微寒]]；味[[辛苦]]；归[[心、脾、肺]]经<br>###功效::① [[开窍醒神]]；<br>② [[清热止痛]]；<br>③ [[解毒生肌]]<br>###主治::① [[闭证神昏，惊厥，中风痰厥，气郁暴厥，中恶昏迷【*···::宜用于热病神昏，若治寒闭应配伍温开药*】]]；<br>② [[胸痹心痛]]；<br>③ [[目赤肿痛，喉痹【*···::咽喉肿痛*】，口疮，耳道流脓]]；<br>④ [[疮疡肿痛，久溃不敛，水火烫伤]],性味归经::性[[微寒]]；味[[辛苦]]；归[[心、脾、肺]]经<br>###功效::① [[开窍醒神]]；<br>② [[清热止痛]]；<br>③ [[解毒生肌]]<br>###主治::① [[闭证神昏，惊厥，中风痰厥，气郁暴厥，中恶昏迷【*···::宜用于热病神昏，若治寒闭应配伍温开药*】]]；<br>② [[胸痹心痛]]；<br>③ [[目赤肿痛，喉痹【*···::咽喉肿痛*】，口疮，耳道流脓]]；<br>④ [[疮疡肿痛，久溃不敛，水火烫伤]]
<div style='text-align: center; font-size: 24px;'><b>苏合香</b></div>,中药学::常见药 大纲第2部分:: 开窍药,2,性味归经::性[[温]]；味[[辛]]；归[[心、脾]]经<br>###功效::① [[开窍醒神]]；<br>② [[辟秽止痛]]<br>###主治::① [[中风痰厥，猝然昏倒，惊痫【*···::寒闭/痰闭神昏，长于温通、辟秽*】]]；<br>② [[胸痹心痛，胸腹冷痛，满闷【*···::化浊开郁，祛寒止痛*】]]；<br>③ [[冻疮]],性味归经::性[[温]]；味[[辛]]；归[[心、脾]]经<br>###功效::① [[开窍醒神]]；<br>② [[辟秽止痛]]<br>###主治::① [[中风痰厥，猝然昏倒，惊痫【*···::寒闭/痰闭神昏，长于温通、辟秽*】]]；<br>② [[胸痹心痛，胸腹冷痛，满闷【*···::化浊开郁，祛寒止痛*】]]；<br>③ [[冻疮]]
<div style='text-align: center; font-size: 24px;'><b>白扁豆</b></div>,中药学::常见药 大纲第2部分:: 补益药::补气药,2,性味归经::性[[微温]]；味[[甘]]；归[[脾胃]]经<br>###功效::① [[健脾化湿]]；<br>② [[和中]]；<br>③ [[消暑]]；<br>④ [[解毒]]<br>###主治::① [[脾气虚证，食欲不振，大便溏泄，白带过多]]；<br>② [[暑湿吐泻，胸闷腹胀]]；<br>③ [[食物中毒吐泻，酒毒，河豚毒等【*···::补脾气，须和补气药同用*】]],性味归经::性[[微温]]；味[[甘]]；归[[脾胃]]经<br>###功效::① [[健脾化湿]]；<br>② [[和中]]；<br>③ [[消暑]]；<br>④ [[解毒]]<br>###主治::① [[脾气虚证，食欲不振，大便溏泄，白带过多]]；<br>② [[暑湿吐泻，胸闷腹胀]]；<br>③ [[食物中毒吐泻，酒毒，河豚毒等【*···::补脾气，须和补气药同用*】]]
<div style='text-align: center; font-size: 24px;'><b>大枣</b></div>,中药学::常见药 大纲第2部分:: 补益药::补气药,2,性味归经::性[[温]]；味[[甘]]；归[[脾、胃、心]]经<br>###功效::① [[补中益气]]；<br>② [[养血安神]]<br>###主治::① [[脾虚食少，乏力便溏【*···::补脾益气*】]]；<br>② [[妇人脏躁，失眠【*···::养心血，安心神*】]]；<br>③ [[与葶苈子、甘遂、大戟、芫花等药同用，可保护胃气，缓和其毒烈药性【*···::补脾胃气+补血、调补脾胃辅助药*】]],性味归经::性[[温]]；味[[甘]]；归[[脾、胃、心]]经<br>###功效::① [[补中益气]]；<br>② [[养血安神]]<br>###主治::① [[脾虚食少，乏力便溏【*···::补脾益气*】]]；<br>② [[妇人脏躁，失眠【*···::养心血，安心神*】]]；<br>③ [[与葶苈子、甘遂、大戟、芫花等药同用，可保护胃气，缓和其毒烈药性【*···::补脾胃气+补血、调补脾胃辅助药*】]]
<div style='text-align: center; font-size: 24px;'><b>刺五加</b></div>,中药学::常见药 大纲第2部分:: 补益药::补气药,2,性味归经::性[[温]]；味[[辛微苦]]；归[[脾肺心肾]]经<br>###功效::① [[益气健脾]]；<br>② [[补肾]]；<br>③ [[安神]]；<br>④ [[祛痰平喘]]<br>###主治::① [[脾肺气虚，体虚乏力，食欲不振【*···::补脾气，益肺气*】]]；<br>② [[肺肾两虚，久咳虚喘【*···::益肺补肾，略可祛痰平喘*】]]；<br>③ [[肾虚腰膝酸痛【*···::温肾助阳，强健筋骨*】，亦可用于阳痿、小儿行迟及风湿痹证而兼肝肾不足者]]；<br>④ [[心脾不足，失眠多梦【*···::补益心脾之气，并安神益志*】]]；<br>⑤ [[补脾肺肾心气、肾阳及补血]],性味归经::性[[温]]；味[[辛微苦]]；归[[脾肺心肾]]经<br>###功效::① [[益气健脾]]；<br>② [[补肾]]；<br>③ [[安神]]；<br>④ [[祛痰平喘]]<br>###主治::① [[脾肺气虚，体虚乏力，食欲不振【*···::补脾气，益肺气*】]]；<br>② [[肺肾两虚，久咳虚喘【*···::益肺补肾，略可祛痰平喘*】]]；<br>③ [[肾虚腰膝酸痛【*···::温肾助阳，强健筋骨*】，亦可用于阳痿、小儿行迟及风湿痹证而兼肝肾不足者]]；<br>④ [[心脾不足，失眠多梦【*···::补益心脾之气，并安神益志*】]]；<br>⑤ [[补脾肺肾心气、肾阳及补血]]
<div style='text-align: center; font-size: 24px;'><b>绞股蓝</b></div>,中药学::常见药 大纲第2部分:: 补益药::补气药,2,性味归经::性[[寒]]；味[[甘、苦]]；归[[脾肺]]经<br>###功效::① [[益气健脾]]；<br>② [[化痰止咳]]；<br>③ [[清热解毒]]；<br>④ [[生津止渴]]<br>###主治::① [[脾虚证，肺虚咳嗽证]]；<br>② [[痰浊阻肺证]]；<br>③ [[肿瘤而有热毒证，溃疡，腋臭【*···::补脾肺气阴+生津*】]],性味归经::性[[寒]]；味[[甘、苦]]；归[[脾肺]]经<br>###功效::① [[益气健脾]]；<br>② [[化痰止咳]]；<br>③ [[清热解毒]]；<br>④ [[生津止渴]]<br>###主治::① [[脾虚证，肺虚咳嗽证]]；<br>② [[痰浊阻肺证]]；<br>③ [[肿瘤而有热毒证，溃疡，腋臭【*···::补脾肺气阴+生津*】]]
<div style='text-align: center; font-size: 24px;'><b>红景天</b></div>,中药学::常见药 大纲第2部分:: 补益药::补气药,2,性味归经::性[[平]]；味[[甘苦]]；归[[肺、脾、心]]经<br>###功效::① [[益气活血]]；<br>② [[通脉平喘]]；<br>③ [[清肺止咳]]<br>###主治::① [[血瘀证：气虚血瘀所致胸痹心痛、中风偏瘫]]；<br>② [[脾气虚证所致倦怠气喘]]；<br>③ [[肺热证所致咳嗽、咯血【*···::补脾气+心肺气*】]],性味归经::性[[平]]；味[[甘苦]]；归[[肺、脾、心]]经<br>###功效::① [[益气活血]]；<br>② [[通脉平喘]]；<br>③ [[清肺止咳]]<br>###主治::① [[血瘀证：气虚血瘀所致胸痹心痛、中风偏瘫]]；<br>② [[脾气虚证所致倦怠气喘]]；<br>③ [[肺热证所致咳嗽、咯血【*···::补脾气+心肺气*】]]
<div style='text-align: center; font-size: 24px;'><b>沙棘</b></div>,中药学::常见药 大纲第2部分:: 补益药::补气药,2,性味归经::性[[温]]；味[[甘、酸、涩]]；归[[脾、胃、肺、心]]经<br>###功效::① [[健脾消食]]；<br>② [[养阴生津]]；<br>③ [[止咳祛痰]]；<br>④ [[活血祛瘀]]<br>###主治::① [[脾虚食少，食积腹痛]]；<br>② [[咳嗽痰多]]；<br>③ [[瘀血证，瘀血经闭，胸痹心痛，跌扑瘀肿【*···::补脾气+脾胃阴+生津*】]],性味归经::性[[温]]；味[[甘、酸、涩]]；归[[脾、胃、肺、心]]经<br>###功效::① [[健脾消食]]；<br>② [[养阴生津]]；<br>③ [[止咳祛痰]]；<br>④ [[活血祛瘀]]<br>###主治::① [[脾虚食少，食积腹痛]]；<br>② [[咳嗽痰多]]；<br>③ [[瘀血证，瘀血经闭，胸痹心痛，跌扑瘀肿【*···::补脾气+脾胃阴+生津*】]]
<div style='text-align: center; font-size: 24px;'><b>蜂蜜</b></div>,中药学::常见药 大纲第2部分:: 补益药::补气药,2,性味归经::性[[平]]；味[[甘]]；归[[肺、脾、大肠]]经<br>###功效::① [[补中益气，润燥止痛]]；<br>② [[解毒]]；<br>③ [[补益肺气]]；<br>④ [[健脾益气]]；<br>⑤ [[润肺止咳]]；<br>⑥ [[润肠通便]]；<br>⑦ [[外用生肌敛疮]]<br>###主治::① [[脾气虚弱，脘腹挛急疼痛【*···::补脾益气，适用于脾气虚弱、营养不良者，可作食品服用。因其矫味和黏性，补养和缓和药性，多为滋补的丸膏赋形剂，或为炮炙某些补益药的辅料，能补中，缓急止痛，可标本兼顾*】]]；<br>② [[肺燥干咳【*···::润肺止咳，补益肺气，用于润肺止咳，多为炮炙止咳药的辅料，或为润肺止咳的丸膏赋形剂*】]]；<br>③ [[肠燥便秘【*···::润肠通便*】]]；<br>④ [[解乌头类药毒]]；<br>⑤ [[疮疡不敛，水火烫伤]],性味归经::性[[平]]；味[[甘]]；归[[肺、脾、大肠]]经<br>###功效::① [[补中益气，润燥止痛]]；<br>② [[解毒]]；<br>③ [[补益肺气]]；<br>④ [[健脾益气]]；<br>⑤ [[润肺止咳]]；<br>⑥ [[润肠通便]]；<br>⑦ [[外用生肌敛疮]]<br>###主治::① [[脾气虚弱，脘腹挛急疼痛【*···::补脾益气，适用于脾气虚弱、营养不良者，可作食品服用。因其矫味和黏性，补养和缓和药性，多为滋补的丸膏赋形剂，或为炮炙某些补益药的辅料，能补中，缓急止痛，可标本兼顾*】]]；<br>② [[肺燥干咳【*···::润肺止咳，补益肺气，用于润肺止咳，多为炮炙止咳药的辅料，或为润肺止咳的丸膏赋形剂*】]]；<br>③ [[肠燥便秘【*···::润肠通便*】]]；<br>④ [[解乌头类药毒]]；<br>⑤ [[疮疡不敛，水火烫伤]]
<div style='text-align: center; font-size: 24px;'><b>仙茅</b></div>,中药学::常见药 大纲第2部分:: 补益药::补阳药,2,性味归经::性[[热]]；味[[辛]]；归[[肾、肝、脾]]经；有<span style='color: red;'>毒</span><br>###功效::① [[补肾阳]]；<br>② [[强筋骨]]；<br>③ [[祛寒湿]]<br>###主治::① [[肾阳虚衰，阳痿精冷，小便频数]]；<br>② [[风湿久痹，腰膝冷痛，筋骨痿软无力]]；<br>③ [[阳虚冷泻【*···::善补命门兴阴道、补肾阳*】]],性味归经::性[[热]]；味[[辛]]；归[[肾、肝、脾]]经；有<span style='color: red;'>毒</span><br>###功效::① [[补肾阳]]；<br>② [[强筋骨]]；<br>③ [[祛寒湿]]<br>###主治::① [[肾阳虚衰，阳痿精冷，小便频数]]；<br>② [[风湿久痹，腰膝冷痛，筋骨痿软无力]]；<br>③ [[阳虚冷泻【*···::善补命门兴阴道、补肾阳*】]]
<div style='text-align: center; font-size: 24px;'><b>益智仁</b></div>,中药学::常见药 大纲第2部分:: 补益药::补阳药,2,性味归经::性[[温]]；味[[辛]]；归[[脾、肾]]经<br>###功效::① [[暖肾固精缩尿]]；<br>② [[温脾止泻摄唾]]<br>###主治::① [[肾气不固证，遗尿，小便频数，遗精白浊]]；<br>② [[脾寒泄泻，多唾涎，腹中冷痛【*···::收涩、补肾阳、脾阳、固精、缩尿、止泻、摄唾*】]],性味归经::性[[温]]；味[[辛]]；归[[脾、肾]]经<br>###功效::① [[暖肾固精缩尿]]；<br>② [[温脾止泻摄唾]]<br>###主治::① [[肾气不固证，遗尿，小便频数，遗精白浊]]；<br>② [[脾寒泄泻，多唾涎，腹中冷痛【*···::收涩、补肾阳、脾阳、固精、缩尿、止泻、摄唾*】]]
<div style='text-align: center; font-size: 24px;'><b>锁阳</b></div>,中药学::常见药 大纲第2部分:: 补益药::补阳药,2,性味归经::性[[温]]；味[[甘]]；归[[肝肾大肠]]经<br>###功效::① [[补肾阳]]；<br>② [[益精血]]；<br>③ [[润肠通便]]<br>###主治::① [[肾阳不足，精血亏虚证，腰膝痿软，阳痿滑精]]；<br>② [[肠燥便秘证【*···::精血亏虚所致*】]],性味归经::性[[温]]；味[[甘]]；归[[肝肾大肠]]经<br>###功效::① [[补肾阳]]；<br>② [[益精血]]；<br>③ [[润肠通便]]<br>###主治::① [[肾阳不足，精血亏虚证，腰膝痿软，阳痿滑精]]；<br>② [[肠燥便秘证【*···::精血亏虚所致*】]]
<div style='text-align: center; font-size: 24px;'><b>沙苑子</b></div>,中药学::常见药 大纲第2部分:: 补益药::补阳药,2,性味归经::性[[温]]；味[[甘]]；归[[肝肾]]经<br>###功效::① [[补肾助阳]]；<br>② [[固精缩尿]]；<br>③ [[养肝明目]]<br>###主治::① [[肾虚腰痛，阳痿遗精早泄，遗尿尿频，白浊带下]]；<br>② [[肝肾不足，头目眩晕，目暗昏花【*···::长于固涩，补肾阳兼补肝肾，固精、缩尿、止带*】]],性味归经::性[[温]]；味[[甘]]；归[[肝肾]]经<br>###功效::① [[补肾助阳]]；<br>② [[固精缩尿]]；<br>③ [[养肝明目]]<br>###主治::① [[肾虚腰痛，阳痿遗精早泄，遗尿尿频，白浊带下]]；<br>② [[肝肾不足，头目眩晕，目暗昏花【*···::长于固涩，补肾阳兼补肝肾，固精、缩尿、止带*】]]
<div style='text-align: center; font-size: 24px;'><b>核桃仁</b></div>,中药学::常见药 大纲第2部分:: 补益药::补阳药,2,"性味归经::性[[温]]；味[[甘]]；归[[肾、肺、大肠]]经<br>###功效::① [[补肾]]；<br>② [[温肺]]；<br>③ [[润肠]]<br>###主治::① [[肾阳不足，腰膝酸软，阳痿遗精，小便频数]]；<br>② [[肺肾不足，虚寒喘嗽]]；<br>③ [[肠燥便秘【*···::老人津液不足*】]]；<br>④ [[【*···::""补肾阳+温肺""*】]]","性味归经::性[[温]]；味[[甘]]；归[[肾、肺、大肠]]经<br>###功效::① [[补肾]]；<br>② [[温肺]]；<br>③ [[润肠]]<br>###主治::① [[肾阳不足，腰膝酸软，阳痿遗精，小便频数]]；<br>② [[肺肾不足，虚寒喘嗽]]；<br>③ [[肠燥便秘【*···::老人津液不足*】]]；<br>④ [[【*···::""补肾阳+温肺""*】]]"
<div style='text-align: center; font-size: 24px;'><b>龙眼肉</b></div>,中药学::常见药 大纲第2部分:: 补益药::补血药,2,性味归经::性[[温]]；味[[甘]]；归[[心、脾]]经<br>###功效::① [[补益心脾]]；<br>② [[养血安神]]<br>###主治::① [[气血不足，心悸怔忡，健忘失眠，血虚萎黄]]；<br>② [[为滋补良药，可补血养心脾]],性味归经::性[[温]]；味[[甘]]；归[[心、脾]]经<br>###功效::① [[补益心脾]]；<br>② [[养血安神]]<br>###主治::① [[气血不足，心悸怔忡，健忘失眠，血虚萎黄]]；<br>② [[为滋补良药，可补血养心脾]]
<div style='text-align: center; font-size: 24px;'><b>桑椹</b></div>,中药学::常见药 大纲第2部分:: 补益药::补明药,2,性味归经::性[[寒]]；味[[甘酸]]；归[[心、肝、肾]]经<br>###功效::① [[滋阴养血]]；<br>② [[生津润燥]]<br>###主治::① [[肝肾阴虚证，眩晕耳鸣，心悸失眠，须发早白]]；<br>② [[津伤口渴，消渴，肠燥便秘【*···::生津止渴，润肠通便*】]]；<br>③ [[益肾脏而固精，久服黑发明目]]；<br>④ [[补肝肾阴、补血、生津]]；<br>⑤ [[单食，主消渴]],性味归经::性[[寒]]；味[[甘酸]]；归[[心、肝、肾]]经<br>###功效::① [[滋阴养血]]；<br>② [[生津润燥]]<br>###主治::① [[肝肾阴虚证，眩晕耳鸣，心悸失眠，须发早白]]；<br>② [[津伤口渴，消渴，肠燥便秘【*···::生津止渴，润肠通便*】]]；<br>③ [[益肾脏而固精，久服黑发明目]]；<br>④ [[补肝肾阴、补血、生津]]；<br>⑤ [[单食，主消渴]]
<div style='text-align: center; font-size: 24px;'><b>麻黄根</b></div>,中药学::常见药 大纲第2部分:: 收涩药::固表止汗药,2,性味归经::性[[平]]；味[[甘、涩]]；归[[心、肺]]经<br>###功效::① [[固表止汗]]<br>###主治::① [[自汗、盗汗]]；<br>② [[各种虚汗【*···::行肌表实卫气，固腠理闭毛窍，为敛肺固表止汗要药*】]],性味归经::性[[平]]；味[[甘、涩]]；归[[心、肺]]经<br>###功效::① [[固表止汗]]<br>###主治::① [[自汗、盗汗]]；<br>② [[各种虚汗【*···::行肌表实卫气，固腠理闭毛窍，为敛肺固表止汗要药*】]]
<div style='text-align: center; font-size: 24px;'><b>五倍子</b></div>,中药学::常见药 大纲第2部分:: 收涩药::敛肺涩肠药,2,性味归经::性[[寒]]；味[[酸涩]]；归[[肺、肾、大肠]]经<br>###功效::① [[敛肺降火]]；<br>② [[涩肠止泻]]；<br>③ [[固精止遗]]；<br>④ [[敛汗止血]]；<br>⑤ [[收湿敛疮]]；<br>⑥ [[解毒消肿]]<br>###主治::① [[咳嗽咯血【*···::尤宜*】，肺热痰嗽，肺虚久咳【*···::敛肺止咳，清肺降火*】]]；<br>② [[久泻，久痢]]；<br>③ [[遗精，滑精]]；<br>④ [[自汗，盗汗]]；<br>⑤ [[崩漏，便血痔血，外伤出血]]；<br>⑥ [[外用治湿疮肿毒【*···::痈肿疮毒，皮肤湿烂*】、湿疮流水，溃疡不敛，脱肛不收，子宫脱垂]]；<br>⑦ [[消渴]]；<br>⑧ [[【*···::咳泻痢精汗崩血疮*】]],性味归经::性[[寒]]；味[[酸涩]]；归[[肺、肾、大肠]]经<br>###功效::① [[敛肺降火]]；<br>② [[涩肠止泻]]；<br>③ [[固精止遗]]；<br>④ [[敛汗止血]]；<br>⑤ [[收湿敛疮]]；<br>⑥ [[解毒消肿]]<br>###主治::① [[咳嗽咯血【*···::尤宜*】，肺热痰嗽，肺虚久咳【*···::敛肺止咳，清肺降火*】]]；<br>② [[久泻，久痢]]；<br>③ [[遗精，滑精]]；<br>④ [[自汗，盗汗]]；<br>⑤ [[崩漏，便血痔血，外伤出血]]；<br>⑥ [[外用治湿疮肿毒【*···::痈肿疮毒，皮肤湿烂*】、湿疮流水，溃疡不敛，脱肛不收，子宫脱垂]]；<br>⑦ [[消渴]]；<br>⑧ [[【*···::咳泻痢精汗崩血疮*】]]
<div style='text-align: center; font-size: 24px;'><b>罂粟壳</b></div>,中药学::常见药 大纲第2部分:: 收涩药::敛肺涩肠药,2,"性味归经::性[[平]]；味[[酸涩]]；归[[肺、肾、大肠]]经；有<span style='color: red;'>毒</span><br>###功效::① [[敛肺]]；<br>② [[涩肠]]；<br>③ [[止痛]]；<br>④ [[固肾止遗]]<br>###主治::① [[肺虚久咳]]；<br>② [[久泻久痢，脱肛]]；<br>③ [[疼痛证，脘腹疼痛，筋骨疼痛]]；<br>④ [[肾虚不固之遗精滑泄【*···::""涩肠止泻之圣药""""咳泻刺痛""*】]]","性味归经::性[[平]]；味[[酸涩]]；归[[肺、肾、大肠]]经；有<span style='color: red;'>毒</span><br>###功效::① [[敛肺]]；<br>② [[涩肠]]；<br>③ [[止痛]]；<br>④ [[固肾止遗]]<br>###主治::① [[肺虚久咳]]；<br>② [[久泻久痢，脱肛]]；<br>③ [[疼痛证，脘腹疼痛，筋骨疼痛]]；<br>④ [[肾虚不固之遗精滑泄【*···::""涩肠止泻之圣药""""咳泻刺痛""*】]]"
<div style='text-align: center; font-size: 24px;'><b>禹余粮</b></div>,中药学::常见药 大纲第2部分:: 收涩药::敛肺涩肠药,2,性味归经::性[[微寒]]；味[[甘涩]]；归[[胃、大肠]]经<br>###功效::① [[涩肠止泻]]；<br>② [[收敛止血]]；<br>③ [[固涩止带]]<br>###主治::① [[久泻，久痢]]；<br>② [[便血，崩漏]]；<br>③ [[肾虚带脉不固之带下清稀【*···::泻痢崩血带*】]],性味归经::性[[微寒]]；味[[甘涩]]；归[[胃、大肠]]经<br>###功效::① [[涩肠止泻]]；<br>② [[收敛止血]]；<br>③ [[固涩止带]]<br>###主治::① [[久泻，久痢]]；<br>② [[便血，崩漏]]；<br>③ [[肾虚带脉不固之带下清稀【*···::泻痢崩血带*】]]
<div style='text-align: center; font-size: 24px;'><b>石榴皮</b></div>,中药学::常见药 大纲第2部分:: 收涩药::敛肺涩肠药,2,性味归经::性[[温]]；味[[酸涩]]；归[[大肠]]经<br>###功效::① [[涩肠止泻]]；<br>② [[收敛止血]]；<br>③ [[驱虫]]；<br>④ [[涩精止带]]<br>###主治::① [[久泻，久痢，脱肛【*···::常用*】]]；<br>② [[便血，崩漏，带下]]；<br>③ [[虫积腹痛【*···::蛲虫、蛔虫、绦虫*】]]；<br>④ [[遗精【*···::泻痢崩血带精*】]],性味归经::性[[温]]；味[[酸涩]]；归[[大肠]]经<br>###功效::① [[涩肠止泻]]；<br>② [[收敛止血]]；<br>③ [[驱虫]]；<br>④ [[涩精止带]]<br>###主治::① [[久泻，久痢，脱肛【*···::常用*】]]；<br>② [[便血，崩漏，带下]]；<br>③ [[虫积腹痛【*···::蛲虫、蛔虫、绦虫*】]]；<br>④ [[遗精【*···::泻痢崩血带精*】]]
<div style='text-align: center; font-size: 24px;'><b>鸡冠花</b></div>,中药学::常见药 大纲第2部分:: 收涩药::敛肺涩肠药,2,性味归经::性[[凉]]；味[[甘、涩]]；归[[肝、大肠]]经<br>###功效::① [[收敛凉血止血]]；<br>② [[止带]]；<br>③ [[止痢]]<br>###主治::① [[吐血，崩漏，便血，痔血【*···::可收敛凉血止血，治血热妄行之崩漏，可配伍治冲任虚寒之崩漏，也治血热便血、痔血*】]]；<br>② [[赤白带下【*···::收敛止带，为带下证之常用药，治脾虚带下与湿热带下*】]]；<br>③ [[久痢不止，赤白下痢【*···::凉血涩肠止痢*】]]；<br>④ [[本药可概括为崩血带痢]],性味归经::性[[凉]]；味[[甘、涩]]；归[[肝、大肠]]经<br>###功效::① [[收敛凉血止血]]；<br>② [[止带]]；<br>③ [[止痢]]<br>###主治::① [[吐血，崩漏，便血，痔血【*···::可收敛凉血止血，治血热妄行之崩漏，可配伍治冲任虚寒之崩漏，也治血热便血、痔血*】]]；<br>② [[赤白带下【*···::收敛止带，为带下证之常用药，治脾虚带下与湿热带下*】]]；<br>③ [[久痢不止，赤白下痢【*···::凉血涩肠止痢*】]]；<br>④ [[本药可概括为崩血带痢]]
<div style='text-align: center; font-size: 24px;'><b>瓜蒂</b></div>,中药学::常见药 大纲第2部分:: 涌吐药,2,性味归经::性[[寒]]；味[[苦]]；归[[胆、胃]]经；有<span style='color: red;'>毒</span><br>###功效::① [[涌吐痰食]]；<br>② [[祛湿退黄]]<br>###主治::① [[热痰，风痰，宿食，食物中毒]]；<br>② [[湿热黄疸【*···::行水湿退黄*】，湿家头痛]]；<br>③ [[善涌吐热痰、宿食]],性味归经::性[[寒]]；味[[苦]]；归[[胆、胃]]经；有<span style='color: red;'>毒</span><br>###功效::① [[涌吐痰食]]；<br>② [[祛湿退黄]]<br>###主治::① [[热痰，风痰，宿食，食物中毒]]；<br>② [[湿热黄疸【*···::行水湿退黄*】，湿家头痛]]；<br>③ [[善涌吐热痰、宿食]]
<div style='text-align: center; font-size: 24px;'><b>胆矾</b></div>,中药学::常见药 大纲第2部分:: 涌吐药,2,性味归经::性[[寒]]；味[[酸辛]]；归[[肝胆]]经；有<span style='color: red;'>毒</span><br>###功效::① [[涌吐痰涎]]；<br>② [[解毒收湿]]；<br>③ [[祛腐蚀疮]]<br>###主治::① [[风痰壅盛，误食毒物，喉痹，癫痫【*···::涌吐风痰毒物*】]]；<br>② [[口疮牙疳，风眼赤烂]]；<br>③ [[胬肉，肿毒不溃【*···::疮疡不溃*】]],性味归经::性[[寒]]；味[[酸辛]]；归[[肝胆]]经；有<span style='color: red;'>毒</span><br>###功效::① [[涌吐痰涎]]；<br>② [[解毒收湿]]；<br>③ [[祛腐蚀疮]]<br>###主治::① [[风痰壅盛，误食毒物，喉痹，癫痫【*···::涌吐风痰毒物*】]]；<br>② [[口疮牙疳，风眼赤烂]]；<br>③ [[胬肉，肿毒不溃【*···::疮疡不溃*】]]
<div style='text-align: center; font-size: 24px;'><b>土荆皮</b></div>,中药学::常见药 大纲第2部分:: 攻毒杀虫止痒药,2,性味归经::性[[温]]；味[[辛]]；归[[肺、脾]]经；有<span style='color: red;'>毒</span><br>###功效::① [[杀虫]]；<br>② [[疗癣]]；<br>③ [[止痒]]<br>###主治::① [[体癣，手足癣，头癣]]；<br>② [[湿疹，皮炎，疥疮，皮肤瘙痒【*···::杀虫疗癣、祛湿止痒*】]],性味归经::性[[温]]；味[[辛]]；归[[肺、脾]]经；有<span style='color: red;'>毒</span><br>###功效::① [[杀虫]]；<br>② [[疗癣]]；<br>③ [[止痒]]<br>###主治::① [[体癣，手足癣，头癣]]；<br>② [[湿疹，皮炎，疥疮，皮肤瘙痒【*···::杀虫疗癣、祛湿止痒*】]]
<div style='text-align: center; font-size: 24px;'><b>白矾</b></div>,中药学::常见药 大纲第2部分:: 攻毒杀虫止痒药,2,性味归经::性[[寒]]；味[[酸涩]]；归[[肺脾肝大肠]]经<br>###功效::① [[外用解毒杀虫，燥湿止痒]]；<br>② [[内服止血止泻，祛除风痰，燥湿退黄]]<br>###主治::① [[湿疹瘙痒，疮疡疥癣，脱肛，痔疮，耳流脓]]；<br>② [[便血，吐衄，崩漏，久泻久痢]]；<br>③ [[癫痫发狂，脑卒中昏厥]]；<br>④ [[湿热黄疸，女劳疸【*···::疮面湿烂或瘙痒尤宜*】]],性味归经::性[[寒]]；味[[酸涩]]；归[[肺脾肝大肠]]经<br>###功效::① [[外用解毒杀虫，燥湿止痒]]；<br>② [[内服止血止泻，祛除风痰，燥湿退黄]]<br>###主治::① [[湿疹瘙痒，疮疡疥癣，脱肛，痔疮，耳流脓]]；<br>② [[便血，吐衄，崩漏，久泻久痢]]；<br>③ [[癫痫发狂，脑卒中昏厥]]；<br>④ [[湿热黄疸，女劳疸【*···::疮面湿烂或瘙痒尤宜*】]]
<div style='text-align: center; font-size: 24px;'><b>蜂房</b></div>,中药学::常见药 大纲第2部分:: 攻毒杀虫止痒药,2,性味归经::性[[平]]；味[[甘]]；归[[胃]]经<br>###功效::① [[攻毒杀虫]]；<br>② [[祛风止痛]]；<br>③ [[止痒]]<br>###主治::① [[疮疡肿毒，乳痈，瘰疬，癌肿【*···::攻毒杀虫，攻坚破积，外科常用*】]]；<br>② [[风疹瘙痒，皮肤顽癣，鹅掌风，牙痛，风湿痹痛【*···::性善走窜，能祛风止痛、止痒*】]]；<br>③ [[阳痿、喉痹、出血证，蛔虫、绦虫病等，也可用治恶性肿瘤]],性味归经::性[[平]]；味[[甘]]；归[[胃]]经<br>###功效::① [[攻毒杀虫]]；<br>② [[祛风止痛]]；<br>③ [[止痒]]<br>###主治::① [[疮疡肿毒，乳痈，瘰疬，癌肿【*···::攻毒杀虫，攻坚破积，外科常用*】]]；<br>② [[风疹瘙痒，皮肤顽癣，鹅掌风，牙痛，风湿痹痛【*···::性善走窜，能祛风止痛、止痒*】]]；<br>③ [[阳痿、喉痹、出血证，蛔虫、绦虫病等，也可用治恶性肿瘤]]
<div style='text-align: center; font-size: 24px;'><b>大蒜</b></div>,中药学::常见药 大纲第2部分:: 攻毒杀虫止痒药,2,性味归经::性[[温]]；味[[辛]]；归[[脾、胃、肺]]经<br>###功效::① [[解毒杀虫]]；<br>② [[消肿止痢]]；<br>③ [[健脾温胃]]；<br>④ [[增强食欲]]<br>###主治::① [[痈肿疮疡【*···::如背疽漫肿无头*】或疔毒、疥癣]]；<br>② [[蛲虫病、钩虫病]]；<br>③ [[肺痨、百日咳]]；<br>④ [[痢疾、泄泻]]；<br>⑤ [[脘腹冷痛、食欲减退、饮食不消]]；<br>⑥ [[防治流感、流脑、乙脑等流行性传染病，治疗食蟹中毒]],性味归经::性[[温]]；味[[辛]]；归[[脾、胃、肺]]经<br>###功效::① [[解毒杀虫]]；<br>② [[消肿止痢]]；<br>③ [[健脾温胃]]；<br>④ [[增强食欲]]<br>###主治::① [[痈肿疮疡【*···::如背疽漫肿无头*】或疔毒、疥癣]]；<br>② [[蛲虫病、钩虫病]]；<br>③ [[肺痨、百日咳]]；<br>④ [[痢疾、泄泻]]；<br>⑤ [[脘腹冷痛、食欲减退、饮食不消]]；<br>⑥ [[防治流感、流脑、乙脑等流行性传染病，治疗食蟹中毒]]
<div style='text-align: center; font-size: 24px;'><b>砒石</b></div>,中药学::常见药 大纲第2部分:: 拔毒化腐生肌药,2,性味归经::性[[大热]]；味[[辛]]；归[[肺、脾、肝]]经；有大<span style='color: red;'>毒</span><br>###功效::① [[外用攻毒杀虫、蚀疮祛腐]]；<br>② [[内服劫痰平喘、截疟、攻毒抑癌]]<br>###主治::① [[恶疮、瘰疬、顽癣、走马牙疳、痔疮]]；<br>② [[寒痰哮喘]]；<br>③ [[古方治疟疾，现少用]]；<br>④ [[癌症]],性味归经::性[[大热]]；味[[辛]]；归[[肺、脾、肝]]经；有大<span style='color: red;'>毒</span><br>###功效::① [[外用攻毒杀虫、蚀疮祛腐]]；<br>② [[内服劫痰平喘、截疟、攻毒抑癌]]<br>###主治::① [[恶疮、瘰疬、顽癣、走马牙疳、痔疮]]；<br>② [[寒痰哮喘]]；<br>③ [[古方治疟疾，现少用]]；<br>④ [[癌症]]
<div style='text-align: center; font-size: 24px;'><b>铅丹</b></div>,中药学::常见药 大纲第2部分:: 拔毒化腐生肌药,2,性味归经::性[[寒]]；味[[辛咸]]；归[[心、脾、肝]]经；有<span style='color: red;'>毒</span><br>###功效::① [[外用拔毒生肌，杀虫止痒]]；<br>② [[内服坠痰镇惊，祛痰截疟]]<br>###主治::① [[疮疡溃烂，湿疹瘙痒，疥癣顽癣，狐臭，酒齄鼻]]；<br>② [[惊痫癫狂，心神不宁]]；<br>③ [[疟疾【*···::现少用*】]]；<br>④ [[为制备外用膏药的重要原料，常与植物油或解毒、活血、生肌药熬制成外贴膏药应用]],性味归经::性[[寒]]；味[[辛咸]]；归[[心、脾、肝]]经；有<span style='color: red;'>毒</span><br>###功效::① [[外用拔毒生肌，杀虫止痒]]；<br>② [[内服坠痰镇惊，祛痰截疟]]<br>###主治::① [[疮疡溃烂，湿疹瘙痒，疥癣顽癣，狐臭，酒齄鼻]]；<br>② [[惊痫癫狂，心神不宁]]；<br>③ [[疟疾【*···::现少用*】]]；<br>④ [[为制备外用膏药的重要原料，常与植物油或解毒、活血、生肌药熬制成外贴膏药应用]]
<div style='text-align: center; font-size: 24px;'><b>轻粉</b></div>,中药学::常见药 大纲第2部分:: 拔毒化腐生肌药,2,性味归经::性[[寒]]；味[[辛]]；归[[大肠、小肠]]经；有<span style='color: red;'>毒</span><br>###功效::① [[外用杀虫攻毒敛疮]]；<br>② [[内服祛痰消积，逐水通便]]<br>###主治::① [[疮疡溃烂，疥癣瘙痒，臁疮，湿疹，酒齄鼻，梅毒下疳【*···::攻毒杀虫止痒、生肌敛疮*】]]；<br>② [[痰涎积滞，水肿臌胀，二便不利]],性味归经::性[[寒]]；味[[辛]]；归[[大肠、小肠]]经；有<span style='color: red;'>毒</span><br>###功效::① [[外用杀虫攻毒敛疮]]；<br>② [[内服祛痰消积，逐水通便]]<br>###主治::① [[疮疡溃烂，疥癣瘙痒，臁疮，湿疹，酒齄鼻，梅毒下疳【*···::攻毒杀虫止痒、生肌敛疮*】]]；<br>② [[痰涎积滞，水肿臌胀，二便不利]]
四气概念,中药学::药性理论::四气,1,定义::即[[寒]]、[[凉]]、[[温]]、[[热]]四种药性<br>###依据::药物影响人体阴阳盛衰、寒热变化的作用倾向,归类::寒凉属阴，温热属阳
寒凉药作用,中药学::药性理论::四气,1,特点::凉次于寒，具有[[清热泻火]]凉血解毒、滋阴除蒸、泻热通便、清热利尿等功效<br>###适应证::实热烦闷、温毒发斑、血热吐衄、火毒疮疡、热结便秘、热淋涩痛、黄疸水肿、高热神昏等[[阳热证]],举例::黄连、石膏、知母等属寒凉药
温热药作用,中药学::药性理论::四气,1,特点::温次于热，具有温经散寒、暖肝散结、补火助阳、温阳利水、温通经脉、引火归原、回阳救逆等功效<br>###适应证::中寒腹痛、寒疝作痛、阳痿不举、宫冷不孕、阴寒水肿、风寒痹证、血寒经闭、虚阳上越、亡阳虚脱等[[阴寒证]],举例::附子、干姜、肉桂等属温热药
四气指导意义,中药学::药性理论::四气,2,原则::[[寒者热之，热者寒之]]，即寒凉治热证，温热治寒证<br>###寒热错杂::表寒里热、上热下寒、寒热中阻者，应[[寒热药并用]],注意::真寒假热用温热，真热假寒用寒凉；阴盛隔阳用温热回阳，阳盛隔阴用寒凉泻火
五味概念,中药学::药性理论::五味,1,定义::即[[辛]]、[[甘]]、[[酸]]、[[苦]]、[[咸]]五种基本药味<br>###补充::另有[[淡味]]和[[涩味]]<br>###依据::药物疗效中推导为主，口尝获得为辅,归类::辛甘淡属阳，酸苦咸属涩
辛味,中药学::药性理论::五味,1,作用::能[[散]]能[[行]]，即发散、行气、行血<br>###应用::用于解表药、行气药、活血药，主治表证及气血阻滞之证,注意::辛能耗气伤津，不宜用于气虚或阴虚证
甘味,中药学::药性理论::五味,1,作用::能[[补]]能[[和]]能[[缓]]，即补益、和中、调和药性、缓急止痛<br>###应用::用于滋养补虚、消食和胃、调和药性及缓解疼痛，主治正气虚弱、食积不化等,举例::甘草、人参、大枣等为典型甘味药
淡味,中药学::药性理论::五味,2,作用::能[[渗]]能[[利]]，即利水渗湿<br>###应用::用于水肿、脚气浮肿、小便不利之证,举例::茯苓、猪苓、薏苡仁等为淡味药
酸味,中药学::药性理论::五味,1,作用::能[[收]]能[[涩]]，即收敛固涩；部分可生津，酸入肝<br>###应用::用于固表止汗、敛肺止咳、涩肠止泻、固精缩尿、固崩止带等滑脱不禁之证,举例::乌梅、酸枣仁等；[[醋制]]增强引药入肝作用（如香附、柴胡）
涩味,中药学::药性理论::五味,2,作用::与酸味作用相似，能[[收敛]]固涩<br>###应用::用于自汗盗汗、久泻久痢、遗尿尿频、遗精滑精、崩带不止等滑脱不禁的病证,区别::涩味无酸味生津之功，纯为收涩
苦味,中药学::药性理论::五味,1,作用::能[[泄]]能[[燥]]能[[坚]]；泄包括清热泻火、降气平喘、通降大便；燥即燥湿；坚即泻火存阴<br>###应用::用于火热证、气逆咳喘、呕吐、便秘、湿热蕴结、阴虚火旺等,注意::苦味药多寒凉，苦寒药易伤脾胃，中病即止
咸味,中药学::药性理论::五味,1,作用::能[[下]]能[[软]]，即泻下通便、软坚散结；咸走血、咸先入肾<br>###应用::用于大便燥结、痰核、瘿瘤、癥瘕痞块等证；咸味药可[[补肾]]（如紫河车、海狗肾）,炮制::盐水炮制[[引药入肾]]，增强补肾作用（如知母、黄柏、杜仲、巴戟天）
五味指导意义,中药学::药性理论::五味,2,气同味异::如麻黄、杏仁、肉苁蓉同属温性，但麻黄辛温发散风寒，杏仁苦温止咳，肉苁蓉咸温补肾阳<br>###味同气异::如桂枝、薄荷同为辛味，但桂枝辛温解表散寒，薄荷辛凉疏散风热,规律::气味相同作用相近；气味不同则作用有别；一药可兼数味，治疗范围扩大
归经理论概念,中药学::药性理论::归经,1,定义::即药物对机体[[某部分]]的选择性作用，对某些脏腑经络有[[特殊亲和作用]]<br>###核心::药物归经不同，治疗作用不同,基础::以脏腑经络学说为基础，以药物所治具体病证为依据
归经确定依据,中药学::药性理论::归经,2,六经归经::太阳经药如[[麻黄、桂枝]]；阳明经药如石膏、知母<br>###卫气营血归经::卫分药如银花、连翘；气分药如石膏、知母；营血分药如水牛角、生地<br>###三焦归经::黄芩主[[上焦]]；黄连主中焦；黄柏主[[下焦]],五色归经::味辛色白入肺大肠；味苦色赤入心小肠；磁石（重镇）入肝；桑叶菊花（轻浮）入肺；佩兰芳香入脾；连翘入心
归经理论形成,中药学::药性理论::归经,2,理论基础::在[[脏腑经络学说]]基础上，以药物治疗的具体病证为依据，经长期临床实践总结<br>###举例::远志、朱砂治心悸失眠归[[心经]]；桔梗、苏子治喘咳胸闷归[[肺经]]；芍药、钩藤治胁痛抽搐归[[肝经]],意义::归经理论将药物功效与脏腑病变联系，指导临床精准用药
归经指导意义,中药学::药性理论::归经,2,辨证用药::便于根据[[脏腑病变]]准确选择药物<br>###区别功效::有助于区别[[功效相似]]的药物（如麻黄与桂枝同解表但归经侧重不同）,注意::需注意脏腑病变相互影响，恰当选择用药
升降沉浮概念,中药学::药性理论::升降沉浮,1,定义::药物对机体具有[[向上]]、向下、向内、向外的四种不同作用趋向性<br>###阳药::升浮药性温热，味辛甘淡，质轻清，作用[[趋向上升、向外]],阴药::沉降药性寒凉，味酸苦咸，质重浊坚实，作用趋向[[下行、向内]]
升浮药应用,中药学::药性理论::升降沉浮,1,功效::疏散解表、宣毒透疹、解毒消疮、宣肺止咳、温里散寒、暖肝散结、[[通经活络]]、行气开窍、活血消肿、开窍醒神、[[升阳举陷]]、涌吐<br>###适用证::解表药、温里药、祛风湿药、行气药、活血祛瘀药、开窍药、补益药、涌吐药,特点::药性温热，味辛甘淡，质轻清，作用趋势向外向上
沉降药应用,中药学::药性理论::升降沉浮,1,功效::清热泻火、泻下通便、利水渗湿、重镇安神、平肝潜阳、息风止痉、降逆[[止呕]]止呃、消积导滞、固表止汗、敛肺止咳、涩肠止泻、固崩止带、涩精止遗、收敛止血、收湿敛疮<br>###适用证::清热药、泻下药、利水渗湿药、平肝息风药、安神药、收敛止血药等,特点::药性寒凉，味酸苦咸，质重浊坚实，作用趋势向内向下
升降沉浮确定依据,中药学::药性理论::升降沉浮,2,质地::花叶皮枝质轻多升浮；[[果实种子矿物贝壳]]质重多沉降<br>###气味::气味薄者主升浮，气味厚者主沉降<br>###性味::辛甘温热药多升浮；[[酸苦咸寒凉]]药多沉降<br>###效用::[[药物效用]]是最主要依据，能改善病势者即具相应趋向,举例::苏子、菊花、蝉蜕升浮；苏子、枳实、牡蛎沉降；川芎上行头目下行血海具双向性
升降沉浮指导意义,中药学::药性理论::升降沉浮,2,调整气机::调整脏腑气机紊乱，使之恢复正常生理功能<br>###用药原则::同病位、[[逆病势]]——病位在上宜升不宜降，病位在下宜降不宜升；病势上逆宜降不宜升，病势下陷宜升不宜降,特殊用法::可采用升降浮沉并用方法，治疗复杂病证
影响升降沉浮因素,中药学::药性理论::升降沉浮,2,炮制影响::[[酒制]]则升，[[姜制]]则散，[[醋制]]则收敛，[[盐炒]]则下行<br>###配伍影响::升浮药在大量沉降药中能下降，沉降药在大量升浮药中能上升,双向性::部分药物具有双向性，如川芎上行头目下行血海；诸花皆升，旋覆独降；诸子皆降，苍耳独升
毒性概念,中药学::药性理论::毒性,1,广义::古代指药物[[偏性]]的总称，认为以偏纠偏<br>###现代::指药物对机体的[[损害性]]，即毒副作用<br>###分类::将毒性分为[[大毒]]、[[有毒]]、[[小毒]]三级,区别::副作用是在常用剂量时出现的与治疗无关的作用
中药中毒原因,中药学::药性理论::毒性,2,剂量因素::[[剂量过大]]，如砒霜、胆矾、斑蝥、蟾酥、马钱子、乌头等<br>###炮制因素::[[炮制不当]]，降低毒性不到位<br>###配伍因素::[[配伍不当]]，如甘遂甘草同用、川乌与瓜蒌同用,其他因素::误服伪品、制剂不当、服药法不当、药物贮存不当、品种剂型给药途径不对、个体差异（体质、年龄）等也是中毒原因
应用毒药注意事项,中药学::药性理论::毒性,2,剂量控制::针对体质强弱、疾病深浅，[[中病即止]]，防止过量和蓄积中毒<br>###配伍禁忌::凡两药合用能产生剧烈毒副作用的[[禁止同用]]，严格炮制工艺降低毒性<br>###个体差异::适当增减用量，说服患者不可自行服药,以毒攻毒::在保证用药安全前提下，也可采用毒药治疗某些疾病，如雄黄治疗疮疡恶肿、水银治疗疥癣梅毒、砒霜治疗白血病等
饭前服,中药学::中药配伍::用法用量::服药时间,2,适用病位::病在胸膈[[以下]]，如胃、肝、肾等脏腑疾患<br>###适用药物::多数药特别是补虚药和[[治疗胃肠疾病]]的药物,原理::有利于药物直达病所，避免药力受食气格拒
饭后服,中药学::中药配伍::用法用量::服药时间,2,适用病位::病在胸膈[[以上]]，如眩晕、头痛、目疾、咽痛等<br>###适用药物::消食健胃药或对[[胃肠有刺激]]的药物,原理::减少药物对胃肠道刺激，或借谷气以助药力
睡前服,中药学::中药配伍::用法用量::服药时间,2,安神药::宜在睡前[[0.5~1小时]]服<br>###涩精止遗药::宜睡前服，以固摄精关,缓下剂::宜睡前服，便于次日清晨排便
定时服与不定时服,中药学::中药配伍::用法用量::服药时间,2,定时服::截疟药应在疟疾发作前[[2小时]]服；慢性病定时服<br>###不定时服::急性病、呕吐、惊厥、石淋及咽喉病须[[煎汤代茶饮]]；病情急当不拘时服,原则::根据疾病性质和药物特性灵活掌握服药时间
汤剂服法,中药学::中药配伍::用法用量::服药方法,1,温度::一般[[温服]]；解表药偏热服，盖衣被或喝热粥[[助汗出]]<br>###寒热真伪::真热假寒当寒药温服；真寒假热当热药冷服，防止[[格拒]],格拒::指病势严重时，药物入口即吐的拒药现象
其他剂型服法,中药学::中药配伍::用法用量::服药方法,2,丸剂::颗粒小用[[温开水送服]]；大蜜丸分成小粒吞服；水丸质硬则开水[[溶化]]后服<br>###散剂、粉剂::用[[蜂蜜]]加以调和送服，或装入胶囊吞服（避免刺激咽喉）,膏剂::开水冲服，避免直接吞咽以防粘喉而呕吐；颗粒剂、糖浆剂也多用开水冲服或直接吞服
剂量概念,中药学::中药配伍::用法用量::剂量,1,定义::指临床应用的[[分量]]，即单味药的成人[[内服一日用量]]<br>###相对剂量::也指在方剂中药与药之间的[[比例分量]],单位::传统以重量（如两、钱、分）为单位，现以克（g）为常用单位
确定剂量依据,中药学::中药配伍::用法用量::剂量,1,药物因素::[[药材质量]]（质优量轻，质次量大）、[[质地]]（花叶质轻量轻，贝壳矿物量重）、[[气味]]（平淡量重，峻猛量轻）、[[有毒无毒]]（有毒者严格控量）<br>###用法因素::单味应用量宜重，复方中主药量重[[辅药量轻]]；入汤剂量重，入丸散剂量轻,患者因素::体质强用量重，弱用量轻；小儿老人用量减小；新病用量重，久病用量轻；病急用量重，病缓用量轻
特殊外用与有毒药物,中药学::中药配伍::用法用量::特殊用量,2,外用不内服::[[升药]]（即红粉）、炉甘石、土槿皮等<br>###有毒药物极量::如[[斑蝥]]0.03~0.06g（多人丸散，宜糯米炒）、[[马钱子]]0.3~0.6g（炮制后作丸散服）、[[蟾酥]]0.015~0.03g（多人丸散，不入煎剂）,注意::部分药物用量小，需精确称量，如麝香0.03~0.1g（多人丸散）、牛黄0.15~0.35g（多人丸散）等
汤剂煎煮法,中药学::中药配伍::煎煮方法::一般方法,1,器具::用[[砂锅]]、瓦罐为好，搪瓷罐次之，忌用铜铁钢锅<br>###用水::以[[水质新鲜]]纯净的冷水为好，如自来水、井水、蒸馏水<br>###火候::有[[文火]]（温度上升及液面蒸发缓慢）与[[武火]]（温度迅速升高及蒸发迅猛）之分,煎前浸泡::先将药物浸泡[[30~60分钟]]，用水量以高出药面为度；一般煎两次，第二煎加水量为第一煎的1/3~1/2
先煎,中药学::中药配伍::煎煮方法::特殊处理,1,定义::某些[[有效成分难溶于水]]的一些金石、矿物、贝壳类药物，应打碎先煎，煮沸[[20~30分钟]]左右，再纳入其他药同煎<br>###主要类别::1. 有效成分不易煎出的矿物、贝壳药类；2. 须先煎去毒的药物；3. 有特殊治疗需要的药物,举例::磁石、牡蛎、代赭石、生石膏、龙骨、龟甲、鳖甲、水牛角、滑石块、自然铜等；附子、川乌、草乌；大黄久煎泻下力缓
后下,中药学::中药配伍::煎煮方法::特殊处理,1,定义::即缩短[[煎煮时间]]。包括有效成分因煎煮易挥发或破坏而不耐久煎的药物<br>###操作::在其他药物煎沸[[5~10分钟]]后放入；或在其他药煎成之前再投入煎煮10分钟左右,举例::气味芳香，久煎有效成分易挥发降低药效者，如[[薄荷]]、青蒿、香薷、木香、砂仁、沉香、白豆蔻等；虽不属芳香药，但久煎会破坏有效成分者，如钩藤、番泻叶、生大黄、苦杏仁等
包煎,中药学::中药配伍::煎煮方法::特殊处理,2,定义::即将[[黏性强]]、粉末状、带有绒毛的药物另外用[[纱布包好]]入煎，防止药液混浊或刺激喉咙或沉于锅底引起烧焦、糊锅<br>###主要类别::1. 花粉、细小种子及细粉类药物；2. 含淀粉、黏液质较多的药物；3. 绒毛类药物,举例::蒲黄、青黛、葶苈子、滑石粉、海金沙、灶心土、花粉、车前子、旋覆花、辛夷等
另煎,中药学::中药配伍::煎煮方法::特殊处理,2,定义::又称[[另炖]]，主要适用于少数[[贵重药材]]，以免与其他药材同煎其有效成分被吸附而造成浪费<br>###操作::一般另炖[[2~3小时]]，煎液可另服，也可与其他煎液混合服用,举例::如人参、西洋参、羚羊角、鹿茸等
烊化,中药学::中药配伍::煎煮方法::特殊处理,2,定义::即[[溶化]]。避免[[胶类药物]]及黏性大的而易溶的药物粘锅，或黏附其他药物影响煎煮<br>###操作::可单用水或黄酒将此类药物加热熔化后，用煎好的药液[[冲服]]；也可放入其他药物煎好的药液加热熔化后服用,举例::如阿胶、鹿角胶、龟甲胶、鸡血藤胶、蜂蜜、饴糖等
泡服与冲服,中药学::中药配伍::煎煮方法::特殊处理,2,泡服::又称[[焗服]]，指某些有效成分易溶于水或久煎容易破坏的药物，用少量开水或复方中其他药物滚烫的煎出液趁热浸泡，加盖焖润，半小时后去渣即可使用<br>###冲服::主要针对某些[[贵重药]]（用量轻）、某些药物根据病情需要研成[[散剂]]冲服、某些药物高温易破坏药效或有效成分难溶于水,冲服举例::麝香、牛黄、珍珠、羚羊角粉、猴枣、马宝、西洋参、鹿茸、龟甲胶、人参粉、蛤蚧粉等；止血药如三七、花蕊石、白及等；息风止痉药如全蝎、蜈蚣等；制酸止痛药如海螵蛸等
煎汤代水,中药学::中药配伍::煎煮方法::特殊处理,3,定义::某些药物可以先行煎煮、去渣，再以此液煎煮其他药物<br>###主要情形::1. 某些药物为了防止与其他药物同煎使煎液混浊，难于服用，宜先煎后取其上清液代水再煎煮其他药物；2. 体积大、吸水量大,举例::如灶心土；玉米须、丝瓜络、金钱草等
配伍概念与目的,中药学::中药配伍::配伍关系,1,概念::有目的地按[[病情需要]]和[[药性特点]]，有选择地将两味以上药物配合使用<br>###目的::1. 增强药物的疗效；2. 抑制或消除药物的[[毒副作用]]；3. 适应复杂病情的需要，达到全面兼顾治疗的目的；4. 扩大药物的适应范围,方法::包括有单行、相须、相使、相畏、相杀、相恶、相反等
单行,中药学::中药配伍::配伍关系,2,概念::选用[[一味药]]针对性较强的药物治疗病情比较单纯的疾病<br>###特点::单用取其专功，力专以应急用,举例::独参汤（单用一味人参）；清金散（单用一味黄芩）；马齿苋治疗痢疾；夏枯草膏治瘿瘤；益母草膏调经止痛等
相须,中药学::中药配伍::配伍关系,1,概念::两种[[性能功效相类似]]的药物配合应用，可以[[增强原有疗效]]<br>###关系::1+1>2，两个1平等,举例::麻黄配桂枝；知母配贝母；附子配干姜；陈皮配半夏；全蝎配蜈蚣
相使,中药学::中药配伍::配伍关系,1,概念::在性能功效方面有某些共性，或性能功效虽不相同，但是治疗目的一致的药物配合应用，而以一种药为主，另一种药为辅，能[[提高主药疗效]]<br>###关系::1+1>2，1主1从,举例::黄芪配茯苓；石膏配牛膝；枸杞子配菊花；黄连配吴茱萸；五版教材大黄配芒硝（八版教材为相须）
相畏与相杀,中药学::中药配伍::配伍关系,1,相畏::一种药物的毒性反应和副作用，能被另一种药物[[减轻或消除]]（被除毒）<br>###相杀::一种药物能减轻或消除另一种药物的毒性或副作用（[[除毒·主动]]）,关系::相畏、相杀实际上是同一配伍关系从不同角度的两种提法<br>###举例::生半夏和生南星的毒性被生姜减轻或消除，故称生半夏、生南星畏生姜，或称生姜杀生半夏、生南星
相恶,中药学::中药配伍::配伍关系,1,概念::两药合用，一种药物能使另一种药物[[原有功效降低]]，甚至丧失<br>###关系::a+b<a，b降a效,举例::如人参恶莱菔子（人参治气虚证，配莱菔子则补气效力降低）；生姜恶黄芩
相反,中药学::中药配伍::配伍关系,1,概念::两药合用，能产生或增强[[毒性反应]]或副作用（十八反、十九畏）<br>###关系::1+1<0，合用生毒,举例::甘草反甘遂、大戟、海藻、芫花；乌头反贝母、瓜蒌、半夏、白蔹、白及；藜芦反人参、沙参、丹参、玄参、苦参、细辛、芍药
十八反总论,中药学::中药配伍::配伍禁忌::十八反,1,出处::金·张子和《儒门事亲》<br>###原文::本草明言十八反，半蒌贝蔹及攻乌，藻戟遂芫俱战草，诸参辛芍叛藜芦<br>###组成::共涉及[[三组相反]]配伍关系,意义::十八反属配伍禁忌，两药合用能产生毒性或增强毒副作用
乌头组相反,中药学::中药配伍::配伍禁忌::十八反,1,乌头类::乌头（包括[[川乌]]、[[草乌]]、[[附子]]）<br>###相反药::反[[半夏]]、[[瓜蒌]]、[[天花粉]]、[[贝母]]（川贝母、浙贝母）、[[白蔹]]、[[白及]],注意::凡含乌头类成分的药物均不可与上述六药同用
甘草组相反,中药学::中药配伍::配伍禁忌::十八反,1,甘草::[[甘草]]<br>###相反药::反[[甘遂]]、[[京大戟]]、[[红大戟]]、[[海藻]]、[[芫花]],说明::以上五药均为峻下逐水药，与甘草合用毒性增强
藜芦组相反,中药学::中药配伍::配伍禁忌::十八反,1,藜芦::[[藜芦]]<br>###相反药::反[[人参]]、[[沙参]]、[[丹参]]、[[玄参]]、[[北沙参]]、[[南沙参]]、[[苦参]]、[[细辛]]、[[白芍]]、[[赤芍]]共十味,特点::藜芦反诸参（五参）及细辛、芍药，涉及药物最多
十九畏总论,中药学::中药配伍::配伍禁忌::十九畏,1,出处::明·刘纯《医经小学》<br>###原文::硫黄原是火中精，朴硝一见便相争；水银莫与砒霜见；狼毒最怕密陀僧；巴豆性烈最为上，偏与牵牛不顺情；丁香莫与郁金见；牙硝难合京三棱；川乌草乌不顺犀；人参最怕五灵脂；官桂善能调冷气，若逢石脂便相欺<br>###配伍对数::共[[九对]]畏药配伍,意义::十九畏与十八反均属配伍禁忌，临床应避免合用
十九畏详解,中药学::中药配伍::配伍禁忌::十九畏,1,畏药一::[[硫黄]]畏[[朴硝（芒硝）]]<br>###畏药二::[[水银]]畏[[砒霜]]<br>###畏药三::[[狼毒]]畏[[密陀僧]]<br>###畏药四::[[巴豆]]畏[[牵牛]]<br>###畏药五::[[丁香]]畏[[郁金]]<br>###畏药六::[[川乌]]、[[草乌]]畏[[犀角]]<br>###畏药七::[[牙硝（芒硝）]]畏[[三棱]]<br>###畏药八::[[官桂（肉桂）]]畏[[赤石脂]]<br>###畏药九::[[人参]]畏[[五灵脂]],分类::含矿物药相畏（硫黄与朴硝、水银与砒霜）、动物药相畏（狼毒与密陀僧）、植物药相畏等
妊娠禁忌概念,中药学::中药配伍::配伍禁忌::妊娠用药禁忌,1,禁用药::系[[剧毒药]]或药性[[峻猛]]之品及[[堕胎作用较强]]的药物<br>###慎用药::是[[活血祛瘀药]]、[[行气药]]、[[攻下药]]及[[温里药]]中的部分药物,区别::禁用药原则上禁止使用；慎用药可根据病情需要酌情使用
禁用药一览,中药学::中药配伍::配伍禁忌::妊娠用药禁忌,1,峻下逐水::[[甘遂]]、[[京大戟]]、[[芫花]]、[[牵牛]]、[[商陆]]、[[巴豆]]、[[巴豆霜]]<br>###破血消癥::[[水蛭]]、[[虻虫]]、[[三棱]]、[[莪术]]<br>###攻毒杀虫::[[斑蝥]]、[[蟾酥]]、[[雄黄]]、[[砒霜]]、[[轻粉]]、[[硫黄]]<br>###开窍辟秽::[[麝香]]<br>###其他::[[马钱子]]、[[土鳖虫]]、[[川乌]]、[[草乌]]、[[昆明山海棠]]、[[雷公藤]],特点::禁用药多为毒性大、药力猛、堕胎作用强的药物
慎用药一览,中药学::中药配伍::配伍禁忌::妊娠用药禁忌,1,活血药::[[桂枝]]、[[牡丹皮]]、[[赤芍]]、[[桃仁]]、[[红花]]、[[益母草]]、[[牛膝]]、[[川芎]]、[[姜黄]]、[[乳香]]、[[没药]]、[[王不留行]]、[[月季花]]、[[苏木]]、[[自然铜]]、[[骨碎补]]、[[刘寄奴]]、[[穿山甲]]、[[三七]]<br>###行气攻下::[[大黄]]、[[芒硝]]、[[番泻叶]]、[[芦荟]]、[[枳实]]、[[枳壳]]、[[槟榔]]、[[苦楝皮]]<br>###温里药::[[附子]]、[[肉桂]]、[[干姜]]、[[吴茱萸]]<br>###其他::[[蝉蜕]]、[[天花粉]]、[[贯众]]、[[射干]]、[[大血藤]]、[[鸦胆子]]、[[漏芦]]、[[郁李仁]]、[[厚朴]]、[[薏苡仁]]、[[车前子]]、[[滑石]]、[[木通]]、[[通草]]、[[瞿麦]]、[[冬葵子]]、[[虎杖]]、[[茜草]]、[[蒲黄]]、[[五灵脂]]、[[牛膝]],其他慎用::[[天南星]]、[[白附子]]、[[礞石]]、[[合欢皮]]、[[代赭石]]、[[珍珠母]]、[[蒺藜]]、[[冰片]]、[[龟甲]]、[[鳖甲]]、[[禹余粮]]、[[常山]]、[[红粉]]、[[磁石]]、[[硼砂]]、[[轻粉]]、[[商陆]]、[[巴豆霜]]
证候禁忌总则,中药学::中药配伍::配伍禁忌::证候用药禁忌,1,原则::除药性极为平和者外，一般药物均有[[证候用药禁忌]]<br>###意义::根据病证寒热虚实选择相应药物，避免加重病情,核心::辨证论治，因证选药
解表药禁忌,中药学::中药配伍::配伍禁忌::证候用药禁忌,2,麻黄禁忌::[[麻黄]]禁用于[[表虚自汗]]及[[阴虚盗汗]]、[[肺肾虚喘]]<br>###荆芥禁忌::[[荆芥]]禁用于[[表虚自汗]]不宜用,机制::麻黄、荆芥发汗力强，表虚自汗者用之会加重汗出
清热药禁忌,中药学::中药配伍::配伍禁忌::证候用药禁忌,2,黄芩禁忌::[[黄芩]]禁用于脾胃虚寒、脾虚便溏者及脾肺寒多以及中寒便泻者<br>###苦参禁忌::[[苦参]]禁用于脾胃虚寒者,共性::苦寒药易伤脾胃，脾胃虚寒者应慎用或禁用
泻下药禁忌,中药学::中药配伍::配伍禁忌::证候用药禁忌,2,通便药禁忌::[[牛蒡子]]、[[知母]]、[[栀子]]、[[决明子]]、[[山豆根]]、[[射干]]、[[生地黄]]、[[紫草]]、[[白薇]]、[[地骨皮]]、[[芦根]]、[[冬葵子]]、[[槟榔]]、[[榧子]]大便溏薄不宜服<br>###润肠药禁忌::[[桃仁]]、[[郁李仁]]、[[柏子仁]]、[[石韦]]、[[代赭石]]、[[肉苁蓉]]大便溏泄者忌服,注意::具有滑肠或致泻作用的药物，脾虚便溏者均应慎用
补益药禁忌,中药学::中药配伍::配伍禁忌::证候用药禁忌,2,温补药禁忌::[[锁阳]]、[[熟地]]便溏者忌服；[[生何首乌]]滑肠者忌服；[[阿胶]]有碍消化<br>###滋阴药禁忌::[[麦冬]]、[[天冬]]、[[百合]]、[[黄精]]、[[枸杞子]]、[[墨旱莲]]、[[女贞子]]、[[龟甲]]、[[鳖甲]]、[[桑椹]]脾虚便溏者不宜用,共性::滋腻补益药易碍脾胃消化，脾胃虚弱、便溏者应慎用
化痰止咳药禁忌,中药学::中药配伍::配伍禁忌::证候用药禁忌,2,天南星禁忌::[[天南星]]禁用于[[阴虚燥痰]]<br>###半夏禁忌::[[半夏]]禁用于[[阴虚燥咳]]<br>###桔梗禁忌::[[桔梗]]禁用于[[气机上逆]]呕吐、眩晕者,共性::温燥化痰药易伤阴液，阴虚燥咳者不宜使用
活血药禁忌,中药学::中药配伍::配伍禁忌::证候用药禁忌,2,益母草禁忌::[[益母草]]禁用于[[阴虚血少]]者<br>###香附禁忌::[[香附]]禁用于[[气虚无滞]]、阴虚血热者<br>###细辛禁忌::[[细辛]]禁用于[[气虚多汗]]者<br>###薄荷禁忌::[[薄荷]]禁用于[[表虚自汗]]不宜使用<br>###浮萍禁忌::[[浮萍]]禁用于[[表虚自汗]]不宜使用,共性::辛散发汗、活血行气药易耗气伤阴，气虚阴亏者慎用
其他药禁忌,中药学::中药配伍::配伍禁忌::证候用药禁忌,3,川芎禁忌::[[川芎]]禁用于[[阴虚火旺]]多汗不宜用<br>###桂枝禁忌::[[桂枝]]禁用于[[阴虚火旺]]及热证<br>###防风禁忌::[[防风]]阴虚阳亢及热证忌服,说明::具体药物禁忌需参见各药条目下
饮食禁忌总则,中药学::中药配伍::配伍禁忌::服药饮食禁忌,2,一般原则::忌食[[生冷]]、[[辛热]]、[[油腻]]、[[腥膻]]、有[[刺激性]]的食物<br>###热性病::忌辛辣、油腻、煎炸类食物<br>###寒性病::忌生冷食物、清凉饮料等,目的::防止食物影响药物疗效或加重病情
具体病证饮食禁忌,中药学::中药配伍::配伍禁忌::服药饮食禁忌,2,胸痹::忌[[肥肉]]、[[脂肪]]、动物内脏及烟、酒等<br>###肝阳上亢::忌胡椒、辣椒、大蒜、酒等[[辛热助阳]]之品<br>###黄疸胁痛::忌动物脂肪及辛辣烟酒等刺激物品<br>###脾胃虚弱::忌油炸黏腻、寒冷固硬、不易消化的食物<br>###肾病水肿::忌食[[盐]]、碱过多的和酸辣太过的刺激食品<br>###疮疡皮肤病::忌食鱼、虾、蟹等[[腥膻发物]]及辛辣刺激性食品,特点::饮食禁忌需根据具体病证特点制定
外用药物注意,中药学::中药配伍::配伍禁忌::其他用药注意,2,不内服::[[升药（红粉）]]、[[炉甘石]]、[[土荆皮]]只供外用<br>###不可入目::[[蟾酥]]外用不可入目<br>###点眼::[[炉甘石]]、[[石决明]]（煅用）可水飞点眼,注意::外用药与内服药应严格区分，避免误用
炮制与煎煮注意,中药学::中药配伍::配伍禁忌::其他用药注意,2,忌火煅::[[朱砂]]、[[雄黄]]、[[琥珀]]忌火煅，宜水飞入药<br>###高温破坏::[[雷丸]]加热[[60℃]]左右易破坏失效<br>###特殊煎煮::[[大黄]]久煎泻下力缓，欲其泻下则应先下；[[五版石斛]]入汤剂宜先煎,意义::注意药物的特殊煎煮要求，确保疗效
特殊配伍注意,中药学::中药配伍::配伍禁忌::其他用药注意,2,茶忌::[[土茯苓]]、[[使君子]]服药时忌茶<br>###热茶禁忌::[[使君子]]与热茶同用可导致呃逆、腹泻<br>###大量副作用::[[甘草]]大剂量服用会导致[[浮肿]],说明::临床用药需注意药物间的特殊配伍禁忌和剂量控制
特殊外用注意,中药学::中药配伍::配伍禁忌::其他用药注意,2,斑蝥刺激::[[斑蝥]]外用对皮肤、黏膜有很强的刺激作用，能引起皮肤[[发红]]、[[灼热]]、[[起泡]]甚至腐烂<br>###使用禁忌::不宜[[久敷]]和[[大面积使用]]<br>###妇人禁忌::[[蟋蟀]]主妇人生子不下（孕妇禁用）,特点::外用有毒药物需严格控制用量和使用面积
腧穴的远治作用,针灸学::腧穴总论::腧穴的作用,1,定义::[[腧穴]]具有治疗[[远隔部位]]的脏腑、组织器官病证的作用<br>###特点::不仅能治疗局部病证，还有远治作用，[[十四经穴]]中位于四肢肘膝关节以下的经穴远治作用尤为突出<br>###原理::经脉所过（通），主治所及,举例::合谷穴不仅能治上肢病证，还能治颈部和头面部病证
腧穴的特殊作用,针灸学::腧穴总论::腧穴的作用,1,定义::某些腧穴具有的[[良性双向调整]]、[[整体调整]]和[[相对特异治疗]]作用<br>###分类::包括双向良性调整作用、整体调整作用、特异治疗作用三种,临床意义::体现了腧穴治疗的灵活性和针对性
双向良性调整作用,针灸学::腧穴总论::腧穴的作用,1,定义::[[同一腧穴]]对机体的不同病理状态，可以起到两种[[相反而有效]]的作用<br>###机制::根据机体状态自动调整，使异常功能恢复正常,举例1::天枢穴：泄泻时针刺能止泻，便秘时针刺能通便<br>###举例2::内关穴：心动过速时能减慢心率，心动过缓时能加快心率<br>###举例3::足三里穴：可使弛缓状态的胃运动加强，也可使紧张状态的胃运动减弱
整体调整作用,针灸学::腧穴总论::腧穴的作用,1,定义::某些穴位对[[全身性病证]]有整体调节作用<br>###特点::不限于局部，可影响全身功能状态,举例1::合谷、曲池、大椎可治外感发热<br>###举例2::足三里、关元、膏肓能补益正气，具有增强人体免疫功能的作用
特异治疗作用,针灸学::腧穴总论::腧穴的作用,1,定义::[[本经穴]]比他经穴、本经特定穴比非特定穴、经穴比非经穴在治疗作用方面具有[[相对特异性]]<br>###特点::穴位的治疗作用具有经络归属和穴位特性的差异,举例1::内关穴治疗心脏病<br>###举例2::至阴穴治疗[[胎位不正]]<br>###举例3::大椎退热<br>###举例4::阑尾穴治阑尾炎
腧穴主治规律概述,针灸学::腧穴总论::腧穴的主治规律,1,定义::腧穴的主治规律包括[[分经主治规律]]和[[分部主治规律]]两大类<br>###意义::指导临床选穴配穴的重要依据,应用::掌握主治规律可提高针灸处方的准确性
手三阴经主治,针灸学::腧穴总论::分经主治规律,1,手太阴经::[[肺、喉病]]<br>###手厥阴经::[[心、胃病]]<br>###手少阴经::[[心病]]<br>###二经相同::神志病<br>###三经相同::[[胸部病]],规律::手三阴经均主治胸部病，厥阴经和少阴经共同主治神志病
手三阳经主治,针灸学::腧穴总论::分经主治规律,1,手阳明经::[[前头、鼻、口、齿病]]<br>###手少阳经::[[侧头、胁肋病]]<br>###手太阳经::[[后头、肩胛、神志病]]<br>###二经相同::[[眼病、耳病]]<br>###三经相同::[[咽喉病、热病（眼病）]],规律::手三阳经均主治咽喉病和热病，少阳经和太阳经共同主治眼病和耳病
足三阳经主治,针灸学::腧穴总论::分经主治规律,1,足阳明经::[[前头、口、齿、咽喉、胃肠病]]<br>###足少阳经::[[侧头、耳病、项、胁肋、胆病]]<br>###足太阳经::[[后头、项、背腰（背俞并治脏腑病）、肛肠病]]<br>###二经相同::（眼病）<br>###三经相同::[[眼病、神志病、热病]],规律::足三阳经均主治眼病、神志病、热病
足三阴经主治,针灸学::腧穴总论::分经主治规律,1,足太阴经::[[脾胃病]]<br>###足厥阴经::[[肝病]]<br>###足少阴经::[[肾、肺、咽喉病]]<br>###二经相同::[[前阴病]]<br>###三经相同::[[腹部病、妇科病（前阴病）]],规律::足三阴经均主治腹部病和妇科病，厥阴经和少阴经共同主治前阴病
任督脉主治,针灸学::腧穴总论::分经主治规律,1,任脉::[[回阳固脱]]，有强壮作用，治[[中风脱证、虚寒、下焦病]]<br>###督脉::[[中风、昏迷、热病、头面病]]<br>###共同主治::[[神志病、脏腑病、妇科病]],特点::任督二脉为奇经八脉，主治范围广泛
头面颈项部分部主治,针灸学::腧穴总论::分部主治规律,1,前头侧头区::[[局部病、眼、鼻病]]<br>###后头区::[[神志、头部病]]<br>###项区::[[神志、咽喉、眼、头项病]]<br>###眼区::[[眼病]]<br>###鼻区::[[鼻病]]<br>###颈区::[[舌、咽喉、气管、颈部病、暗哑、哮喘]],规律::头面颈项部穴位主治与所在部位密切相关
胸腹背腰部分部主治,针灸学::腧穴总论::分部主治规律,1,胸膺部上背部::[[肺、心（上焦）病]]<br>###胁腹部下背部::[[肝、胆、脾、胃（中焦）病]]<br>###少腹部腰尻部::[[前后阴、肾、肠、膀胱（下焦）病]],规律::胸腹背腰部穴位按上中下三焦分治，体现了部位与脏腑的对应关系
腧穴定位方法概述,针灸学::腧穴总论::腧穴的定位方法,1,定义::腧穴的定位方法包括[[体表标志定位法]]、[[骨度分寸定位法]]、[[手指同身寸定位法]]与[[简便取穴法]]<br>###意义::准确取穴是保证针灸疗效的基础,临床应用::四种方法常结合使用，以提高取穴准确性
固定标志定位,针灸学::腧穴总论::体表标志定位法,1,定义::利用[[不受人体活动影响]]而改变位置的固定标志，以五官、毛发、爪甲、乳头、脐窝和骨节凸起、凹陷及肌肉隆起等来定取穴位的方法<br>###特点::标志固定不变，取穴准确,举例1::鼻尖取素髎<br>###举例2::两眉中间取印堂<br>###举例3::两乳中间取膻中<br>###举例4::脐旁2寸取天枢<br>###举例5::腓骨小头前下缘取阳陵泉<br>###举例6::第七颈椎棘突下取大椎
活动标志定位,针灸学::腧穴总论::体表标志定位法,1,定义::需要采取相应的[[活动姿势]]，在关节、肌肉、皮肤等处才会出现的孔隙、凹陷、皱纹上来定取穴位的方法<br>###特点::需配合特定体位或动作,举例1::张口取耳门、听宫、听会<br>###举例2::闭口取下关<br>###举例3::屈肘于横纹头处取曲池<br>###举例4::外展上臂时肩峰前下方的凹陷中取肩髃<br>###举例5::拇指翘起，当拇长、短伸肌腱之间的凹陷中取阳溪<br>###举例6::正坐屈肘，掌心向胸，当尺骨小头桡侧骨缝中取养老
头面部骨度分寸,针灸学::腧穴总论::骨度分寸定位法,1,前发际正中至后发际正中::[[12寸]]，直寸<br>###眉间至前发际正中::[[3寸]]，直寸<br>###第七颈椎棘突下至后发际正中::[[3寸]]，直寸<br>###眉间至后发际正中第7颈椎棘突下::[[18寸]]，直寸<br>###两额角发际之间::[[9寸]]，横寸<br>###耳后两乳突之间::[[9寸]]，横寸,用途::用于确定头部腧穴的纵向和横向距离
胸腹胁部骨度分寸,针灸学::腧穴总论::骨度分寸定位法,1,胸骨上窝至剑胸结合中点::[[9寸]]，直寸<br>###剑胸联合中点至脐中::[[8寸]]，直寸<br>###脐中至耻骨联合上缘::[[5寸]]，直寸<br>###两肩胛骨喙突内侧缘之间::[[12寸]]，横寸<br>###腋窝顶点至第11肋游离端::[[12寸]]，直寸<br>###两乳头之间::[[8寸]]，横寸,用途::用于确定胸部、上腹部、下腹部及胁肋部腧穴的定位
背腰部骨度分寸,针灸学::腧穴总论::骨度分寸定位法,1,肩胛骨内侧缘至后正中线::[[3寸]]，横寸<br>###肩峰缘至后正中线::[[8寸]]，横寸,用途::用于确定背腰部腧穴的横向距离
上肢部骨度分寸,针灸学::腧穴总论::骨度分寸定位法,1,腋前、后纹头至肘横纹::[[9寸]]，直寸<br>###肘横纹至腕掌（背）侧远端横纹::[[12寸]]，直寸,用途::用于确定上臂部和前臂部腧穴的纵向距离
下肢部骨度分寸,针灸学::腧穴总论::骨度分寸定位法,1,耻骨联合上缘至髌底/股骨内上髁上缘::[[18寸]]，直寸<br>###髌底至髌尖::[[2寸]]，直寸<br>###髌尖至内踝尖::[[15寸]]，直寸<br>###胫骨内侧髁下方阴陵泉至内踝尖::[[13寸]]，直寸<br>###股骨大转子至腘横纹::[[19寸]]，直寸<br>###臀沟至腘横纹::[[14寸]]，直寸<br>###腘横纹至外踝尖::[[16寸]]，直寸<br>###内踝尖至足底::[[3寸]]，直寸,速记::耻上至髌底18，髌底尖2，髌尖内踝15，阴陵内踝13，股转腘纹19，臀沟腘纹14，腘纹外踝16，内踝足底3
中指同身寸,针灸学::腧穴总论::手指同身寸定位法,1,定义::以患者[[中指屈曲时中节桡侧两端纹头之间]]的距离为1寸<br>###特点::与骨度分寸相比略为偏长，临床应用时应予注意,应用::适用于四肢部位的纵向取穴
拇指同身寸,针灸学::腧穴总论::手指同身寸定位法,1,定义::以患者[[拇指指间关节之宽度]]为1寸<br>###特点::标志清晰，应用方便，是指寸法中[[较为常用]]的一种,应用::适用于四肢部位的横向取穴
横指同身寸,针灸学::腧穴总论::手指同身寸定位法,1,定义::以患者[[第2～5指并拢]]时，中指近侧指间关节横纹水平的4指宽度横量作为3寸<br>###别名::又称[[一夫法]]<br>###特点::指寸法中较为常用的一种,应用::适用于需要量取3寸距离的取穴
简便取穴法概述,针灸学::腧穴总论::简便取穴法,2,定义::一种[[简便易行]]的腧穴定位方法<br>###注意::通常仅作为取穴法的参考，临床应用时尽量以体表标志和骨度法为准,常用方法::两手伸开虎口交叉取列缺、半握拳取劳宫、自然下垂取风市等
常用简便取穴方法,针灸学::腧穴总论::简便取穴法,2,列缺::两手伸开，于虎口交叉，当[[食指端处]]取穴<br>###劳宫::半握拳，当中指端所指处取穴<br>###风市::两手自然下垂，于[[中指端处]]取穴<br>###章门::垂肩屈肘于平肘尖处取穴<br>###百会::两耳角直上连线[[中点]]取穴,特点::操作简便，便于记忆，但精确度有限
十二经别的概念,针灸学::经络腧穴各论::十二经别,1,定义::十二正经别行深入体腔的[[支脉]]<br>###命名::名称依十二经脉而定，有手三阴、手三阳经别和足三阴、足三阳经别<br>###循行特点::具有[[离、入、出、合]]的特点,功能::加强表里两经联系，加强经脉与脏腑联系，加强十二经脉与头部联系
十二经别的作用,针灸学::经络腧穴各论::十二经别,1,作用1::加强[[表里两经]]在体表的联系<br>###作用2::加强经脉与[[脏腑]]的联系<br>###作用3::加强十二经脉与[[头面部]]的联系<br>###作用4::弥补十二经脉分布的不足，加强各经与心的联系,临床意义::为头针、面针、耳针等奠定了理论基础
十五络脉的概念,针灸学::经络腧穴各论::十五络脉,1,定义::十二经脉和任、督二脉各自别出一络，加上[[脾之大络]]，总称十五络脉<br>###命名::以各自别出处的腧穴命名<br>###分出部位::十二经络脉在[[四肢肘膝关节以下]]分出,走向::阴经络脉走向阳经，阳经络脉走向阴经
十五络脉的作用,针灸学::经络腧穴各论::十五络脉,1,作用1::加强十二经脉[[表里两经]]在体表的联系<br>###作用2::加强人体[[前、后、侧面]]统一联系，统率其他络脉<br>###作用3::[[渗灌气血]]以濡养全身,临床应用::根据络脉病候和络脉沟通表里两经的特点，可选用络穴治疗络脉的虚实病证和表里两经的病变
十二经筋的概念,针灸学::经络腧穴各论::十二经筋,1,定义::十二经脉之气[[结聚散络]]于筋肉关节的体系<br>###分布::均起于四肢末端，上行于头面胸腹，行于体表不入内脏<br>###特点::具有[[结、聚、散、络]]的特点,分类::足三阳经筋起于足趾，足三阴经筋起于足趾，手三阳经筋起于手指，手三阴经筋起于手指
十二经筋的作用与病候,针灸学::经络腧穴各论::十二经筋,1,作用::约束骨骼，利于关节屈伸活动，保持正常活动<br>###主病::多为[[筋肉方面]]与运动异常<br>###病候::转筋、筋痛、弛纵等表现<br>###治疗::多局部取穴，且多用[[燔针劫刺]],理论应用::经筋理论适用于[[颈肩腰腿痛]]病机分析
十二皮部的概念与作用,针灸学::经络腧穴各论::十二皮部,1,定义::十二经脉功能活动反映于体表的部位，也是络脉之气在皮肤所散布的部位<br>###功能::机体的[[卫外屏障]]，有保卫机体、抗御外邪和反映病证的作用<br>###临床应用::中医临床诊断辨证上常以皮部理论为依据,应用范围::各种灸法、挑刺、拔罐、穴位贴敷以及近代兴起的各种皮肤针法等与皮部关系密切
手太阴肺经主治概要,针灸学::经络腧穴各论::手太阴肺经,1,主要病候::咳嗽，气喘，少气不足以息，咯血，伤风，胸部胀满，咽喉肿痛，缺盆部和手臂内侧前缘痛<br>###主治1::[[肺系病证]]：咳嗽，气喘，咽喉肿痛，咯血，胸痛等<br>###主治2::经脉循行部位的其他病证：肩背痛，肘臂挛痛，手腕痛等,常用穴::中府、尺泽、孔最、列缺、太渊、鱼际、少商
手阳明大肠经主治概要,针灸学::经络腧穴各论::手阳明大肠经,1,主要病候::腹痛，肠鸣，泄泻，便秘，痢疾，咽喉肿痛，齿病，鼻流清涕或出血<br>###主治1::[[头面五官病]]：目病，齿痛，咽喉肿痛，鼻衄，口眼歪斜，耳聋等<br>###主治2::热病，神志病：热病昏迷，眩晕，癫狂等<br>###主治3::[[肠腑病证]]：腹胀，腹痛，肠鸣，泄泻等<br>###主治4::经脉循行部位的其他病证：手臂酸痛，半身不遂，手臂麻木等,常用穴::商阳、合谷、阳溪、偏历、手三里、曲池、臂臑、肩髃、迎香
足阳明胃经主治概要,针灸学::经络腧穴各论::足阳明胃经,1,主要病候::肠鸣，腹胀，水肿，胃痛，呕吐或消谷善饥，口渴，咽喉肿痛，鼻衄，热病<br>###主治1::[[胃肠病]]：食欲不振，胃痛，呕吐，噎膈，腹胀，泄泻，痢疾，便秘等<br>###主治2::头面五官病：目赤痛痒，目翳，眼睑瞤动，鼻衄，齿痛，耳病<br>###主治3::[[神志病]]：癫狂<br>###主治4::热病：热病汗出<br>###主治5::经脉循行部位的其他病证：下肢痿痹，转筋，腰膝冷痛、半身不遂,常用穴::承泣、四白、地仓、颊车、下关、头维、人迎、梁门、天枢、归来、梁丘、足三里、上巨虚、条口、下巨虚、丰隆、解溪、内庭、厉兑
足太阴脾经主治概要,针灸学::经络腧穴各论::足太阴脾经,1,主要病候::胃脘痛，食则呕，嗳气，腹胀，便溏，黄疸，身重无力，舌根强痛，下肢内侧肿胀<br>###主治1::[[脾胃病]]：胃痛，呕吐，腹痛，泄泻，便秘等<br>###主治2::[[妇科病]]：月经过多，崩漏等<br>###主治3::前阴病：阴挺，不孕，遗精，阳痿等<br>###主治4::经脉循行部位的其他病证：下肢痿痹，胸胁痛等,常用穴::隐白、太白、公孙、三阴交、地机、阴陵泉、血海、大横、大包
手少阴心经主治概要,针灸学::经络腧穴各论::手少阴心经,1,主要病候::心痛，咽干，口渴，目黄，胁痛，上臂内侧痛，手心发热等症<br>###主治1::[[心、胸、神志病]]：心痛，心悸，癫狂痫等<br>###主治2::经脉循行部位的其他病证：肩臂疼痛，胁肋疼痛，腕臂痛等,常用穴::极泉、少海、通里、阴郄、神门、少府、少冲
手太阳小肠经主治概要,针灸学::经络腧穴各论::手太阳小肠经,1,主要病候::少腹痛，腰脊痛引睾丸，耳聋，目黄，颊肿，咽喉肿痛，肩臂外侧后缘痛等症<br>###主治1::[[头面五官病]]：头痛，目翳，咽喉肿痛等<br>###主治2::热病、神志病：昏迷，发热，疟疾等<br>###主治3::经脉循行部位的其他病证：项背强痛，腰背痛，手指及肘臂挛痛等,常用穴::少泽、后溪、养老、小海、肩贞、天宗、颧髎、听宫
足太阳膀胱经主治概要,针灸学::经络腧穴各论::足太阳膀胱经,1,主要病候::小便不通，遗尿，癫狂，目痛，鼻塞多涕等，头痛以及项、背、腰、臀部及下肢后侧本经循行部位疼痛<br>###主治1::[[脏腑病证]]：十二脏腑及其相关组织器官病证<br>###主治2::[[神志病]]：癫、狂、痫等<br>###主治3::头面五官病：头痛，鼻塞，鼻衄等<br>###主治4::经脉循行部位的其他病证：项、背、腰、下肢病证等,常用穴::睛明、攒竹、天柱、大杼、风门、肺俞、心俞、膈俞、肝俞、胆俞、脾俞、胃俞、三焦俞、肾俞、大肠俞、小肠俞、膀胱俞、次髎、承扶、委阳、委中、膏肓、志室、秩边、承山、飞扬、昆仑、申脉、束骨、至阴
足少阴肾经主治概要,针灸学::经络腧穴各论::足少阴肾经,1,主要病候::咯血，气喘，舌干，咽喉肿痛，水肿，大便秘结，泄泻，腰痛，脊股内后侧痛，痿弱无力，足心热等症<br>###主治1::[[头和五官病证]]：头痛，目眩，咽喉肿痛，齿痛，耳聋，耳鸣等<br>###主治2::[[妇科病，前阴病]]：月经不调，遗精，阳痿，小便频数等<br>###主治3::经脉循行部位的其他病证：下肢厥冷，内踝肿痛等,常用穴::涌泉、然谷、太溪、照海、复溜、阴谷、肓俞
手厥阴心包经主治概要,针灸学::经络腧穴各论::手厥阴心包经,1,主要病候::心痛，胸闷，心悸，心烦，癫狂，腋肿，肘臂挛急，掌心发热等症<br>###主治1::[[心胸、神志病]]：心痛，心悸，心烦，胸闷，癫狂痫等<br>###主治2::[[胃腑病证]]：胃痛，呕吐等<br>###主治3::经脉循行部位的其他病证：上臂内侧痛，肘、臂、腕挛痛，掌中热等,常用穴::天池、曲泽、郄门、间使、内关、大陵、劳宫、中冲
手少阳三焦经主治概要,针灸学::经络腧穴各论::手少阳三焦经,1,主要病候::腹胀，水肿，遗尿，小便不利，耳聋，耳鸣，咽喉肿痛，目赤肿痛，颊肿，耳后、肩、臂、肘外侧疼痛等症<br>###主治1::[[头面五官病]]：头、目、耳、颊、咽喉病等<br>###主治2::[[热病]]：热病汗出<br>###主治3::经脉循行部位的其他病证：胸胁痛，肩臂外侧痛，上肢挛急、麻木、不遂等,常用穴::关冲、中渚、阳池、外关、支沟、肩髎、翳风、角孙、耳门、丝竹空
足少阳胆经主治概要,针灸学::经络腧穴各论::足少阳胆经,1,主要病候::口苦，目眩，疟疾，头痛，颔痛，目外眦痛，缺盆部肿痛，腋下肿，胸、胁、股及下肢外侧痛，足外侧痛，足外侧发热等症<br>###主治1::[[头面五官病]]：侧头、目、耳、咽喉病等<br>###主治2::[[肝胆病]]：黄疸、口苦、胁痛等<br>###主治3::热病、神志病：发热、癫狂等<br>###主治4::经脉循行部位的其他病证：下肢痹痛、麻木、不遂等,常用穴::瞳子髎、听会、率谷、阳白、头临泣、风池、肩井、日月、带脉、环跳、风市、阳陵泉、光明、悬钟、丘墟、足临泣、侠溪、足窍阴
足厥阴肝经主治概要,针灸学::经络腧穴各论::足厥阴肝经,1,主要病候::腰痛，胸满，呃逆，遗尿，小便不利，疝气，少腹肿等症<br>###主治1::[[肝胆病]]：黄疸，胸胁胀痛，呕逆及肝风内动所致的中风、头痛、眩晕、惊风等<br>###主治2::[[妇科病、前阴病]]：月经不调、痛经、崩漏、带下、遗尿、小便不利等<br>###主治3::经脉循行部位的其他病证：下肢痹痛、麻木、不遂等,常用穴::大敦、行间、太冲、蠡沟、曲泉、章门、期门
督脉主治概要,针灸学::经络腧穴各论::督脉,1,主要病候::脊柱强痛，角弓反张等症<br>###主治1::[[脏腑病]]：五脏六腑相关病证<br>###主治2::[[神志病、热病]]：失眠，健忘，癫痫，昏迷，发热，中暑，惊厥等<br>###主治3::头面五官病：头痛，眩晕，口、齿、鼻、目等疾患<br>###主治4::经脉循行部位的其他病证：头项、脊背、腰骶疼痛，下肢痿痹等,常用穴::长强、腰阳关、命门、至阳、身柱、大椎、哑门、风府、百会、神庭、水沟、印堂
任脉主治概要,针灸学::经络腧穴各论::任脉,1,主要病候::疝气，带下，腹中结块等症<br>###主治1::[[脏腑病]]：腹部、胸部相关内脏病<br>###主治2::[[妇科病、前阴病]]：月经不调，痛经，崩漏，带下，遗精，阳痿，小便不利，遗尿等<br>###主治3::颈及面口病：瘿气，梅核气，咽喉肿痛，暴喑，口歪，齿痛等<br>###主治4::神志病：癫痫，失眠等<br>###主治5::[[虚证]]：部分腧穴有强壮作用，主治虚劳、虚脱等证,常用穴::中极、关元、气海、神阙、建里、中脘、膻中、天突、廉泉、承浆
中府穴,针灸学::经络腧穴各论::手太阴肺经,1,定位::在胸部，横平第1肋间隙，锁骨下窝外侧，前正中线旁开[[6寸]]<br>###主治1::胸肺病证：咳嗽、气喘、胸满痛<br>###主治2::肩背痛<br>###刺灸法::向外斜刺或平刺0.5～0.8寸，不可向内下深刺，以免伤及肺脏，引起气胸<br>###特定穴::[[肺募穴]],注意::本穴不可深刺，防止气胸
尺泽穴,针灸学::经络腧穴各论::手太阴肺经,1,定位::在肘区，肘横纹上，肱二头肌腱桡侧缘凹陷中<br>###主治1::[[肺系实热病证]]：咳嗽、气喘、咯血、咽喉肿痛、（潮热）<br>###主治2::肘臂挛痛<br>###主治3::急症：急性腹痛、吐泻、中暑、小儿惊风<br>###刺灸法::直刺0.8～1.2寸，或点刺出血<br>###特定穴::[[合穴]],特点::本穴为肺经合穴，擅长治疗肺系实热证
孔最穴,针灸学::经络腧穴各论::手太阴肺经,1,定位::在前臂前区，腕掌侧远端横纹上[[7寸]]，尺泽与太渊连线上<br>###主治1::肺系病证：咯血、咳嗽、气喘、鼻衄、咽喉肿痛、失音、热病无汗<br>###主治2::肘臂挛痛<br>###主治3::痔血<br>###刺灸法::直刺0.5～1寸<br>###特定穴::[[郄穴]],八版定位::尺泽与太渊穴连线上，腕横纹上7寸处
列缺穴,针灸学::经络腧穴各论::手太阴肺经,1,定位::在前臂，腕掌侧远端横纹上[[1.5寸]]，拇短伸肌腱和拇长展肌腱之间，拇长展肌腱沟的凹陷中<br>###主治1::肺系病证：咳嗽、气喘、咽喉肿痛<br>###主治2::头面部疾患：外感偏正头痛、齿痛、项强痛、口眼歪斜<br>###主治3::手腕痛<br>###刺灸法::向肘部斜刺0.5～0.8寸<br>###特定穴::[[络穴]]；[[八脉交会穴]]；通任脉<br>###简便取穴法::两手虎口自然平直交叉，一手指按在另一手桡骨茎突上，指尖下凹陷中是穴,八版定位::桡骨茎突上方，腕横纹上1.5寸，当肱桡肌与拇长展肌腱之间
太渊穴,针灸学::经络腧穴各论::手太阴肺经,1,定位::在腕前区，桡骨茎突与舟状骨之间，拇长展肌腱尺侧凹陷中，[[腕横纹上]]<br>###主治1::肺系疾患：咳嗽、气喘、咳血、喉痹<br>###主治2::[[无脉症]]<br>###主治3::腕臂痛<br>###刺灸法::避开桡动脉，直刺0.3～0.5寸<br>###特定穴::[[输穴]]；[[原穴]]；[[八会穴之脉会]],八版定位::在腕掌侧横纹桡侧，桡动脉的桡侧凹陷中
鱼际穴,针灸学::经络腧穴各论::手太阴肺经,1,定位::在手外侧，第1掌骨桡侧中点[[赤白肉际]]处<br>###主治1::[[肺系热病]]：咳嗽、咯血、咽干、咽喉肿痛、失音<br>###主治2::掌中热<br>###主治3::小儿疳积<br>###主治4::外感发热<br>###刺灸法::直刺0.5～0.8寸，治小儿疳积可用割治法<br>###特定穴::[[荥穴]],特点::本穴为肺经荥穴，擅长治疗肺系热证
少商穴,针灸学::经络腧穴各论::手太阴肺经,1,定位::在手指，拇指末节桡侧，指甲根角侧上方[[0.1寸]]<br>###主治1::肺系实热病证：咳嗽、气喘、喉痹、鼻衄、咽喉肿痛<br>###主治2::中暑、发热<br>###主治3::昏迷、癫狂<br>###主治4::指肿、麻木<br>###刺灸法::浅刺0.1寸，或点刺出血<br>###特定穴::[[井穴]],特点::本穴为肺经井穴，擅长急救开窍
商阳穴,针灸学::经络腧穴各论::手阳明大肠经,1,定位::在手指，食指末节桡侧，指甲根角侧上方[[0.1寸]]<br>###主治1::[[五官疾患]]：齿痛、咽喉肿痛<br>###主治2::[[热证、急症]]：热病、昏迷<br>###主治3::手指麻木<br>###刺灸法::浅刺0.1寸，或点刺出血<br>###特定穴::[[井穴]],特点::本穴为大肠经井穴，擅长清热开窍
合谷穴,针灸学::经络腧穴各论::手阳明大肠经,1,定位::在手背，在[[第1、2掌骨之间]]，第2掌骨桡侧的中点处<br>###主治1::头面五官诸疾：头痛、目赤肿痛、齿痛、鼻衄、牙关紧闭、口眼歪斜、耳聋、痄腮<br>###主治2::外感病：发热、恶寒<br>###主治3::[[热病无汗或多汗]]<br>###主治4::妇产科病：经闭、滞产<br>###主治5::肢体疾病：上肢疼痛、不遂<br>###主治6::针麻常用穴：牙拔除术、甲状腺手术等头面五官及颈部手术<br>###刺灸法::直刺0.5～1寸，针刺时手呈半握拳状，[[孕妇不宜针]]<br>###特定穴::[[原穴]],特点::本穴为大肠经原穴，是临床常用要穴，主治范围广泛
阳溪穴,针灸学::经络腧穴各论::手阳明大肠经,1,定位::在腕区，腕背侧远端横纹桡侧，桡骨茎突远端，解剖学[[鼻烟窝]]凹陷中<br>###主治1::头面五官疾患：头痛、目赤肿痛、咽喉肿痛、齿痛、耳聋耳鸣等<br>###主治2::手腕痛<br>###刺灸法::直刺或斜刺0.5～0.8寸<br>###特定穴::[[经穴]],特点::本穴为大肠经经穴，擅长治疗头面五官热证
偏历穴,针灸学::经络腧穴各论::手阳明大肠经,1,定位::在前臂，腕背侧远端横纹上[[3寸]]，阳溪与曲池连线上<br>###主治1::五官疾患：目赤、咽喉肿痛、耳鸣、鼻衄<br>###主治2::手臂酸痛<br>###主治3::腹部胀满<br>###主治4::水肿<br>###刺灸法::直刺或斜刺0.5～0.8寸<br>###特定穴::[[络穴]],特点::本穴为大肠经络穴，可沟通肺经
手三里穴,针灸学::经络腧穴各论::手阳明大肠经,1,定位::在前臂，肘横纹下[[2寸]]，阳溪与曲池连线上<br>###主治1::上肢病：手臂无力麻痛，上肢不遂<br>###主治2::腹痛、腹泻<br>###主治3::齿痛、颊肿<br>###刺灸法::直刺1～1.5寸,特点::本穴与足三里相对应，擅长治疗上肢病证
曲池穴,针灸学::经络腧穴各论::手阳明大肠经,1,定位::在肘区，在尺泽与肱骨外上髁连线中点<br>###主治1::五官及热性病：热病，咽喉肿痛、齿痛、目赤肿痛，头痛、眩晕、癫狂<br>###主治2::上肢病：手臂痹痛、上肢不遂<br>###主治3::肠胃病：腹痛、吐泻<br>###主治4::[[皮肤科疾患]]：瘾疹、湿疹、瘰疬<br>###主治5::月经不调<br>###刺灸法::直刺1～1.5寸<br>###特定穴::[[合穴]],特点::本穴为大肠经合穴，是治疗皮肤病和热证的要穴
臂臑穴,针灸学::经络腧穴各论::手阳明大肠经,2,定位::在臂部，曲池上[[7寸]]，三角肌前缘处<br>###主治1::肩颈部病证：肩臂疼痛不遂、颈项拘挛<br>###主治2::瘰疬<br>###主治3::目疾：目赤肿痛<br>###刺灸法::直刺或向上斜刺0.8～1.5寸,特点::本穴位于三角肌处，擅长治疗肩臂病证
肩髃穴,针灸学::经络腧穴各论::手阳明大肠经,1,定位::在三角肌区，肩峰外侧缘前端与肱骨大结节两骨间凹陷中<br>###主治1::[[肩、上肢病]]：肩臂挛痛、上肢不遂<br>###主治2::瘾疹<br>###主治3::瘰疬<br>###刺灸法::直刺或向下斜刺0.8～1.5寸，肩周炎宜向肩关节方向直刺，上肢不遂宜向三角肌方向斜刺,特点::本穴是治疗肩周炎的要穴
迎香穴,针灸学::经络腧穴各论::手阳明大肠经,1,定位::在面部，鼻翼外缘中点旁，[[鼻唇沟]]中<br>###主治1::[[鼻病]]：鼻塞、鼽衄、鼻渊<br>###主治2::面部病：口歪、面痒、面肿<br>###主治3::胆道蛔虫症（经验效穴）<br>###刺灸法::略向内上方斜刺或平刺0.3～0.5寸,特点::本穴是治疗鼻病的要穴，也是胆道蛔虫症的经验效穴
承泣穴,针灸学::经络腧穴各论::足阳明胃经,1,定位::在面部，眼球与眶下缘之间，瞳孔直下<br>###主治1::[[目疾]]：眼睑瞤动、迎风流泪、夜盲、近视、目赤肿痛<br>###主治2::口眼歪斜，面肌痉挛<br>###刺灸法::以左手拇指向上轻推眼球，紧靠眶缘缓慢直刺0.5～1.5寸，不宜提插，以防刺破血管引起血肿，出针时按压针孔片刻，以防出血；[[禁灸]],注意::本穴针刺需特别小心，避免损伤眼球
四白穴,针灸学::经络腧穴各论::足阳明胃经,1,定位::在面部，眶下孔处（瞳孔直下）<br>###主治1::[[目疾]]：目赤痒痛、肿痛、眼睑瞤动、目翳、近视<br>###主治2::面部病证：口眼歪斜、面痛、面肌痉挛<br>###主治3::头痛、眩晕<br>###刺灸法::直刺或微向上斜刺0.3～0.5寸，不可深刺，以免伤及眼球，不可过度提插捻转,注意::本穴位于眶下孔处，针刺需注意深度
地仓穴,针灸学::经络腧穴各论::足阳明胃经,1,定位::在面部，口角旁开[[0.4寸]]（指寸）（瞳孔直下）<br>###主治1::口角歪斜、眼睑瞤动、流涎<br>###主治2::齿痛、颊肿、面痛<br>###刺灸法::斜刺或平刺0.5～0.8寸，可向颊车穴透刺,透刺::本穴常与颊车穴透刺治疗口眼歪斜
颊车穴,针灸学::经络腧穴各论::足阳明胃经,1,定位::在面部，下颌角前上方一横指（中指），闭口咬紧牙时咬肌隆起，放松时按之有凹陷处<br>###主治1::齿痛、牙关不利、颊肿<br>###主治2::口角歪斜、口噤<br>###刺灸法::直刺0.3～0.5寸，或平刺0.5～1寸，可向地仓穴透刺1.5～2寸,透刺::本穴常与地仓穴透刺治疗口眼歪斜
下关穴,针灸学::经络腧穴各论::足阳明胃经,1,定位::在面部，颧弓下缘中央与下颌切迹之间凹陷中<br>###主治1::面部病证：牙关不利、面痛、齿痛、口眼歪斜<br>###主治2::耳疾：耳聋、耳鸣、聤耳<br>###刺灸法::直刺0.5～1寸，留针时不做张口动作，以免弯针、折针,注意::留针时需保持闭口，防止弯针
头维穴,针灸学::经络腧穴各论::足阳明胃经,1,定位::在头部，额角发际直上[[0.5寸]]，头正中线旁开4.5寸<br>###主治1::头病：头痛、目眩<br>###主治2::目疾：目痛、迎风流泪，眼睑瞤动<br>###刺灸法::平刺0.5～1寸,特点::本穴位于头部，是治疗前头痛的要穴
人迎穴,针灸学::经络腧穴各论::足阳明胃经,1,定位::在颈部，横平喉结，胸锁乳突肌前缘，[[颈总动脉搏动处]]<br>###主治1::瘿气、瘰疬<br>###主治2::咽喉肿痛<br>###主治3::[[高血压]]<br>###主治4::胸满气喘<br>###刺灸法::避开颈总动脉，直刺0.3～0.8寸,注意::本穴位于颈动脉搏动处，针刺需避开动脉
梁门穴,针灸学::经络腧穴各论::足阳明胃经,1,定位::在上腹部，脐中上[[4寸]]，前正中线旁开2寸<br>###主治::[[胃疾]]：腹胀、纳少、胃痛、呕吐<br>###刺灸法::直刺0.8～1.2寸，过饱者禁针，肝大者右侧慎针或禁针，不宜做大幅度提插,注意::过饱或肝大者需谨慎针刺
天枢穴,针灸学::经络腧穴各论::足阳明胃经,1,定位::在腹部，横平脐中，前正中线旁开[[2寸]]<br>###主治1::[[胃肠病]]：绕脐疼、腹痛、腹胀、便秘、腹泻、痢疾<br>###主治2::妇科疾患：月经不调、痛经<br>###主治3::癥瘕<br>###刺灸法::直刺1～1.5寸<br>###特定穴::[[大肠之募穴]],特点::本穴为大肠募穴，是治疗胃肠病的要穴
归来穴,针灸学::经络腧穴各论::足阳明胃经,1,定位::在下腹部，脐中下[[4寸]]，前正中线旁开2寸<br>###主治1::小腹痛、疝气<br>###主治2::[[妇科疾患]]：月经不调、经闭、痛经、带下、阴挺<br>###刺灸法::直刺1～1.5寸,特点::本穴擅长治疗妇科病证，有调经止带之功
梁丘穴,针灸学::经络腧穴各论::足阳明胃经,1,定位::在股前区，髌底上[[2寸]]，股外侧肌与股直肌肌腱之间<br>###主治1::[[急性胃痛]]<br>###主治2::下肢病：膝肿痛、下肢不遂<br>###主治3::乳疾：乳痈、乳痛<br>###刺灸法::直刺1～1.5寸<br>###特定穴::[[郄穴]],特点::本穴为胃经郄穴，擅长治疗急性胃痛
足三里穴,针灸学::经络腧穴各论::足阳明胃经,1,定位::在小腿外侧，犊鼻下[[3寸]]，胫骨前嵴外1横指处，犊鼻与解溪连线上<br>###主治1::[[胃肠病]]：胃痛、呕吐、噎膈、腹胀、腹泻、痢疾、便秘<br>###主治2::肢体病：膝痛，下肢痿痹，中风瘫痪<br>###主治3::神志病：癫狂、不寐<br>###主治4::肺系病：气喘、痰多<br>###主治5::外科疾患：乳痈、肠痈<br>###主治6::[[虚劳诸证]]，为强壮保健要穴<br>###刺灸法::直刺1～2寸，强壮保健常用温灸法<br>###特定穴::[[合穴]]；[[胃之下合穴]],特点::本穴是人体最重要的保健要穴之一，有强壮作用
上巨虚穴,针灸学::经络腧穴各论::足阳明胃经,1,定位::在小腿外侧，犊鼻下[[6寸]]，犊鼻与解溪连线上<br>###主治1::[[胃肠病]]：肠鸣、腹痛、腹泻、便秘、肠痈、痢疾<br>###主治2::下肢痿痹、中风瘫痪<br>###刺灸法::直刺1～2寸<br>###特定穴::[[大肠之下合穴]],特点::本穴为大肠下合穴，擅长治疗大肠病证
条口穴,针灸学::经络腧穴各论::足阳明胃经,1,定位::在小腿外侧，犊鼻下[[8寸]]，犊鼻与解溪连线上<br>###主治1::下肢痿痹，跗肿，转筋<br>###主治2::肩臂痛<br>###主治3::脘腹疼痛<br>###刺灸法::直刺1～1.5寸,特点::本穴是治疗肩周炎的经验效穴
下巨虚穴,针灸学::经络腧穴各论::足阳明胃经,1,定位::在小腿外侧，犊鼻下[[9寸]]，犊鼻与解溪连线上<br>###主治1::[[胃肠病]]：腹泻、痢疾、小腹痛<br>###主治2::下肢痿痹，腰脊痛引睾丸<br>###主治3::乳痈<br>###刺灸法::直刺1～1.5寸<br>###特定穴::[[小肠之下合穴]],特点::本穴为小肠下合穴，擅长治疗小肠病证
丰隆穴,针灸学::经络腧穴各论::足阳明胃经,1,定位::在小腿外侧，外踝尖上[[8寸]]，胫骨前肌外缘；条口外侧一横指处<br>###主治1::头痛、眩晕、癫狂<br>###主治2::[[痰饮病]]：咳嗽、痰多<br>###主治3::下肢痿痹<br>###主治4::腹胀、便秘<br>###刺灸法::直刺1～1.5寸<br>###特定穴::[[络穴]],特点::本穴为胃经络穴，是[[祛痰要穴]]
解溪穴,针灸学::经络腧穴各论::足阳明胃经,1,定位::在踝区，踝关节前中央凹陷中，拇长伸肌腱与趾长伸肌腱之间<br>###主治1::下肢、踝关节疾患：下肢痿痹、踝关节病、足下垂<br>###主治2::头痛、眩晕、癫狂、谵语<br>###主治3::腹胀、便秘<br>###刺灸法::直刺0.5～1寸<br>###特定穴::[[经穴]],特点::本穴为胃经经穴，擅长治疗踝关节病证
内庭穴,针灸学::经络腧穴各论::足阳明胃经,1,定位::在足背，第2、3趾间，趾蹼缘后方赤白肉际处<br>###主治1::[[五官及热性病]]：热病，齿痛、咽喉肿痛、鼻衄<br>###主治2::肠胃病：吐酸、腹泻、痢疾、便秘<br>###主治3::足背肿痛，跖趾关节痛<br>###刺灸法::直刺或斜刺0.5～0.8寸<br>###特定穴::[[荥穴]],特点::本穴为胃经荥穴，擅长清热泻火
厉兑穴,针灸学::经络腧穴各论::足阳明胃经,1,定位::在足趾，第2趾末节外侧，趾甲根角侧后方[[0.1寸]]（指寸）<br>###主治1::五官疾病：鼻衄、齿痛、咽喉肿痛<br>###主治2::热病<br>###主治3::神志疾患：多梦、癫狂<br>###刺灸法::浅刺0.1寸<br>###特定穴::[[井穴]],特点::本穴为胃经井穴，擅长清热开窍、安神
隐白穴,针灸学::经络腧穴各论::足太阴脾经,1,定位::在足趾，大趾末节内侧，趾甲根角侧后方[[0.1寸]]（指寸）<br>###主治1::[[妇科病]]：月经过多、崩漏<br>###主治2::出血证：鼻衄、便血、尿血<br>###主治3::癫狂、多梦、惊风<br>###主治4::腹满、暴泻<br>###刺灸法::浅刺0.1寸<br>###特定穴::[[井穴]],特点::本穴为脾经井穴，擅长治疗出血证和妇科血证
太白穴,针灸学::经络腧穴各论::足太阴脾经,1,定位::在跖区，第1跖趾关节近端赤白肉际凹陷中<br>###主治1::[[脾胃病]]：肠鸣、腹胀、腹泻、胃痛、便秘<br>###主治2::体重节痛、足痛、足肿<br>###刺灸法::直刺0.5～0.8寸<br>###特定穴::[[输穴]]；[[脾之原穴]],特点::本穴为脾经原穴，是治疗脾胃病的要穴
公孙穴,针灸学::经络腧穴各论::足太阴脾经,1,定位::在跖区，第1跖骨底的前下缘赤白肉际处<br>###主治1::[[脾胃肠腑病]]：胃痛、呕吐、腹痛、腹泻、痢疾<br>###主治2::神志病：心烦、失眠、狂证<br>###主治3::[[冲脉病]]：逆气里急、气上冲心（奔豚气）<br>###刺灸法::直刺0.6～1.2寸<br>###特定穴::[[络穴]]；[[八脉交会穴]]，通冲脉,特点::本穴为八脉交会穴，通冲脉，擅长治疗心、胸、胃病证
三阴交穴,针灸学::经络腧穴各论::足太阴脾经,1,定位::在小腿内侧，内踝尖上[[3寸]]，胫骨内侧缘后际<br>###主治1::[[脾胃病]]：肠鸣、腹胀、腹泻、便秘<br>###主治2::妇产科病：月经不调、带下、阴挺、不孕、滞产<br>###主治3::生殖泌尿系统疾患：遗精、阳痿、遗尿<br>###主治4::心悸、失眠、高血压<br>###主治5::下肢痿痹、脚气、（水肿）<br>###主治6::阴虚诸证<br>###刺灸法::直刺1～1.5寸，[[孕妇禁针]],特点::本穴为肝脾肾三经交会穴，是治疗妇科病、泌尿生殖系统病证的要穴
地机穴,针灸学::经络腧穴各论::足太阴脾经,1,定位::在小腿内侧，阴陵泉下[[3寸]]，胫骨内侧缘后际<br>###主治1::妇科病：痛经、崩漏、月经不调<br>###主治2::腹痛、腹泻、小便不利、水肿、遗精<br>###主治3::下肢痿痹<br>###主治4::疝气<br>###刺灸法::直刺1～1.5寸<br>###特定穴::[[郄穴]],特点::本穴为脾经郄穴，擅长治疗急性腹痛和妇科血证
阴陵泉穴,针灸学::经络腧穴各论::足太阴脾经,1,定位::在小腿内侧，胫骨内侧髁下缘与胫骨内侧缘之间的凹陷中<br>###主治1::[[腹胀、腹痛、腹泻、水肿、黄疸]]<br>###主治2::小便不利、癃闭、遗尿、尿失禁<br>###主治3::阴部痛、痛经、遗精、带下<br>###主治4::膝痛<br>###刺灸法::直刺1～2寸，治疗膝痛可向阳陵泉或委中方向透刺<br>###特定穴::[[合穴]],特点::本穴为脾经合穴，擅长健脾利湿
血海穴,针灸学::经络腧穴各论::足太阴脾经,1,定位::在股前区，髌底内侧端上[[2寸]]，股内侧肌隆起处<br>###主治1::[[妇科病]]：月经不调、痛经、闭经、崩漏<br>###主治2::血热性皮肤病：瘾疹、湿疹、皮肤瘙痒、丹毒<br>###主治3::膝股内侧痛<br>###刺灸法::直刺1～1.5寸,特点::本穴是治疗血证和皮肤病的要穴
大横穴,针灸学::经络腧穴各论::足太阴脾经,1,定位::在腹部，脐中旁开[[4寸]]<br>###主治::脾胃病：腹痛、腹泻、便秘<br>###刺灸法::直刺1～2寸,特点::本穴是治疗肠道病证的常用穴
大包穴,针灸学::经络腧穴各论::足太阴脾经,1,定位::在胸外侧区，第6肋间隙，在腋中线上<br>###主治1::气喘、胸胁痛<br>###主治2::全身疼痛、四肢无力<br>###刺灸法::斜刺或向后平刺0.5～0.8寸<br>###特定穴::[[脾之大络]],特点::本穴为脾之大络，统治全身络脉病证
极泉穴,针灸学::经络腧穴各论::手少阴心经,1,定位::在腋区，腋窝中央，腋动脉搏动处<br>###主治1::心疾：心痛、心悸<br>###主治2::肩臂疼痛、胁肋疼痛、肘臂冷痛、上肢不遂、臂丛神经损伤<br>###主治3::瘰疬、腋臭<br>###主治4::上肢针麻用穴<br>###刺灸法::避开腋动脉，直刺或斜刺0.3～0.5寸,注意::本穴位于腋动脉搏动处，针刺需避开动脉
少海穴,针灸学::经络腧穴各论::手少阴心经,1,定位::在肘前区，横平肘横纹，肱骨内上髁前缘<br>###主治1::[[心系病]]：心痛、癔症、癫狂、痫证<br>###主治2::手臂挛痛、臂麻、手颤<br>###主治3::头项痛、胁肋部痛<br>###主治4::瘰疬<br>###刺灸法::直刺0.5～1寸<br>###特定穴::[[合穴]],特点::本穴为心经合穴，擅长治疗心系病证
通里穴,针灸学::经络腧穴各论::手少阴心经,1,定位::在前臂前区，腕掌侧远端横纹上[[1寸]]，尺侧腕屈肌腱的桡侧缘<br>###主治1::心病：心悸、怔忡、癔症<br>###主治2::[[舌强不语、暴喑]]<br>###主治3::肘臂挛痛、手麻不仁、腋胁部痛、头项痛、瘰疬（小儿遗尿）<br>###刺灸法::直刺0.3～0.5寸；不宜深刺，以免伤及血管和神经<br>###特定穴::[[络穴]],特点::本穴为心经络穴，擅长治疗舌强不语
阴郄穴,针灸学::经络腧穴各论::手少阴心经,1,定位::在前臂前区，腕掌侧远端横纹上[[0.5寸]]，尺侧腕屈肌腱的桡侧缘<br>###主治1::心病：心痛、惊悸、惊恐<br>###主治2::[[骨蒸盗汗]]<br>###主治3::吐血、衄血<br>###刺灸法::直刺0.3～0.5寸；不宜深刺，以免伤及血管和神经<br>###特定穴::[[郄穴]],特点::本穴为心经郄穴，擅长治疗急性心痛和盗汗
神门穴,针灸学::经络腧穴各论::手少阴心经,1,定位::在腕前区，腕掌侧远端横纹尺侧端，尺侧腕屈肌腱的桡侧缘<br>###主治1::[[心与神志病]]：心痛、心烦、惊悸、怔忡、健忘、失眠、痴呆、癫狂痫<br>###主治2::高血压<br>###主治3::胸胁痛<br>###刺灸法::直刺0.3～0.5寸<br>###特定穴::[[输穴]]；[[心之原穴]],特点::本穴为心经原穴，是治疗心系病证和神志病的要穴
少府穴,针灸学::经络腧穴各论::手少阴心经,1,定位::在手掌，横平第5掌指关节近端，第4、5掌骨之间<br>###主治1::心胸病：心悸、胸痛、心烦、惊悸、怔忡、不寐、健忘、痴呆、癫狂痫<br>###主治2::掌中热、小便不利、遗尿、阴痒、阴痛<br>###主治3::痈疡<br>###主治4::小指挛痛<br>###刺灸法::直刺0.3～0.5寸<br>###特定穴::[[荥穴]],特点::本穴为心经荥穴，擅长清心泻火
少冲穴,针灸学::经络腧穴各论::手少阴心经,1,定位::在手指，小指末节桡侧，指甲根角侧上方[[0.1寸]]（指寸）<br>###主治1::心及神志病：心悸、心痛、癫狂、昏迷<br>###主治2::热病，目赤<br>###主治3::胸胁痛<br>###刺灸法::浅刺0.1寸，或点刺出血<br>###特定穴::[[井穴]],特点::本穴为心经井穴，擅长急救开窍
少泽穴,针灸学::经络腧穴各论::手太阳小肠经,1,定位::在手指，小指末节尺侧，指甲根角侧上方[[0.1寸]]（指寸）<br>###主治1::肩臂后侧痛，小指麻木疼痛<br>###主治2::[[乳疾]]：乳痈、乳少、产后缺乳<br>###主治3::急症、热证：昏迷、中风、癫狂、瘛疭、热病<br>###主治4::头面五官病：头痛、目翳、咽喉肿痛、耳聋耳鸣<br>###刺灸法::浅刺0.1寸或点刺出血，[[孕妇慎用]]<br>###特定穴::[[井穴]],特点::本穴为小肠经井穴，是治疗乳疾的经验效穴
后溪穴,针灸学::经络腧穴各论::手太阳小肠经,1,定位::在手掌尺侧，第5掌指关节尺侧近端赤白肉际凹陷中<br>###主治1::[[痛证]]：头项强痛、腰背痛、手指及肘臂挛痛<br>###主治2::耳聋、目赤、眩晕、咽喉肿痛<br>###主治3::癫狂痫<br>###主治4::疟疾<br>###刺灸法::直刺0.5～1寸；治疗手指挛痛可透刺合谷穴<br>###特定穴::[[输穴]]；[[八脉交会穴]]（通督脉）,特点::本穴为八脉交会穴，通督脉，擅长治疗头项强痛
养老穴,针灸学::经络腧穴各论::手太阳小肠经,1,定位::在前臂后区，腕背横纹上[[1寸]]，尺骨头桡侧凹陷中<br>###主治1::[[目视不明]]<br>###主治2::肩、背、肘臂酸痛<br>###主治3::急性腰扭伤、项强<br>###刺灸法::直刺或斜刺0.5～0.8寸；强身保健可用温和灸<br>###特定穴::[[郄穴]],特点::本穴为小肠经郄穴，擅长治疗目视不明和急性腰扭伤
小海穴,针灸学::经络腧穴各论::手太阳小肠经,1,定位::在肘后区，尺骨鹰嘴与肱骨内上髁之间凹陷中<br>###主治1::肘臂疼痛、麻木、手颤<br>###主治2::癫痫<br>###主治3::耳聋、耳鸣、目黄、牙龈肿痛<br>###刺灸法::直刺0.3～0.5寸<br>###特定穴::[[合穴]],特点::本穴为小肠经合穴，位于尺神经沟处
肩贞穴,针灸学::经络腧穴各论::手太阳小肠经,1,定位::在肩胛区，肩关节后下方，腋后纹头直上[[1寸]]<br>###主治1::肩臂疼痛、上肢不遂<br>###主治2::瘰疬<br>###主治3::耳鸣<br>###刺灸法::直刺1～1.5寸，不宜向胸侧深刺,注意::本穴不宜向胸侧深刺，防止气胸
天宗穴,针灸学::经络腧穴各论::手太阳小肠经,1,定位::在肩胛区，肩胛冈中点与肩胛骨下角连线上[[1/3与下2/3交点]]凹陷中<br>###主治1::局部病：肩胛疼痛、肩背部损伤<br>###主治2::气喘<br>###主治3::乳痈<br>###刺灸法::直刺或斜刺0.5～1寸，遇到阻力不可强行进针,特点::本穴是治疗肩胛痛的要穴
颧髎穴,针灸学::经络腧穴各论::手太阳小肠经,2,定位::在面部，颧骨下缘，目外眦直下凹陷中<br>###主治::口眼歪斜、眼睑瞤动、齿痛、面痛等<br>###刺灸法::直刺0.3～0.5寸，斜刺或平刺0.5～1寸,特点::本穴是治疗面痛的常用穴
听宫穴,针灸学::经络腧穴各论::手太阳小肠经,1,定位::在面部，耳屏正中与下颌骨髁状突之间的凹陷中<br>###主治1::[[耳鸣、耳聋、聤耳]]<br>###主治2::面痛、齿痛<br>###主治3::癫狂痫<br>###刺灸法::张口，直刺1～1.5寸，留针时应保持一定的张口姿势,特点::本穴是治疗耳疾的要穴，需张口取穴
睛明穴,针灸学::经络腧穴各论::足太阳膀胱经,1,定位::在面部，目内眦内上方眶内侧壁凹陷中<br>###主治1::[[目疾]]：目赤肿痛、流泪、视物不明、目眩、近视、夜盲、色盲<br>###主治2::急性腰扭伤、坐骨神经痛<br>###主治3::心悸、怔忡<br>###刺灸法::嘱患者闭目，医者左手轻推眼球向外侧固定，右手缓慢进针，紧靠眶缘直刺0.5～1寸。遇到阻力时不宜强行进针，应改变进针方向或退针，不捻转，不提插（或只轻微地捻转和提插），出针后按压针孔片刻，以防出血。针具宜细，消毒宜严，[[禁灸]],注意::本穴针刺需特别小心，防止刺伤眼球
攒竹穴,针灸学::经络腧穴各论::足太阳膀胱经,1,定位::在面部，眉头凹陷中，额切迹处<br>###主治1::头痛、眉棱骨痛、面瘫<br>###主治2::[[眼部病]]：眼睑瞤动、眼睑下垂、口眼歪斜、目视不明、流泪、目赤肿痛<br>###主治3::呃逆<br>###刺灸法::可向眉中或向眼眶内缘平刺或斜刺0.5～0.8寸，或直刺0.2～0.3寸。[[禁灸]],特点::本穴是治疗眼部病证的常用穴
天柱穴,针灸学::经络腧穴各论::足太阳膀胱经,1,定位::在颈后区，横平第2颈椎棘突上际，斜方肌外缘凹陷中<br>###主治1::后头痛、项强、肩背腰痛<br>###主治2::头面五官及热病：鼻塞、目痛、癫狂痫、热病<br>###刺灸法::直刺或斜刺0.5～0.8寸，不可向内上方深刺，以免伤及延髓,注意::本穴需严格控制针刺方向和深度，防止伤及延髓
大杼穴,针灸学::经络腧穴各论::足太阳膀胱经,1,定位::在脊柱区，第1胸椎棘突下，后正中线旁开[[1.5寸]]<br>###主治1::咳嗽、发热<br>###主治2::项强、肩背痛<br>###刺灸法::斜刺0.5～0.8寸。本经背部诸穴，不宜深刺，以免伤及内部重要脏器<br>###特定穴::[[八会穴之骨会]],特点::本穴为八会穴之骨会，是治疗骨病的要穴
风门穴,针灸学::经络腧穴各论::足太阳膀胱经,1,定位::在脊柱区，第2胸椎棘突下，后正中线旁开[[1.5寸]]<br>###主治1::[[外感病]]：感冒、咳嗽、发热、头痛<br>###主治2::项强、胸背痛<br>###刺灸法::斜刺0.5～0.8寸，热证宜点刺放血,特点::本穴是治疗外感病的要穴，有祛风解表之功
肺俞穴,针灸学::经络腧穴各论::足太阳膀胱经,1,定位::在脊柱区，第3胸椎棘突下，后正中线旁开[[1.5寸]]<br>###主治1::[[肺疾]]：咳嗽、气喘、咯血<br>###主治2::阴虚病：骨蒸潮热、盗汗<br>###主治3::皮肤病：痤疮、瘾疹<br>###刺灸法::斜刺0.5～0.8寸，热证宜点刺放血<br>###特定穴::[[肺之背俞穴]],特点::本穴为肺之背俞穴，是治疗肺系病证的要穴
心俞穴,针灸学::经络腧穴各论::足太阳膀胱经,1,定位::在脊柱区，第5胸椎棘突下，后正中线旁开[[1.5寸]]<br>###主治1::[[心与神志病变]]：心痛、惊悸、失眠、健忘、癫痫<br>###主治2::胸及肺疾：胸闷胸痛、咳嗽、咯血<br>###主治3::盗汗、遗精、白浊<br>###刺灸法::斜刺0.5～0.8寸<br>###特定穴::[[心之背俞穴]],特点::本穴为心之背俞穴，是治疗心系病证的要穴
膈俞穴,针灸学::经络腧穴各论::足太阳膀胱经,1,定位::在脊柱区，第7胸椎棘突下，后正中线旁开[[1.5寸]]<br>###主治1::[[血瘀诸证]]<br>###主治2::上逆之证：呕吐、呃逆、气喘、吐血（胃痛）<br>###主治3::瘾疹、皮肤瘙痒<br>###主治4::贫血、便血<br>###主治5::潮热、盗汗<br>###刺灸法::斜刺0.5～0.8寸<br>###特定穴::[[八会穴之血会]],特点::本穴为八会穴之血会，是治疗血证的要穴
肝俞穴,针灸学::经络腧穴各论::足太阳膀胱经,1,定位::在脊柱区，第9胸椎棘突下，后正中线旁开[[1.5寸]]<br>###主治1::[[肝胆病]]：胁痛、黄疸<br>###主治2::目疾：目赤、目视不明、目眩、夜盲、迎风流泪<br>###主治3::眩晕、癫狂痫<br>###主治4::脊背痛、角弓反张、转筋<br>###刺灸法::斜刺0.5～0.8寸<br>###特定穴::[[肝之背俞穴]],特点::本穴为肝之背俞穴，是治疗肝胆病证的要穴
胆俞穴,针灸学::经络腧穴各论::足太阳膀胱经,1,定位::在脊柱区，第10胸椎棘突下，后正中线旁开[[1.5寸]]<br>###主治1::[[肝胆病]]：黄疸、口苦、胁痛<br>###主治2::肺痨、潮热<br>###刺灸法::斜刺0.5～0.8寸<br>###特定穴::[[胆之背俞穴]],特点::本穴为胆之背俞穴，是治疗胆系病证的要穴
脾俞穴,针灸学::经络腧穴各论::足太阳膀胱经,1,定位::在脊柱区，第11胸椎棘突下，后正中线旁开[[1.5寸]]<br>###主治1::[[脾胃肠腑病]]：腹胀、纳呆、呕吐、腹泻、痢疾、便血、水肿<br>###主治2::多食善饥、身体消瘦<br>###主治3::背痛<br>###刺灸法::斜刺0.5～0.8寸<br>###特定穴::[[脾之背俞穴]],特点::本穴为脾之背俞穴，是治疗脾胃病证的要穴
胃俞穴,针灸学::经络腧穴各论::足太阳膀胱经,1,定位::在脊柱区，第12胸椎棘突下，后正中线旁开[[1.5寸]]<br>###主治1::[[胃疾]]：胃脘痛、呕吐、腹胀、肠鸣<br>###主治2::多食善饥、身体消瘦<br>###刺灸法::斜刺0.5～0.8寸<br>###特定穴::[[胃之背俞穴]],特点::本穴为胃之背俞穴，是治疗胃系病证的要穴
三焦俞穴,针灸学::经络腧穴各论::足太阳膀胱经,1,定位::在脊柱区，第1腰椎棘突下，后正中线旁开[[1.5寸]]<br>###主治1::[[脾胃肠腑病]]：腹胀、肠鸣、呕吐、腹泻、痢疾<br>###主治2::三焦气化不利：小便不利、水肿<br>###主治3::腰背强痛<br>###刺灸法::直刺0.5～1.2寸<br>###特定穴::[[三焦之背俞穴]],特点::本穴为三焦之背俞穴，是治疗三焦病证的要穴
肾俞穴,针灸学::经络腧穴各论::足太阳膀胱经,1,定位::在脊柱区，第2腰椎棘突下，后正中线旁开[[1.5寸]]<br>###主治1::[[肾虚病]]：头晕、耳鸣、耳聋、腰酸、腰痛、气喘<br>###主治2::泌尿生殖系疾患：遗尿、遗精、阳痿、早泄、不育<br>###主治3::妇科疾病：月经不调、带下、不孕<br>###主治4::消渴<br>###刺灸法::直刺0.5～1寸<br>###特定穴::[[肾之背俞穴]],特点::本穴为肾之背俞穴，是治疗肾系病证的要穴
大肠俞穴,针灸学::经络腧穴各论::足太阳膀胱经,1,定位::在脊柱区，第4腰椎棘突下，后正中线旁开[[1.5寸]]<br>###主治1::腰腿痛<br>###主治2::[[胃肠病]]：腹胀、腹泻、便秘<br>###刺灸法::直刺0.8～1.2寸<br>###特定穴::[[大肠之背俞穴]],特点::本穴为大肠之背俞穴，是治疗大肠病证的要穴
小肠俞穴,针灸学::经络腧穴各论::足太阳膀胱经,1,定位::在骶区，横平第1骶后孔，骶正中嵴旁开[[1.5寸]]<br>###主治1::泌尿生殖系统疾患：遗精、遗尿、尿血、尿痛、带下<br>###主治2::腹泻、痢疾<br>###主治3::疝气<br>###主治4::腰腿痛<br>###刺灸法::直刺或斜刺0.8～1.2寸<br>###特定穴::[[小肠之背俞穴]],特点::本穴为小肠之背俞穴，是治疗小肠病证的要穴
膀胱俞穴,针灸学::经络腧穴各论::足太阳膀胱经,1,定位::在骶区，横平第2骶后孔，骶正中嵴旁开[[1.5寸]]<br>###主治1::[[膀胱气化功能失调病]]：小便不利、遗尿<br>###主治2::腰脊强痛<br>###主治3::腹泻、便秘<br>###刺灸法::直刺或斜刺0.8～1.2寸<br>###特定穴::[[膀胱之背俞穴]],特点::本穴为膀胱之背俞穴，是治疗膀胱病证的要穴
次髎穴,针灸学::经络腧穴各论::足太阳膀胱经,1,定位::在骶区，正对第2骶后孔中<br>###主治1::[[妇科病]]：月经不调、痛经、带下、阴挺<br>###主治2::小便不利、癃闭<br>###主治3::男科病：遗精、阳痿<br>###主治4::疝气<br>###主治5::腰骶痛、下肢痿痹<br>###刺灸法::直刺1～1.5寸,特点::本穴是治疗妇科病和男科病的要穴
承扶穴,针灸学::经络腧穴各论::足太阳膀胱经,1,定位::在股后区，臀沟的[[中点]]<br>###主治1::腰、骶、臀、股部疼痛<br>###主治2::下肢痿痹<br>###主治3::痔疾<br>###刺灸法::直刺1～2寸,特点::本穴是治疗腰骶部病证的常用穴
委阳穴,针灸学::经络腧穴各论::足太阳膀胱经,1,定位::在膝部，腘横纹上，股二头肌腱的内侧缘<br>###主治1::腹满、小便不利、癃闭<br>###主治2::腰脊强痛，腿足挛痛<br>###刺灸法::直刺1～1.5寸<br>###特定穴::[[三焦之下合穴]],特点::本穴为三焦下合穴，擅长治疗三焦气化不利病证
委中穴,针灸学::经络腧穴各论::足太阳膀胱经,1,定位::在膝后区，腘横纹[[中点]]<br>###主治1::腰及下肢：腰背痛、下肢痿痹<br>###主治2::急症：腹痛、急性吐泻<br>###主治3::瘾疹、丹毒、皮肤瘙痒、疔疮<br>###主治4::小便不利、遗尿<br>###刺灸法::直刺1～1.5寸，或用三棱针点刺腘静脉出血。针刺不易过快、过强、过深，以免损伤血管和神经<br>###特定穴::[[合穴]]；[[膀胱之下合穴]],特点::本穴为膀胱下合穴，是治疗腰背病证的要穴，四总穴之一
膏肓穴,针灸学::经络腧穴各论::足太阳膀胱经,1,定位::在脊柱区，第4胸椎棘突下，后正中线旁开[[3寸]]<br>###主治1::[[肺系虚损]]：咳嗽、气喘、肺痨<br>###主治2::虚劳诸证：健忘、遗精、盗汗、羸瘦<br>###主治3::肩胛痛<br>###刺灸法::斜刺0.5～0.8寸。此穴多用灸法，每次7～15壮，或用温针灸15～30分钟,特点::本穴是治疗虚劳证的要穴，以灸法为佳
志室穴,针灸学::经络腧穴各论::足太阳膀胱经,1,定位::在腰区，第2腰椎棘突下，后正中线旁开[[3寸]]（又名精宫）<br>###主治1::[[肾虚病]]：遗精、阳痿<br>###主治2::小便不利、癃闭、水肿<br>###主治3::腰脊强痛<br>###刺灸法::斜刺0.5～0.8寸,特点::本穴又名精宫，擅长治疗肾虚病证
秩边穴,针灸学::经络腧穴各论::足太阳膀胱经,1,定位::在骶区，横平第4骶后孔，骶正中嵴旁开[[3寸]]<br>###主治1::腰、下肢病：腰骶痛、下肢痿痹<br>###主治2::小便不利、癃闭<br>###主治3::便秘、痔疾<br>###主治4::阴痛<br>###刺灸法::直刺1.5～2寸,特点::本穴是治疗下肢病证的常用穴
承山穴,针灸学::经络腧穴各论::足太阳膀胱经,1,定位::在小腿后区，腓肠肌两肌腹与肌腱交角处<br>###主治1::腰腿拘急、疼痛<br>###主治2::痔疾、便秘<br>###主治3::腹痛、疝气<br>###刺灸法::直刺1～2寸。不宜做过强的刺激，以免引起腓肠肌痉挛,特点::本穴是治疗痔疾的经验效穴
飞扬穴,针灸学::经络腧穴各论::足太阳膀胱经,1,定位::在小腿后区，昆仑直上[[7寸]]，腓肠肌外下缘与跟腱移行处<br>###主治1::腰腿疼痛<br>###主治2::头痛、目眩<br>###主治3::鼻塞、鼻衄<br>###主治4::痔疾<br>###刺灸法::直刺1～1.5寸<br>###特定穴::[[络穴]],特点::本穴为膀胱经络穴，可沟通肾经
昆仑穴,针灸学::经络腧穴各论::足太阳膀胱经,1,定位::在踝区，外踝尖与跟腱之间的凹陷中<br>###主治1::后头痛、项强、目眩<br>###主治2::腰骶疼痛、足踝肿痛<br>###主治3::癫痫、滞产<br>###刺灸法::直刺0.5～0.8寸，[[孕妇禁用]]，经期慎用<br>###特定穴::[[经穴]],特点::本穴为膀胱经经穴，有催产作用，故孕妇禁用
申脉穴,针灸学::经络腧穴各论::足太阳膀胱经,1,定位::在踝区，外踝尖直下，外踝下缘与跟骨之间凹陷中<br>###主治1::头痛、眩晕<br>###主治2::[[神志疾患]]：失眠、癫狂痫证、嗜睡、不寐<br>###主治3::腰腿酸痛<br>###刺灸法::直刺0.3～0.5寸<br>###特定穴::[[八脉交会穴]]，通阳蹻脉,特点::本穴为八脉交会穴，通阳蹻脉，擅长治疗神志病
束骨穴,针灸学::经络腧穴各论::足太阳膀胱经,1,定位::在跖区，第5跖趾关节的近端，赤白肉际处<br>###主治1::头部疾患：头痛、项强、目眩<br>###主治2::腰腿痛<br>###主治3::癫狂<br>###刺灸法::直刺0.3～0.5寸<br>###特定穴::[[输穴]],特点::本穴为膀胱经输穴，擅长治疗头项部病证
至阴穴,针灸学::经络腧穴各论::足太阳膀胱经,1,定位::在足趾，足小趾末节外侧，趾甲根角侧后方[[0.1寸]]（指寸）<br>###主治1::[[胎位不正]]、滞产、胞衣不下<br>###主治2::头痛、目痛<br>###主治3::鼻塞、鼻衄<br>###刺灸法::浅刺0.1寸，胎位不正用灸法<br>###特定穴::[[井穴]],特点::本穴为膀胱经井穴，是矫正胎位的经验效穴
涌泉穴,针灸学::经络腧穴各论::足少阴肾经,1,定位::在足底，屈足卷趾时足心最凹陷中；约当足底第2、3趾蹼缘与足跟连线的前[[1/3]]与后2/3交点凹陷中<br>###主治1::[[急症及神志病]]：昏厥、中暑、小儿惊风、癫狂痫等<br>###主治2::头痛，头晕，目眩，失眠<br>###主治3::肺系病：咯血、咽喉肿痛、喉痹、失音等<br>###主治4::大便难，小便不利<br>###主治5::奔豚气<br>###主治6::热病、足心热<br>###刺灸法::直刺0.5寸～1寸，针刺时要防止刺伤足底动脉弓，临床常用灸法或药物贴敷<br>###特定穴::[[井穴]],特点::本穴为肾经井穴，是急救要穴之一，临床多用灸法
然谷穴,针灸学::经络腧穴各论::足少阴肾经,1,定位::在足内侧，足舟骨粗隆下方，赤白肉际处<br>###主治1::妇科病：月经不调、阴挺、阴痒等<br>###主治2::泌尿生殖系疾患：白浊、遗精、阳痿、小便不利等<br>###主治3::咯血，咽喉肿痛、腹泻、癃闭、消渴、黄疸<br>###主治4::下肢痿痹，足跗痛<br>###主治5::小儿脐风，口噤<br>###刺灸法::直刺0.5～1寸<br>###特定穴::[[荥穴]],特点::本穴为肾经荥穴，擅长治疗泌尿生殖系统病证
太溪穴,针灸学::经络腧穴各论::足少阴肾经,1,定位::在足踝区，内踝尖与跟腱之间凹陷中<br>###主治1::[[肾虚证]]：头痛、目眩、失眠、健忘、遗精、阳痿等<br>###主治2::阴虚性五官病：咽喉肿痛、齿痛、耳鸣、耳聋等<br>###主治3::肺系疾患：咳嗽、气喘、咯血、胸痛等<br>###主治4::消渴，小便频数，便秘<br>###主治5::月经不调<br>###主治6::腰脊痛，下肢厥冷，内踝肿痛、足跟痛<br>###刺灸法::直刺0.5～1寸<br>###特定穴::[[输穴]]；[[肾之原穴]],特点::本穴为肾经原穴，是补肾要穴
照海穴,针灸学::经络腧穴各论::足少阴肾经,1,定位::在踝区，内踝尖下[[1寸]]，内踝下缘边际凹陷中<br>###主治1::[[精神、神志病]]：失眠、癫痫、癔症、嗜卧<br>###主治2::五官热性病：咽喉干痛、目赤肿痛<br>###主治3::妇科病：月经不调、痛经、带下、阴挺等<br>###主治4::小便频数，癃闭，便秘<br>###刺灸法::直刺0.5～0.8寸<br>###特定穴::[[八脉交会穴]]（通于阴蹻脉）,特点::本穴为八脉交会穴，通阴蹻脉，擅长治疗神志病和咽喉病
复溜穴,针灸学::经络腧穴各论::足少阴肾经,1,定位::在小腿内侧，内踝尖上[[2寸]]，跟腱的前缘<br>###主治1::[[津液输布失调病]]：水肿、癃闭、汗证（无汗或多汗）等<br>###主治2::胃肠病：腹胀、腹泻、肠鸣<br>###主治3::腰脊强痛，下肢痿痹<br>###刺灸法::直刺0.5～1寸<br>###特定穴::[[经穴]],特点::本穴为肾经经穴，擅长治疗汗证和水肿
阴谷穴,针灸学::经络腧穴各论::足少阴肾经,1,定位::在膝后区，腘横纹上，半腱肌肌腱外侧缘<br>###主治1::癫狂<br>###主治2::[[泌尿生殖系疾患]]：阳痿、阴中痛、小便不利、月经不调、崩漏等；疝气、癃闭<br>###主治3::膝股内侧痛<br>###刺灸法::直刺1～1.5寸<br>###特定穴::[[合穴]],特点::本穴为肾经合穴，擅长治疗泌尿生殖系统病证
肓俞穴,针灸学::经络腧穴各论::足少阴肾经,1,定位::在腹部，脐中旁开[[0.5寸]]<br>###主治1::[[胃肠病]]：腹痛绕脐、腹胀、腹泻、便秘等<br>###主治2::疝气<br>###主治3::月经不调<br>###刺灸法::直刺1～1.5寸,特点::本穴是治疗脐周病证的常用穴
天池穴,针灸学::经络腧穴各论::手厥阴心包经,1,定位::在胸部，第4肋间隙，前正中线旁开[[5寸]]<br>###主治1::心肺病：咳嗽、痰多、胸闷、气喘、胸痛等<br>###主治2::腋下肿痛，乳痈、乳少<br>###主治3::瘰疬<br>###刺灸法::斜刺或平刺0.3～0.5寸，不可深刺，以免伤及心、肺,注意::本穴不可深刺，防止损伤心肺
曲泽穴,针灸学::经络腧穴各论::手厥阴心包经,1,定位::在肘前区，肘横纹上，肱二头肌腱的尺侧缘凹陷中<br>###主治1::[[心系病]]：心痛、心悸、善惊等<br>###主治2::胃腑热性病：胃痛、呕血、呕吐等<br>###主治3::暑热病：热病、中暑<br>###主治4::肘臂挛痛，上肢颤动<br>###刺灸法::直刺1～1.5寸；或三棱针点刺出血<br>###特定穴::[[合穴]],特点::本穴为心包经合穴，擅长治疗心系病证和暑热病
郄门穴,针灸学::经络腧穴各论::手厥阴心包经,1,定位::在前臂前区，腕掌侧远端横纹上[[5寸]]，掌长肌腱与桡侧腕屈肌腱之间<br>###主治1::[[心胸病]]：急性心痛、心悸、心烦、胸痛等<br>###主治2::热性出血证：咯血、呕血、衄血等<br>###主治3::疔疮<br>###主治4::癫痫<br>###刺灸法::直刺0.5～1寸<br>###特定穴::[[郄穴]],特点::本穴为心包经郄穴，擅长治疗急性心胸病证
间使穴,针灸学::经络腧穴各论::手厥阴心包经,1,定位::在前臂区，腕掌侧远端横纹上[[3寸]]，掌长肌腱与桡侧腕屈肌腱之间<br>###主治1::心病：心痛、心悸等<br>###主治2::[[热性胃病]]：胃痛、呕吐等<br>###主治3::热病，疟疾<br>###主治4::癫狂痫<br>###主治5::腋肿，肘挛，臂痛<br>###刺灸法::直刺0.5～1寸<br>###特定穴::[[经穴]],特点::本穴为心包经经穴，擅长治疗热病和疟疾
内关穴,针灸学::经络腧穴各论::手厥阴心包经,1,定位::在前臂区，腕掌侧远端横纹上[[2寸]]，掌长肌腱与桡侧腕屈肌腱之间<br>###主治1::[[心系病]]：心痛、胸痛、心动过速或过缓等<br>###主治2::胃腑病：胃痛、呕吐、呃逆<br>###主治3::胁痛、胁下痞块、肘臂挛痛<br>###主治4::中风，偏瘫，眩晕，偏头痛<br>###主治5::神志病：失眠、郁证、癫狂痫<br>###刺灸法::直刺0.5～1寸<br>###特定穴::[[络穴]]；[[八脉交会穴]]（通阴维脉）,特点::本穴为八脉交会穴，通阴维脉，是治疗心系病证和胃病的要穴
大陵穴,针灸学::经络腧穴各论::手厥阴心包经,1,定位::在腕前区，腕掌侧远端横纹中，掌长肌腱与桡侧腕屈肌腱之间<br>###主治1::心痛、心悸、胸胁满痛<br>###主治2::[[胃腑病]]：胃痛、呕吐、口臭等<br>###主治3::神志疾患：喜笑悲恐、癫狂痫<br>###主治4::臂、手挛痛<br>###刺灸法::直刺0.3～0.5寸<br>###特定穴::[[输穴]]；[[心包之原穴]],特点::本穴为心包经原穴，是治疗心系病证的要穴
劳宫穴,针灸学::经络腧穴各论::手厥阴心包经,1,定位::在掌区，横平第3掌指关节近端，第2、3掌骨之间偏于第3掌骨<br>###主治1::[[急症]]：中风昏迷、中暑等，为急救要穴之一<br>###主治2::心与神志疾患：心痛、烦闷、癫狂痫等<br>###主治3::口疮，口臭<br>###主治4::鹅掌风<br>###刺灸法::直刺0.3～0.5寸<br>###特定穴::[[荥穴]],特点::本穴为心包经荥穴，是急救要穴之一
中冲穴,针灸学::经络腧穴各论::手厥阴心包经,1,定位::在手指，中指末端[[最高点]]<br>###主治1::[[急症]]：中风昏迷、舌强不语、中暑、昏厥、小儿惊风等<br>###主治2::热病：高热、舌下肿痛<br>###主治3::为急救要穴之一<br>###刺灸法::浅刺0.1寸；或点刺出血<br>###特定穴::[[井穴]],特点::本穴为心包经井穴，是急救开窍要穴
关冲穴,针灸学::经络腧穴各论::手少阳三焦经,1,定位::在手指，第4指末节尺侧，指甲根角侧上方[[0.1寸]]（指寸）<br>###主治1::[[头面五官病]]：头晕、目赤、耳鸣、耳聋、喉痹、舌强等<br>###主治2::热病，中暑<br>###刺灸法::浅刺0.1寸；或点刺出血<br>###特定穴::[[井穴]],特点::本穴为三焦经井穴，擅长清热泻火
中渚穴,针灸学::经络腧穴各论::手少阳三焦经,1,定位::在手背，第4、5掌骨间，第4掌指关节近端凹陷中<br>###主治1::[[头面五官病]]：头痛、目赤、耳鸣、耳聋、喉痹等<br>###主治2::热病，疟疾<br>###主治3::肩背肘臂酸痛，手指不能屈伸<br>###刺灸法::直刺0.3～0.5寸<br>###特定穴::[[输穴]],特点::本穴为三焦经输穴，擅长治疗头面五官病证
阳池穴,针灸学::经络腧穴各论::手少阳三焦经,1,定位::在腕后区，腕背侧远端横纹上，指伸肌腱的尺侧缘凹陷中<br>###主治1::[[五官病]]：目赤肿痛、耳聋、喉痹等<br>###主治2::消渴，口干<br>###主治3::腕痛，肩臂痛，手指屈伸不利，肘臂痉挛<br>###刺灸法::直刺0.3～0.5寸<br>###特定穴::[[三焦之原穴]],特点::本穴为三焦经原穴，擅长治疗消渴证
外关穴,针灸学::经络腧穴各论::手少阳三焦经,1,定位::在前臂后区，腕背侧远端横纹上[[2寸]]，尺骨与桡骨间隙中点<br>###主治1::[[热病、疟疾]]、伤风感冒<br>###主治2::头面五官病：头痛、目赤肿痛、耳鸣、耳聋等<br>###主治3::瘰疬<br>###主治4::诸痛：头痛、颈项肩部疼痛、胁肋痛、上肢痹痛<br>###刺灸法::直刺0.5～1寸<br>###特定穴::[[络穴]]；[[八脉交会穴]]（通阳维脉）,特点::本穴为八脉交会穴，通阳维脉，擅长治疗热病和外感病
支沟穴,针灸学::经络腧穴各论::手少阳三焦经,1,定位::在前臂后区，腕背侧远端横纹上[[3寸]]，尺骨与桡骨间隙中点<br>###主治1::耳聋，耳鸣，暴喑<br>###主治2::胁肋痛、肘臂痛、落枕、手指震颤<br>###主治3::[[便秘]]，热病<br>###主治4::瘰疬<br>###刺灸法::直刺0.5～1寸<br>###特定穴::[[经穴]],特点::本穴为三焦经经穴，是治疗便秘的经验效穴
肩髎穴,针灸学::经络腧穴各论::手少阳三焦经,1,定位::在三角肌区，肩峰与肱骨大结节两骨间凹陷中<br>###主治1::肩臂挛痛，不遂<br>###主治2::风疹<br>###刺灸法::向肩关节直刺1～1.5寸,特点::本穴是治疗肩臂病证的常用穴
翳风穴,针灸学::经络腧穴各论::手少阳三焦经,1,定位::在颈部，耳垂后方，乳突下端前方凹陷中<br>###主治1::[[耳疾]]：耳鸣、耳聋、聤耳等<br>###主治2::面、口病：口眼歪斜、面风、牙关紧闭、颊肿等<br>###主治3::瘰疬<br>###刺灸法::直刺0.5～1寸,特点::本穴是治疗耳疾的要穴
角孙穴,针灸学::经络腧穴各论::手少阳三焦经,1,定位::在头部，耳尖正对发际处<br>###主治1::偏头痛，项强<br>###主治2::痄腮，齿痛，颈颔痛<br>###主治3::耳部肿痛、耳聋<br>###主治4::目赤肿痛、视物不明、目翳<br>###刺灸法::平刺0.3～0.5寸，小儿痄腮用灯火灸,特点::本穴是治疗痄腮的经验效穴
耳门穴,针灸学::经络腧穴各论::手少阳三焦经,1,定位::在耳区，耳屏上切迹与下颌骨髁突之间的凹陷中<br>###主治1::[[耳疾]]：耳鸣、耳聋、聤耳等<br>###主治2::面痛、齿痛、颈颔痛、牙关拘急、口喎<br>###刺灸法::微张口，直刺0.5～1寸,特点::本穴是治疗耳疾的常用穴，需张口取穴
丝竹空穴,针灸学::经络腧穴各论::手少阳三焦经,1,定位::在面部，眉梢凹陷中<br>###主治1::癫痫<br>###主治2::头目病：头痛、目眩、目赤肿痛、眼睑瞤动、视物不清等<br>###主治3::面痛、齿痛<br>###刺灸法::平刺0.3～0.5寸，不灸,特点::本穴位于眉梢，是治疗头目病证的常用穴
瞳子髎穴,针灸学::经络腧穴各论::足少阳胆经,1,定位::在面部，目外眦外侧[[0.5寸]]凹陷中<br>###主治1::头痛、口㖞、面痛<br>###主治2::[[目疾]]：目赤肿痛、畏光流泪、内障、目翳等<br>###刺灸法::平刺0.3～0.5寸；或用三棱针点刺出血,特点::本穴是治疗目疾的常用穴
听会穴,针灸学::经络腧穴各论::足少阳胆经,1,定位::在面部，耳屏间切迹与下颌骨髁突之间的凹陷中<br>###主治1::[[耳疾]]：耳鸣、耳聋、聤耳等<br>###主治2::齿痛，口眼歪斜、面痛<br>###刺灸法::微张口，直刺0.5～0.8寸,特点::本穴是治疗耳疾的常用穴，需张口取穴
率谷穴,针灸学::经络腧穴各论::足少阳胆经,1,定位::在头部，耳尖直上入发际[[1.5寸]]<br>###主治1::[[偏头痛]]、眩晕、耳聋、耳鸣<br>###主治2::小儿急慢惊风<br>###刺灸法::平刺0.5～0.8寸,特点::本穴是治疗偏头痛的要穴
阳白穴,针灸学::经络腧穴各论::足少阳胆经,1,定位::在头部，眉上[[1寸]]，瞳孔直上<br>###主治1::前头痛、眩晕<br>###主治2::眼睑下垂，口眼歪斜<br>###主治3::目疾：目赤肿痛、视物模糊、眼睑瞤动等<br>###刺灸法::平刺0.5～0.8寸,特点::本穴是治疗前头痛和眼睑病证的常用穴
头临泣穴,针灸学::经络腧穴各论::足少阳胆经,1,定位::在头部，前发际上[[0.5寸]]，瞳孔直上<br>###主治1::头痛、眩晕<br>###主治2::目疾：目痛、目眩、流泪、目翳等<br>###主治3::鼻塞，鼻渊<br>###主治4::小儿惊痫<br>###刺灸法::平刺0.5～0.8寸,特点::本穴是治疗头目病证的常用穴
风池穴,针灸学::经络腧穴各论::足少阳胆经,1,定位::在颈后区，枕骨之下，胸锁乳突肌上端与斜方肌上端之间的凹陷中<br>###主治1::[[内风病]]：中风、癫痫、头痛、眩晕、耳鸣、耳聋等<br>###主治2::外风病：感冒、鼻塞、鼽衄、目赤肿痛、口眼歪斜等<br>###主治3::热病、颈项强痛<br>###刺灸法::针尖微下，向鼻尖斜刺0.8～1.2寸；或平刺透风府穴。深部中间为延髓，必须严格掌握针刺的角度和深度,注意::本穴深部为延髓，针刺需特别小心
肩井穴,针灸学::经络腧穴各论::足少阳胆经,1,定位::在肩胛区，第7颈椎棘突与肩峰最外侧点连线的中点<br>###主治1::头痛眩晕，颈项强痛，肩背疼痛、上肢不遂<br>###主治2::[[妇产科及乳房疾患]]：难产、胞衣不下、乳痈、乳汁不下、乳癖等<br>###主治3::瘰疬<br>###刺灸法::直刺0.5～0.8寸，内有肺尖，切忌深刺、捣刺；[[孕妇禁针]],注意::本穴位于肺尖处，针刺需严格控制深度
日月穴,针灸学::经络腧穴各论::足少阳胆经,1,定位::在胸部，第7肋间隙中，前正中线旁开[[4寸]]<br>###主治1::[[黄疸]]、胁肋疼痛等肝胆病<br>###主治2::呕吐、吞酸、呃逆、胃脘痛等肝胆犯胃病<br>###刺灸法::斜刺或平刺0.5～0.8寸，不可深刺，以免伤及脏器<br>###特定穴::[[胆募穴]],特点::本穴为胆之募穴，是治疗肝胆病的要穴
带脉穴,针灸学::经络腧穴各论::足少阳胆经,1,定位::在侧腹部，第11肋骨游离端垂线与脐水平线的交点上<br>###主治1::[[妇科经带病]]：月经不调、闭经、赤白带下等<br>###主治2::疝气，小腹痛<br>###主治3::腰痛，胁痛<br>###刺灸法::直刺1～1.5寸,特点::本穴是治疗妇科带下病的要穴
环跳穴,针灸学::经络腧穴各论::足少阳胆经,1,定位::在臀部，股骨大转子最凸点与骶管裂孔连线的外[[1/3]]与内2/3交点处<br>###主治1::[[腰腿疾患]]：腰胯疼痛、下肢痿痹、半身不遂等<br>###主治2::风疹<br>###刺灸法::直刺2～3寸,特点::本穴是治疗下肢病证的要穴，针刺深度较大
风市穴,针灸学::经络腧穴各论::足少阳胆经,1,定位::在股部，髌底上[[7寸]]；直立垂手，掌心贴于大腿时，中指尖所指凹陷中，髂胫束后缘<br>###主治1::[[下肢疾患]]：下肢痿痹、麻木及半身不遂等<br>###主治2::遍身瘙痒，脚气<br>###刺灸法::直刺1～1.5寸,特点::本穴是治疗下肢病证和皮肤病的常用穴
阳陵泉穴,针灸学::经络腧穴各论::足少阳胆经,1,定位::在小腿外侧，腓骨头前下方凹陷中<br>###主治1::[[肝胆犯胃病]]：黄疸、胁痛、口苦、呕吐、吞酸等<br>###主治2::下肢、膝关节疾患：膝肿痛、下肢痿痹及麻木等<br>###主治3::小儿惊风<br>###刺灸法::直刺1～1.5寸<br>###特定穴::[[八会穴之筋会]]；[[合穴]]；[[胆之下合穴]],特点::本穴为八会穴之筋会，是治疗筋病的要穴
光明穴,针灸学::经络腧穴各论::足少阳胆经,1,定位::在小腿外侧，外踝尖上[[5寸]]，腓骨前缘<br>###主治1::[[目疾]]：目痛、夜盲、近视、目花等<br>###主治2::乳房胀痛、乳少<br>###主治3::下肢痿痹<br>###刺灸法::直刺0.5～0.8寸<br>###特定穴::[[络穴]],特点::本穴为胆经络穴，擅长治疗目疾
悬钟穴,针灸学::经络腧穴各论::足少阳胆经,1,定位::在小腿外侧，外踝尖上[[3寸]]，腓骨前缘<br>###主治1::[[髓海不足疾患]]：痴呆、中风等<br>###主治2::颈项强痛，偏头痛，胸胁满痛，下肢痿痹<br>###刺灸法::直刺0.5～0.8寸<br>###特定穴::[[八会穴之髓会]],特点::本穴为八会穴之髓会，是治疗髓病的要穴
丘墟穴,针灸学::经络腧穴各论::足少阳胆经,1,定位::在踝区，外踝的前下方，趾长伸肌腱的外侧凹陷中<br>###主治1::目疾：目赤肿痛、目翳等<br>###主治2::[[痛证]]：颈项痛、腋下肿痛、胸胁痛、外踝肿痛等<br>###主治3::足内翻，足下垂<br>###主治4::疟疾<br>###刺灸法::直刺0.5～0.8寸<br>###特定穴::[[胆原穴]],特点::本穴为胆经原穴，是治疗胆系病证的要穴
足临泣穴,针灸学::经络腧穴各论::足少阳胆经,1,定位::在足背，第4、5跖骨底结合部的前方，第5趾长伸肌腱外侧凹陷中<br>###主治1::偏头痛、目赤肿痛、眩晕、目涩、胁肋疼痛、足跗疼痛等<br>###主治2::月经不调，乳痈<br>###主治3::瘰疬<br>###刺灸法::直刺0.5～0.8寸<br>###特定穴::[[输穴]]；[[八脉交会穴]]（通带脉）,特点::本穴为八脉交会穴，通带脉，擅长治疗妇科带下病
侠溪穴,针灸学::经络腧穴各论::足少阳胆经,1,定位::在足背，第4、5趾间，趾蹼缘后方赤白肉际处<br>###主治1::惊悸<br>###主治2::头面五官病：头痛、眩晕、颊肿、耳鸣、耳聋、目赤肿痛等<br>###主治3::痛证：胁肋疼痛、膝股痛、足跗肿痛<br>###主治4::乳痈<br>###主治5::热病<br>###刺灸法::直刺0.3～0.5寸<br>###特定穴::[[荥穴]],特点::本穴为胆经荥穴，擅长清热泻火
足窍阴穴,针灸学::经络腧穴各论::足少阳胆经,1,定位::在足趾，第4趾末节外侧，趾甲根角侧后方[[0.1寸]]（指寸）<br>###主治1::头面五官病：头痛、目赤肿痛、耳鸣、耳聋、喉痹等<br>###主治2::胸胁痛，足跗肿痛<br>###主治3::头痛、不寐、多梦<br>###主治4::热病<br>###刺灸法::浅刺0.1～0.2寸；或点刺出血<br>###特定穴::[[井穴]],特点::本穴为胆经井穴，擅长清热开窍
大敦穴,针灸学::经络腧穴各论::足厥阴肝经,1,定位::在足趾，大趾末节外侧，趾甲根角侧后方[[0.1寸]]（指寸）<br>###主治1::疝气，少腹痛<br>###主治2::泌尿系病：遗尿、癃闭、五淋、尿血<br>###主治3::月经病及前阴病：月经不调、崩漏、阴缩、阴中痛、阴挺<br>###主治4::癫痫，善寐<br>###刺灸法::浅刺0.1～0.2寸；或点刺出血<br>###特定穴::[[井穴]],特点::本穴为肝经井穴，擅长治疗疝气和妇科病证
行间穴,针灸学::经络腧穴各论::足厥阴肝经,1,定位::在足背，第1、2趾间，趾蹼缘后方赤白肉际处<br>###主治1::[[肝经风热病]]：中风、癫痫、头痛、目眩、目赤肿痛、青盲、口歪等<br>###主治2::妇科经带病：月经不调、痛经、闭经、崩漏、带下等<br>###主治3::阴中痛，疝气<br>###主治4::泌尿系病：遗尿、癃闭、五淋等<br>###主治5::胸胁满痛<br>###刺灸法::直刺0.5～0.8寸<br>###特定穴::[[荥穴]],特点::本穴为肝经荥穴，擅长清泻肝火
太冲穴,针灸学::经络腧穴各论::足厥阴肝经,1,定位::在足背，第1、2跖骨间，跖骨底结合部前方凹陷中，或触及动脉搏动<br>###主治1::[[肝经风热病]]：中风、癫狂痫、小儿惊风、头痛、眩晕、耳鸣、目赤肿痛、口歪、咽痛等<br>###主治2::妇科病：月经不调、痛经、经闭、崩漏、带下、难产等<br>###主治3::肝胃病：黄疸、胁痛、腹胀、呕逆等<br>###主治4::癃闭，遗尿<br>###主治5::下肢痿痹，足跗肿痛<br>###刺灸法::直刺0.5～0.8寸<br>###特定穴::[[输穴]]；[[肝之原穴]],特点::本穴为肝经原穴，是疏肝理气的要穴
蠡沟穴,针灸学::经络腧穴各论::足厥阴肝经,1,定位::在小腿内侧，内踝尖上[[5寸]]，胫骨内侧面的中央<br>###主治1::妇科病：月经不调、赤白带下、阴挺、阴痒等<br>###主治2::小便不利<br>###主治3::疝气，睾丸肿痛<br>###主治4::足胫疼痛<br>###刺灸法::平刺0.5～0.8寸<br>###特定穴::[[络穴]],特点::本穴为肝经络穴，擅长治疗妇科病和疝气
曲泉穴,针灸学::经络腧穴各论::足厥阴肝经,1,定位::在膝部，腘横纹内侧端，半腱肌肌腱内缘凹陷中<br>###主治1::[[妇科病]]：月经不调、痛经、带下、阴挺、阴痒、产后腹痛、腹中包块<br>###主治2::遗精，阳痿，疝气<br>###主治3::腰股疼痛，膝髌肿痛，下肢痿痹<br>###主治4::小腹痛、小便不利、淋证、癃闭<br>###刺灸法::直刺1～1.5寸<br>###特定穴::[[合穴]],特点::本穴为肝经合穴，擅长治疗妇科病证
章门穴,针灸学::经络腧穴各论::足厥阴肝经,1,定位::在侧腹部，在第11肋游离端的[[下际]]<br>###主治1::[[胃肠病]]：腹痛、腹胀、肠鸣、腹泻、呕吐等<br>###主治2::肝脾病：胁痛、黄疸、痞块（肝脾大）等<br>###刺灸法::直刺0.8～1寸<br>###特定穴::[[脾募穴]]；[[八会穴之脏会]],特点::本穴为八会穴之脏会，是治疗脏病的要穴
期门穴,针灸学::经络腧穴各论::足厥阴肝经,1,定位::在胸部，第6肋间隙，前正中线旁开[[4寸]]<br>###主治1::[[肝胃病]]：胸胁胀痛、呕吐、吞酸、呃逆、腹胀、腹泻等<br>###主治2::奔豚气<br>###主治3::郁病、乳痈<br>###刺灸法::斜刺或平刺0.5～0.8寸，不可深刺，以免伤及内脏<br>###特定穴::[[肝之募穴]],特点::本穴为肝之募穴，是治疗肝系病证的要穴
中极穴,针灸学::经络腧穴各论::任脉,1,定位::在下腹部，脐中下[[4寸]]，前正中线上<br>###主治1::泌尿系病：遗尿、小便不利、癃闭<br>###主治2::男科病：遗精、阳痿、不育等<br>###主治3::妇科病：月经不调、崩漏、阴挺、阴痒、不孕、产后恶露不尽、带下等<br>###刺灸法::直刺1～1.5寸；应在排尿后针刺，以免伤及深部膀胱，[[孕妇慎用]]<br>###特定穴::[[膀胱之募穴]],特点::本穴为膀胱募穴，是治疗泌尿生殖系统病证的要穴
关元穴,针灸学::经络腧穴各论::任脉,1,定位::在下腹部，脐中下[[3寸]]，前正中线上<br>###主治1::[[元气虚损病]]：中风脱证、虚劳冷惫、羸瘦无力等<br>###主治2::少腹疼痛，疝气<br>###主治3::肠腑病：腹泻、痢疾、脱肛、便血<br>###主治4::泌尿系病：五淋、尿血、尿闭、尿频<br>###主治5::男科病：遗精、阳痿、早泄、白浊<br>###主治6::妇科病：月经不调、痛经、经闭、崩漏、带下、阴挺、恶露不尽、胞衣不下等<br>###主治7::[[保健灸常用穴]]<br>###刺灸法::直刺1～1.5寸；应在排尿后针刺，以免伤及深部膀胱，多用灸法；[[孕妇慎用]]<br>###特定穴::[[小肠之募穴]],特点::本穴为小肠募穴，是培元固本、补益下焦的要穴
气海穴,针灸学::经络腧穴各论::任脉,1,定位::在下腹部，脐中下[[1.5寸]]，前正中线上<br>###主治1::[[气虚病]]：中风脱证、虚脱、形体羸瘦、脏气衰惫、乏力等<br>###主治2::肠腑病：水谷不化、绕脐疼痛、腹泻、痢疾、脱肛、便秘等<br>###主治3::泌尿系病：小便不利、遗尿、癃闭<br>###主治4::遗精、阳痿、疝气<br>###主治5::妇科病：月经不调、痛经、经闭、崩漏、带下、阴挺、产后恶露不止、胞衣不下等<br>###主治6::[[保健灸常用穴]]<br>###刺灸法::直刺1～1.5寸；多用灸法；[[孕妇慎用]],特点::本穴是补气要穴，与关元合用培元补气
神阙穴,针灸学::经络腧穴各论::任脉,1,定位::在脐区，[[脐中央]]<br>###主治1::[[元阳暴脱]]：虚脱、中风脱证等<br>###主治2::肠腑病：腹痛、腹胀、腹泻、痢疾、便秘、脱肛等<br>###主治3::阴挺、胃下垂<br>###主治4::水肿，小便不利<br>###主治5::[[保健灸常用穴]]<br>###刺灸法::[[此穴禁针]]，多用艾条灸或艾炷隔盐灸法,特点::本穴禁针，只用灸法，是强壮保健的要穴
建里穴,针灸学::经络腧穴各论::任脉,2,定位::在上腹部，脐中上[[3寸]]，前正中线上<br>###主治1::[[脾胃病]]：胃痛、呕吐、食欲不振、腹胀、腹痛等<br>###主治2::水肿<br>###刺灸法::直刺1～1.5寸,特点::本穴是治疗脾胃病的常用穴
中脘穴,针灸学::经络腧穴各论::任脉,1,定位::在上腹部，脐中上[[4寸]]，前正中线上<br>###主治1::[[脾胃病]]：胃痛、腹胀、纳呆、呕吐、吞酸、呃逆、腹胀、泄泻、完谷不化、小儿疳积等<br>###主治2::黄疸<br>###主治3::癫狂，不寐，脏躁<br>###刺灸法::直刺1～1.5寸<br>###特定穴::[[胃募穴]]；[[八会穴之腑会]],特点::本穴为胃募穴、八会穴之腑会，是治疗脾胃病的要穴
膻中穴,针灸学::经络腧穴各论::任脉,1,定位::在胸部，横平第4肋间隙，前正中线上<br>###主治1::[[胸中气机不畅]]：咳嗽、气喘、胸闷、心痛、心悸、噎膈、呕吐、呃逆等<br>###主治2::胸乳病：产后乳少、乳痈、乳癖等<br>###刺灸法::平刺0.3～0.5寸<br>###特定穴::[[心包之募穴]]；[[八会穴之气会]],特点::本穴为八会穴之气会，是治疗气病的要穴
天突穴,针灸学::经络腧穴各论::任脉,1,定位::在颈前区，胸骨上窝中央，前正中线上<br>###主治1::肺系病：咳嗽、哮喘、胸痛、咽喉肿痛、暴喑等<br>###主治2::气机不畅病：瘿气、梅核气、噎膈<br>###刺灸法::先直刺0.2～0.3寸，然后将针尖向下，紧靠胸骨柄后方刺入1～1.5寸。必须严格掌握针刺的角度和深度，以防刺伤肺和有关动静脉,注意::本穴针刺需特别小心，防止损伤肺和血管
廉泉穴,针灸学::经络腧穴各论::任脉,1,定位::在颈前区，喉结上方，舌骨上缘凹陷中，前正中线上<br>###主治::[[咽喉口舌病]]：中风失语、暴喑、吞咽困难、舌缓流涎、舌下肿痛、口舌生疮、喉痹等<br>###刺灸法::向舌根斜刺0.5～0.8寸,特点::本穴是治疗舌咽病证的要穴
承浆穴,针灸学::经络腧穴各论::任脉,1,定位::在面部，颏唇沟的正中凹陷处<br>###主治1::口部病：口歪、齿龈肿痛、流涎等<br>###主治2::暴喑<br>###主治3::癫狂<br>###刺灸法::斜刺0.3～0.5寸,特点::本穴是治疗口部病证的常用穴
长强穴,针灸学::经络腧穴各论::督脉,1,定位::在会阴区，尾骨下方，尾骨端与肛门连线的[[中点]]处<br>###主治1::[[肠腑病]]：腹泻、痢疾、便血、便秘、痔疮、脱肛等<br>###主治2::癫狂痫<br>###主治3::腰脊和尾骶部疼痛<br>###刺灸法::紧靠尾骨前面斜刺0.8～1寸；或斜刺，针尖向上与骶骨平行刺入0.5～1寸，不宜直刺，以免伤及直肠<br>###特定穴::[[络穴]],特点::本穴为督脉络穴，是治疗痔疮的要穴
腰阳关穴,针灸学::经络腧穴各论::督脉,1,定位::在脊柱区，第4腰椎棘突下凹陷中，后正中线上<br>###主治1::腰骶疼痛，下肢痿痹<br>###主治2::妇科病：月经不调、赤白带下<br>###主治3::遗精、阳痿等男科病<br>###刺灸法::向上斜刺0.5～1寸；多用灸法,特点::本穴是治疗腰骶病证的常用穴
命门穴,针灸学::经络腧穴各论::督脉,1,定位::在脊柱区，第2腰椎棘突下凹陷中，后正中线上<br>###主治1::腰背强痛，下肢痿痹<br>###主治2::妇科病：月经不调、赤白带下、痛经、经闭、不孕等<br>###主治3::[[男性肾阳不足病]]：遗精、阳痿、精冷不育、小便频数等<br>###主治4::小腹冷痛，腹泻<br>###刺灸法::直刺或向上斜刺0.5～1寸；多用灸法,特点::本穴是补肾壮阳的要穴
至阳穴,针灸学::经络腧穴各论::督脉,1,定位::在脊柱区，第7胸椎棘突下凹陷中，后正中线上<br>###主治1::[[肝胆病]]：黄疸、胸胁胀满等<br>###主治2::咳嗽、气喘<br>###主治3::腰背疼痛，脊强<br>###刺灸法::向上斜刺0.5～1寸,特点::本穴是治疗黄疸的经验效穴
身柱穴,针灸学::经络腧穴各论::督脉,1,定位::在脊柱区，第3胸椎棘突下凹陷中，后正中线上<br>###主治1::[[外感病]]：身热头痛、咳嗽、气喘<br>###主治2::神志病：惊厥、癫狂痫等<br>###主治3::腰脊强痛<br>###主治4::疔疮、发背<br>###刺灸法::向上斜刺0.5～1寸,特点::本穴是治疗外感病和神志病的常用穴
大椎穴,针灸学::经络腧穴各论::督脉,1,定位::在脊柱区，第7颈椎棘突下凹陷中，后正中线上<br>###主治1::[[外感病]]：热病、疟疾、恶寒发热、咳嗽、气喘等<br>###主治2::骨蒸潮热<br>###主治3::癫狂、小儿惊风<br>###主治4::项强、脊强<br>###主治5::风疹、痤疮<br>###刺灸法::向上斜刺0.5～1寸,特点::本穴是退热要穴，主治外感热病
哑门穴,针灸学::经络腧穴各论::督脉,1,定位::在颈后区，第2颈椎棘突上际凹陷中，后正中线上。或第1颈椎下，后发际正中直上[[0.5寸]]<br>###主治1::[[暴喑]]，舌强不语，聋哑<br>###主治2::神志病：癫狂痫、癔症等<br>###主治3::头痛，颈项强痛<br>###刺灸法::伏案正坐位，头微前倾，项部放松，向下颌方向缓慢刺入0.5～1寸；不可向上深刺，以免刺入枕骨大孔，伤及延髓,注意::本穴深部为延髓，针刺需特别小心
风府穴,针灸学::经络腧穴各论::督脉,1,定位::在颈后区，枕外隆凸直下，两侧斜方肌之间凹陷中<br>###主治1::[[内风神志病]]：中风、癫狂痫、癔症等<br>###主治2::内、外风病：头痛、眩晕、颈项强痛、咽喉肿痛、失音、目痛、鼻衄等<br>###刺灸法::正坐位，头微前倾，项部放松，向下颌方向缓慢刺入0.5～1寸；不可向上深刺，以免刺入枕骨大孔，伤及延髓,注意::本穴深部为延髓，针刺需特别小心
百会穴,针灸学::经络腧穴各论::督脉,1,定位::在头部，前发际正中直上[[5寸]]<br>###主治1::[[神志病]]：昏厥、痴呆、中风、失语、癔症、失眠、健忘、癫狂痫证、癔症<br>###主治2::头面病：头风、头痛、眩晕、耳鸣等<br>###主治3::[[下陷性病]]：脱肛、阴挺、胃下垂、肾下垂等气失固摄而致的病证<br>###刺灸法::平刺0.5～0.8寸；升阳固脱多用灸法,特点::本穴是升阳举陷的要穴，治疗下陷性病证效果显著
神庭穴,针灸学::经络腧穴各论::督脉,1,定位::在头部，前发际正中直上[[0.5寸]]<br>###主治1::神志病：癫狂痫、失眠、惊悸等<br>###主治2::头面五官病：头痛、目眩、目赤、目翳、鼻渊、鼻衄等<br>###刺灸法::平刺0.5～0.8寸,特点::本穴是治疗神志病和头面五官病的常用穴
水沟穴,针灸学::经络腧穴各论::督脉,1,定位::在面部，人中沟的上[[1/3]]与中1/3交点处<br>###主治1::[[急危重症]]：昏迷、晕厥、中风、中暑、休克、呼吸衰竭等，为急救要穴之一<br>###主治2::神志病：癔症、癫狂痫、急慢惊风等<br>###主治3::面鼻口部病：鼻塞、鼻衄、面肿、口歪、齿痛、牙关紧闭等<br>###主治4::闪挫腰痛、脊背强痛<br>###刺灸法::向上斜刺0.3～0.5寸，强刺激，或指甲掐按,特点::本穴是急救要穴之一，临床常用于昏迷等急症
印堂穴,针灸学::经络腧穴各论::督脉,1,定位::在头部，两眉毛内侧端中间的凹陷中<br>###主治1::[[神志病]]：痴呆、痫证、失眠、健忘等<br>###主治2::头痛，眩晕<br>###主治3::鼻衄，鼻渊<br>###主治4::小儿惊风，产后血晕，子痫<br>###刺灸法::提捏局部皮肤，平刺0.3～0.5寸；或用三棱针点刺出血,特点::本穴是治疗前头痛和鼻病的常用穴
四神聪穴,针灸学::经络腧穴各论::常用奇穴,1,定位::在头部，百会前后左右各旁开[[1寸]]，共4穴<br>###主治1::头痛、眩晕<br>###主治2::[[神志病]]：失眠、健忘、癫痫等<br>###主治3::目疾<br>###刺灸法::平刺0.5～0.8寸,特点::本穴是治疗头痛、眩晕和神志病的常用穴
太阳穴,针灸学::经络腧穴各论::常用奇穴,1,定位::在头部，当眉梢与目外眦之间，向后约一横指的凹陷中<br>###主治1::[[头痛]]<br>###主治2::目疾：目赤肿痛，眼睑瞤动、色盲<br>###主治3::面瘫<br>###刺灸法::直刺或斜刺0.3～0.5寸；或点刺出血,特点::本穴是治疗偏头痛的经验效穴
球后穴,针灸学::经络腧穴各论::常用奇穴,1,定位::在面部，眶下缘外[[1/4]]与内3/4交界处<br>###主治::目赤肿痛，目翳，视物不清、青盲、雀目、口㖞<br>###刺灸法::轻压眼球向上，向眶下缘缓慢直刺0.5～1.5寸，不提插,特点::本穴是治疗眼病的要穴，针刺需特别小心
安眠穴,针灸学::经络腧穴各论::常用奇穴,1,定位::在项部，在翳风穴与风池穴连线之[[中点]]处<br>###主治1::[[失眠]]，头痛，眩晕<br>###主治2::心悸<br>###主治3::癫狂<br>###刺灸法::直刺0.8～1.2寸,特点::本穴是治疗失眠的经验效穴
牵正穴,针灸学::经络腧穴各论::常用奇穴,1,定位::在面部，耳垂前[[0.5～1寸]]的压痛处<br>###主治::口歪，口疮<br>###刺灸法::向前斜刺0.5～0.8寸,特点::本穴是治疗口眼歪斜的经验效穴
金津玉液穴,针灸学::经络腧穴各论::常用奇穴,1,定位::在口腔内，舌下系带的静脉上，左侧为[[金津]]，右侧为[[玉液]]<br>###主治1::舌强，舌肿，喉痹，失语<br>###主治2::消渴，呕吐，腹泻<br>###刺灸法::点刺出血,特点::本穴是治疗舌咽病证的效穴，以点刺出血为主
定喘穴,针灸学::经络腧穴各论::常用奇穴,1,定位::在脊柱区，横平第7颈椎棘突下，后正中线旁开[[0.5寸]]<br>###主治1::哮喘，咳嗽<br>###主治2::肩背痛，落枕<br>###刺灸法::直刺0.5～0.8寸,特点::本穴是治疗哮喘的经验效穴
夹脊穴,针灸学::经络腧穴各论::常用奇穴,1,定位::在脊柱区，第1胸椎至第5腰椎棘突下两侧，后正中线旁开[[0.5寸]]，一侧17穴<br>###主治::适应范围较广，其中上胸部的穴位治疗心肺、上肢疾病；下胸部的穴位治疗胃肠疾病；腰部的穴位治疗腰腹及下肢疾病<br>###刺灸法::直刺0.3～1寸；或斜刺，针尖偏向脊柱；或平刺，向上向下透穴，进针2～3寸；或用梅花针扣刺。亦可用艾炷灸3～7壮；艾条灸5～15分钟,特点::本穴组治疗范围广泛，是临床常用穴组
胃脘下俞穴,针灸学::经络腧穴各论::常用奇穴,1,定位::在脊柱区，横平第8胸椎棘突下，后正中线旁开[[1.5寸]]<br>###主治1::胃痛，腹痛，胸胁痛<br>###主治2::[[消渴]]<br>###刺灸法::斜刺0.3～0.5寸,特点::本穴是治疗消渴的经验效穴
腰眼穴,针灸学::经络腧穴各论::常用奇穴,1,定位::在腰区，横平第4腰椎棘突下，后正中线旁开约[[3.5寸]]凹陷中<br>###主治1::[[腰痛]]<br>###主治2::月经不调、带下<br>###主治3::虚劳<br>###刺灸法::直刺1～1.5寸,特点::本穴是治疗腰痛的经验效穴
子宫穴,针灸学::经络腧穴各论::常用奇穴,1,定位::在下腹部，脐中下[[4寸]]，前正中线旁开3寸<br>###主治::[[妇科病]]：阴挺、月经不调、痛经、崩漏、不孕等<br>###刺灸法::直刺0.8～1.2寸,特点::本穴是治疗妇科病的经验效穴
十宣穴,针灸学::经络腧穴各论::常用奇穴,1,定位::在手指，十指尖端，距指甲游离缘[[0.1寸]]（指寸），左右共10穴<br>###主治1::[[昏迷]]<br>###主治2::癫痫<br>###主治3::高热，咽喉肿痛<br>###主治4::手指麻木<br>###刺灸法::浅刺0.1～0.2寸；或点刺出血,特点::本穴是急救要穴之一，擅长醒神开窍
八邪穴,针灸学::经络腧穴各论::常用奇穴,1,定位::在手背，第1～5指间，指蹼缘后方赤白肉际处，左右共[[8穴]]<br>###主治1::手背肿痛、手指麻木<br>###主治2::烦热<br>###主治3::目痛<br>###主治4::毒蛇咬伤<br>###刺灸法::斜刺0.5～0.8寸；点刺出血,特点::本穴是治疗手部病证的常用穴
四缝穴,针灸学::经络腧穴各论::常用奇穴,1,定位::在手指，第2～5指掌面的近侧指间关节横纹的中央，一手[[4穴]]<br>###主治1::[[小儿疳积]]<br>###主治2::百日咳<br>###刺灸法::直刺0.1～0.2寸；点刺出血或挤出少许黄白色透明黏液,特点::本穴是治疗小儿疳积的经验效穴
二白穴,针灸学::经络腧穴各论::常用奇穴,1,定位::在前臂前区，腕掌侧远端横纹上[[4寸]]，桡侧腕屈肌腱的两侧，一肢2穴<br>###主治1::[[痔疾]]，脱肛<br>###主治2::前臂痛，胸胁痛<br>###刺灸法::直刺0.5～0.8寸,特点::本穴是治疗痔疾的经验效穴
腰痛点穴,针灸学::经络腧穴各论::常用奇穴,1,定位::在手背，第2、3掌骨及第4、5掌骨之间，腕背侧远端横纹与掌指关节中点处，一手[[2穴]]<br>###主治::[[急性腰扭伤]]<br>###刺灸法::由两侧向掌中斜刺0.5～0.8寸,特点::本穴是治疗急性腰扭伤的经验效穴
外劳宫穴,针灸学::经络腧穴各论::常用奇穴,1,定位::在手背，第2、3掌骨间，掌指关节后[[0.5寸]]（指寸）凹陷中<br>###主治1::[[落枕]]<br>###主治2::手臂肿痛、手指麻木<br>###主治3::脐风<br>###刺灸法::直刺0.5～0.8寸,特点::本穴是治疗落枕的经验效穴
膝眼穴,针灸学::经络腧穴各论::常用奇穴,1,定位::在膝部，髌韧带内侧凹陷处的中央。屈膝，在髌韧带两侧凹陷处，在内侧的称为内膝眼，外侧为外膝眼（外膝眼即犊鼻，犊鼻为足阳明胃经穴）<br>###主治1::膝痛，腿痛<br>###主治2::脚气<br>###刺灸法::向膝中斜刺或透刺对侧膝眼0.5～1寸,特点::本穴是治疗膝关节病证的常用穴
胆囊穴,针灸学::经络腧穴各论::常用奇穴,1,定位::在小腿外侧，腓骨小头直下[[2寸]]<br>###主治1::[[胆腑病]]：急慢性胆囊炎、胆石症、胆道蛔虫症等<br>###主治2::下肢痿痹<br>###刺灸法::直刺1～2寸,特点::本穴是治疗胆腑病的经验效穴
阑尾穴,针灸学::经络腧穴各论::常用奇穴,1,定位::在小腿外侧，髌韧带外侧凹陷下[[5寸]]，胫骨前嵴外一横指（中指）<br>###主治1::[[急慢性阑尾炎]]，腹痛、胃痛<br>###主治2::消化不良<br>###主治3::下肢痿痹<br>###刺灸法::直刺1.5～2寸,特点::本穴是治疗阑尾炎的经验效穴
选择体位,针灸学::刺灸法::毫针刺法::针刺前准备,1,仰卧位::前身部（头、面、颈前部、胸腹、四肢前面），如同时针刺中脘、章门、内关、足三里、三阴交等穴<br>###侧卧位::身体侧面（侧头、胁肋、侧腰、臀部、四肢侧面）<br>###俯卧位::后身部（头、后颈项、脊背、腰骶部、臀、下肢后侧）<br>###仰靠坐位::前头面、颈前部、胸部、四肢部位<br>###俯伏坐位::后头和项、背部<br>###侧伏坐位::头部的一侧、面颊及耳前后部位,原则::选择体位以患者舒适、医者能正确取穴和方便操作为原则
消毒方法,针灸学::刺灸法::毫针刺法::针刺前准备,1,针具器械消毒::清洗（冲洗、洗涤、漂洗、终末漂洗）→消毒（75%乙醇、酸性氧化电位水）→灭菌（压力蒸汽灭菌法）<br>###医者手指消毒::肥皂水、消毒凝胶<br>###针刺部位消毒::安尔碘皮肤消毒<br>###治疗室内消毒::保持空气流通，环境卫生洁净，每天以紫外线灯照射消毒1小时,重要性::严格消毒是防止感染的关键
单手进针法,针灸学::刺灸法::毫针刺法::进针法,1,定义::是指用刺手将针刺入穴位的方法<br>###适用范围::适用于各种规格的毫针进针，但多用于[[较短的毫针]],特点::操作简便，但对长针不太适用
双手进针法,针灸学::刺灸法::毫针刺法::进针法,1,指切进针法::用左手拇指或食指端切按在腧穴位置的旁边，右手持针，紧靠左手指甲面将针刺入腧穴，又称[[爪切进针法]]。适宜于短针的进针<br>###夹持进针法::用左手拇、食两指持捏消毒干棉球，夹住针身下端，将针尖固定在所刺腧穴的皮肤表面，左手下压，右手捻动针柄，双手配合，将针刺入穴位。适用于[[长针]]的进针<br>###舒张进针法::用左手拇、食两指将拟刺入腧穴部位的皮肤向两侧撑开，使皮肤绷紧，右手持针，使针从左手拇、食两指的中间刺入。主要用于[[皮肤松弛部位]]的腧穴，如腹部腧穴<br>###提捏进针法::用左手拇、食两指将拟刺入腧穴部位的皮肤提起，右手持针，从捏起的上端将针刺入。主要用于[[皮肉浅薄部位]]的腧穴，如印堂穴<br>###弹针进针法::押手拇、食指末节指腹捏一无菌干棉球握住针身下段，留出针尖2～3分，对准穴上，用刺手食指或中指指甲对准针尾弹击，使针迅速刺入。用于较短的毫针的进针,要点::双手进针法需要押手和刺手配合
针管进针法,针灸学::刺灸法::毫针刺法::进针法,1,定义::利用针管将针刺入穴位的方法<br>###适用范围::多用于[[儿童与惧针者]],特点::患者疼痛感较轻，适合儿童和怕针的患者
针刺方向,针灸学::刺灸法::毫针刺法::针刺方向角度深度,1,依经络循行定方向::根据治疗需要使用的针刺补泻手法，采用顺经络而刺的补法，或逆经络而刺的泻法<br>###依腧穴位置定方向::根据腧穴的局部解剖，针刺某些穴位时，必须朝向某一特定方向进针，如哑门穴针尖应朝下颌方向缓慢刺入<br>###依病性病位定方向::根据病情的治疗需要、病位的深浅不同、病性的虚实，选择针刺方向朝向阳经而刺或阴经而刺,原则::针刺方向的选择要结合经络循行、穴位特点和病情需要
针刺角度,针灸学::刺灸法::毫针刺法::针刺方向角度深度,1,直刺::针身与皮肤表面呈[[90°]]角左右垂直刺入。适用于人体大部分腧穴尤其是[[肌肉较为丰厚]]的部位，如四肢、腰臀、腹部的穴位<br>###斜刺::针身与皮肤表面呈[[45°]]角左右倾斜刺入。适用于[[肌肉较浅薄处或内有重要脏器处]]的腧穴，如胸背部腧穴<br>###平刺::即横刺、沿皮刺，针身与皮肤表面呈[[15°]]角左右沿皮刺入。适用于[[皮薄肉少部位]]的腧穴，如头部、胸胁部的腧穴等,选择依据::根据穴位所在部位的肌肉厚度和有无重要脏器来选择
针刺深度,针灸学::刺灸法::毫针刺法::针刺方向角度深度,1,察形气定深浅::体弱形弱者宜浅刺；体强形肥者宜深刺<br>###观年龄定深浅::年老体弱、小儿娇嫩之体，宜浅刺；中青年身强体壮者，宜深刺<br>###辨病情定深浅::阳证、表证、热证、虚证、新病宜浅刺；阴证、里证、寒证、实证、久病宜深刺<br>###识部位定深浅::头面、胸腹及皮薄肉少处的腧穴，宜浅刺；四肢、臀、腹及肌肉丰满处的腧穴宜深刺<br>###辨经络定深浅::阳经属表，刺之宜浅刺；阴经属里，刺之宜深刺<br>###合时令定深浅::一般按照[[春夏宜浅、秋冬宜深]]的原则,原则::针刺深度要综合考虑体质、年龄、病情、部位、经络和季节等因素
提插法,针灸学::刺灸法::毫针刺法::行针手法,1,定义::将针刺入腧穴一定深度后，施以上提下插的操作手法<br>###操作::提插时的指力要均匀一致，幅度不宜过大，以[[3～5分钟]]为宜，每分钟[[60～90次]]左右，保持针身垂直，不改变针刺角度、方向<br>###刺激量::行针时提插的幅度大，频率快，用力重，操作时间长，刺激量就大；反之，刺激量就小,特点::提插法是行针的基本手法之一
捻转法,针灸学::刺灸法::毫针刺法::行针手法,1,定义::将针刺入腧穴一定深度后，使针在腧穴内反复前后来回旋转的行针手法<br>###操作::捻转时，指力要均匀，角度应掌握在[[180°]]左右，不能单向捻针，否则针身易被肌纤维等缠绕，引起局部疼痛和滞针<br>###刺激量::捻转角度大，频率快，用力重，操作时间长，其刺激量就大；反之，刺激量就小,注意::不能单向捻针，防止滞针
循法,针灸学::刺灸法::毫针刺法::辅助手法,1,定义::医者用手指顺着经脉的循行路径，在腧穴的上下部轻柔地循按的方法<br>###作用::[[推动气血，激发经气，可催气]],应用::适用于针刺不得气时
弹法,针灸学::刺灸法::毫针刺法::辅助手法,1,定义::针刺后在留针过程中，以手指轻弹针尾或针柄，使针体微微振动的方法<br>###作用::[[催气、行气]],应用::适用于留针期间
刮法,针灸学::刺灸法::毫针刺法::辅助手法,1,定义::毫针刺入一定深度后，经气未至，以拇指或食指的指腹抵住针尾，用拇指、食指或中指指甲，由下而上或由上而下频频刮动针柄的方法<br>###作用::在针刺不得气时用之可[[激发经气]]，如已得气者可以[[加强针刺感应的传导和扩散]],应用::适用于不得气或得气不明显时
摇法,针灸学::刺灸法::毫针刺法::辅助手法,1,定义::毫针刺入一定深度后，手持针柄，将针轻轻摇动的方法<br>###作用::①摇以行气，直立针身而摇，以加强针感；②卧倒针身而摇，使针感向一定方向传导,应用::根据针身直立或卧倒决定针感传导方向
飞法,针灸学::刺灸法::毫针刺法::辅助手法,1,定义::针后不得气者，用右手拇、食指执持针柄，细细捻搓数次，然后张开两指，一搓一放，反复数次，状如飞鸟展翅，称为飞法<br>###作用::[[催气、行气]]，并使针刺感应增强,应用::适用于不得气或得气不明显时
震颤法,针灸学::刺灸法::毫针刺法::辅助手法,1,定义::针刺入一定深度后，右手持针柄，用小幅度、快频率的提插、捻转手法，使针身轻微震颤的方法<br>###作用::[[促使针下得气，增强针刺感应]],应用::适用于不得气或得气不明显时
得气的表现,针灸学::刺灸法::毫针刺法::得气,1,患者感受::得气时，患者的针刺部位可有[[酸、麻、胀、重]]等自觉反应，还可出现[[热、凉、痒、痛、抽搐、蚁行]]等感觉，或呈现沿着一定的方向和部位传导和扩散的现象<br>###医者感觉::得气时，医者的刺手亦能体会到针下[[沉紧、涩滞或针体颤动]]等反应,重要性::得气与否是判断针刺疗效的重要指标
得气的临床意义,针灸学::刺灸法::毫针刺法::得气,1,意义::得气与否以及气至的迟速，不仅关系到[[针刺的治疗效果]]，而且可以借此判断正气的盛衰、疾病的预后转归<br>###得气迅速::疗效较好<br>###得气较慢::效果较差<br>###不得气::难以取效,临床价值::得气是针刺取效的关键
捻转补泻,针灸学::刺灸法::毫针刺法::补泻手法,1,补法::下针得气后，以[[拇指左转（向前）时用力重、右转（向后）用力轻]]，捻转角度小，频率慢，操作时间短者为补法<br>###泻法::以[[拇指右转（向后）时用力重，左转（向前）时用力轻]]，捻转角度大，频率快，操作时间长者为泻法,特点::捻转补泻是以捻转方向和力度来区分补泻
提插补泻,针灸学::刺灸法::毫针刺法::补泻手法,1,补法::得气后，先浅后深，[[重插轻提]]，以下插用力为主，提插幅度小，频率慢，操作时间短者为补法<br>###泻法::先深后浅，[[轻插重提]]，以上提用力为主，提插幅度大，频率快，操作时间长者为泻法,特点::提插补泻是以提插的力度和幅度来区分补泻
疾徐补泻,针灸学::刺灸法::毫针刺法::补泻手法,1,补法::[[进针时徐入，少捻转，疾速出针]]者为补法<br>###泻法::[[进针时速入，多捻转，徐出针]]者为泻法,特点::疾徐补泻是以进针和出针的速度来区分补泻
迎随补泻,针灸学::刺灸法::毫针刺法::补泻手法,1,补法::进针时，[[针尖随着经脉循行去的方向刺入]]为补法<br>###泻法::[[针尖迎着经脉循行来的方向刺入]]为泻法,特点::迎随补泻是以针尖方向与经脉循行方向的关系来区分补泻
呼吸补泻,针灸学::刺灸法::毫针刺法::补泻手法,1,补法::病人[[呼气时进针，吸气时出针]]为补法<br>###泻法::[[吸气时进针，呼气时出针]]为泻法,特点::呼吸补泻是结合患者呼吸进行补泻
开阖补泻,针灸学::刺灸法::毫针刺法::补泻手法,1,补法::出针后迅速[[揉按（按闭）针孔]]为补法<br>###泻法::出针时[[摇大针孔]]而不立即揉按为泻法,特点::开阖补泻是根据出针时是否按闭针孔来区分补泻
平补平泻,针灸学::刺灸法::毫针刺法::补泻手法,1,定义::进针得气后[[均匀地提插、捻转]]后即可出针,应用::适用于虚实不明显的病证
晕针,针灸学::刺灸法::毫针刺法::针刺异常情况,1,表现::针刺时或留针过程中，患者突然出现精神疲倦，头晕目眩，面色苍白，恶心欲吐，多汗，心慌，四肢发冷，血压下降，脉象沉细，或神志昏迷，晕倒在地<br>###处理::1.停止针刺，将针全部起出；2.使患者仰卧，头部放低；3.轻者饮温开水或糖水；4.重者刺人中、素髎、内关、足三里等穴<br>###预防::初次治疗、紧张或虚弱者，应先做好解释；体位最好采用卧位；若饥饿、疲劳、大渴时，应令其进食、休息、饮水后再予针刺,重要性::晕针是最常见的针刺异常情况
滞针,针灸学::刺灸法::毫针刺法::针刺异常情况,1,表现::行针或留针后[[医者感觉针下涩滞，捻转不动，提插、出针均感困难]]，若勉强捻转、提插时，则患者痛剧<br>###处理::1.嘱其不要紧张，使局部肌肉放松；2.在局部循按或叩弹针柄，或在附近再刺一针；3.若行针不当，或单向捻转而致者，可向相反方向将针捻回<br>###预防::做好解释，消除患者顾虑；注意行针的操作手法，避免单向捻转,原因::多因患者精神紧张或医者捻转不当引起
血肿,针灸学::刺灸法::毫针刺法::针刺异常情况,1,表现::出针后针孔出血，针刺部位肿胀疼痛，继则皮肤呈现[[青紫色]]<br>###处理::1.若微量的皮下出血而局部小块青紫时，一般不必处理；2.若局部肿胀疼痛较剧，青紫面积大而影响到活动功能时，在24小时内先冷敷止血，24小时之后，再做热敷<br>###预防::仔细检查针具，熟悉人体解剖部位，避开血管针刺；出针时立即用消毒干棉球按压针孔,处理原则::先冷敷后热敷
创伤性气胸,针灸学::刺灸法::毫针刺法::针刺异常情况,1,表现::轻者出现胸闷、胸痛、心悸、呼吸不畅；重者出现呼吸困难，唇甲发绀、血压下降等症状。体格检查时，可见患侧胸部肋间隙变宽，肺脏叩诊过清音，听诊患侧呼吸音减弱或消失<br>###处理::1.一旦发生气胸，应立即出针；2.患者采取半卧位休息；3.密切观察病情，随时对症处理；4.对严重者需及时抢救，如胸腔闭式引流排气<br>###预防::医者必须熟悉人体及穴位局部解剖；患者体位适当；严格掌握进针的深度、角度；掌握特殊穴位的针刺禁忌,严重性::气胸是针刺最严重的异常情况之一
刺伤内脏,针灸学::刺灸法::毫针刺法::针刺异常情况,1,表现::刺伤内脏主要症状是疼痛和出血。刺伤心脏时可出现胸痛；刺伤肝、脾时可引起内出血；刺伤肾脏时可有腰痛、血尿<br>###处理::1.损伤轻者，卧床休息后，一般即可自愈；2.如果损伤严重或有继续出血倾向者，应用止血药等对症处理；3.若损伤严重，出血较多，出现失血性休克时，则必须迅速进行输血等急救<br>###预防::医者必须熟悉人体解剖学、腧穴学；掌握腧穴结构，明确腧穴下的脏器组织,预防关键::熟悉解剖，掌握针刺深度
施术部位注意事项,针灸学::刺灸法::毫针刺法::注意事项,1,避开重要脏器::对胸、胁、腰、背、缺盆等部位的腧穴，一般不宜直刺、深刺，以免伤及脏腑<br>###避开重要器官组织::眼区穴位，针刺不宜大幅度提插、捻转；顶部深层为延髓，脊柱的深层为脊髓，均不可深刺<br>###避开特殊部位::大血管附近的腧穴，如人迎、委中等，应避开血管针刺；乳中、脐中一般不刺；皮肤有感染、溃疡、创伤、瘢痕或肿瘤的部位，不宜针灸,重要性::施术部位的注意事项是防止针刺异常情况的关键
患者状态注意事项,针灸学::刺灸法::毫针刺法::注意事项,1,体质状态::初病、体质强壮者，针灸治疗量宜大；久病、体质虚弱者和老人、儿童，针灸治疗量宜小<br>###机能状态::对于大醉、大怒、饥饿、疲劳、精神过度紧张的患者，不宜立即针灸。妇女行经时，若非为了调经，亦慎用针刺。孕妇尤其有习惯性流产史者，应慎用针灸治疗<br>###孕妇禁忌::孕妇下腹、腰骶部及三阴交、合谷、昆仑、至阴等具有通经活血功能的腧穴，应禁行针刺,原则::根据患者状态调整针灸治疗量
病情性质注意事项,针灸学::刺灸法::毫针刺法::注意事项,1,病情程度::对身体瘦弱，气虚血亏的患者，手法不宜过强；气血严重亏虚者，不宜针刺；形体极度消瘦者，不宜针刺<br>###疾病性质::表证宜浅刺，表寒者应久留针，表热者应疾出针；里证宜深刺，里寒者可用补法、灸法，里热者应行泻法,原则::根据病情性质选择针刺方法
灸法的种类,针灸学::刺灸法::灸法,1,艾炷灸::包括直接灸（无瘢痕灸、瘢痕灸）和间接灸（隔姜灸、隔蒜灸、隔盐灸、隔附子饼灸等）<br>###艾条灸::包括悬起灸（温和灸、雀啄灸、回旋灸）和实按灸（太乙神针、雷火神针）<br>###其他灸法::灯火灸、天灸（白芥子灸、细辛灸、天南星灸、蒜泥灸等）,分类::灸法分为艾灸和其他灸法两大类
灸法的作用,针灸学::刺灸法::灸法,1,防病保健::灸法可以激发人体正气，增强抗病能力，无病时施灸有防病保健的作用<br>###温经散寒::灸火的温和热力具有直接的温经通络、驱散寒邪之功，灸法更适合治寒性病证<br>###扶阳固脱::灸火的热力具有扶助阳气、举陷固脱的功能，阳气下陷或欲脱之危证，可用灸法<br>###消瘀散结::艾灸具有行气活血、消瘀散结的作用<br>###引热外行::灸火的温热能使皮肤腠理开放，毛窍通畅，引热外行,特点::灸法善于温补，适合寒证和虚证
瘢痕灸,针灸学::刺灸法::灸法,1,定义::又称化脓灸，临床上多用小艾炷<br>###操作::施灸前先在施术部位涂以少量的凡士林或大蒜汁以增强黏附和刺激作用，然后放置艾炷，从上端点燃，烧近皮肤时患者有灼痛感，可用手在穴位四周拍打以减轻疼痛。可灸3～9壮。灸毕，在施灸穴位上贴敷消炎药膏，大约1周可化脓形成灸疮。灸疮5～6周愈合，留有瘢痕<br>###适用范围::临床常用于治疗哮喘、肺痨、瘰疬等慢性顽疾,注意::灸后留有瘢痕，灸前必须征求患者的同意及合作
无瘢痕灸,针灸学::刺灸法::灸法,1,定义::又称无化脓灸，因施灸后皮肤不起疱，不留瘢痕，故名<br>###操作::先在所灸部位涂以少量的凡士林，使艾炷便于黏附，后将大小适宜的艾炷置于腧穴上点燃施灸，当艾炷燃剩2/5左右，患者感到烫时，用镊子将艾炷夹去，换炷再灸，一般灸3～6壮，以局部皮肤充血、红晕为度<br>###适用范围::此法适用于[[慢性虚寒性疾病]]，如哮喘、眩晕、慢性腹泻、风寒湿痹和风湿顽痹等,特点::施灸后不留瘢痕，患者痛苦较小
隔姜灸,针灸学::刺灸法::灸法,1,定义::将鲜姜切成直径大约2～3厘米，厚约0.2～0.3厘米的薄片，中间以针刺数孔，后将姜片置于应灸部位，再将艾炷放在姜片上点燃施灸<br>###操作::当艾炷燃尽，可易炷再灸。一般6～9壮，以皮肤红晕而不起水疱为度<br>###适用范围::[[温胃止呕，散寒止痛]]。常用因寒而致的呕吐、腹痛、风寒湿痹（痛痹）、便秘（寒秘）、外感表证等病,特点::隔姜灸应用较广，温胃散寒效果好
隔蒜灸,针灸学::刺灸法::灸法,1,定义::将鲜大蒜头切成厚约0.2～0.3厘米的薄片，中间以针刺数孔，置于应灸部位，后将艾炷放在蒜片上，点燃施灸<br>###操作::当艾炷燃尽，易炷再灸，一般5～7壮<br>###适用范围::[[清热解毒，杀虫]]。此法多用于治疗瘰疬、肺结核、腹中积块及未溃疮疡（肿疡初起）等,特点::隔蒜灸善于清热解毒
隔盐灸,针灸学::刺灸法::灸法,1,定义::因本法只用于脐部，又称神阙灸。用纯净干燥的食盐填敷于脐部，使其与脐平，上置艾炷施灸<br>###操作::如患者稍感灼痛，即更换艾炷。也可于盐上放置姜片后再施灸，一般灸5～9壮<br>###适用范围::[[回阳救逆，固脱]]。临床上常用于治疗急性寒性腹痛、吐泻、痢疾、小便不利、中风脱证等,特点::隔盐灸善于回阳固脱
隔附子饼灸,针灸学::刺灸法::灸法,1,定义::以附子片或附子药饼作为间隔物，一般灸3～9壮<br>###适用范围::附子温肾补阳，故此法多用于治疗[[命门火衰]]而致的阳痿、早泄、遗精、宫寒不孕和疮疡久溃不敛的病证,特点::隔附子饼灸善于温肾壮阳
温和灸,针灸学::刺灸法::灸法,1,定义::施灸时将艾卷的一端点燃，对准应灸的部位，约距皮肤2～3厘米左右，进行熏烤，使患者局部有温热感而无灼痛感为宜<br>###操作::每处灸10～15分钟为宜，至皮肤红晕为度<br>###适用范围::温和灸、雀啄灸、回旋灸一般病证均可采用，但[[温和灸多用于治疗慢性病证]],特点::温和灸热度温和，患者舒适
雀啄灸,针灸学::刺灸法::灸法,1,定义::施灸时，将艾卷点燃的一端与施灸部位的皮肤并不固定在一定距离，而是像鸟雀啄食一样，一上一下活动地施灸<br>###适用范围::[[雀啄灸、回旋灸多用于治疗急性病证]],特点::雀啄灸刺激量较大
回旋灸,针灸学::刺灸法::灸法,1,定义::施灸时，艾卷点燃的一端与施灸部位的皮肤虽保持一定的距离，但不固定，而是向左右方向移动或反复旋转地施灸<br>###适用范围::多用于治疗[[急性病证]],特点::回旋灸刺激面积较大
温针灸,针灸学::刺灸法::灸法,1,定义::是针刺与艾灸相结合的方法，适用于既需要针刺留针，又需要施灸的疾病<br>###操作::在针刺得气后，将针留在适当的深度，在针柄上穿置一段长约2厘米的艾卷施灸，每穴每次可施灸1～3壮，施灸完毕后再将针取出<br>###适用范围::适用于既需要针刺留针又需要施灸的疾病,特点::温针灸兼具针刺和艾灸的双重作用
灸法注意事项,针灸学::刺灸法::灸法,1,先后顺序::一般：先灸阳经，后灸阴经；先灸上部，再灸下部。壮数：先灸少而后灸多。大小：先灸艾炷小者而后灸大者<br>###禁忌::面部穴位、乳头、大血管等处均不宜使用直接灸；孕妇的腹部和腰骶部不宜施灸<br>###灸后处理::施灸过量，时间过长，局部出现水疱，只要不擦破，可任其自然吸收；瘢痕灸者，在灸疮化脓期间，疮面局部勿用手搔，以保护痂皮,原则::施灸应注意先后顺序和禁忌
拔罐法概述,针灸学::刺灸法::拔罐法,1,定义::拔罐法是以罐为工具，利用燃烧、抽气等方法促使罐内产生负压，使之吸附于体表的腧穴或疼痛部位，通过负压、温热等作用，使局部皮肤充血、淤血，达到防治疾病的目的的方法<br>###罐的种类::[[玻璃罐、竹罐、陶罐、抽气罐]]<br>###吸罐的方法::火吸法（闪火法、投火法、滴酒法、贴棉法）、水罐法、抽气法,作用::开泄腠理、祛风散寒、通经活络、行气活血、祛瘀生新、消肿止痛
闪罐法,针灸学::刺灸法::拔罐法,1,定义::将罐吸拔住后，立即起下，如此反复多次，直至皮肤潮红、充血或瘀血为度<br>###操作要点::①选取适宜体位；②选用大小适宜的罐具；③用镊子夹紧95%的酒精棉球点燃；④如此反复多次地拔住起下、起下拔住<br>###适应范围::多用于[[局部皮肤麻木、疼痛或功能减退等疾患]]，尤其适用于不宜留罐的患者或部位，如小儿、面瘫患者的面部等,特点::闪罐法刺激量较小，适合敏感部位
留罐法,针灸学::刺灸法::拔罐法,1,定义::又称坐罐法。将罐具吸拔在皮肤留置5～15分钟，然后将罐起下<br>###操作要点::①选取适宜体位；②选用大小适宜的罐具；③用止血钳或镊子夹住95%的酒精棉球点燃；④留罐时间，以局部皮肤红润、充血或瘀血为度，一般为10～15分钟<br>###适应范围::[[一般疾病均可应用]]，或用于平素保健，解除疲劳，视情况用单罐或多罐,特点::留罐法是最常用的拔罐方法
走罐法,针灸学::刺灸法::拔罐法,1,定义::又称推罐法。一般用于面积较大、肌肉丰厚的部位，如腰背部、大腿部等<br>###操作要点::操作前需在治疗部位涂抹润滑油（凡士林、红花油等）。选用口径较大的玻璃罐，用闪火法将罐吸住后，再以手握住罐底，稍倾斜，即在[[走罐方向]]的皮肤表面涂润滑油，将罐吸拔于体表，推拉走罐，如此反复推拉、移动，直至皮肤出现潮红或深红时，将罐起下<br>###注意事项::①选取适宜体位；②选用大小适宜的罐具；③应选用闪火法；④走罐时，罐的走行应与走罐方向一致<br>###适应范围::[[走罐法]]多用于治疗急性热病、瘫痪、麻痹、肌肉萎缩、腰背风湿痹痛等症，常用于外感表证、颈肩腰腿痛、肌肉萎缩等,
刺血拔罐法,针灸学::刺灸法::拔罐法,1,定义::刺血拔罐法，又称刺络拔罐法或刺血拔罐法。即在应拔罐部位的皮肤消毒后，用[[三棱针]]、皮肤针或粗毫针点刺出血或叩刺出血后，再行拔罐<br>###操作要点::在拔罐部位的皮肤消毒后，用三棱针、皮肤针或粗毫针点刺出血或叩刺出血后，再行拔罐，留罐5～10分钟，每处出血量约1～3毫升。出血量的多少，根据疾病的需要和部位的肌肉厚薄而定，一般以血液颜色呈暗红色为度<br>###适应范围::多用于[[各种急慢性软组织损伤]]、神经性皮炎、皮肤瘙痒、丹毒、坐骨神经痛、哮喘、头痛以及急慢性扭伤等,
拔罐法注意事项,针灸学::刺灸法::拔罐法,1,"注意要点::拔罐时要选择适当体位和肌肉丰满的部位,根据所拔部位的面积大小而选择大小适宜的罐具,用火罐时须注意勿灼伤或烫伤皮肤,皮肤有过敏、溃疡、水肿及大血管分布部位，不宜拔罐,高热抽搐者，不宜拔罐；孕妇的腹部、腰骶部不宜拔罐",特点::拔罐法注意事项共5条
三棱针法概述,针灸学::刺灸法::三棱针法,1,定义::三棱针法是用三棱针刺破穴位或特定部位的[[浅表血管]]，放出少量血液以防治疾病的方法<br>###适应范围::三棱针法具有[[通经活络、开窍泄热、调和气血、消肿止痛]]等作用。凡各种实证、热证、瘀血、疼痛等均可应用。常用于某些急症，如昏厥、高热、中暑、中风闭证、咽喉肿痛、目赤肿痛、顽癣、疖肿初起、瘀证、头痛、指（趾）麻木等,
点刺法,针灸学::刺灸法::三棱针法,1,定义::点刺法是三棱针刺法中[[最常用]]的方法。是在俞穴部位迅速点刺，放出少量血液或挤出少量黏液<br>###操作要点::①选取适宜体位；②医者双手常规消毒；③针刺部位常规消毒；④针刺时，医者左手拇指、食指、中指三指夹紧被刺部位或穴位，右手持针，用拇指、食指两指捏住针柄、中指指腹紧靠针身下端，针尖露出3～5毫米，对准已消毒的部位或穴位，刺入2～3毫米深<br>###适应范围::用于[[急症、实证、热证]]，如高热、中风闭证、昏厥、咽喉肿痛、目赤肿痛、指（趾）麻木等,
刺络法,针灸学::刺灸法::三棱针法,1,定义::刺络法是用三棱针刺[[络脉]]出血的方法<br>###操作要点::先用橡皮管结扎在针刺部位上端（近心端），用拇指推压被刺部位下端，然后用三棱针对准刺络部位，刺入脉中2～3毫米，再迅速退针，使其出血少许，一般出血量以1～2毫升为宜，后按压止血<br>###适应范围::用于[[急性吐泻]]、急性中暑、高热、中风闭证、昏厥、目赤肿痛、咽喉肿痛、指（趾）麻木等,
散刺法,针灸学::刺灸法::三棱针法,1,定义::散刺法又称[[豹纹刺]]，是在病变局部周围进行多点点刺的方法<br>###操作要点::根据病变部位大小的不同，可刺10～20针，由病变外缘环形向中心点刺，以排出瘀血或水肿<br>###适应范围::用于[[局部瘀血、水肿]]、顽癣、疖肿初起等,
挑刺法,针灸学::刺灸法::三棱针法,1,定义::挑刺法是用三棱针挑断[[皮下纤维组织]]以治疗疾病的方法<br>###操作要点::选取适宜体位，选取反应点，常规消毒，用三棱针刺入反应点皮下，将针身倾斜并轻轻提高，挑断皮下部分白色纤维组织，挑刺后，用无菌干棉球按压片刻止血<br>###适应范围::多用于[[肩周炎、胃痛、颈椎综合征]]及部分皮肤病如痤疮、白癜风等,
皮肤针法概述,针灸学::刺灸法::皮肤针法,1,定义::皮肤针法是用特制的皮肤针叩刺[[体表的一定部位]]以治疗疾病的方法<br>###适应范围::皮肤针法具有[[疏通经络，调节脏腑功能]]的作用。临床上应用十分广泛，常用于头痛、胁痛、脊背痛、腰腿痛、痹证、失眠、胃肠病、高血压、神经性皮炎、斑秃、顽癣等<br>###针头::皮肤针是丛针浅刺的一种方法，古代称为[[毛刺]]、扬刺、半刺。现代皮肤针因其针头的形状和所含针数的不同，又分别称为梅花针（5枚针）和七星针（7枚针）,
皮肤针操作要点,针灸学::刺灸法::皮肤针法,1,"操作要点::①针具检查：针尖必须平齐、无钩；②刺法：将针具和皮肤消毒后，针尖对准叩刺部位，运用手腕的弹力，均匀而有节奏地弹刺，使针尖刺入皮肤后再抬起，如此反复弹刺<br>###刺激强度::[object Object]<br>###刺激强度与适应证::轻刺：适用于头面部、久病、体弱患者,中刺：适用于一般部位、一般疾病,重刺：适用于背部、四肢肌肉丰厚处、年轻体强、实证患者",
皮肤针治疗部位,针灸学::刺灸法::皮肤针法,1,穴位叩刺::按体针取穴原则，每次选用2～3个穴位进行皮肤针治疗<br>###部位叩刺::常用于脊柱两侧（背俞穴），是皮肤针治疗的常规部位<br>###循经叩刺::循经脉循行路线进行叩刺，常用于项背腰部的督脉和膀胱经<br>###重点叩刺::在脊柱两侧及其他特定部位进行重点叩刺,注意事项::注意检查针具、调整刺激强度，消毒
电针法概述,针灸学::刺灸法::电针法,1,定义::电针法是在[[毫针针刺]]得气的基础上，在针上通以微量低频脉冲电流，以毫针代替电极刺激穴位的一种方法<br>###电针仪器::常用的电针仪器是电针仪。电针仪型号较多，但作用原理基本相同<br>###适应范围::电针法的适应范围基本与毫针刺法相同，故临床上凡[[能应用毫针治疗]]的疾病，均可采用电针治疗，对某些疾病如痹证、中风后遗证、腰腿痛、胃下垂、麻痹、尿潴留等疗效更佳,
电针刺激参数,针灸学::刺灸法::电针法,1,刺激参数::[object Object],
电针波形及作用,针灸学::刺灸法::电针法,1,疏密波::疏密波是疏波和密波自动交替出现的一种波形，疏密交替持续的时间各约1.5秒，能克服单一波形易产生适应的缺点。[[临床常用于各种痛证、扭挫伤、关节周围炎、坐骨神经痛、面瘫、肌无力、瘫痪]]等<br>###连续波::连续波是连续、等幅的脉冲波形。有高频连续波（频率每秒在50～100次）和低频连续波（频率每秒在10～50次）两种。临床常用于各种痛证、针刺麻醉等<br>###断续波::断续波是时断时续的脉冲波形，是有节律地时断时续自动出现的一种疏波。断续波形，机体不易产生适应，其作用较连续波更为强烈。[[临床常用于痿证、瘫痪]],
电针操作要点及注意事项,针灸学::刺灸法::电针法,1,"操作要点::①选取适宜体位，穴位皮肤常规消毒，针刺得气后，再接电针仪,②先将电针仪的输出电位器调至零位，输出线的正负极分别接在两根毫针柄上,③打开电源，选好波形、频率，慢慢调节输出电流的强度至所需量,④治疗完毕，须先将输出电位器退回零位，再关闭电源，最后拆除导线，将毫针捻动几下后取出<br>###注意事项::①患有严重心脏病者，应慎用电针,②电针刺激量较大，须注意防止发生晕针,③正在使用直流电心脏起搏器的患者，不允许使用电针仪,④电针仪在使用前须检查性能是否良好，输出线路是否接触良好,⑤如电流输出时断时续，须注意导线接触是否良好,⑥注意电流强度的调节要从小到大，避免电刺激量过大发生折针,⑦靠近延髓、脊髓部位使用电针时，电流强度宜小，以避免发生心跳、呼吸抑制,⑧孕妇禁用电针",
电针法详细操作,针灸学::刺灸法::电针法,1,概念::将针刺入腧穴得气后，在针具上通以接近人体生物电的微量电流，利用针和电的两种刺激相结合，以治疗疾病的一种方法<br>###选穴方法::除按经络辨证、脏腑辨证取穴外，通常还可用于神经干通过处和肌肉神经运动点取穴，如：头面部取翳风（面神经）、下关（三叉神经）；上肢部取曲池（桡神经）、内关（正中神经）；下肢部取环跳（坐骨神经）、委中（胫神经）、阳陵泉（腓总神经）；腰骶部取气海俞（腰神经）、八髎（骶神经）<br>###取穴方法::针刺得气后方可通以电针，电针仪在使用前必须先将电流输出调节旋钮调至[['0'位]]，再将电针仪上每对输出的2个电极分别连接在2根毫针上，连接时一般负极接主穴，正极接配穴；如只需在某一单穴应用电针，可把一根导线接在针柄上，另一根导线接上用水浸湿的纱布，固定在同侧离针稍远的皮肤上<br>###治疗时间::一般每次持续通电15～20分钟，接通电针后患者可出现得气感或见肌肉节律性收缩。其间若患者由于产生适应性，感到电流减弱，可适当增加刺激强度，或采用间歇通电的方法，即断电1～2分钟后再行通电。电针刺完毕后，应先将电流输出旋钮退至[['0'位]]，然后关闭电源开关，取下导线，最后按常规起针方法将针取出,特点::电针操作强调从0开始调节电流强度
电针刺激参数详解,针灸学::刺灸法::电针法,1,电针刺激参数::电针刺激参数包括波型、波幅、波宽、频率和持续时间等，综合体现为刺激量<br>###连续波::连续波由基本脉冲波简单重复，中间没有停顿，频率连续可调，每分钟几十次至每秒钟几百次不等。一般频率低于30Hz的连续波叫疏波，频率高于30Hz的叫密波。[[密波]]易抑制感觉神经和运动神经，常用于止痛、镇静、缓解肌肉和血管痉挛等；[[疏波]]短时兴奋肌肉，提高肌肉韧带的张力，调节血管的舒缩功能，改善血液循环，促进神经肌肉功能的恢复，长时间使用则抑制感觉神经和运动神经，常用于治疗瘫痪、慢性疼痛以及各种肌肉、关节、韧带、肌腱的损伤等<br>###疏密波::疏密波是疏波、密波交替出现的一种波形，疏、密波交替持续的时间各约1.5秒。可克服单一波型易产生耐受现象的缺点，增强代谢，促进血液循环和淋巴循环，改善组织营养，消除炎性水肿等，[[常用于各种痛症、软组织损伤、关节周围炎、腰背筋膜劳损、面瘫、肌无力、针刺麻醉、局部冻伤；出血、气血运行障碍、坐骨神经痛等]],特点::不同频率的电刺激能促进不同中枢神经递质的释放
电针波幅、波宽、频率及适用范围,针灸学::刺灸法::电针法,1,波幅::波幅一般指脉冲电压或电流的最大值与最小值之差，也指它们从一种状态变化到另一种状态的跳变幅度值。电针的刺激强度主要取决于波幅的高低。波幅的计量单位是[[伏特（V）]]<br>###波宽::波宽指脉冲的持续时间，脉冲宽度与刺激强度亦相关，宽度越大意味着给患者的刺激量越大。临床使用的电针仪波宽大都固定不可调节，一般采用适合人体的输出脉冲宽度，为[[0.4毫秒左右]]<br>###频率::频率是指每秒钟内出现的脉冲个数，其单位是[[赫兹（Hz）]]。通过频率的调节可组合成不同的刺激波组。脉冲的频率不同，其治疗作用也不同。2Hz电刺激使脑脊液中脑啡肽和内啡肽的含量增高；100Hz电刺激使强啡肽含量增高；2/100Hz交替进行的疏密波可使内啡肽和强啡肽同时释放，二者协同发挥镇痛作用<br>###适用范围::①电针可调节人体的生理功能，有止痛、镇静、促进气血循环、调整肌张力等作用。电针的适用范围基本和毫针刺法相同，故其治疗范围较广。②临床常用于各种痛证、痹病和心、胃、肠、胆、膀胱、子宫等器官功能的调节以及肌肉、韧带、关节的损伤性疾病等，并可用于针刺麻醉，还可用于癫狂,特点::不同频率释放不同中枢神经递质
电针注意事项,针灸学::刺灸法::电针法,1,仪器检查::电针仪使用前必须检查其性能是否良好，输出是否正常<br>###调节电流::调节电流量应仔细，开机时应逐渐由小到大，切勿突然增大，以免发生意外<br>###禁忌人群::靠近延髓、脊髓等部位使用电针时，电流量宜小，不可强刺激，孕妇慎用电针，心脏病患者，应避免电流回路通过心脏，安装心脏起搏器者禁止使用电针<br>###针具注意::作为温针使用过的毫针，针柄表面往往氧化不导电，应用时须将输出线夹在毫针的针体上<br>###特殊人群::年老、体弱、醉酒、饥饿、过饱等，不宜用电针,特点::电针注意事项共5条
耳穴定位与主治——耳轮/耳舟,针灸学::刺灸法::耳针法,1,耳中::在耳轮脚处，即耳轮1区。[[主治]]：呃逆、荨麻疹、皮肤瘙痒症、小儿遗尿、咯血、出血性疾病<br>###外生殖器::在对耳轮下脚前方的耳轮处，即耳轮4区。[[主治]]：睾丸炎、附睾炎、外阴瘙痒症<br>###耳尖::在耳郭向前对折的上部尖端处，即耳轮6区、7区交界处。[[主治]]：发热、高血压、急性结膜炎、牙痛、失眠、睑腺炎<br>###风溪::在耳轮结节前方，指区与腕区之间，即耳舟1、2区交界处。[[主治]]：荨麻疹、皮肤瘙痒症、过敏性鼻炎、哮喘<br>###肘::在腕区的下方处，即耳舟3区。[[主治]]：肱骨外上髁炎、肘部疼痛<br>###肩::在肘区的下方处，即耳舟4、5区。[[主治]]：肩关节周围炎、肩部疼痛,特点::耳穴按分区定位，耳轮和耳舟为常用耳穴
耳穴定位与主治——对耳轮,针灸学::刺灸法::耳针法,1,跟::在对耳轮上脚前上部，即对耳轮1区。[[主治]]：足跟痛<br>###膝::在对耳轮上脚中1/3处，即对耳轮4区。[[主治]]：膝关节疼痛、坐骨神经痛<br>###坐骨神经::在对耳轮下脚的前2/3处，即对耳轮6区。[[主治]]：坐骨神经痛、下肢瘫痪<br>###交感::在对耳轮下脚前端与耳轮内缘交界处，即对耳轮6区前端。[[主治]]：胃肠痉挛、心绞痛、胆绞痛、输尿管结石、自主神经功能紊乱<br>###腰骶椎::在腹区后方，即对耳轮9区。[[主治]]：腰骶部疼痛,特点::对耳轮穴位主治下肢和腰骶部疾病
耳穴定位与主治——三角窝/耳屏,针灸学::刺灸法::耳针法,1,内生殖器::在三角窝前1/3的下部，即三角窝2区。[[主治]]：痛经、月经不调、白带过多、功能失调性子宫出血、阳痿、遗精、早泄<br>###神门::在三角窝后1/3的上部，即三角窝4区。[[主治]]：失眠、多梦、戒断综合征、癫痫、高血压、神经衰弱<br>###盆腔::在三角窝后1/3的下部，即三角窝5区。[[主治]]：盆腔炎、附件炎<br>###外鼻::在耳屏外侧面中部，即耳屏1、2区之间。[[主治]]：鼻前庭炎、鼻炎<br>###肾上腺::在耳屏游离缘下部尖端，即耳屏2区后缘处。[[主治]]：低血压、风湿性关节炎、腮腺炎、链霉素中毒、眩晕、哮喘、休克<br>###咽喉::在耳屏内侧面上1/2处，即耳屏3区。[[主治]]：声音嘶哑、咽炎、扁桃体炎、失语、哮喘<br>###内鼻::在耳屏内侧面下1/2处，即耳屏4区。[[主治]]：鼻炎、上颌窦炎、鼻衄,特点::三角窝主生殖系统，耳屏主鼻咽部疾病
耳穴定位与主治——对耳屏/耳甲,针灸学::刺灸法::耳针法,1,枕::在对耳屏外侧面的后部，即对耳屏3区。[[主治]]：头晕、头痛、癫痫、哮喘、神经衰弱<br>###皮质下::在对耳屏内侧面，即对耳屏4区。[[主治]]：痛证、间日疟、神经衰弱、假性近视、失眠<br>###缘中::在对耳屏游离缘上，对屏尖与轮屏切迹之中点处，即对耳屏2、3、4区交点处。[[主治]]：遗尿、内耳性眩晕、尿崩症、功能失调性子宫出血<br>###脑干::在轮屏切迹处，即对耳屏3、4区之间。[[主治]]：眩晕、后头痛、假性近视<br>###口::在耳轮脚下方前1/3处，即耳甲1区。[[主治]]：面瘫、口腔炎、胆囊炎、胆石症、戒断综合征、牙周炎、舌炎<br>###胃::在耳轮脚消失处，即耳甲4区。[[主治]]：胃痉挛、胃炎、胃溃疡、消化不良、恶心呕吐、前额痛、牙痛、失眠<br>###大肠::在耳轮脚及部分耳轮与AB线之间的前1/3处，即耳甲7区。[[主治]]：腹泻、便秘、咳嗽、牙痛、痤疮<br>###艇角::在对耳轮下脚下方前部，即耳甲8区。[[主治]]：前列腺炎、尿道炎<br>###膀胱::在对耳轮下脚下方中部，即耳甲9区。[[主治]]：膀胱炎、遗尿、尿潴留、腰痛、坐骨神经痛、后头痛<br>###肾::在对耳轮下脚下方后部，即耳甲10区。[[主治]]：腰痛、耳鸣、神经衰弱、肾盂肾炎、遗尿、遗精、阳痿、早泄、哮喘、月经不调<br>###胰胆::在耳甲艇的后上部，即耳甲11区。[[主治]]：胆囊炎、胆石症、胆道蛔虫症、偏头痛、带状疱疹、中耳炎、耳鸣、急性胰腺炎,特点::耳甲穴位对应内脏器官，对耳屏对应头面部
耳穴定位与主治——耳甲续/耳垂/耳背,针灸学::刺灸法::耳针法,1,肝::在耳甲艇的后下部，即耳甲12区。[[主治]]：胁痛、眩晕、经前期紧张症、月经不调、围绝经期综合征、高血压、近视、单纯性青光眼<br>###脾::在BD线下方，耳甲腔的后上部，即耳甲13区。[[主治]]：腹胀、腹泻、便秘、食欲不振、功能失调性子宫出血、白带过多、内耳性眩晕<br>###心::在耳甲腔正中凹陷处，即耳甲15区。[[主治]]：心动过速、心律不齐、心绞痛、无脉症、神经衰弱、癔症、口舌生疮<br>###肺::在心、气管区周围处，即耳甲14区。[[主治]]：咳嗽、胸闷、声音嘶哑、皮肤瘙痒症、荨麻疹、便秘、戒断综合征<br>###三焦::在外耳门后下，肺与内分泌区之间，即耳甲17区。[[主治]]：便秘、腹胀、上肢外侧疼痛、水肿、耳鸣、耳聋、糖尿病<br>###内分泌::在屏间切迹内，耳甲腔的底部，即耳甲18区。[[主治]]：痛经、月经不调、围绝经期综合征、痤疮、间日疟、甲状腺功能减退或亢进症<br>###牙::在耳垂正面前上部，即耳垂1区。[[主治]]：牙痛、牙周炎、低血压<br>###眼::在耳垂正面中央部，即耳垂5区。[[主治]]：急性结膜炎、电光性眼炎、假性近视、睑腺炎<br>###面颊::在耳垂正面眼区与内耳区之间，即耳垂5、6区交界处。[[主治]]：周围性面瘫、三叉神经痛、痤疮、扁平疣、面肌痉挛、腮腺炎<br>###扁桃体::在耳垂正面下部，即耳垂7、8、9区。[[主治]]：扁桃体炎、咽炎<br>###耳背沟::在对耳轮沟和对耳轮上、下脚沟处。[[主治]]：高血压、皮肤瘙痒症,特点::耳甲穴位对应五脏六腑，耳垂对应头面部器官
耳针毫针法操作,针灸学::刺灸法::耳针法,1,选穴和消毒::根据病情选择拟针刺耳穴（包括用探棒或耳穴探测仪所测得的敏感点）。针刺前必须以0.5%～1%碘伏严格消毒耳穴<br>###进针和行针::患者一般采用坐位，如年老体弱、病重或精神紧张者宜采用卧位。针具选用26～30号0.3～0.5寸的不锈钢毫针。进针时，医者押手固定耳郭，刺手拇、食二指持针，用快速插入的速刺法或慢慢捻入的慢刺法进针。针刺深度以[[0.1～0.3cm]]为宜，可刺入皮下或软骨浅层。进针后，如局部感应强烈，患者症状往往有即刻减轻感；如局部无针感，应调整针刺的方向、深度和角度，或以捻转法行针<br>###留针和出针::得气后留针一段时间，慢性病、疼痛性疾病留针时间适当延长。留针期间，可间隔[[10～15分钟]]行针1次。出针时，医者一手固定耳郭，另一手将针拔出，再用无菌干棉球或棉签按压针孔，以免出血,特点::耳针毫针法针刺深度浅，仅0.1～0.3cm
耳针其他操作方法,针灸学::刺灸法::耳针法,1,电针法::毫针针刺获得针感后，连接电针仪进行治疗，具体操作参照电针法。通电时间一般以10～20分钟为宜。电针法适用于[[神经系统疾患、内脏痉挛、哮喘等症]]的治疗<br>###埋针法::是将揿钉型皮内针埋入耳穴以防治疾病的方法，主要用于[[慢性疾病和疼痛性疾病]]，其刺激持续时间长，有巩固疗效和防止复发的作用。操作时，耳穴常规消毒后，医者押手固定耳郭，刺手用镊子或止血钳夹住揿钉型皮内针针柄，轻轻将其刺入所选耳穴，再用医用胶布固定并适度按压。一般选用患侧耳郭，必要时双耳同时埋针。每次留针[[1～3日]]，留针期间嘱患者每日自行按压3次。起针时应再次消毒埋针部位<br>###压丸法::是使用丸状物贴压耳穴以防治疾病的方法。此法能持续刺激穴位，疼痛轻微，无副作用，是[[目前最常用]]的方法。操作时，耳郭常规消毒，医者一手固定耳郭，另一手用镊子夹取耳穴压丸贴片，贴压耳穴并适度按揉。宜留置[[3～5天]]，根据病情嘱患者定时按揉。压丸材料多为王不留行籽、油菜籽、小米、莱菔子等表面光滑、大小和硬度适宜、易于获取的丸状物。目前，临床上广泛使用的是王不留行籽和磁珠,特点::压丸法是耳针最常用的方法
耳针刺血法与穴位注射法,针灸学::刺灸法::耳针法,1,刺血法::是用针具点刺耳穴出血以防治疾病的方法。常用于头面部炎性疾病和疼痛性疾病，有[[清热解毒、行气活血]]的作用。刺血前应按揉耳郭使针刺部位充血，常规消毒。操作时医者押手固定耳郭，刺手持针点刺耳穴，挤压使之适量出血。施术后用无菌干棉球或棉签压迫止血，止血后再次消毒刺血处<br>###穴位注射法::是将微量药物注入耳穴的治疗方法。一般使用1mL注射器和26号注射针头，依病情选用相应的药物和耳穴。操作时，押手固定耳郭，刺手持注射器刺入已消毒的耳穴皮内或皮下，缓缓推入[[0.1～0.3mL]]药物，耳郭可有痛、胀、红、热等反应。注射完毕后，用无菌干棉球轻轻按压针孔,特点::刺血法和穴位注射法用于特殊治疗需求
耳针适应范围,针灸学::刺灸法::耳针法,1,疼痛性疾病::如各种扭挫伤等外伤性疼痛，头痛、肋间神经痛等神经性疼痛，手术后伤口痛及胃痛、胆绞痛等内脏痛<br>###炎性疾病及传染病::如急性眼结合膜炎、中耳炎、急慢性结肠炎、牙周炎、咽喉炎、扁桃体炎、胆囊炎、流感、百日咳、细菌性痢疾、疟疾、青年扁平疣、腮腺炎、气管炎、盆腔炎、风湿性关节炎、面神经炎、末梢神经炎等<br>###功能紊乱性疾病::如胃肠神经官能症、心脏神经症、心律不齐、高血压、眩晕症、多汗症、月经不调、遗尿、神经衰弱、癔症等<br>###过敏及变态反应性疾病::如荨麻疹、哮喘、过敏性鼻炎、过敏性结肠炎、过敏性紫癜等<br>###内分泌代谢紊乱性疾病::如甲状腺功能亢进或低下、糖尿病、肥胖症、绝经前后诸证等<br>###其他::耳针可用于针刺麻醉、催乳、催产；预防感冒、晕车、晕船；预防和治疗输血、输液反应，还可用于减肥、美容、戒烟、戒毒、延缓衰老、防病保健等,特点::耳针适应范围广泛，涵盖六大类疾病
耳针注意事项,针灸学::刺灸法::耳针法,1,严格消毒::严格消毒，防止感染<br>###针后处理::针刺后如果针孔发红、肿胀，应及时涂碘伏消毒，防止化脓性软骨膜炎的发生。耳穴局部有湿疹、溃疡、冻疮时，该耳穴禁用耳针。有习惯性流产史的孕妇禁用耳针；妊娠期间慎用耳针。紧张、疲劳、虚弱患者宜卧位针刺以防晕针<br>###留针时间::湿热天气，耳穴压丸、埋针留置时间不宜过长，耳穴压丸宜3～5日，耳穴埋针宜1～3日。对普通胶布过敏者宜改用脱敏胶布<br>###刺血禁忌::耳穴刺血施术时，医者应避免接触患者血液。凝血机制障碍患者禁用耳穴刺血法<br>###配合活动::对扭伤和运动障碍的患者，进针后嘱其适当活动患部，有助于提高疗效,特点::耳针注意事项共5条
耳针法选穴原则,针灸学::刺灸法::耳针法,1,按相应部位选穴::即选用与病变部位相对应的耳穴。如胃病取胃穴，痤疮取面颊穴，目病选眼穴，膝关节痛选膝穴等<br>###按脏腑辨证选穴::根据脏腑理论，按各脏腑的生理功能和病理反应辨证取穴。如脱发、耳疾取肾穴，皮肤病取肺、大肠穴，眼疾选肝穴等<br>###按经络辨证选穴::根据十二经脉循行和其病候取穴。如坐骨神经痛，取膀胱或胰胆穴，牙痛取大肠穴等<br>###按西医理论选穴::耳穴中一些穴名是根据西医理论命名的，如交感、肾上腺、内分泌等。这些穴位的功能基本与西医理论一致，选穴时应予以考虑。如炎性疾病取肾上腺穴，月经不调选内分泌穴，神经系统疾病选脑干、脑点<br>###按临床经验选穴::临床实践发现有些耳穴具有治疗本部位以外疾病的作用，如外生殖器穴可以治疗腰腿痛。如神门穴是止痛、镇静的要穴，枕是止晕要穴，耳尖穴放血可用于退热、降压、镇静、抗过敏等,特点::耳针选穴原则共5条
第四章针灸治疗考纲,针灸学::针灸治疗::治疗总论,1,治疗总论::包括针灸治疗作用、针灸治疗原则（补虚泻实、清热温寒、治病求本、三因制宜）、针灸临床诊治特点、针灸选穴原则、常用配穴方法、刺灸方法的选择、特定穴的应用<br>###治疗原则::补虚泻实（虚则补之、陷下则灸之、实则泻之、菀陈则除之、不盛不虚以经取之）、清热温寒（热则疾之、寒则留之）、治病求本（急则治标、缓则治本、标本同治）、三因制宜（因人制宜、因时制宜、因地制宜）<br>###选穴原则::近部选穴、远部选穴、辨证选穴、对症选穴的概念及应用举例<br>###配穴方法::按部配穴（远近配穴、上下配穴、前后配穴、左右配穴）、按经配穴（本经配穴、表里经配穴、同名经配穴）的概念及临床应用<br>###特定穴应用::五输穴、募穴、背俞穴、原穴、络穴、八脉交会穴、八会穴、郄穴、下合穴、交会穴的概念、组成、分布特点及临床应用,特点::第四章为针灸治疗，包括治疗总论和治疗各论
治疗各论考纲,针灸学::针灸治疗::治疗各论,1,内科病证::中风、眩晕、头痛、面瘫、面痛、感冒、咳嗽、哮喘、心悸、不寐、郁证、痫病、消渴、胁痛、胃痛、腹痛、呕吐、泄泻、便秘、癃闭、痿证、痹证、腰痛、坐骨神经痛的基本治疗（治法、处方配穴、操作及方义分析）、其他治疗<br>###妇科、儿科病证::月经不调、痛经、经闭、崩漏、带下病、绝经前后诸症、缺乳、遗尿、注意力缺陷多动障碍的基本治疗（治法、处方配穴、操作及方义分析）、其他治疗<br>###皮肤科、外科、骨伤科病证::瘾疹、湿疹、蛇串疮、神经性皮炎、痄腮、乳痈、扭伤、项痹、落枕、漏肩风、膝骨关节炎的基本治疗（治法、处方配穴、操作及方义分析）、其他治疗<br>###五官科病证::目赤肿痛、近视、耳鸣耳聋、鼻渊、牙痛、咽喉肿痛的基本治疗（治法、处方配穴、操作及方义分析）、其他治疗<br>###急症::晕厥、虚脱、高热、抽搐、心绞痛、胆绞痛、胆道蛔虫症、肾绞痛的基本治疗（治法、处方配穴、操作及方义分析）、其他治疗,特点::治疗各论涵盖内科、妇科儿科、皮肤外科骨伤科、五官科、急症五大类
针灸治疗作用,针灸学::针灸治疗::治疗总论,1,疏通经络::使瘀阻的经络通畅而发挥其正常生理功能。[[特性汇总]]：针灸最基本和最直接的治疗作用。主要是根据经络的循行，选择相应的腧穴和针刺手法及三棱针点刺放血、梅花针叩刺、拔罐等，使经络通畅，气血运行正常，达到治疗疾病的目的<br>###调和阴阳::通过经络阴阳属性、经穴配伍和针刺手法使机体从阴阳失衡状态向平衡状态转化。[[特性汇总]]：针灸治疗最终要达到的根本目的。举例：①中风后出现的足内翻，采用补阳经而泻阴经的针刺手法，以平衡阴阳；②阳跷、阴跷主眼睑开合，故失眠补阴跷（照海）泻阳跷（申脉），多寐补阳跷（申脉）泻阴跷（照海）<br>###扶正祛邪::针灸治病就在于能够发挥其扶助正气，祛除邪气的作用。[[特性汇总]]：针灸治疗疾病的作用过程。扶助机体正气，及祛除病邪，使疾病向良性方向转归,特点::针灸治疗三大作用：疏通经络、调和阴阳、扶正祛邪
补虚泻实——补虚,针灸学::针灸治疗::治疗总论,1,虚则补之::虚证用补法：主要通过选择具有补虚作用的腧穴，选用具有补虚作用的针灸方法，采用刺灸手法之补法等来实现。举例：①在有关经络的背俞穴、原穴施行补法，可改善脏腑功能，补益阴阳、气血等的不足；②关元、气海、命门、肾俞等穴，也具有偏补的作用特点；③再如采用毫针补法，艾灸法（如附子饼灸等）等亦可补虚<br>###陷下则灸之::气虚下陷的治疗原则：以灸法为主，温补阳气，升提举陷，也属于虚则补之的范畴。对于因脏腑经络之气虚弱，中气不足，气血及内脏失于固摄而出现的一系列病证，如[[久泻、久痢、遗尿、脱肛、子宫脱垂]]等，常灸百会、神阙、气海、关元等穴以补中益气、升阳举陷,特点::补虚包括虚则补之和陷下则灸之
补虚泻实——泻实,针灸学::针灸治疗::治疗总论,1,实则泻之::实证用泻法：通过针刺手法的泻法、穴位的选择和配伍等而实现（满则泄之，邪盛则虚之）。举例：①特定穴中井穴、募穴偏于泻实，脏腑经脉的实证，取相应的井穴、募穴，可调节脏腑功能，疏泄脏腑邪气；②十二井穴、十宣、水沟、素髎、丰隆、血海、耳尖、太阳等，也具有偏泻的作用特点，取之可达到祛邪的目的；③在穴位上施行毫针捻转、提插、开阖等泻法，或用三棱针放血，或用皮肤针重叩出血，可以起到祛除人体病邪的作用<br>###菀陈则除之::络脉瘀阻不通引起的病证：通过清除瘀血的刺血疗法治疗。举例：①闪挫扭伤、丹毒、红丝疗等引起肌肤红肿热痛、青紫肿胀、体表红丝窜行，可在局部络脉或瘀血部位施行三棱针点刺放血法，病情较重者可点刺放血后加拔火罐，利于排出恶血；②腱鞘囊肿、小儿疳证分别在阿是穴、四缝穴点刺放液。穴位的选择，一般多选局部络脉瘀阻处或反应点以及尺泽、委中、十二井、十宣等<br>###不盛不虚以经取之::主要是由于病变脏腑、经脉本身的病变，而不涉及其他脏腑、经脉，属于本经自病。并非病无虚实可言，而是脏腑、经络的虚实表现不明显。治疗应按本经循经取穴，针刺时多采用[[平补平泻]]的针刺手法,特点::泻实包括实则泻之、菀陈则除之、不盛不虚以经取之
清热温寒与治病求本,针灸学::针灸治疗::治疗总论,1,热则疾之::热性病治则：浅刺疾出或点刺出血，手法宜轻快，可以不留针或针用泻法。举例：①风热感冒：取大椎、曲池、合谷、外关浅刺疾出；②伴咽痛：少商穴点刺放血<br>###寒则留之::寒性病治则：深刺而久留针，以达温经散寒的目的。举例：①寒邪在表，留于经络者：艾灸为宜；②寒邪在里，凝滞脏腑：针刺应深而久留，或配合[[烧山火]]，或加用艾灸，以温针法最为适宜<br>###治病必求于本::在治疗疾病时必须寻求疾病的本质，然后针对疾病的本质进行治疗。如肾阳虚引起的五更泄泻，泄泻是症状，为标，肾阳不足是病因为本，治宜灸气海、关元、命门、肾俞<br>###急则治标::当标病处于紧急的情况下，首先要治疗标病。举例：①昏迷：先针刺水沟；②高热抽搐：先针刺大椎、水沟、合谷、太冲；③中风之小便潴留：先针刺中极、水道、秩边<br>###缓则治本::在通常情况下，应针对导致疾病发生的根本原因予以治疗。如肾阳虚之五更泄泻：灸气海、关元、命门、肾俞<br>###标本同治::标病和本病并重的情况下，应采取标本同治的方法。如体虚感冒：补足三里、关元；泻合谷、风池、列缺,特点::清热温寒：热则疾之、寒则留之；治病求本：急则治标、缓则治本、标本同治
三因制宜,针灸学::针灸治疗::治疗总论,1,因人制宜::根据患者性别、年龄、体质等的不同特点而选择适宜的治疗方法。举例：①体质虚弱、皮肤薄嫩、对针刺较敏感者，针刺手法宜轻；②体质强壮、皮肤粗厚、针感较迟钝者，针刺手法可重些；③此外由于性别、年龄的差异应根据特点选择不同的治疗方式。如男女在生理上有不同的特点，如女子以血为用，在治疗妇科病时要多考虑调理冲脉、任脉等<br>###因时制宜::根据患者所处的季节（包括时辰）制定适宜的治法。举例：①在应用针灸治疗疾病时，要考虑季节气候和时辰因素。如春夏季宜浅刺，秋冬宜深刺；②子午流注针；③针对某些疾病的发作或加重规律而选择有效的治疗时机。如精神疾患多在春季发作，故应在春季之前进行治疗；乳腺增生症患者常在经前乳房胀痛较重，治疗也应在经前1周开始<br>###因地制宜::根据患者所处的地理环境制定适宜的治法。如寒冷地区多用温灸；温热地方灸法较少应用,特点::三因制宜：因人制宜、因时制宜、因地制宜
针灸临床诊治特点,针灸学::针灸治疗::治疗总论,1,辨证与辨经结合::将四诊所搜集到的有关疾病的各种症状和体征，加以分析、综合判断为某种性质的证候，为辨证；运用经络理论，根据患者的各种症状和体征来辨别其病变经脉脏腑归属，从而选择相应的经络腧穴进行治疗，为辨经；辨证与辨经都是针灸临床辨证论治的核心<br>###辨证与辨病结合::辨病就是对疾病作出诊断，辨病与辨证是两种必不可少的辨识疾病病位、性质的方法，两者相联系、相互补充<br>###调神与调气并重::调神主要指治医者之神、治患者之神两个方面；调气就是采用补虚泻实等针刺手法使经气调和；调神和调气是密不可分、相互促进的,特点::针灸临床诊治三大特点
处方选穴原则——近部选穴与远部选穴,针灸学::针灸治疗::治疗总论,1,近部选穴::在病变局部或距离比较接近的范围选取穴位的方法，体现了[[腧穴所在，主治所在]]的治疗规律。近部选穴不受经脉制约，凡是病变局部或邻近的穴位，无论属于哪条经脉均可取穴。举例：①巅顶痛取百会；②眼病取睛明；③胃痛选中脘；④面瘫局部选颊车、地仓、颧髎等；⑤耳聋取听宫<br>###远部选穴::在病变部位所属或相关的经络上，距病位较远的部位选取穴位。是[[经脉所通，主治所及]]治疗规律的体现。远部选穴在针灸临床上应用广泛，通常以肘膝关节以下的穴位为主，治疗头面、五官、躯干、脏腑病证最为常用。远部选穴所含内容丰富，除在本经取穴外，还可以在表里经、同名经以及其他相关的经脉上取穴。举例：①上牙痛选足阳明胃经的内庭；下牙痛选手阳明大肠经的合谷；②胃痛选足阳明胃经的足三里、梁丘；③腰背痛选足太阳膀胱经的委中；落枕选后溪；养老治目疾；劳宫治口疮，胆绞痛取阳陵泉,特点::近部选穴体现腧穴所在主治所在，远部选穴体现经脉所通主治所及
处方选穴原则——辨证选穴与对症选穴,针灸学::针灸治疗::治疗总论,1,辨证选穴::根据疾病的证候特点，分析病因病机而辨证选取穴位。①对发热、多汗、盗汗、虚脱、抽风昏迷等呈现全身症状的病证，无法辨病位，不能应用上述按部位选穴的方法，因此就需辨证选穴；②对病变部位明显的疾病，根据其病因病机而选取穴位是治病求本的表现。举例：(1)肾阴不足之虚热选肾俞、太溪；(2)肝阳化风之抽搐选太冲、行间；(3)中气不足取百会、气海；(4)风火牙痛选风池、外关；(5)胃火牙痛选内庭、合谷、二间；(6)肾虚牙痛选太溪、行间<br>###对症选穴::根据疾病的特殊或主要症状而选取穴位，是腧穴特殊治疗作用及临床经验在针灸处方中的具体应用，又称[[经验选穴]]。根据奇穴的主治特点，在对症选穴时经常选用奇穴。举例：发热选大椎，痰多选丰隆，哮喘选定喘穴，虫证选四白、百虫窝，腰痛选腰痛点，落枕选外劳宫，胆囊结石之胆绞痛选胆囊穴，小儿疳积选四缝，崩漏选断红穴，汗证选合谷、复溜；皮肤瘙痒选百虫窝；恶心呕吐选内关等<br>###综合::肝气犯胃型胃痛选太冲：体现了循经选穴、远部选穴、辨证选穴的选穴原则,特点::辨证选穴针对全身症状或病因病机，对症选穴针对特殊症状
常用配穴方法——按部配穴,针灸学::针灸治疗::治疗总论,1,远近配穴::以病变部位为依据，在[[病变附近和远部同时选穴]]配伍组成处方的方法。举例：①眼病以局部的睛明，邻近的风池，远部的光明相配；②痔疮以局部的长强，下肢的承山相配；③痛经以局部的关元，远端的三阴交相配；④面瘫，局部选颊车、地仓、颧髎，临近部选翳风、风池，远部选合谷等<br>###上下配穴::将腰部以上或上肢腧穴与腰以下或下肢腧穴配合应用的方法。举例：①头项强痛，上取大椎，下取昆仑；②子宫脱垂，上取百会，下取气海<br>###前后配穴::将人体前部和后部的腧穴配合应用的方法。举例：①咳嗽、气喘，前取天突、膻中，后取肺俞、风门；②胃脘痛，前取中脘、梁门，后取胃俞、脾俞<br>###左右配穴::将人体左侧和右侧的腧穴配合应用的方法。临床应用时，一般以取患侧为主，也可左右交叉取穴。举例：①左侧面瘫取患侧颊车、地仓、合谷，配合右侧合谷（即面口合谷收）；②胃脘痛可取双侧足三里、梁丘,特点::按部配穴包括远近、上下、前后、左右四种配穴法
常用配穴方法——按经配穴,针灸学::针灸治疗::治疗总论,1,本经配穴::某一脏腑、经脉发生病变时，即遵循[[不盛不虚，以经取之]]的治疗原则，即选本经脉的腧穴配成处方。举例：①胆经郁热导致的少阳头痛，可取率谷、风池、侠溪；②胃火循经上扰的牙痛，可取颊车、内庭；③咳嗽可取中府、太渊；④急性胃痛取足三里、梁丘<br>###表里经配穴::是以脏腑、经脉的阴阳表里配合关系为依据的配穴方法。当某一脏腑经脉发生疾病时，取本经和其相表里经脉的腧穴配合组成处方。[[原络配穴法]]是表里经配穴法中的特殊实例。举例：①风热袭肺导致的感冒咳嗽，可取肺经的尺泽和大肠经的曲池、合谷；②感冒取列缺、合谷；③胃痛取三阴交（公孙）、足三里；④呕吐取足三里、公孙；⑤肝病取期门、太冲配阳陵泉；⑥骨痹疼痛取涌泉、昆仑<br>###同名经配穴::是将手足同名经的腧穴相互配合组成处方的方法。此法是基于同名经[[同气相通]]的理论，即名称相同的经络相互沟通、交会。举例：①阳明头痛取手阳明经的合谷配足阳明经的内庭；②太阳头痛取手太阳经的后溪配足太阳经的昆仑；③失眠、多梦，取手少阴神门配足少阴太溪；④慢性咳嗽取太渊、太白,特点::按经配穴包括本经配穴、表里经配穴、同名经配穴三种
刺灸方法的选择,针灸学::针灸治疗::治疗总论,1,针灸方法的选择::针对患者的病情和具体情况要选择相应的针灸方法。临床时应说明使用何种针灸方法（毫针刺法、灸法、火针、三棱针、皮肤针、耳针、头针、拔罐等），还需要说明各种方法的主次，如多针少灸还是多灸少针<br>###操作方法的选择::各种针灸疗法均因其操作方法的不同而产生不同的治疗作用，针灸操作方法与针灸处方的作用密切相关。①要根据病情选用适宜的针灸方法；②要警惕针灸方法选择不当会加重或延误病情。如毫针是用补法还是用泻法以及针刺的角度、深度等；灸法是用温和灸还是雀啄灸、隔物灸以及施灸的壮数是多少；是用闪罐还是刺络拔罐等<br>###治疗时间的选择::治疗时间包括：治疗时间点、留针时间、间隔时间、疗程时间等,特点::刺灸方法的选择包括针灸方法、操作方法和治疗时间三个方面
治疗时间的选择,针灸学::针灸治疗::治疗总论,1,留针时间::是针灸处方中的重要内容。留针时间的长短与疾病的虚实寒热、在表在里、新病久病、体质强弱等有密切关系。一般病留针[[20～30分钟]]为宜。而对于一些急性病症如胆绞痛、肾绞痛等则需要长久留针，少则1～2小时，多则10小时以上<br>###间隔时间::①每次治疗的间隔时间：通常情况下，急性病每天治疗1次或2次，但对于一些需要尽早控制的疾病，例如急性传染病、剧烈疼痛等，则需要每日2次或每隔5～6小时针灸1次。慢性病隔日1次，或每周2次；②疗程之间的间隔时间：一般7～10天为1疗程，休息3～4天；③与不同针灸方法有关<br>###疗程时间::掌握安排好治疗时间，以便在不同的病情阶段施予不同的治疗方法，有利于提高和巩固疗效。急性病治疗时间数天或数周，慢性病治疗时间为数周、数月、数年,特点::治疗时间的选择包括留针时间、间隔时间和疗程时间
五输穴概述,针灸学::针灸治疗::治疗总论,1,概念::十二正经在四肢肘、膝关节以下各有井、荥、输、经、合5个腧穴<br>###五行属性::五输穴不仅有经脉所属，而且具有自身的五行属性，按照[[阴井木、阳井金]]的规律进行配伍<br>###分布特点::所出为井（手足之端），所溜为荥（掌指或跖趾关节之前），所注为输（掌指或跖趾关节之后），所行为经（腕、踝关节以上），所人为合（肘、膝关节附近）,特点::五输穴是十二经脉在肘膝以下的五个特定穴
五输穴临床应用,针灸学::针灸治疗::治疗总论,1,按五输穴主病特点选用::原文：[[荥输治外经，合治内腑]]。病在脏者，取之井；病变于色者，取之荥；病时间时甚者，取之输；病变于音者，取之经；经满而血者，病在胃及以饮食不节得病者，取之于合。井主心下满，荥主身热，输主体重节痛，经主喘咳寒热，合主逆气而泄。总的来说：井穴适用于与脏有关的病证，荥、输、经穴适用于与经脉有关的病证，合穴适用于与腑有关的病证<br>###五输配五行的应用::五输穴具有五行属性，根据《难经·六十九难》提出[[虚者补其母，实者泻其子]]的观点，将五输穴配属五行，然后按照生我者为母，我生者为子的原则，虚证用母穴，实证用子穴这一取穴方法亦称为子母补泻取穴法。如肺经的实证应该泻其子，肺属金，水为金之子，故选本经五输穴中属水的穴位，即合穴尺泽；虚证应该补其母，肺属金，土为金之母，故选本经输穴中属土的穴位，即输穴太渊<br>###按时选用::春刺井，夏刺荥，季夏刺输，秋刺经，冬刺合。实质上是根据手足三阴经均以井木为始，与一年春夏秋冬四个季节顺序相应而提出的季节选穴。另外，子午流注针法也是根据一日之中十二经脉气血盛衰开合的时间而选用不同的五输穴,特点::五输穴临床应用包括按主病特点选用、配五行应用和按时选用
背俞穴与募穴,针灸学::针灸治疗::治疗总论,1,募穴概念::脏腑之气结聚于胸腹部的腧穴，位于胸腹部，又称腹募穴<br>###背俞穴概念::脏腑之气输注于背腰部的腧穴<br>###募穴分布::均分布在胸腹部相关经脉上<br>###背俞穴分布::分布于背部膀胱经第一侧线，即后正中线旁开[[1.5寸]],特点::募穴位于胸腹，背俞穴位于背腰
背俞穴与募穴临床应用,针灸学::针灸治疗::治疗总论,1,诊断应用::募穴与俞穴与各自所属的脏、腑有密切关系，在临床上每一脏、腑发生病变，常在所属的募穴或俞穴出现疼痛或过敏。故临床可通过观察、触扣俞募穴处的异常变化来诊断相应脏腑疾病<br>###治疗应用::1.背俞穴和募穴常用于治疗相应脏腑的病变。如：(1)尿潴留（膀胱气化失常）取膀胱俞；(2)胁痛（胆石症）取胆俞；(3)胃痛（寒邪犯胃）灸胃之募穴中脘；2.还可以治疗对应脏腑相关的五官九窍、皮肉筋骨的病证。如：(1)耳疾取肾俞；(2)目疾、筋病取肝俞<br>###选用规律::[[脏病选背俞穴，腑病选募穴]]<br>###俞募配穴法::由于俞、募穴密切联系脏腑之气，所以临床上常用俞募配穴法，即把病变脏腑的俞、募穴配合运用，发挥其协同作用，也称前后配穴法（前后配穴法的典型实例），如胆虚口苦取胆募、俞（最早记载俞募配穴法应用）,特点::俞募配穴法是前后配穴法的典型实例
背俞穴与募穴组成,针灸学::针灸治疗::治疗总论,1,六脏::肺——肺俞（背俞穴）/中府（募穴）；心包——厥阴俞/膻中；心——心俞/巨阙；脾——脾俞/章门；肝——肝俞/期门；肾——肾俞/京门<br>###六腑::大肠——大肠俞（背俞穴）/天枢（募穴）；三焦——三焦俞/石门；小肠——小肠俞/关元；胃——胃俞/中脘；胆——胆俞/日月；膀胱——膀胱俞/中极<br>###募穴歌诀::肺募中府大天枢，胃募中脘脾章门；心募巨阙小关元，膀募中极肾京门；包募膻中焦石门，胆募日月肝期门<br>###背俞穴记忆::特殊记忆心包背俞为[[厥阴]]即可,特点::六脏六腑各有对应的背俞穴和募穴
原穴与络穴概述,针灸学::针灸治疗::治疗总论,1,原穴概念::脏腑原气经过和留止的腧穴<br>###络穴概念::络脉在由经脉分出的部位各有一个腧穴，称络穴<br>###原穴组成::阴经以输为原，阳经另置一原穴<br>###原穴分布::位于腕、踝关节附近的十二经上<br>###络穴分布::十二正经的络穴分布在肘、膝关节以下，任脉、督脉的络穴和脾之大络分布在躯干<br>###原穴临床应用::1.五脏有疾，当取之十二原；2.用于治疗相关脏腑的疾病；3.根据原穴的反应变化，推断脏腑功能的盛衰，以诊断脏腑疾病<br>###络穴临床应用::1.治疗络脉病证；2.加强表里两经联系，多用于治疗表里两经病。举例：(1)脾经络穴公孙，可治疗脾病，又可治疗胃病；(2)胆经络穴光明，可治疗胆病，又可治疗肝病,特点::原穴主脏病，络穴主络脉病和表里两经病
原络配穴法与十二经原穴络穴,针灸学::针灸治疗::治疗总论,1,原络配穴法::主客原络配穴法：把先病脏腑的原穴和后病的相表里经脉的络穴相配合为表里经配穴法。如肺经先病，先取其原穴太渊，大肠后病，再取其络穴偏历。反之，大肠先病，先取其原穴合谷，肺经后病，后取其络穴列缺<br>###手三阴原络::手太阴肺经——原穴太渊/络穴列缺；手厥阴心包经——原穴大陵/络穴内关；手少阴心经——原穴神门/络穴通里<br>###足三阴原络::足太阴脾经——原穴太白/络穴公孙；足厥阴肝经——原穴太冲/络穴蠡沟；足少阴肾经——原穴太溪/络穴大钟<br>###手三阳原络::手阳明大肠经——原穴合谷/络穴偏历；手少阳三焦经——原穴阳池/络穴外关；手太阳小肠经——原穴腕骨/络穴支正<br>###足三阳原络::足阳明胃经——原穴冲阳/络穴丰隆；足少阳胆经——原穴丘墟/络穴光明；足太阳膀胱经——原穴京骨/络穴飞扬,特点::原络配穴法是表里经配穴法的特殊实例
八脉交会穴,针灸学::针灸治疗::治疗总论,1,概念::与奇经八脉相通的十二经脉在四肢部的八个腧穴<br>###组成::公孙（冲脉病）、内关（阴维脉病）、后溪（督脉病）、申脉（阳跷脉病）、足临泣（带脉病）、外关（阳维脉病）、列缺（任脉病）、照海（阴跷脉病）<br>###配伍应用::公孙、内关配合主治心、胸、胃疾病；足临泣、外关配合主治目锐眦、耳后、颊、颈、肩部疾病；后溪、申脉配合主治目内眦、颈项、耳、肩部疾病；列缺、照海配合主治肺系、咽喉、胸膈疾病<br>###分布::分布于四肢肘、膝关节以下<br>###临床应用::1.八脉交会穴可以单独治疗各自相通的奇经病证，如督脉病变出现的腰脊强痛，可选通督脉的后溪穴治疗；也可把公孙和内关、后溪和申脉、足临泣和外关、列缺和照海相配，治疗两脉相合部位的疾病，为上下配穴法；2.古人还以八脉交会穴为基础，创立按时取穴的[[灵龟八法和飞腾八法]],特点::八脉交会穴是十二经与奇经八脉相通的八个穴位
八会穴,针灸学::针灸治疗::治疗总论,1,概念::八会穴，即脏会章门、腑会中脘、气会膻中、血会膈俞、筋会阳陵泉、脉会太渊、骨会大杼、髓会绝骨。这8个穴位虽属于不同经脉，但对于各自所会的脏、腑、气、血、筋、脉、骨、髓相关的病证有特殊的治疗作用，临床上常把其作为治疗这些病证的主要穴位<br>###组成::脏会——章门；腑会——中脘；筋会——阳陵泉；脉会——太渊；气会——膻中；血会——膈俞；骨会——大杼；髓会——绝骨<br>###歌诀::脏会章门腑中脘，筋会阳陵脉太渊；气会膻中血膈俞，骨会大杼髓绝骨<br>###临床应用::1.临床上常把其作为治疗相应病证的主要穴位。如六腑之病证，可选腑会中脘，血证或血瘀证可选血会膈俞，筋病可取筋会阳陵泉，脉病可取脉会太渊，髓海不足导致的眩晕选髓会悬钟等；2.此外《难经》有言：热病在内者，取其会之气穴。也提示八会穴还可用于治疗某些热病，特别是由脏腑病变产生的内热,特点::八会穴是脏腑气血筋脉骨髓八者的会穴
郄穴,针灸学::针灸治疗::治疗总论,1,概念::经脉气血深聚之处的腧穴（各经脉在四肢经气深聚部位）<br>###组成::[object Object],特点::郄穴主治本经急性病证
郄穴临床应用与下合穴,针灸学::针灸治疗::治疗总论,1,郄穴临床应用::郄穴是治疗本经和相应脏腑病证的重要穴位，尤其急症方面有独特疗效。脏腑疾患也可在相应的郄穴上出现疼痛或压痛，可协助诊断。[[急症、疼痛首选郄穴。阴经郄穴主血证，阳经郄穴主急症、痛证]]<br>###下合穴概念::六腑之气下合于足三阳经的6个腧穴<br>###下合穴组成::胃——足三里；大肠——上巨虚；小肠——下巨虚；胆——阳陵泉；膀胱——委中；三焦——委阳<br>###下合穴临床应用::主要用于治疗与六腑相关的疾病，[[合治内腑]]概括了下合穴的主治特点，如肠痈取上巨虚，泄痢选下巨虚，下合穴也可协助诊断疾病,特点::郄穴主急症血证，下合穴主六腑疾病
交会穴,针灸学::针灸治疗::治疗总论,1,概念::两经或数经相交会合的腧穴<br>###分布::交会穴多分布于头面、躯干部<br>###临床应用::交会穴具有能治疗交会经脉疾病的特点，如三阴交本属足太阴脾经腧穴，它又是足三阴经的交会穴。因此，它不仅治疗脾经病证，也可治疗足少阴肾经和足厥阴肝经的病证,特点::交会穴可治疗交会经脉的疾病
中风——中经络,针灸学::针灸治疗::治疗各论::内科病证,1,定义::中风是以突然昏倒、不省人事，伴口角喁斜、语言不利、半身不遂，或不经昏仆仅以口角喁斜，半身不遂为主症的病证<br>###中经络症状::半身不遂，肌肤不仁，舌强语謇，口角喁斜<br>###治法::疏通经络，醒脑调神<br>###选穴原则::取督脉、手厥阴及足太阴经穴为主<br>###主穴::[[水沟、内关、三阴交、极泉、尺泽、委中]]<br>###配穴::[object Object],特点::中经络主穴为水沟、内关、三阴交、极泉、尺泽、委中
中风——中经络配穴操作方义,针灸学::针灸治疗::治疗各论::内科病证,1,配穴续::风痰阻络取风池、丰隆、合谷；上肢不遂取肩髃、曲池、手三里、合谷；手指不伸取腕骨；下肢不遂取环跳、足三里、风市、阳陵泉、悬钟、太冲；足内翻取丘墟透照海；足外翻取太溪、中封；足下垂取解溪；口角喁斜取地仓、颊车、合谷、太冲；便秘取天枢、丰隆、支沟<br>###操作::①内关用泻法；②水沟用雀啄法，以眼球湿润为度；③刺三阴交时，沿胫骨内侧缘与皮肤成45°角向上斜刺，用补法；④刺极泉时，在标准定位下1寸心经上取穴，避开腋毛、动脉，直刺进针，用提插泻法，以患者上肢有麻胀感和抽动感为度；⑤尺泽、委中直刺，用提插法使肢体有抽动感<br>###方义::①水沟：督脉要穴，中风病位在脑，督脉入络脑，可醒脑开窍、调神导气；②内关：心包经络穴，可调理心气、疏通气血；③三阴交：足三阴经交会穴，可滋补肝肾；④极泉、尺泽、委中：疏通肢体经络,特点::中经络操作要求水沟雀啄法至眼球湿润
中风——中脏腑,针灸学::针灸治疗::治疗各论::内科病证,1,主症::神志恍惚，迷蒙，嗜睡，或昏睡，甚者昏迷，并见半身不遂、舌强语謇、口角喁斜等<br>###治疗原则::中脏腑治当醒脑开窍，启闭固脱。以手厥阴及督脉穴为主。主穴为[[内关、水沟、百会]]。闭证加十二井穴、太冲、合谷；脱证加关元、气海、神阙<br>###闭证::兼见神昏，牙关紧闭，口噤不开，肢体强痉，两手握固，喉中痰鸣，二便不通。治法：平肝息风，醒脑开窍。选穴：取督脉、手足厥阴经和十二井穴。主穴：水沟、内关、太冲、十二井。配穴：牙关紧闭取颊车、合谷；语言不利取廉泉、哑门、关冲<br>###脱证::兼见面色苍白，瞳神散大，目合口开，手撒，二便失禁，鼻鼾息微，四肢逆冷。治法：回阳固脱。选穴：任脉经穴为主。主穴：关元、神阙。配穴：无,特点::中脏腑分闭证和脱证，闭证醒脑开窍，脱证回阳固脱
中风——中脏腑操作方义,针灸学::针灸治疗::治疗各论::内科病证,1,闭证操作::①水沟向上方斜刺，或用雀啄法，以眼球湿润为度；②十二井穴用三棱针点刺出血；③余穴毫针刺用泻法，强刺激<br>###脱证操作::①神阙用隔盐灸；②关元用大艾炷隔姜灸，至四肢转温为止，气海用大艾炷灸法<br>###闭证方义::①脑为元神之府，督脉入络脑，水沟为督脉穴，可醒脑开窍启闭，调神导气；②内关为心包经络穴，可调理心气，促进气血运行；③太冲：足厥阴肝经原穴，降肝经逆气以平息肝阳；④十二井穴点刺出血，可开窍启闭，接通十二经气，调和阴阳；⑤太冲、合谷平肝息风；⑥丰隆：豁痰开窍；⑦劳宫：手厥阴经荥穴，清心泄热<br>###脱证方义::关元、神阙均为任脉穴位，为元气、真气所系部位，故重灸两穴，以回阳救逆。①关元：任脉与足三阴经交会穴，为三焦元气所出，联系命门真阳，为阴中含阳的穴位，取之能回阳救逆；②神阙：为生命之根蒂，真气所系，故用大艾炷重灸，以回垂绝之阳；④配合气海可以益气固本，回阳固脱,特点::闭证用针刺泻法，脱证用灸法回阳
眩晕,针灸学::针灸治疗::治疗各论::内科病证,1,主症::头晕目眩、泛泛欲吐，甚则昏眩欲仆。轻者短暂，平卧闭目则安；重则如坐舟车，难以站立，恶心呕吐；或时轻时重，兼见他证则迁延不愈，反复发作<br>###实证治法::平肝潜阳，化痰定眩。选穴：取足少阳、手足厥阴经穴及督脉穴为主。主穴：[[百会、风池、太冲、内关]]<br>###实证配穴::肝阳上亢取行间、侠溪、太溪；痰湿中阻取中脘、丰隆、阴陵泉、头维<br>###虚证治法::益气养血，益精定眩。选穴：足少阳经、督脉穴和相应背俞穴为主。主穴：[[百会、风池、肝俞、肾俞、足三里]]<br>###虚证配穴::气血两虚取气海、脾俞、胃俞；肾精不足取悬钟、三阴交、志室、太溪,特点::眩晕分实证和虚证，实证平肝潜阳，虚证益气养血
头痛,针灸学::针灸治疗::治疗各论::内科病证,1,主症::自觉头部疼痛<br>###辨经络::太阳：后枕部，或下连于项部；阳明：前额、眉棱、鼻根部；少阳：侧头痛，多见于单侧；厥阴：巅顶痛或连于目系者<br>###治法::调和气血，疏调经脉，通络止痛<br>###选穴原则::按局部选穴和远端循经选穴。按外感内伤：外感以督脉及手太阴经穴为主，内伤以督脉及头局部经穴为主<br>###主穴::版本一：百会、太阳、风池、阿是穴、合谷。版本二：阳明头痛取头维、印堂、阳白、阿是穴、合谷、内庭；少阳头痛取风池、太阳、率谷、阿是穴、外关、足临泣；太阳头痛取天柱、后顶、阿是穴、后溪、申脉；厥阴头痛取百会、四神聪、阿是穴、内关、太冲<br>###配穴::太阳取天柱、后溪、昆仑；阳明取头维、内庭、印堂、合谷；少阳取率谷、外关、足临泣；厥阴取四神聪、太冲、内关,特点::头痛按经络辨证分为太阳、阳明、少阳、厥阴四型
头痛配穴操作方义及偏头痛,针灸学::针灸治疗::治疗各论::内科病证,1,内伤头痛::主症头痛发病较缓，多伴头晕，痛势绵绵，时止时休，遇劳或情志刺激发作或加重。治法：实证疏通经络，清利头窍；虚证疏通经络，滋养脑髓。以督脉及头局部经穴为主。主穴：百会、头维、风池<br>###内伤配穴::肝阳取太溪、太冲、侠溪；痰浊取中脘、丰隆、太阳、阴陵泉；瘀血取血海、膈俞、内关、阿是穴；血虚取脾俞、足三里、气海、血海；肾虚取肾俞、太溪、三阴交、悬钟<br>###操作::①毫针虚补实泻法，寒证加灸；②头痛剧烈者，阿是穴可采用强刺激和久留针；③瘀血头痛可在阿是穴点刺出血；④风门拔罐或艾灸，大椎点刺出血；⑤头维、风池平补平泻法<br>###偏头痛::偏头痛表现为一侧头部疼痛反复发作，常伴有恶心、呕吐，对光及声音过敏等特点。治法为疏泄肝胆，通经止痛。以[[足厥阴及手足少阳经穴为主]]。取穴为太阳、率谷、悬颅、头维、风池、外关、太冲、足临泣,特点::内伤头痛分肝阳、痰浊、瘀血、血虚、肾虚五型
面瘫,针灸学::针灸治疗::治疗各论::内科病证,1,主症::口眼向一侧歪斜。又称口眼喁斜。即西医学的周围性面神经麻痹。尤其与手太阳和足阳明经筋功能失调有关<br>###治法::祛风通络，疏调经筋<br>###选穴原则::局部穴和手足阳明经穴；或以手足阳明和手足太阳经穴为主<br>###主穴::[[阳白、颧髎、颊车、地仓、翳风、合谷]]；或攒竹、丝竹空、阳白、四白、颧髎、颊车、地仓、合谷、太冲<br>###配穴::风寒外袭取风池、风府、列缺；风热侵袭取外关、关冲、曲池；眼睑闭合不全取鱼腰、申脉；人中沟歪斜取水沟；鼻唇沟变浅取迎香；气血不足取足三里、气海<br>###操作::①攒竹、阳白均向鱼腰部透刺；②面部腧穴均行平补平泻法，恢复期可加灸法；③发病初期，面部腧穴手法不宜过重，针刺不宜过浅，肢体远端腧穴行泻法且手法宜重；恢复期，足三里行补法，合谷、太冲行平补平泻法；余穴采用泻法,特点::面瘫主穴为阳白、颧髎、颊车、地仓、翳风、合谷
面痛,针灸学::针灸治疗::治疗各论::内科病证,1,主症::眼、面颊部出现放射性、烧灼样抽掣疼痛，相当于西医的三叉神经痛<br>###辨经络::足太阳经（手少阳经）——上颌部痛为三叉神经第2支即上颌支痛；下颌部痛为三叉神经第3支即下颌支痛；手、足阳明经及手太阳经——上颌、下颌部痛主要属于手、足阳明和手太阳经病；眼部痛为足太阳经证<br>###治法::疏通经络，活血祛风止痛<br>###选穴原则::以局部穴和手、足阳明经穴（或和足太阳经穴）为主<br>###主穴::[[四白、下关、地仓、合谷、太冲、内庭]]。第一支痛：攒竹、阳白、鱼腰、丝竹空、外关；第二支痛：四白、颧髎、迎香、下关、合谷；第三支痛：夹承浆、翳风、颊车、大迎、内庭<br>###配穴::风寒取风池、列缺；风热取曲池、外关、风池；气血瘀滞取内关、三阴交、太冲；肝胃郁热取行间、内庭；阴虚阳亢取风池、太溪,特点::面痛按三支分型取穴
感冒,针灸学::针灸治疗::治疗各论::内科病证,1,主症::恶寒发热，头痛，鼻塞流涕，脉浮<br>###治法::祛风解表<br>###选穴原则::取手太阴、手阳明经穴以及督脉穴为主<br>###主穴::[[列缺、合谷、风池、大椎、太阳、外关]]<br>###配穴::风寒感冒取风门、肺俞；风热感冒取曲池、尺泽、外关；夹湿取阴陵泉；夹暑取委中；虚人感冒取足三里、关元；鼻塞甚取迎香；咽喉疼痛取少商、商阳点刺出血；头痛取印堂、太阳；全身酸楚取身柱<br>###操作::①主穴以毫针泻法；②风寒感冒，大椎施以灸法；风热感冒，大椎施以刺络拔罐法；③配穴中足三里用补法或平补平泻法或灸法；④少商、委中用点刺出血法；⑤余穴用泻法<br>###方义::①列缺、合谷：感冒为外邪侵犯肺卫所致，太阴、阳明互为表里，列缺是肺的络穴，合谷是大肠的原穴，故取手太阴、手阳明经列缺、合谷以祛邪解表；②风池：足少阳经与阳维脉交会穴，阳维为病苦寒热，故风池既可疏散风邪，又与太阳穴相配可清利头目；③大椎：督脉主一身之阳气，温灸大椎可通阳散寒，刺络出血可清泻热邪,特点::感冒主穴为列缺、合谷、风池、大椎、太阳、外关
咳嗽,针灸学::针灸治疗::治疗各论::内科病证,1,外感咳嗽主症::咳嗽病程较短，起病急，或兼有表证<br>###外感咳嗽治法::疏风解表，宣肺止咳<br>###外感咳嗽选穴::取手太阴、手阳明经穴为主<br>###外感咳嗽主穴::[[肺俞、列缺、合谷]]（天突、中府）<br>###内伤咳嗽主症::咳嗽起病缓，病程长，可兼脏腑功能失调症状<br>###内伤咳嗽治法::肃肺理气，止咳化痰<br>###内伤咳嗽选穴::以肺之背俞穴、募穴和原穴为主；或取手足太阴经穴为主<br>###内伤咳嗽主穴::[[肺俞、太渊、三阴交]]（中府、天突）,特点::咳嗽分外感和内伤，外感宣肺止咳，内伤肃肺化痰
咳嗽配穴操作方义,针灸学::针灸治疗::治疗各论::内科病证,1,外感配穴::风寒袭肺取风门、太渊、风池；风热犯肺取大椎、曲池；咽喉痛取少商放血<br>###内伤配穴::痰湿阻肺取丰隆、阴陵泉；肝火灼肺取行间、鱼际；肺阴亏虚取膏肓、太溪；咯血取孔最；盗汗取阴郄；面肢浮肿、小便不利取阴陵泉、中极；气短乏力取足三里、气海<br>###外感操作::①毫针泻法；②风寒袭肺者宜留针或针灸并用，或针后在背部腧穴拔罐；风热犯肺宜疾刺；③针刺太渊应注意避开桡动脉；风门、肺俞等背部穴不可深刺<br>###内伤操作::主穴用毫针平补平泻，或加用灸法；配穴按虚补实泻法操作<br>###天突操作::天突先直刺0.2寸，然后将针尖转向下方，紧靠胸骨后方刺入1～1.5寸，做小幅度提插，使胸部有针感后，立即出针，或将针上提0.5寸后，留针,特点::咳嗽配穴按外感内伤辨证选穴
哮喘,针灸学::针灸治疗::治疗各论::内科病证,1,主症::呼吸急促，喉间哮鸣，甚则张口抬肩，不能平卧<br>###实证::病程短或在发作期，声高气粗，呼吸深长，呼出为快，体强，脉有力。治法：祛邪肃肺，化痰平喘。选穴：取手太阴经穴及相应俞募穴为主。主穴：[[列缺、尺泽、肺俞、中府、定喘、膻中]]<br>###实证配穴::风寒外袭取风门、合谷；痰热阻肺取丰隆、曲池；喘甚者取天突<br>###虚证::病程长，反复发作或在间歇期，声低气怯，气短息促，体弱，脉无力。治法：补益肺肾，止哮平喘。选穴：取相应背俞穴及手太阴、足少阴经穴为主。主穴：[[肺俞、膏肓、肾俞、太渊、太溪、足三里、定喘]]<br>###虚证配穴::肺气虚取气海、膻中；肾气虚取阴谷、关元<br>###实证操作::①毫针泻法；②风寒者可加灸；③痰热阻肺者定喘穴用刺络拔罐法，配穴用泻法操作<br>###虚证操作::定喘用刺络拔罐，其余毫针补法，可酌用灸法或拔罐,特点::哮喘分实证和虚证，实证祛邪肃肺，虚证补益肺肾
心悸,针灸学::针灸治疗::治疗各论::内科病证,1,主症::自觉心跳心慌，时作时息，并有善惊易恐，坐卧不安，甚则不能自主<br>###治法::调理心气，宁心安神，定悸止惊<br>###选穴原则::取手少阴、手厥阴经穴及脏腑俞募穴为主<br>###主穴::[[内关、郄门、神门、厥阴俞、膻中]]（心俞、巨阙）<br>###配穴::心胆虚虚取胆俞、心俞；心脾两虚取脾俞、足三里、心俞；阴虚火旺取太溪、肾俞；心脉瘀阻取膻中、膈俞、心俞；水气凌心取阴陵泉、水分、气海、三焦俞；痰火扰心取尺泽、丰隆<br>###操作::①毫针平补平泻；②水气凌心者加灸法，心脉瘀阻者膈俞可用刺络拔罐<br>###方义::①内关：心包经络穴，理气通络、安神定悸作用显著，为治疗心悸的必选穴位；②神门：心经原穴，可调理心经气血，宁心安神定悸；③郄门：心包经郄穴，有宽胸理气，宁心安神之效,特点::心悸主穴为内关、郄门、神门、厥阴俞、膻中
不寐,针灸学::针灸治疗::治疗各论::内科病证,1,主症::经常不易入睡，或寐而易醒，甚则彻夜不眠<br>###治法::宁心安神，舒脑安眠（调理跷脉，安神利眠）<br>###选穴原则::取督脉、手少阴及足太阴经穴、八脉交会穴为主<br>###主穴::[[百会、神门、三阴交、照海、申脉、安眠]]（印堂、四神聪）<br>###配穴::肝火扰神取行间、侠溪、风池；痰热内扰取丰隆、内庭；心脾两虚取心俞、脾俞、足三里；心胆气虚取心俞、胆俞；脾胃不和取足三里、公孙、内关、丰隆；心肾不交取太溪、肾俞、心俞；头晕取风池、悬钟；多梦取大陵；噩梦多取厉兑、隐白；健忘取四神聪<br>###操作::①神门、印堂、四神聪毫针平补平泻，较重者四神聪留针过夜，照海用补法，申脉用泻法；②配穴则虚补实泻；③心胆气虚者可配合灸法<br>###方义::①神门：心经原穴，宁心安神；印堂可调理脑神，两穴合用安神利眠；②三阴交：和调与不寐密切相关的肝脾肾三脏；③百会：取用督脉穴，督脉入属于脑，可镇静安神，舒脑安眠；④安眠：治疗不寐的经验效穴；⑤照海、申脉：八脉交会穴，分别与阴跷、阳跷相通,特点::不寐主穴为百会、神门、三阴交、照海、申脉、安眠
郁证,针灸学::针灸治疗::治疗各论::内科病证,1,主症::精神抑郁善扰，情绪不宁，或易怒易哭<br>###治法::调神理气，舒心疏肝解郁<br>###选穴原则::取手足厥阴、手少阴经穴及督脉穴为主<br>###主穴::[[印堂、百会、水沟、太冲、内关、神门]]（膻中）<br>###配穴::肝气郁结取膻中、期门；气郁化火取行间、侠溪；痰气郁结取丰隆、阴陵泉、廉泉、天突；心神惑乱（脏躁）取通里、心俞、三阴交；心脾两虚取心俞、脾俞、足三里、三阴交；肝肾阴虚取肝俞、肾俞、太溪、三阴交<br>###操作::①百会、内关、太冲行泻法，水沟可用雀啄泻法，其余主穴行平补平泻法；②精神恍惚可中冲点刺放血；③配穴按虚补实泻法操作<br>###方义::①印堂、百会、水沟：脑为元神之府，督脉入络脑，三穴可安神解郁；②太冲：肝经原穴，疏肝理气，通畅气机；③内关、神门：分别为心包经络穴，心经原穴，两穴调理心气，舒心解郁，调理心神而安神定志,特点::郁证主穴为印堂、百会、水沟、太冲、内关、神门
痫病,针灸学::针灸治疗::治疗各论::内科病证,1,主症::突然昏仆，口吐涎沫，两目上视，四肢抽搐，或有鸣声，醒后神志如常<br>###发作期治法::醒脑开窍醒神，息风止痉<br>###发作期选穴::以手厥阴经穴、督脉穴为主（以督脉及足厥阴、足阳明经穴为主）<br>###发作期主穴::[[水沟、百会、太冲、后溪、内关、涌泉]]（合谷、丰隆）<br>###缓解期治法::化痰息风，理气通络<br>###缓解期选穴::手足厥阴经穴及任脉、督脉穴为主（以任脉、督脉、足阳明及足厥阴经穴为主）<br>###缓解期主穴::[[印堂、鸠尾、间使、太冲、丰隆、腰奇]]（筋缩、阳陵泉）,特点::痫病分发作期和缓解期，发作期醒脑开窍，缓解期化痰息风
痫病配穴操作方义,针灸学::针灸治疗::治疗各论::内科病证,1,大发作::十宣、涌泉。发作前常感头晕头痛，胸闷神疲等预兆，旋即突然昏仆，不省人事，面色苍白，两目上视，牙关紧闭，四肢抽搐，口吐白沫，甚则尖叫，二便失禁<br>###小发作::神门、神庭。动作突然中断，手中物件落地，或头突然向前倾下后迅速抬起，或两目上吊，多在数秒或数分钟可恢复<br>###风痰闭阻::合谷、风池、阴陵泉、中脘<br>###痰火扰神::神门、行间、内庭、曲池<br>###心脾两虚::心俞、脾俞、足三里<br>###肝肾阴虚::肝俞、肾俞、三阴交<br>###瘀阻脑络::膈俞、内关、血海、百会<br>###发作期操作::①毫针泻法；②水沟雀啄手法，宜强刺激致眼球湿润或流泪；③十宣可点刺放血<br>###缓解期操作::①太冲、丰隆等主穴行泻法；②鸠尾向巨阙斜刺1寸，针刺鸠尾应掌握正确的针刺方向、角度和深度，以防伤及肝脏等腹腔脏器；③余穴平补平泻,特点::痫病发作期强刺激，缓解期平补平泻
消渴,针灸学::针灸治疗::治疗各论::内科病证,1,主症::多饮、多食、多尿、形体消瘦，或尿中有甜味<br>###治法::养阴生津，清热润燥<br>###选穴原则::取相应脏腑背俞穴及足太阴、足少阴经穴为主<br>###主穴::肺俞、脾俞、肾俞、胃脘下俞、太溪、三阴交<br>###配穴::[object Object]<br>###操作::①操作毫针刺，用补法或平补平泻法；②肾俞、太溪行毫针补法，其余主穴行平补平泻法；③配穴用虚补泻实法；④阴阳两虚者可配合灸法；⑤金津、玉液可点刺出血<br>###方义::①胃脘下俞（胰俞）为奇穴，是治疗本病的经验效穴；②肺俞、脾俞、肾俞分别为肺、脾、肾的背俞穴，能清肺润燥，健脾生津，滋补肾阴；③太溪为肾之原穴，三阴交为足三阴经交会穴，可养胃阴，补肝肾，清虚热,特点::消渴分上中下三消，分别取肺俞/脾俞/肾俞配穴
胁痛,针灸学::针灸治疗::治疗各论::内科病证,1,主症::多见一侧，初起疼痛较重，久之胁肋隐痛时发。气滞多胀痛窜痛，瘀血多刺痛较剧<br>###辨经络::肝胆两经布于胁肋，故胁痛病位主要在肝胆经，表现在胁肋部，与脾、胃、肾相关<br>###治法::疏肝利胆理气，和络止痛<br>###选穴原则::取足厥阴、足少阳、（手少阳）经穴为主<br>###主穴::[[期门、支沟、阳陵泉、太冲/日月/足三里]]<br>###配穴::肝郁气滞取太冲、内关、行间；气滞血瘀取膈俞、太冲、阳辅；肝胆湿热取中脘、阴陵泉、行间/丰隆、侠溪；肝阴不足取肝俞、三阴交、肾俞；瘀血阻络取膈俞、阿是穴,特点::胁痛主穴为期门、支沟、阳陵泉、太冲
胁痛操作方义,针灸学::针灸治疗::治疗各论::内科病证,1,操作::①阳陵泉、支沟行毫针泻法，期门、日月行平补平泻法；②虚证时足三里补法，其余主穴泻法，配穴虚补实泻法；③瘀血阻络者阿是穴刺络拔罐；④局部穴取患侧，针期门用1～1.5寸毫针平刺或斜刺0.5～0.8寸<br>###方义::①期门、日月、阳陵泉：肝胆经脉布于两胁，近部取肝、胆的募穴期门、日月，远取胆经合穴阳陵泉，可疏肝利胆，通畅胁肋，和络止痛；②支沟：三焦经经穴，有疏通三焦气机之功，其善理胁肋之气，为治疗胁肋疾病的要穴；③佐足三里引气下行，和降胃气而消痞满，减胁痛,特点::胁痛操作注意期门平刺或斜刺
胃痛,针灸学::针灸治疗::治疗各论::内科病证,1,主症::上腹胃脘部疼痛。实证者暴痛，痛剧拒按，饥时痛减，纳后痛增；虚证痛处隐隐，喜按，空腹痛甚，纳后痛减<br>###治法::和胃止痛<br>###选穴原则::取足阳明经穴、（手厥阴经穴）及胃的募穴为主；或以胃之下合穴、募穴为主<br>###主穴::[[中脘、足三里、内关]]<br>###配穴::寒邪客胃取胃俞、神阙；饮食停滞取下脘、梁门、天枢；肝气犯胃取太冲、胃俞、阳陵泉、期门；气滞血瘀取膈俞、膻中；脾胃虚寒取神阙、气海、脾俞、胃俞、关元；胃阴不足取三阴交、胃俞、太溪、内庭；急性胃炎取梁丘；消化性溃疡取公孙<br>###操作::①足三里平补平泻法，疼痛发作时，持续行针1～3分钟，直到痛止或缓解，内关、中脘均用泻法；②寒气客胃或脾胃虚寒者宜加用灸法<br>###方义::①中脘：胃的募穴，腑之所会，可健运中州，调理气机；②足三里：胃经的合穴、胃的下合穴，合治内腑，可调理胃肠气机，和胃止痛；③内关：八脉交会穴，通于阴维脉，阴维脉与足阳明胃经会于腹部，可宽胸解郁，行气止痛,特点::胃痛主穴为中脘、足三里、内关
腹痛,针灸学::针灸治疗::治疗各论::内科病证,1,主症::胃脘以下、耻骨毛际以上部位疼痛。急性者病急痛剧，多为实证；慢性者病长，缠绵，多为虚证或虚实夹杂<br>###治法::和胃调肠（通调腑气），缓急止痛<br>###选穴原则::取足阳明、足太阴经穴及相应脏腑募穴为主<br>###主穴::[[中脘、天枢、足三里、三阴交]]<br>###配穴::寒邪内积取神阙、关元、公孙；湿热壅滞取阴陵泉、内庭；饮食停滞取下脘、梁门；气滞血瘀取太冲、血海；脾阳不振取脾俞、章门、神阙<br>###操作::①主穴平补平泻为主；②关元虚证用补法，实证用平补平泻法；太冲用泻法；③寒证可用艾灸；④腹痛发作时，足三里持续强刺激1～3分钟，直到痛止或缓解,特点::腹痛主穴为中脘、天枢、足三里、三阴交
呕吐,针灸学::针灸治疗::治疗各论::内科病证,1,主症::实证病急，呕吐量多，吐出物多酸臭味，或伴寒热；虚证病程长，发病缓，时作时止，吐出物不多，腐臭味不甚<br>###治法::和胃降逆，理气止呕<br>###选穴原则::以足阳明经穴、（手厥阴经穴）及相应募穴为主；或以胃的俞募穴、下合穴为主<br>###主穴::[[中脘、胃俞、足三里、内关]]<br>###配穴::寒邪客胃取上脘、公孙、胃俞；热邪内蕴取合谷、金津、玉液点刺出血或针刺商阳、内庭；饮食停滞取下脘、梁门、天枢；痰饮内阻取膻中、丰隆；肝气犯胃取太冲、肝俞、阳陵泉；脾胃虚寒取脾俞、神阙、胃俞<br>###操作::①毫针刺，主穴平补平泻为主；或内关、中脘用泻法，胃俞、足三里平补平泻法；②寒邪内积或脾阳不振（寒气客胃或脾胃虚寒者）可配合灸法；③呕吐发作时，可在内关穴行强刺激并持续运针1～3分钟；④热邪内蕴者金津、玉液点刺出血<br>###方义::①中脘：病位在胃，中脘居于胃脘部，是胃的募穴、腑会；胃俞是胃的背俞穴，可理气和胃止呕；②足三里：胃的下合穴，可疏理胃肠气机，与中脘远近相配，通降胃气；③内关：手厥阴经络穴，又为八脉交会穴，通于阴维脉，可宽胸利气，和胃降逆，为止呕要穴,特点::呕吐主穴为中脘、胃俞、足三里、内关
泄泻,针灸学::针灸治疗::治疗各论::内科病证,1,主症::排便次数增多，粪便稀薄，或泻出如水样<br>###治法::运脾化湿、理肠止泻<br>###选穴原则::以大肠募穴、背俞穴及下合穴为主<br>###主穴::[[神阙、天枢、大肠俞、上巨虚、阴陵泉]]<br>###急性泄泻::发病势急，病程短，大便次数显著增多，小便减少。治法：除湿导滞，通调腑气。选穴：取足阳明、足太阴经穴为主。主穴：天枢、上巨虚、阴陵泉、水分<br>###急性配穴::寒湿内盛取神阙（宜用灸法），或配关元、水分；肠腑湿热取内庭、曲池；饮食停滞取中脘、建里<br>###慢性泄泻::发病势缓，病程较长，多由急性泄泻演变而来，便泻次数较少。治法：健脾温肾，固本止泻。选穴：取任脉、足阳明、足太阴经穴为主。主穴：神阙、天枢、足三里、公孙<br>###慢性配穴::肝气乘脾取太冲、肝俞；脾气虚弱取脾俞、太白、胃俞；肾阳虚衰取肾俞、命门、关元,特点::泄泻分急性泄泻和慢性泄泻
便秘,针灸学::针灸治疗::治疗各论::内科病证,1,主症::大便秘结不通，排便艰涩难解<br>###治法::调理肠胃、行滞通便（通润肠腑，调肠通便）<br>###选穴原则::取足阳明、手少阳经穴为主（或取大肠的背俞穴、募穴及下合穴为主）<br>###主穴::[[天枢、大肠俞、上巨虚、支沟、照海]]（足三里）<br>###配穴::热秘取曲池、内庭、合谷；冷秘取关元、神阙；气秘取太冲、中脘；气虚秘取脾俞、气海；血虚秘取脾俞、三阴交<br>###操作::①毫针刺，实泻虚补操作；②冷秘、虚秘，神阙、关元宜配合灸法<br>###方义::①天枢：大肠募穴，与大肠俞同用为俞募配穴法，上巨虚为大肠下合穴，三穴合用可通调大肠腑气，腑气通则大肠传导功能复常；②支沟：三焦经经穴，能宣通三焦气机，通调肠腑，照海为肾经穴位，可滋润肠腑，两穴配用，通润相济，为治疗便秘的效穴；③足三里：足阳明胃经合穴，可调理胃肠，宣通阳明腑气而通便,特点::便秘主穴为天枢、大肠俞、上巨虚、支沟、照海
癃闭,针灸学::针灸治疗::治疗各论::内科病证,1,主症::排尿困难，点滴而下，甚至闭塞不通。实证者可见发病急，小便闭塞不通，努责无效，小腹胀急而痛，烦躁口渴，舌红苔黄腻；虚证者可见发病缓，小便滴沥不爽，排出无力，甚则点滴不通，精神疲惫，舌淡脉沉细弱<br>###治法::调理膀胱，行气通闭<br>###选穴原则::取膀胱的背俞穴、募穴为主<br>###主穴::[[中极、膀胱俞、秩边、三阴交、阴陵泉]]<br>###实证治法::清利湿热，行气活血。选穴：足太阳、足太阴经穴及相应俞募穴为主。主穴：中极、膀胱俞、秩边、阴陵泉、三阴交<br>###实证配穴::膀胱湿热取委阳/委中、曲池/行间；肺热壅盛取尺泽、肺俞；肝郁气滞取太冲、肝俞、大敦、蠡沟；浊瘀阻塞取曲骨、血海、次髎、膈俞<br>###虚证治法::温补脾肾，益气启闭。选穴：足太阳经、任脉穴及相应背俞穴为主。主穴：秩边、关元、脾俞、三焦俞、肾俞<br>###虚证配穴::脾气虚弱取气海、足三里、脾俞；肾气亏虚取肾俞、太溪、命门；无尿意或无力排尿者取气海、曲骨,特点::癃闭分实证和虚证，实证清利湿热，虚证温补脾肾
癃闭操作方义,针灸学::针灸治疗::治疗各论::内科病证,1,实证操作::①毫针泻法；②秩边穴用芒针深刺2.5～3寸，或透向水道，以针感向会阴部放射为度；③针刺中极前，应先检查膀胱的膨胀程度，以决定针刺的方向、角度和深度，膀胱充盈者不能直刺，应向下斜刺、浅刺；针刺不可过深，以免伤及膀胱<br>###虚证操作::①秩边用泻法，操作同上；②其余主穴及配穴均用毫针补法，亦可用温针灸，每日1～2次，配穴用补法<br>###实证方义::①中极、膀胱俞：取膀胱募穴中极和膀胱背俞穴俞募相配，促进膀胱气化；②秩边：膀胱经穴，可疏导膀胱气机；③阴陵泉：清热利湿而通小便；④三阴交：通调足三阴经气血，消除瘀滞<br>###虚证方义::①秩边：膀胱经穴，可疏导膀胱气机；②关元：任脉与足三阴经交会穴，能温补下元，鼓舞膀胱气化；③脾俞、肾俞：补益脾肾；④三焦俞：通调三焦，促进膀胱气化功能,特点::癃闭实证毫针泻法，虚证毫针补法加温针灸
痿证,针灸学::针灸治疗::治疗各论::内科病证,1,主症::肢体软弱无力，筋脉弛缓，甚则肌肉萎缩或瘫痪<br>###治法::祛邪疏通经络，濡养筋脉<br>###选穴原则::取手足阳明、（少阳经）和夹脊穴为主<br>###上肢主穴::[[颈、胸部夹脊穴、肩髃、曲池、外关、合谷]]（手三里）<br>###下肢主穴::[[腰部夹脊穴、环跳、髀关、足三里、阳陵泉、悬钟、解溪、三阴交]]（伏兔）<br>###配穴::肺热津伤取尺泽、肺俞、二间、大椎；湿热浸淫取阴陵泉、大椎、内庭、中极；脾胃虚弱取脾俞、胃俞、关元、中脘；肝肾亏虚取肝俞、肾俞、太溪、太冲<br>###操作::①毫针虚补实泻；足三里、三阴交用补法，其余穴位用泻法或平补平泻法，夹脊穴用平补平泻法，配穴按虚补实泻法操作；②瘫痪肌肉处穴位可给以脉冲电刺激；③夹脊穴向脊柱方向斜刺。肢体穴位加用灸法，亦可用电针<br>###方义::①《素问·痿论》指出治痿独取阳明。阳明经多气多血，主润宗筋，故取肩髃、曲池、足三里、解溪等阳明经穴，以疏通经络，调理气血，濡养宗筋；②华佗夹脊穴：位于督脉之旁，与膀胱经第1侧线脏腑背俞穴经气相通，用之可调和脏腑以增强肌力，宣通督脉以振奋阳气,特点::痿证治痿独取阳明，配合夹脊穴
痹证,针灸学::针灸治疗::治疗各论::内科病证,1,主症::肌肉关节疼痛，屈伸不利<br>###辨经络::足太阴——膝关节内侧疼痛；足阳明或足少阳——膝关节外侧疼痛<br>###治法::通经活络，行气止痛<br>###选穴原则::以局部穴位为主，配合循经取穴及辨证选穴<br>###主穴::[[阿是穴、局部经穴]]<br>###配穴::[object Object]<br>###操作::①毫针泻法或平补平泻；②寒痹、湿痹者加灸法；③热痹者大椎、曲池可点刺放血，局部腧穴可加拔罐法，亦可用<br>###方义::①阿是穴和局部经穴：疏通局部经络气血，调和营卫，则风寒湿热等外邪无所依附，痹病自除；②行痹风邪偏盛，取膈俞、血海以活血，遵治风先治血，血行风自灭之义；③痛痹寒邪偏盛，取肾俞、腰阳关，益火之源，振奋阳气而祛寒邪；④着痹湿邪偏盛，取阴陵泉、足三里健脾除湿；⑤热痹，加大椎、曲池泻热疏风、利气消肿,特点::痹证分行痹、着痹、痛痹、热痹四型
腰痛,针灸学::针灸治疗::治疗各论::内科病证,1,主症::腰部疼痛。主要归足太阳膀胱经、督脉、带脉和肾经所主<br>###辨经络::督脉——疼痛在腰脊中部，并有明显压痛；足太阳——疼痛在腰脊两侧，并有明显压痛<br>###治法::舒筋活络，活血通经止痛<br>###选穴原则::取局部阿是穴及足太阳经穴<br>###主穴::[[大肠俞、阿是穴、委中]]（肾俞）<br>###配穴::督脉取后溪、命门、腰夹脊；足太阳经证取申脉、昆仑、志室；寒湿腰痛取腰阳关、命门；瘀血腰痛取膈俞、次髎；肾虚腰痛取肾俞、太溪、志室<br>###操作::①毫针虚补实泻法；②寒湿腰痛或肾阳虚加灸法；肾虚配穴用补法；瘀血腰痛阿是穴用刺络拔罐法；痛势较急者委中点刺放血<br>###方义::①大肠俞、阿是穴：疏通腰部经络气血，通经止痛；②委中：膀胱之脉，夹脊抵腰络肾，腰背委中求，循经远取委中，以疏通足太阳经气，是治疗腰背部疼痛的要穴,特点::腰痛主穴为大肠俞、阿是穴、委中
坐骨神经痛,针灸学::针灸治疗::治疗各论::内科病证,1,主症::沿着坐骨神经通路（腰、臀、大腿后侧，小腿后外侧及足外侧）出现放射样、电击样、烧灼样疼痛<br>###辨经络::足太阳——疼痛以下肢后侧为主者，沿腰或臀、大腿后侧、小腿后侧及足外侧放射痛；足少阳——疼痛以下肢外侧为主者，沿臀、大腿、小腿外侧至足外侧呈放射痛<br>###治法::通经止痛<br>###选穴原则::循经取足太阳、足少阳经穴为主<br>###主穴::[[大肠俞、腰夹脊、环跳、委中、阳陵泉、悬钟、丘墟]]<br>###足太阳经证::腰夹脊、秩边、委中、承山、昆仑、殷门、阿是穴<br>###足少阳经证::腰夹脊、环跳、阳陵泉、悬钟、丘墟、阿是穴<br>###配穴::感受寒湿取命门、腰阳关；瘀血阻络取血海、膈俞、三阴交、阿是穴；气血不足取足三里、三阴交<br>###操作::①毫针虚补实泻法；②腰臀部腧穴可适当深刺，如秩边、环跳等以针感沿腰腿部足太阳、足少阳经向下传导为佳，但不宜多次重复；③寒湿证可加用灸法<br>###方义::①腰夹脊穴：治疗腰腿疼痛的要穴，可疏通局部气血；②足太阳、足少阳经诸穴：治病求本，可以疏导本经痹阻不通之气血，达到通则不痛的目的,特点::坐骨神经痛按足太阳和足少阳经辨证取穴
月经不调,针灸学::针灸治疗::治疗各论::妇科儿科病证,1,月经先期::月经周期提前7天以上，甚至10余日一行。治法：理气调血，固涩冲任，清热调经。主穴：[[关元、三阴交、气海、血海、地机]]<br>###月经后期::月经周期推迟7天以上，甚至3～5月1潮。治法：温经散寒，益气行血调经。主穴：[[气海、三阴交、归来、血海]]<br>###月经先后无定期::月经周期或提前或错后1～2周，并连续3个月经周期以上。治法：调补肝肾，理血调经，调理冲任。主穴：[[关元、三阴交、肝俞、交信]]<br>###选穴原则::取任脉、足太阴经穴为主,特点::月经不调分月经先期、月经后期和月经先后无定期三型
痛经,针灸学::针灸治疗::治疗各论::妇科儿科病证,1,实证主症::经前或行经期小腹剧烈疼痛，痛处拒按<br>###实证治法::行气活血，调经止痛<br>###实证选穴::取任脉、足太阴经穴为主<br>###实证主穴::[[中极、次髎、三阴交、地机、十七椎]]<br>###虚证主症::行经期或经后小腹或腰骶部绵绵隐痛，痛处喜按<br>###虚证治法::调补气血，温养冲任<br>###虚证选穴::取任脉、足太阴、足阳明经穴为主<br>###虚证主穴::[[关元、足三里、三阴交、次髎、十七椎]]（气海）<br>###实证配穴::气滞血瘀取太冲、血海；寒凝血瘀取关元、归来<br>###虚证配穴::气血虚弱取气海、脾俞、胃俞；肾气亏损取太溪、肾俞；肝肾不足取肝俞、肾俞<br>###实证操作::毫针泻法，寒凝者加艾灸<br>###虚证操作::毫针补法，可加灸<br>###实证方义::①中极：为任脉穴，与足三阴经交会，可通调冲任，理下焦之气；②次髎、十七椎：为治疗痛经的经验穴；③地机：为脾经郄穴，善于治痛治血，取之能行气活血止痛；④三阴交：为足三阴经交会穴，可调理脾、肝、肾三脏，活血止痛<br>###虚证方义::①关元：为任脉穴，又为全身强壮要穴，可补益肝肾、温养冲任；②足三里：为足阳明胃经穴，功擅补益气血；③三阴交：为足三阴经交会穴，可调理脾、肝、肾三脏，健脾益气养血；④次髎、十七椎是治疗痛经的效穴,特点::痛经分实证和虚证，实证行气活血，虚证调补气血
经闭,针灸学::针灸治疗::治疗各论::妇科儿科病证,1,主症::年过16岁而月经尚未来潮，或以往有过正常月经，现停止月经在3个周期以上<br>###血枯经闭::兼见月经超龄未至，或经期错后，经量逐渐减少，终至经闭。治法：调补冲任，养血通经。选穴：以任脉及足阳明、足太阴经穴为主。主穴：[[关元、足三里、归来、脾俞]]（三阴交）<br>###血枯配穴::气血虚弱取气海、胃俞、脾俞；肝肾不足取太溪、肝俞；肾气亏虚取太溪、肾俞<br>###血滞经闭::兼见以往月经正常，骤然经闭不行，伴有腹胀痛等现象。治法：健脾行气，活血通经。选穴：任脉及足太阴、手阳明经穴为主。主穴：[[中极、三阴交、合谷、归来/血海]]<br>###血滞配穴::气滞血瘀取太冲、血海、合谷、膈俞；痰湿阻滞取阴陵泉、丰隆；寒凝胞宫取命门、神阙<br>###血枯操作::毫针补法，可加灸<br>###血滞操作::毫针泻法，寒湿凝滞可灸,特点::经闭分血枯经闭和血滞经闭
崩漏,针灸学::针灸治疗::治疗各论::妇科儿科病证,1,症状::妇女经血非时暴下不止或淋漓不尽。其中发病急骤，暴下如注，大量出血者为崩；病势缓，出血量少，淋漓不绝者为漏<br>###治法::调理冲任，固崩止漏<br>###选穴原则::以任脉及足太阴经穴为主<br>###主穴::[[关元、三阴交、隐白]]<br>###实证主症::经血非时暴下，量多势急，或淋漓不断，色红质稠夹血块<br>###实证治法::清热利湿，固经止血<br>###实证配穴::血热取中极、血海、行间、曲池；湿热取中极、阴陵泉；气郁取膻中、太冲；血瘀取血海、膈俞、太冲<br>###虚证主症::久崩久漏，淋漓难尽，色淡质稀<br>###虚证治法::健脾补肾，固冲止血<br>###虚证配穴::脾虚取脾俞、百会/胃俞/足三里；肾阳虚取肾俞、命门；肾阴虚取肾俞、太溪；肾虚取命门、太溪<br>###实证操作::①毫针刺，关元针尖向下斜刺，使针感传至耻骨联合上下；②关元用平补平泻法，其余穴位用泻法；③隐白用艾炷灸（或灯火灸或麦粒灸）<br>###虚证操作::毫针补法，可加灸；肾虚、脾虚可在腹部和背部施灸,特点::崩漏分实证和虚证，隐白穴为治疗崩漏的经验穴
带下病,针灸学::针灸治疗::治疗各论::妇科儿科病证,1,主症::阴道流出的黏稠液体增多，如涕如脓，色质气味异常<br>###治法::利湿化浊，固摄带脉（补益肾气，健脾利湿）<br>###选穴原则::取任脉、足太阴经穴、（足少阳经穴）为主<br>###主穴::[[带脉、中极、白环俞、三阴交、阴陵泉]]<br>###配穴::湿热下注取水道、次髎、行间；脾虚取足三里、脾俞、气海；肾虚取关元、肾俞、照海；阴痒取蠡沟、太冲；带下色红取血海、三阴交<br>###操作::毫针刺，带脉平补平泻法，其他主穴采用泻法，配穴按虚补实泻法操作；脾虚、肾虚所致的带下可用温和灸<br>###方义::①带脉：为足少阳、带脉二经交会穴，是带脉经气所经过之处，能固摄带脉，调理经气；②中极：为任脉与足三阴经交会穴，可清利下焦，利湿化浊；③白环俞：属膀胱经，可助膀胱气化，利下焦湿热；④三阴交：调理肝、脾、肾，健脾利湿，固经止带；⑤阴陵泉：健脾利湿止带,特点::带下病主穴为带脉、中极、白环俞、三阴交、阴陵泉
绝经前后诸症,针灸学::针灸治疗::治疗各论::妇科儿科病证,1,主症::绝经期前后出现月经紊乱，性欲减退，阵发性潮热，出汗，心悸，情绪不稳定<br>###治法::滋补肝肾，调理冲任<br>###选穴原则::任脉及背俞穴、原穴为主<br>###主穴::[[肾俞、太溪、三阴交、关元/气海、肝俞、神门]]<br>###配穴::肾阴虚取照海、阴谷；肾阳虚取关元、命门、腰阳关；肝阳上亢取风池、太冲；痰气郁结取中脘、丰隆；阴阳俱虚取命门、照海；心肾不交取心俞、神门；肝气郁滞取合谷、太冲；脾虚痰凝取丰隆、脾俞<br>###操作::主穴毫针补法或平补平泻法，配穴按虚补实泻法操作；肾阳虚者，可加灸<br>###方义::①气海为任脉穴，可补益精气，调理冲任，益气固本；②三阴交为肝脾肾三经交会穴，与肝俞、肾俞合用，可健脾、疏肝、益肾，理气开郁，调补冲任；③本病基本病机是肾精亏虚，肾的阴阳平衡失调，故取肾之背俞穴肾俞、原穴太溪，补益肾之精气以治其本；④关元为任脉与足三阴经交会穴，可益肾元，调冲任；⑤太溪滋补肾阴。神门安神除烦以治标,特点::绝经前后诸症以滋补肝肾、调理冲任为治法
缺乳,针灸学::针灸治疗::治疗各论::妇科儿科病证,1,主症::产后乳汁分泌量少，甚或乳汁全无,特点::缺乳为主症描述
遗尿,针灸学::针灸治疗::治疗各论::妇科儿科病证,1,主症::年满5周岁，具有正常排尿的小儿，在睡眠中小便不能自行控制<br>###治法::健脾益气，温肾固摄，通调膀胱<br>###选穴::取任脉及膀胱的背俞穴、募穴(或和足太阴经穴)为主<br>###主穴::[[关元、中极、膀胱俞、三阴交、肾俞]]<br>###配穴::肾气不足取肾俞、命门、太溪；脾肺气虚取肺俞、气海、足三里；肝经郁热取行间、阴陵泉或蠡沟、太冲；夜梦多取百会、神门<br>###操作::①毫针补法，可灸；②下腹部穴位针尖向下斜刺，以针感达到前阴部为佳<br>###方义::①关元为任脉与足三阴经交会穴，培补元气，固摄下元；②中极、膀胱俞为膀胱之俞募配穴，振奋膀胱气化功能；③三阴交调理肝脾肾三经经气，健脾益气，益肾固本而止遗尿,特点::遗尿主穴为关元、中极、膀胱俞、三阴交、肾俞
注意力缺陷多动障碍,针灸学::针灸治疗::治疗各论::妇科儿科病证,1,主症::又称小儿多动症，行为异常，运动过多和动作不协调，注意力不集中<br>###治法::健脑益智，安神定志(调和阴阳/育阴潜阳)<br>###选穴::以督脉及手少阴、手厥阴/手足厥阴、足少阳、足少阴经穴为主<br>###主穴::[[百会、印堂、风池、太溪、太冲、神门、内关、四神聪]]<br>###配穴::阴虚阳亢/肝肾阴虚取三阴交、侠溪、太溪；心脾两虚取心俞、脾俞；痰火内扰取丰隆、劳宫<br>###操作::毫针刺，虚补实泻。风池、太冲用毫针泻法，太溪用补法，其余主穴用平补平泻法。四肢穴位可用速刺法，不留针，头部穴位留针30分钟<br>###方义::①百会、印堂为督脉穴，可安神定志，益智健脑；②太溪为肾经原穴，填精生髓、育阴潜阳；③风池、太冲镇肝潜阳息风；④神门为心之原穴，内关为心包之络，合用可宁心镇定安神,特点::注意力缺陷多动障碍以健脑益智、安神定志为治法
隐疹,针灸学::针灸治疗::治疗各论::皮外伤科病证,1,主症::皮肤上出现风团，发无定处，时发时退，伴有瘙痒，消退后不留痕迹<br>###治法::祛风止痒，养血和营(疏风和营)<br>###选穴::取手阳明、足太阴、(足太阳)经穴为主<br>###主穴::[[曲池、合谷、血海、膈俞、委中、三阴交]]<br>###配穴::风邪侵袭取外关、风池；风热犯表取大椎、风池/风门；风寒束表取风门、肺俞；胃肠积热取天枢、足三里；血虚风燥取脾俞、足三里、三阴交<br>###操作::①毫针泻法；②委中、膈俞可点刺出血(刺络放血)；③风寒束表或湿邪较重者可灸<br>###方义::①曲池、合谷为手阳明经穴，可疏风清热、清泻阳明；②血海、膈俞治风先治血，血行风自灭；③三阴交可养血活血、润燥祛风止痒；④委中又名血郄，与血海同用，可理血和营,特点::隐疹治法体现治风先治血、血行风自灭原则
湿疹,针灸学::针灸治疗::治疗各论::皮外伤科病证,1,主症::皮肤表皮及真皮浅层皮损呈丘疹、疱疹、渗出、肥厚等多形性损害<br>###治法::清热利湿<br>###选穴::以手阳明、足太阴经穴为主<br>###主穴::[[曲池、阴陵泉、阿是穴、风市、血海、(足三里、三阴交)]]<br>###配穴::湿热浸淫取合谷、内庭；脾虚湿蕴取足三里、脾俞；血虚风燥取膈俞、三阴交<br>###操作::患部阿是穴毫针围刺<br>###方义::①曲池清泻阳明热邪；②三阴交、阴陵泉清化湿浊；③血海活血祛风；④取患部阿是穴用毫针围刺可疏调局部经络之气；⑤足三里健脾化湿，补益气血，标本兼顾,特点::湿疹分湿热浸淫、脾虚湿蕴、血虚风燥三种证型
蛇串疮,针灸学::针灸治疗::治疗各论::皮外伤科病证,1,主症::突发单侧簇集状水疱呈带状分布的皮疹，以腰、胁部最为常见<br>###治法::泻火解毒，清热利湿<br>###选穴::取局部阿是穴及相应夹脊穴及手足少阳经穴为主<br>###主穴::[[局部阿是穴、夹脊穴、(支沟、阳陵泉、行间)]]<br>###配穴::肝经火毒取行间、侠溪、太冲；脾胃湿热取阴陵泉、内庭、血海；瘀血阻络取血海、合谷、三阴交<br>###操作::①毫针泻法，强刺激；②皮损局部阿是穴用围针法；③或用三棱针点刺疱疹及周围，拔火罐，令每罐出血3-5ml；④夹脊穴向脊柱方向斜刺1.5寸，行捻转泻法<br>###方义::①局部阿是穴围刺或点刺拔罐，可引火毒外出；②夹脊穴直针毒邪所留之处，可泻火解毒，通络止痛；③支沟、阳陵泉清泻少阳之邪热；④行间为足厥阴肝经荥穴，具有疏肝泻热之功,特点::蛇串疮以局部阿是穴围刺配合夹脊穴为核心治法
神经性皮炎,针灸学::针灸治疗::治疗各论::皮外伤科病证,1,主症::皮肤神经功能失调所致的肥厚性皮肤病，以皮肤苔藓样变和阵发性剧痒为特征，俗称牛皮癣<br>###治法::祛风止痒，清热润燥<br>###选穴::取局部阿是穴及手阳明、足太阴经穴为主<br>###主穴::[[阿是穴、曲池、合谷、血海、膈俞]]<br>###配穴::风热侵袭取外关、风池；肝郁化火取太冲、肝俞、行间；血虚风燥取肝俞、三阴交、足三里<br>###操作::①阿是穴毫针围刺，针尖沿病灶基底部皮下向中心平刺，并可艾灸；②余主穴用毫针泻法；③配穴按毫针虚补实泻法操作<br>###方义::①阿是穴既可宣散局部风热郁火，又疏通患部经络气血；②曲池、合谷为阳明经穴，可和血通络，祛风止痒；③血海、膈俞凉血养血活血，濡润肌肤,特点::神经性皮炎好发于颈后、肘、腘、骶、踝等部位
痄腮,针灸学::针灸治疗::治疗各论::皮外伤科病证,1,主症::耳下腮肿疼痛，或伴有发热<br>###治法::泻火解毒，消肿散结<br>###选穴::以手少阳、手足阳明经穴为主<br>###主穴::[[翳风、颊车、外关、合谷、关冲]],特点::痄腮为手少阳、手足阳明经穴主治
乳痈,针灸学::针灸治疗::治疗各论::皮外伤科病证,1,主症::乳房肿胀、热痛，排乳不畅。初起为气滞热壅(郁乳期)；肿块增大为火毒炽盛(酿脓期)；肿块中央触之渐软为正虚邪恋(溃脓期)<br>###治法::清热解毒，消肿散结<br>###选穴::取[[足阳明、足厥阴经穴]]为主<br>###主穴::[[膻中、期门、肩井、(足三里、内关；或乳根、少泽、内庭)]]<br>###配穴::肝气郁结取太冲；胃热壅滞取曲池、内庭；火毒凝结取厉兑、大敦点刺放血<br>###操作::①毫针泻法；②少泽、厉兑、大敦点刺放血；膻中向患侧乳房中心方向平刺；乳根向上刺入乳房底部；肩井向前方刺入；③注意胸背部及肩部穴位不能直刺或深刺<br>###方义::①足三里、期门清泻阳明胃热、疏通厥阴肝郁；②膻中、乳根近部选穴与内关远近相配，能宽胸理气；③肩井、少泽为治疗乳痈的经验效穴,特点::乳痈分郁乳期、酿脓期、溃脓期三期
扭伤,针灸学::针灸治疗::治疗各论::皮外伤科病证,1,主症::扭伤部位疼痛，关节活动不利或不能，继而出现肿胀，伤处肌肤发红或青紫<br>###治法::祛瘀消肿，舒筋通络<br>###选穴::取扭伤局部腧穴为主<br>###主穴::[[阿是穴、局部腧穴]]。腰部：阿是穴、大肠俞、腰痛点、委中；颈部：阿是穴、风池、绝骨、后溪；踝部：阿是穴、申脉、丘墟、解溪；膝部：阿是穴、膝眼、梁丘、膝阳关；肩部：阿是穴、肩髃、肩髎、肩贞；肘部：阿是穴、曲池、小海、天井；腕部：阿是穴、阳溪、阳池、阳谷；髋部：阿是穴、环跳、秩边、承扶、居髎<br>###操作::①毫针泻法；②陈旧性损伤留针加灸法，或用温针灸；③针灸对急性扭伤者，常先针刺远端穴位，并令患者同时活动患部，常有针入痛止之效<br>###方义::扭伤多为关节伤筋，属经筋病，在筋守筋，故治疗当以扭伤局部取穴为主，以疏通经络，散除局部的气血壅滞，配合循经远部取穴，达到通则不痛的效果,特点::扭伤取穴按部位分别取局部阿是穴及相应经穴
项痹,针灸学::针灸治疗::治疗各论::皮外伤科病证,1,主症::头枕、颈项、肩背、上肢等部位疼痛，及进行性肢体感觉障碍和运动功能障碍<br>###治法::舒筋骨，通经络止痛<br>###选穴::以[[局部穴位及手足太阳经穴]]为主<br>###主穴::[[颈夹脊、天柱、后溪、阿是穴、风池、曲池、悬钟；或申脉；或肩井、合谷、外关]]<br>###配穴::督脉、足太阳经取风府、昆仑；手太阳经取小海、少泽；手阳明经取肩髃、曲池、合谷；风寒痹阻取风门、大椎；劳伤血瘀取膈俞、合谷；肝肾亏虚取肝俞、肾俞<br>###操作::①夹脊穴宜直刺或向颈椎斜刺，得气后行平补平泻手法，颈夹脊针刺时强调针感传至患侧肩背、前臂；②余穴用泻法<br>###方义::①颈夹脊疏调局部筋骨；天柱疏通太阳经气；阿是穴调节局部筋脉；②后溪、申脉为八脉交会穴，两穴上下相配，功在疏导颈项、肩胛部气血；③风池疏通少阳经气，曲池疏通阳明经气，悬钟为髓会，有滋肾壮骨之功,特点::项痹以颈夹脊为核心穴，后溪申脉为八脉交会穴配伍
落枕,针灸学::针灸治疗::治疗各论::皮外伤科病证,1,主症::颈项部突然发生疼痛、活动受限，头向患侧倾斜，项背牵拉痛，颈项部压痛明显<br>###治法::疏经活络，调和气血<br>###选穴::取局部阿是穴为主，配合远端取穴<br>###主穴::[[外劳宫、天柱、阿是穴、(后溪、悬钟、或肩井)]]<br>###配穴::风寒袭络取风池、合谷、风府；气滞血瘀取内关、合谷；督脉、太阳经取后溪、昆仑、大椎、束骨；少阳取风池、肩井、外关<br>###操作::①毫针泻法；②先刺远端外劳宫、后溪、悬钟，持续捻转，嘱患者慢慢活动颈部，一般颈项疼痛立即缓解，再针刺局部腧穴；③风寒袭络者可局部配合艾灸，气滞血瘀者可配合三棱针点刺放血<br>###方义::①外劳宫又称落枕穴，是治疗落枕的经验穴；②天柱、阿是穴舒缓局部筋脉；③后溪疏调督脉、手太阳经脉气血；④悬钟疏调足少阳经脉气血；⑤诸穴远近相配，共奏疏调颈部气血、缓急止痛之效,特点::落枕先针远端外劳宫、后溪、悬钟，边捻转边活动颈部
漏肩风,针灸学::针灸治疗::治疗各论::皮外伤科病证,1,主症::肩部长期固定疼痛，活动受限。肩周疼痛、酸重，夜间为甚，常因天气变化及劳累而诱发或加重<br>###辨经络::手阳明经：肩前区疼痛，后伸疼痛加剧；手少阳经：肩外侧疼痛，外展疼痛加剧；手太阳经：肩后部疼痛，肩内收时疼痛加剧；手太阴经：肩前近腋部疼痛为主，压痛明显,特点::漏肩风按手阳明、手少阳、手太阳、手太阴辨经取穴
膝骨关节炎,针灸学::针灸治疗::治疗各论::皮外伤科病证,1,主症::反复发作的膝关节疼痛和逐渐出现的膝关节活动障碍<br>###治法::柔筋壮骨，通络止痛<br>###选穴::取局部穴和阿是穴为主<br>###主穴::[[膝眼、阳陵泉、梁丘、血海、阿是穴]]<br>###操作::①毫针虚补实泻法，可加电针，或加灸；②局部腧穴也可采用透刺法，如外膝眼透内膝眼、阳陵泉透阴陵泉、梁丘透血海等<br>###方义::①膝眼、梁丘、血海、阿是穴属于膝关节局部的穴位，可疏通局部气血，通经活络止痛；②阳陵泉为筋之会穴，可疏经通络止痛,特点::膝骨关节炎以局部穴为主，可采用透刺法
目赤肿痛,针灸学::针灸治疗::治疗各论::五官科病证,1,主症::目赤肿痛，畏光，流泪，眵多<br>###治法::疏风散热，消肿止痛<br>###选穴::以近部取穴及手阳明、足厥阴经穴为主<br>###主穴::[[睛明、太阳、风池、合谷、太冲]]<br>###配穴::外感风热取少商、外关、(上星)；肝胆火盛取侠溪、行间<br>###操作::毫针泻法，少商、太阳、上星点刺出血<br>###方义::①目为肝之窍，阳明、太阳、少阳经脉均循目系；②睛明、太阳为局部取穴，宣泄患部郁热以消肿；③合谷调阳明经气以疏泄风热；④太冲、风池分属于肝胆两经，上下相应，可导肝胆之火下行,特点::目赤肿痛以睛明、太阳局部穴配合合谷、太冲远端穴
近视,针灸学::针灸治疗::治疗各论::五官科病证,1,主症::视近物正常，视远物模糊不清<br>###治法::补益肝肾，养血明目(通络活血，养肝明目)<br>###选穴::以[[局部穴及足少阳经穴、手足太阳经穴、(足阳明经穴)]]为主<br>###主穴::[[睛明、承泣、风池、光明、养老、太阳、(翳明)]]<br>###配穴::心脾两虚取心俞、脾俞、足三里、神门；肝肾阴虚取肝俞、肾俞、太溪、照海<br>###操作::①风池、光明用平补平泻法或补法；养老用补法或温灸法；②睛明应注意针刺深度避免伤及眼球和血管，承泣、睛明选用30号以上细针，将眼球固定，轻缓刺入，忌提插捻转，出针时长时间按压以防出血<br>###方义::①睛明、承泣可疏通眼部经气，清肝明目；②风池为足少阳与阳维脉之交会穴，内与眼络相连，光明为足少阳经之络穴，与肝相通，两穴相配通经活络、养血明目；③养老为手太阳经穴，有养血明目作用,特点::近视以局部穴配合光明穴(足少阳络穴)为特色
耳鸣、耳聋,针灸学::针灸治疗::治疗各论::五官科病证,1,主症::听觉异常的两种症状。耳鸣是以自觉耳内鸣响为主症，耳聋则以听力减退或听力丧失为主症<br>###实证治法::疏风泻火，通络开窍<br>###实证主穴::[[听会、翳风、中渚、侠溪、听宫]]<br>###虚证治法::补肾养窍<br>###虚证主穴::[[太溪、听宫、(肾俞、翳风、或耳门、照海)]]<br>###实证配穴::外感风邪取外关、合谷、风池；肝胆火盛取行间、丘墟；痰火郁结取丰隆、阴陵泉<br>###虚证配穴::肾精亏虚取肾俞、太溪；肾气亏虚取肾俞、气海；肝肾亏虚取肾俞、肝俞；脾胃虚弱取气海、足三里<br>###实证操作::听会、翳风的针感宜向耳底或耳周传导为佳，余穴常规针刺泻法<br>###虚证操作::听宫、翳风的针感宜向耳底或耳周传导为佳，余穴常规针刺补法，太溪、肾俞可加温灸或温针灸,特点::耳鸣耳聋分实证(少阳经穴为主)和虚证(足少阴经穴为主)
鼻渊,针灸学::针灸治疗::治疗各论::五官科病证,1,主症::鼻流腥臭浊涕，鼻塞，嗅觉丧失，鼻塞不闻香臭<br>###治法::清热泻火，宣肺通窍<br>###选穴::取[[局部穴、手太阴、手阳明经穴]]为主<br>###主穴::[[印堂、迎香、合谷、列缺、通天]]<br>###配穴::肺经风热取少商、尺泽；胆腑郁热取侠溪、阳陵泉、行间；湿热阻窍取阴陵泉、曲池、内庭<br>###操作::常规针刺，少商点刺出血，其余毫针泻法<br>###方义::①迎香夹于鼻旁，印堂位于鼻上，均是治鼻渊要穴，有宣通鼻窍、清泻郁热的作用；②合谷、迎香同属于大肠经，两穴远近结合，以清泻大肠经热邪；③远取列缺、合谷为表里经配穴，可清泻肺热；④通天善通鼻窍,特点::鼻渊以迎香、印堂局部穴配合合谷、列缺远端穴
牙痛,针灸学::针灸治疗::治疗各论::五官科病证,1,主症::牙齿疼痛<br>###治法::祛风泻火，通络止痛<br>###选穴::取[[手足阳明经穴]]为主<br>###主穴::[[合谷、颊车、下关]]<br>###配穴::风火牙痛取外关、风池；胃火牙痛取内庭、二间；虚火牙痛取太溪、行间<br>###操作::①主穴毫针泻法，或平补平泻；配穴太溪用补法，其余均用泻法；②循经远取合谷可左右交叉刺，持续行针1-2分钟；③疼痛剧烈者每天治疗2次，痛甚可延长留针时间至1小时<br>###方义::①合谷属远部取穴，为手阳明经原穴，手足阳明经入上下齿，为治疗牙痛之要穴；②颊车、下关属近部取穴，疏泄足阳明经气，消肿止痛,特点::牙痛分风火、胃火、虚火三种证型
咽喉肿痛,针灸学::针灸治疗::治疗各论::五官科病证,1,主症::咽喉红肿疼痛、吞咽不适<br>###实证治法::清热利咽，消肿止痛<br>###虚证治法::滋阴降火，利咽止痛<br>###实证选穴::取手太阴、手足阳明经穴为主<br>###实证主穴::[[少商、尺泽、关冲、廉泉、合谷、内庭、天突]]<br>###虚证选穴::取足少阴、手太阴经穴为主<br>###虚证主穴::[[太溪、照海、列缺、鱼际、(廉泉)]]<br>###实证配穴::外感风热取风池、外关；肺胃热盛取鱼际、内庭/厉兑/商阳<br>###虚证配穴::肾阴不足取三阴交、复溜<br>###实证操作::毫针常规刺泻法；少商、商阳、关冲、厉兑可点刺出血<br>###虚证操作::毫针常规刺补法或平补平泻；列缺、照海行针时可配合做吞咽动作；或太溪、照海用补法，廉泉、鱼际用泻法,特点::咽喉肿痛分实证(阳明经为主)和虚证(少阴经为主)
晕厥,针灸学::针灸治疗::治疗各论::急症,1,主症::骤起而短暂的意识和行动丧失。自觉头晕乏力，眼前发黑，继则突然昏倒，不省人事，四肢厥冷<br>###治法::苏厥醒神<br>###选穴::取[[督脉及手厥阴经穴]]为主<br>###主穴::[[水沟、百会、内关；或水沟、内关、涌泉；或水沟、中冲、涌泉、足三里]]<br>###配穴::实证取合谷、太冲；虚证取气海、关元、足三里<br>###操作::内关、水沟用泻法，涌泉用平补平泻法，足三里用补法，气海、关元、百会用灸法<br>###方义::①水沟、百会为督脉经穴，督脉入络脑，为醒脑开窍之要穴；②内关为心包经络穴，调心气，苏心神；③足三里补益气血，使气血上奉于头以苏厥醒神；④涌泉可激发肾经之气，最能醒神开窍，多用于昏厥重证,特点::晕厥以水沟、百会醒脑开窍为核心
虚脱,针灸学::针灸治疗::治疗各论::急症,1,主症::面色苍白或紫绀，神志淡漠，反应迟钝或昏迷，或烦躁不安，尿量较少，肢冷汗出，血压下降<br>###治法::回阳固脱，苏厥救逆<br>###选穴::以[[督脉、任脉、手厥阴经穴]]为主<br>###主穴::[[素髎、神阙、关元、水沟、足三里；或素髎、神阙、关元、百会、内关]]<br>###配穴::亡阳取气海、关元、足三里；亡阴取太溪、涌泉；昏迷取中冲、涌泉；肢冷脉微取百会、神阙<br>###操作::①素髎、水沟毫针泻法；②内关毫针补法；③关元、神阙、百会用灸法。神阙、关元重灸；④配穴中冲、涌泉用点刺法<br>###方义::①素髎、百会为督脉经穴，可醒脑开窍、升阳救逆；②神阙、关元为任脉穴，位于脐部，重灸可大补元气，敛阴固脱，回阳救逆；③水沟为急救要穴；④内关为手厥阴心包络穴，通于阴维脉，可维系、调节阴经之气；⑤足三里有益心气、固正气之效,特点::虚脱以素髎、神阙、关元重灸为回阳固脱要法
高热,针灸学::针灸治疗::治疗各论::急症,1,主症::体温升高，超过39摄氏度<br>###治法::清泻热邪<br>###选穴::以[[督脉、(手太阴经穴)、手阳明经穴、井穴]]为主<br>###主穴::[[大椎、曲池、合谷、外关、十二井、十宣]]<br>###配穴::邪在肺卫或肺卫热盛取列缺、鱼际或尺泽、鱼际、外关；气分热盛取曲池、内庭或支沟、内庭；热入营血取尺泽、委中、曲泽或内关、血海或曲泽、委中、中冲、内关、十宣<br>###操作::①毫针泻法；②大椎、十二井、十宣可点刺出血，大椎可刺络拔罐放血<br>###方义::①大椎属督脉，为诸阳之会，总督一身之阳，为退热要穴；②曲池、合谷为手阳明经之合穴和原穴，清泻阳明实热；③外关为手少阳之络，通于阳维脉，宣达三焦之气，疏散风热；④十二井、十宣穴位于四末，为阴阳经交接之处，点刺可泻热安神,特点::高热以大椎为退热要穴，配十二井十宣点刺泻热
抽搐,针灸学::针灸治疗::治疗各论::急症,1,主症::以四肢抽搐为特征，或有短时间的意识丧失，两目上翻或斜视，牙关紧闭，或口吐白沫<br>###治法::息风止痉，清热醒脑开窍<br>###选穴::取[[督脉经穴、手足厥阴经穴、(手阳明经穴)]]为主<br>###主穴::[[水沟、内关、合谷、太冲、阳陵泉]]<br>###配穴::热极生风取大椎、曲池、中冲；痰热化风取内关、丰隆、风池；血虚生风取血海、足三里<br>###操作::①毫针泻法；②水沟向上斜刺0.5寸，用雀啄法捣刺；大椎刺络拔罐，十宣可点刺出血<br>###方义::①水沟可醒脑开窍，调神导气，为止抽搐要穴；②合谷、太冲两者相配，为开四关，是息风定惊的首选穴；③阳陵泉为足少阳合穴，又为筋会，可镇肝息风、缓解痉挛；④内关为手厥阴心包之络穴，可调理心气,特点::抽搐以合谷太冲配穴为开四关，阳陵泉为筋会息风
心绞痛,针灸学::针灸治疗::治疗各论::急症,1,主症::突发胸闷及胸骨后或心前区压榨性或窒息性疼痛，或心痛如绞，心痛彻背<br>###治法::通阳行气，活血止痛<br>###选穴::以[[手厥阴、手少阴经穴]]为主<br>###主穴::[[内关、阴郄、郄门、膻中]]<br>###配穴::气滞血瘀取太冲、血海/膈俞；痰浊阻络取丰隆、中脘；寒邪凝滞取神阙、至阳；阳气虚衰取心俞、至阳或关元、气海<br>###操作::毫针泻法。膻中向下平刺，以有麻胀感为度。寒邪凝滞、阳气虚衰宜用灸法<br>###方义::①内关为手厥阴心包经之络穴，又是八脉交会穴，与阴维脉相通，是治疗心绞痛的特效穴；②阴郄、郄门分别为手少阴心经、手厥阴心包经的郄穴，善治心系急症，可活血缓急止痛；③膻中为心包之募穴，为气会，疏调气机，化瘀止痛,特点::心绞痛以内关为特效穴，阴郄、郄门为治疗心系急症要穴
胆绞痛,针灸学::针灸治疗::治疗各论::急症,1,主症::突发性右上腹剧痛，呈持续性绞痛，阵发性加剧，疼痛部位拒按，可向右肩背部放射<br>###治法::舒肝利胆，行气止痛<br>###选穴::以[[足少阳经穴、胆的俞募穴、下合穴]]为主<br>###主穴::[[胆囊穴、阳陵泉、胆俞、日月]]<br>###配穴::肝胆气滞取太冲、丘墟；肝胆湿热取内庭、阴陵泉、行间；蛔虫妄动取迎香透四白<br>###操作::①毫针泻法；常规针刺，久留针，间歇行针以保持较强的针感；②日月、胆俞注意针刺方向，勿深刺<br>###方义::①胆囊穴为经外奇穴，治疗胆腑疾病的经验效穴；②阳陵泉为足少阳之下合穴，可利胆止痛；③胆俞、日月为胆俞穴和募穴，俞募相配，疏调肝胆气机,特点::胆绞痛以胆囊穴经验效穴配合俞募配穴(胆俞日月)
肾绞痛,针灸学::针灸治疗::治疗各论::急症,1,主症::阵发性剧烈腰痛或侧腹部绞痛并沿输尿管向髂窝、会阴、阴囊及下肢内侧放射，伴不同程度的尿痛、尿血或脓尿<br>###治法::清热利湿，通淋止痛<br>###选穴::以[[足太阴经穴与相应俞募穴]]为主<br>###主穴::[[肾俞、膀胱俞、中极、三阴交、阴陵泉/京门]]<br>###配穴::下焦湿热取委阳、阴陵泉、合谷；肾气不足取关元、水分、气海<br>###操作::毫针泻法，常规针刺<br>###方义::①肾俞、膀胱俞为二者背俞穴，助膀胱气化，清利下焦湿热；②肾俞与京门、膀胱俞与中极分别是肾与膀胱的俞募穴，为俞募配穴法；③中极为膀胱之募穴；④三阴交为肝脾肾三经之交会穴，鼓舞肾气，利尿通淋；⑤阴陵泉清利湿热，通淋止痛,特点::肾绞痛以俞募配穴法(肾俞+京门，膀胱俞+中极)为核心
胆道蛔虫症,针灸学::针灸治疗::治疗各论::急症,1,主穴::[[鸠尾、日月、迎香、四白、胆囊穴]]<br>###配穴::呕吐取内关、足三里；驱蛔取四缝、大横<br>###操作::①毫针泻法；②迎香透四白，用捻转法；鸠尾透日月；③每次留针1-2小时<br>###方义::①迎香透四白为治疗本病之经验穴；②鸠尾透日月可疏通局部气血；③胆囊穴为胆腑疾病的经验穴,特点::胆道蛔虫症以迎香透四白为经验透穴法
中风(其他治疗),针灸学::针灸治疗::治疗各论::其他治疗,2,其他治疗::(1)头针法：顶颞前斜线、顶旁1线及顶旁2线，1.5-2寸毫针平刺入头皮下，快速捻转2-3分钟，留针30分钟，留针期间反复行针。此法在半身不遂早期应用疗效更好，留针时间可延长至数小时。(2)穴位注射法：选上述四肢穴位2-4个，丹参注射液或复方当归注射液，每穴注射1ml，隔日1次，适用于半身不遂。(3)电针法：在患侧上、下肢各选一组穴位，采用断续波或疏密波，以肌肉微颤为度，每次通电20-30分钟,特点::中风其他治疗以头针法、穴位注射法、电针法为主
眩晕(其他治疗),针灸学::针灸治疗::治疗各论::其他治疗,2,其他治疗::(1)头针法：顶中线、枕下旁线。中等刺激，毫针沿头皮刺入，快速捻转，留针30分钟。(2)耳针法：肾上腺、皮质下、交感、神门、额、内耳。每次选3-5穴，毫针刺或压丸法。肝阳上亢加肝、胆；痰湿中阻加脾；气血两虚加脾、胃；肾精亏虚加肾、脑。(3)三棱针法：取印堂、太阳、头维、百会等穴，用三棱针点刺出血数滴，适用于眩晕实证者,特点::眩晕三棱针法适用于实证
头痛(其他治疗),针灸学::针灸治疗::治疗各论::其他治疗,2,其他治疗::(1)耳针法：枕、颞、额、脑。毫针刺，或用埋针法、压丸法。对于顽固性头痛可在耳背静脉点刺出血。(2)皮肤针法：太阳、印堂、阿是穴。皮肤针叩刺出血(中、重度叩刺使少量出血)，适用于外感头痛和瘀阻脑络所致头痛。(3)穴位注射法：阿是穴、风池。用1%利多卡因溶液或维生素B12注射液，每穴0.5-1.0ml，每日或隔日1次，适用于顽固性头痛,特点::头痛皮肤针法适用于外感头痛和瘀阻脑络
面瘫(其他治疗),针灸学::针灸治疗::治疗各论::其他治疗,2,其他治疗::(1)皮肤针法：阳白、颧髎、地仓、颊车。皮肤针叩刺，轻叩，以局部潮红为度，每日或隔日1次，适用于恢复期。(2)刺络拔罐法：阳白、颧髎、地仓、颊车。用皮肤针叩刺或三棱针点刺出血后加拔火罐，每周2次。(3)穴位贴敷法：太阳、阳白、颧髎、地仓、颊车，将马钱子锉成粉末约0.3-0.6g，撒于胶布上贴于穴位处，5-7日换药1次。(4)电针法：取太阳、阳白、地仓、颊车，断续波，刺激10-20分钟,特点::面瘫穴位贴敷法用马钱子粉
面痛(其他治疗),针灸学::针灸治疗::治疗各论::其他治疗,2,其他治疗::(1)耳针法：面颊、颌、额、神门。毫针刺，或用埋针法、压丸法。(2)刺络拔罐法：颊车、地仓、颧髎。三棱针点刺后拔罐，隔日1次，适用于气滞血瘀者。(3)皮内针法：在面部寻找扳机点，埋针，外以胶布固定，埋藏2-3日更换揿针,特点::面痛皮内针法在面部寻找扳机点埋针
感冒(其他治疗),针灸学::针灸治疗::治疗各论::其他治疗,2,其他治疗::(1)拔罐法：大椎、身柱、大杼、肺俞。留罐10分钟，或用闪罐法，适用于风寒感冒。(2)三棱针法：大椎、尺泽、委中、耳尖、耳垂、少商。在大椎穴挑刺放血并拔火罐5-10分钟。委中、尺泽局部常规消毒后用三棱针点刺静脉出血。少商、耳尖、耳垂点刺出血数滴，适用于风热感冒。(3)耳针法：肺、内鼻、下屏尖、额。咽痛加咽喉、扁桃体,特点::感冒拔罐法适用于风寒，三棱针放血适用于风热
咳嗽(其他治疗),针灸学::针灸治疗::治疗各论::其他治疗,2,其他治疗::(1)拔罐法：肺俞、大椎、风门、膏肓。留罐10-15分钟后起罐，多用于风寒束肺证。或取背部第1-12胸椎两侧足太阳膀胱经第一侧线用留罐法，至皮肤瘀血为度。(2)穴位贴敷法：肺俞、定喘、风门、膻中、丰隆。用白芥子、甘遂、细辛、丁香、苍术、川芎等量研成细粉，加入生姜汁调成糊状，制成直径1cm圆饼，贴在穴位上，胶布固定，30-90分钟后取掉。(3)皮肤针法：选取颈部第5-7颈椎两侧、气管两侧、天突、肘窝及大小鱼际部进行叩刺，适用于外感咳嗽。(4)耳针法：取肺、脾、肝、气管、神门,特点::咳嗽穴位贴敷法用白芥子等药物
各病其他治疗(经闭/崩漏/带下病/绝经前后诸症),针灸学::针灸治疗::治疗各论::其他治疗,2,经闭其他治疗::(1)耳针法：内分泌、内生殖器、皮质下、肝、肾、脾，每次选2-4穴。(2)皮肤针法：腰骶部相应背俞穴及夹脊穴，下腹部任脉、肾经、胃经、脾经、带脉等，循经每隔1cm叩刺一处，反复叩刺3遍，隔日1次。(3)穴位注射法：关元、归来、足三里、三阴交、血海、肾俞，每次选2-3穴，用黄芪、当归、红花等注射液或维生素B1注射液<br>###崩漏其他治疗::(1)皮肤针法：腰骶部督脉、足太阳经，循经每隔1cm叩打一处，反复叩刺3遍，隔日1次。(2)穴位注射法：气海、关元、中极、膈俞、血海，用维生素B1或黄芪、当归等注射液，每穴2ml，每日1次。(3)三棱针法：在腰骶部督脉或足太阳经上寻找反应点，每次选2-4个点挑刺，每月1次，连续治疗3次。(4)耳针法：内分泌、内生殖器、肾、脾、缘中，每次选2-4穴<br>###带下病其他治疗::(1)耳针法：内生殖器、内分泌、肾上腺、三焦、脾、肾、肝，每次取2-4穴。(2)刺络拔罐法：十七椎、八髎周围寻找瘀血络脉，三棱针点刺出血加拔火罐，每周2次，适宜于湿热下注所致带下过多。(3)艾灸法：取三阴交、中极、命门、神阙，温和灸每穴5-10分钟，适用于脾虚、肾虚所致的带下<br>###绝经前后诸症其他治疗::(1)耳针法：内分泌、内生殖器、皮质下、肝、心、肾、交感、神门，每次选2-4穴。(2)电针法：三阴交、太溪，疏密波，弱刺激，每日1次,特点::经闭皮肤针循经叩刺，崩漏三棱针挑刺反应点
各病其他治疗(缺乳/遗尿/注意力缺陷多动障碍/隐疹/湿疹),针灸学::针灸治疗::治疗各论::其他治疗,2,缺乳其他治疗::(1)皮肤针法：背部从肺俞至三焦俞及乳房周围叩刺，轻刺激或中等刺激。(2)耳针法：内分泌、交感、皮质下、胸、肝、脾、肾，每次选2-3穴。(3)艾灸法：膻中、乳根，温和灸每穴10-20分钟，每日1-2次，适用于气血不足、痰浊阻滞者<br>###遗尿其他治疗::(1)耳针法：肾、膀胱、皮质下、内分泌、尿道、脑点，每次取2-4穴。(2)皮肤针法：夹脊穴、气海、关元、中极、膀胱俞、八髎、肾俞、脾俞叩刺至皮肤潮红。(3)穴位注射法：肾俞、次髎、膀胱俞、三阴交，用1%普鲁卡因注射液，每穴1ml，三穴交替使用。(4)穴位贴敷法：取神阙，用煅龙牡、覆盆子、肉桂各30g，生麻黄10g，冰片6g，共研细末，用醋调成膏饼状贴于脐部，夜敷昼揭<br>###注意力缺陷多动障碍其他治疗::(1)耳针法：脑干、心、肝、肾、皮质下、肾上腺、交感、枕，每次取2-4穴。(2)头针法：顶颞前斜线、额中线、顶中线、顶旁1线、顶旁2线、颞前线。(3)皮肤针法：夹脊(第7-17椎)、百会、印堂、三阴交、阳陵泉，轻叩至皮肤潮红<br>###隐疹其他治疗::(1)拔罐法：神阙拔火罐，留罐5分钟后起罐，反复拔3次，适用于急性荨麻疹，见效较快。(2)穴位注射法：曲池、血海、三阴交，每次交替选用2穴，5%当归注射液。(3)穴位埋线法：大椎、肺俞、膈俞、曲池、血海、三阴交，适用于慢性荨麻疹。(4)皮肤针法：曲泽、曲池、大椎、风门、血海、夹脊等穴，中度刺激。(5)耳针法：肺、胃肠、肝、肾、肾上腺、神门、风溪；或肾上腺、内分泌、肺、耳尖、耳背静脉<br>###湿疹其他治疗::(1)穴位注射法：曲池、肺俞、大椎、血海、足三里，苦参注射液或板蓝根注射液。(2)皮肤针法：大椎、大杼至白环俞，叩刺强度中等。(3)刺络拔罐法：阿是穴，三棱针散刺或梅花针重扣再加拔火罐，适用于慢性期皮肤肥厚、苔藓样改变者。(4)火针法：阿是穴，施予密刺法，渗液、糜烂处不宜使用,特点::遗尿穴位贴敷用煅龙牡覆盆子麻黄冰片，隐疹神阙拔罐适用于急性
各病其他治疗(蛇串疮/神经性皮炎/痄腮/乳痈/扭伤),针灸学::针灸治疗::治疗各论::其他治疗,2,蛇串疮其他治疗::(1)火针法：以碘伏消毒，在疱疹起止两端及中间选定部位，以簇中疱疹数量的1/3-1/2为宜，适用于疱疹期。(2)艾灸法：疱疹患处阿是穴，艾条回旋灸，每个部位施灸3-5分钟。或用铺棉灸。(3)灯火灸：灯心草蘸麻油点燃对准水疱中央点灼。(4)皮肤针法：局部阿是穴中、重度叩刺使出血，适用于疱疹后期遗留疼痛者。(5)刺络拔罐法：急性期取疱疹处及周围皮肤，用三棱针刺破疱疹使液体流出并拔火罐。(6)耳针法：胰胆、肝、肾上腺、神门。(7)激光照射法：氦-氖激光仪分区散焦照射皮损局部<br>###神经性皮炎其他治疗::(1)皮肤针法：患部阿是穴由外向内螺旋式叩刺，以少量出血为度，3日1次。(2)耳针法：肺、肝、神门、相应病变部位。(3)灸法：阿是穴先涂以大蒜汁，将小艾炷置于其上点燃。(4)穴位注射法：曲池、足三里、大椎、肺俞、百会，维生素B12 500ug与盐酸异丙嗪25mg注射液混合<br>###痄腮其他治疗::(1)灯火灸法：取患侧角孙穴，将穴区头发剪短，局部消毒后施以灯火灸，轻者1次即可。(2)耳针法：耳尖、面颊、肾上腺、对屏尖、神门，每次选2-3穴，毫针强刺激，耳尖可放血。<br>###乳痈其他治疗::(1)三棱针法：在背部肩胛区或脊柱两旁寻找红色阳性反应点，用三棱针挑刺并挤压出血。(2)灸法：隔物灸法，患部阿是穴，用葱白或大蒜捣烂铺于乳房患处用艾条熏灸20分钟左右，每日1-2次，用于乳痈初起未成脓时。(3)拔罐法：乳痈溃脓期在局部取穴，三棱针点刺出血后排罐<br>###扭伤其他治疗::(1)耳针法：取对应部位的敏感点、神门，中强度刺激。(2)刺络拔罐法：阿是穴，皮肤针叩刺疼痛肿胀局部以微渗血为度加拔火罐,特点::蛇串疮治疗方法多样，灯火灸、铺棉灸、火针各适用于不同阶段
各病其他治疗(项痹/落枕/漏肩风/膝骨关节炎/目赤肿痛),针灸学::针灸治疗::治疗各论::其他治疗,2,项痹其他治疗::(1)穴位注射法：阿是穴，利多卡因或维生素B12注射液、当归注射液，每次每穴注射1ml。(2)刺络拔罐法：大椎、颈夹脊、天柱、肩井、阿是穴，皮肤针叩刺使皮肤发红并有少量出血然后加拔火罐。(3)电针法：参考基本治疗取穴，每次选2-3对穴位，用连续波或疏密波，每日1次<br>###落枕其他治疗::(1)拔罐法：疼痛轻者直接在患侧项背部行闪罐法；疼痛较重者可先在局部用皮肤针叩刺出血再拔火罐，也可行走罐法。(2)耳针法：颈、颈椎、肩、枕、神门，每次选2-3穴，中等刺激，持续行针时嘱患者徐徐活动颈项部<br>###漏肩风其他治疗::(1)火针法：阿是穴，将火针置酒精灯上烧红迅速点刺阿是穴2-3次，疼痛剧烈可每日1次，慢性疼痛可3-5日治疗1次。(2)刺络拔罐法：阿是穴，皮肤针叩刺使少量出血加拔罐。(3)穴位注射法：阿是穴，利多卡因或维生素B12注射液或当归注射液。(4)针刀疗法：阿是穴，选用4号针刀在各穴位点刺常规针刀松解每周1次，肩关节出现粘连时可用针刀松解粘连<br>###膝骨关节炎其他治疗::略<br>###目赤肿痛其他治疗::(1)耳针法：眼、目1、目2、肝，毫针刺留针20分钟间歇运针；亦可在耳尖和耳后静脉点刺放血数滴。(2)三棱针法：挑刺法，在肩胛间按压过敏点或大椎两旁0.5寸处选点用三棱针挑刺，适用于急性结膜炎。(3)刺络拔罐法：取太阳穴点刺出血后拔罐，每次留罐5分钟左右,特点::漏肩风火针+针刀疗法适用于粘连，目赤肿痛三棱针挑刺适用于急性结膜炎
各病其他治疗(近视/耳鸣耳聋/鼻渊/牙痛/咽喉肿痛),针灸学::针灸治疗::治疗各论::其他治疗,2,近视其他治疗::(1)耳针法：眼、肝、目1、目2，每次2-3穴，留针20-60分钟间歇运针，可用埋针法或压丸法，每3-5日更换1次双耳交替。(2)头针法：枕上旁线、枕上正中线。(3)皮肤针法：取眼周穴、风池，轻度或中度叩刺至皮肤潮红<br>###耳鸣耳聋其他治疗::(1)头针法：两侧颞后线，毫针刺间歇运针留针20分钟。(2)穴位注射法：听宫、翳风、完骨等，甲钴胺注射液每穴0.5ml。或取翳风、完骨、肾俞、阳陵泉等穴用丹参注射液或维生素B12注射液。(3)耳针法：心、肝、肾、内耳、神门、皮质下。暴聋者毫针强刺激；一般耳鸣耳聋用中等刺激量<br>###鼻渊其他治疗::(1)穴位注射法：合谷、迎香，复合维生素B注射液或鱼腥草注射液。(2)耳针法：内耳、下屏尖、额、肺。(3)穴位贴敷法：取大椎、肺俞、脾俞、胃俞、胆俞，白芥子30g、延胡索、甘遂、细辛、丁香、白芷、苍耳子、辛夷、薄荷各10g研成细末，用生姜汁或辣椒水调糊涂纱布上撒肉桂粉贴敷上穴保留4小时以上，每周1次连续3次<br>###牙痛其他治疗::(1)耳针法：取口、上颌或下颌、牙、神门、胃、肾，每次3-5穴中等强度刺激。(2)穴位注射法：合谷、颊车、翳风、下关，阿尼利定注射液或柴胡注射液。(3)穴位贴敷法：将大蒜捣烂于睡前贴敷双侧阳溪穴至发疱后取下，用于龋齿疼痛<br>###咽喉肿痛其他治疗::(1)三棱针法：少商、商阳、耳背静脉点刺出血。(2)耳针法：咽喉、心、下屏尖、扁桃体、轮1-6，实证者强刺激每次留针1小时。(3)皮肤针法：合谷、大椎、后颈部、颌下、耳垂下方，中度或重度刺激,特点::鼻渊穴位贴敷用白芥子延胡索等药物，牙痛大蒜贴敷阳溪穴至发疱
各病其他治疗(晕厥/虚脱/高热/抽搐/心绞痛/胆绞痛/肾绞痛/胆道蛔虫症),针灸学::针灸治疗::治疗各论::其他治疗,2,晕厥其他治疗::(1)耳针法：神门、肾上腺、心、皮质下，实证强刺激，虚证弱刺激。(2)三棱针法：十二井或十宣、大椎，点刺出血数滴，适用于实证。(3)指针法：取水沟、内关、合谷、太冲，用拇指重力掐按以患者出现疼痛反应并苏醒为度<br>###虚脱其他治疗::(1)耳针法：肾上腺、皮质下、心，中等刺激强度。(2)艾灸法：百会、膻中、神阙、关元、气海，艾炷直接灸每次选2-3穴，中等艾炷灸至脉复汗收为止<br>###高热其他治疗::(1)耳针法：耳尖、耳背静脉、肾上腺、神门，耳尖耳背静脉用三棱针点刺出血，余穴毫针刺强刺激。(2)刮痧法：脊柱两侧和背俞穴，用刮痧板蘸麻油或清水刮至皮肤呈红紫色为度<br>###抽搐其他治疗::耳针法：皮质下、肝、脾、缘中、心，每次选3-4穴，中等度刺激或强刺激<br>###心绞痛其他治疗::耳针法：心、小肠、交感、神门、内分泌，每次选3-5穴，中等刺激强度<br>###胆绞痛其他治疗::(1)耳针法：取肝、胰胆、交感、神门、耳迷根，急性发作时毫针刺强刺激持续捻针，剧痛缓解后行压丸法。(2)电针法：阳陵泉、内关、心俞、胆俞，每次选取两对穴选用疏密波。(3)穴位注射法：胆囊穴、胆俞，山莨菪碱(654-2)注射液每穴0.5-1ml<br>###肾绞痛其他治疗::耳针法：肾、输尿管、交感、皮质下、三焦，毫针刺强刺激<br>###胆道蛔虫症其他治疗::耳针法：选胰胆、艇中、十二指肠、神门耳迷根，先刺右侧疼痛未止再刺左侧强刺激，或以0.25%普鲁卡因在上述穴位注射每穴0.3ml，每日1-2次,特点::急症其他治疗以耳针法和三棱针法为主，虚脱以艾灸为要
呕吐(其他治疗),针灸学::针灸治疗::治疗各论::其他治疗,2,其他治疗::(1)耳针法：胃、贲门、食道、交感、神门、脾、肝。每次选3-4穴，毫针刺，中等刺激，亦可用埋针法或压丸法。(2)穴位注射法：中脘、足三里。用维生素B1或B12注射液，每穴注射0.5-1ml，每日或隔日1次,特点::呕吐以耳针胃贲门食道交感为主
泄泻(其他治疗),针灸学::针灸治疗::治疗各论::其他治疗,2,其他治疗::(1)穴位敷贴法：五倍子适量研末，食醋调成膏状敷脐(神阙)，伤湿止痛膏固定。2-3日一换，适用于久泻。(2)穴位注射法：天枢、上巨虚。黄连素注射液或维生素B1、B12注射液，每穴每次注射0.5-1ml，每日或隔日1次。(3)耳针法：取大肠、脾、交感，毫针刺或用埋针法、压丸法,特点::泄泻穴位敷贴法用五倍子敷脐适用于久泻
便秘(其他治疗),针灸学::针灸治疗::治疗各论::其他治疗,2,其他治疗::(1)耳针法：大肠、直肠、交感、皮质下。毫针刺，中等强度或弱刺激，可用埋针法或压丸法。(2)穴位注射法：足三里。用维生素B1或B6、B12注射液，每次注射1-2ml,特点::便秘耳针取大肠直肠交感皮质下
癃闭(其他治疗),针灸学::针灸治疗::治疗各论::其他治疗,2,其他治疗::(1)耳针法：肾、膀胱、肺、脾、三焦、交感、尿道，每次选3-5穴，毫针刺，中强刺激，可用埋针法或压丸法。(2)穴位敷贴法：神阙。用葱白、冰片、田螺或鲜青蒿、甘草、甘遂各适量混合捣烂后敷于脐部，外用纱布固定，加热敷。或将食盐炒黄待冷放于神阙穴填平，再用2根葱白压成0.3cm厚的饼置于盐上，艾炷置葱饼上施灸，至温热入腹内有尿意为止，适用于虚证,特点::癃闭穴位敷贴法用葱白田螺敷脐适用于虚证
痿证(其他治疗),针灸学::针灸治疗::治疗各论::其他治疗,2,其他治疗::(1)皮肤针法：肺俞、脾俞、胃俞、膈俞及手足阳明经体表循行线，皮肤针叩刺，以皮肤微红为度，隔日1次。(2)穴位注射法：选取华佗夹脊穴，当归注射液、甲钴胺注射液每穴注入0.5-1ml，每周1-2次，注意勿注入关节腔内。(3)头针法：上肢选用顶颞前斜线中2/5、顶旁2线；下肢选用顶颞前斜线上1/5、顶中线、顶旁1线，留针期间配合患肢的活动,特点::痿证头针法上肢取顶颞前斜线中2/5，下肢取上1/5
痹证(其他治疗),针灸学::针灸治疗::治疗各论::其他治疗,2,其他治疗::(1)刺络拔罐法：皮肤针重叩背脊两侧及关节病痛部位，使出血少许，加拔火罐。每周1-2次。(2)穴位注射法：当归注射液或丹皮酚注射液或威灵仙注射液，选取病痛部位腧穴，每穴注入0.5-1ml，每周1-2次，注意勿注入关节腔内。(3)火针法：肩部经穴、阿是穴，每周2次。(4)皮肤针法：取阿是穴，中、重度叩刺，使少量出血。(5)拔罐法：取阿是穴，行闪罐法拨至皮肤潮红，或用坐罐法，每次留罐10分钟，隔日治疗1次,特点::痹证火针法每周2次适用于肩部
腰痛(其他治疗),针灸学::针灸治疗::治疗各论::其他治疗,2,其他治疗::(1)皮肤针法：腰部疼痛部位。皮肤针叩刺出血，加拔火罐。适用于寒湿腰痛和瘀血腰痛。(2)针刀疗法：腰部痛点。行针刀治疗，每周1次，适用于第3腰椎横突综合征。(3)穴位注射法：腰部痛点。地塞米松5ml和利多卡因2ml混合液，消毒后刺入痛点，无回血后推药液，每点注射0.5-1ml。(4)耳针法：取腰骶椎、肾、膀胱、神门，每次选2-3穴，毫针刺或用埋针法、压丸法，施治过程中同时活动腰部。(5)刺络拔罐法：取阿是穴，以三棱针点刺放血或皮肤针叩刺出血后拔罐,特点::腰痛针刀疗法适用于第3腰椎横突综合征
坐骨神经痛(其他治疗),针灸学::针灸治疗::治疗各论::其他治疗,2,其他治疗::(1)穴位注射法：阿是穴。用利多卡因或维生素B1或维生素B12或当归注射液等，每穴注射1-2ml，每日或隔日1次。(2)电针法：根性坐骨神经痛取L4-L5夹脊、阳陵泉或委中；干性坐骨神经痛取秩边或环跳、阳陵泉或委中，密波或疏密波。(3)刺络拔罐法：腰骶部阿是穴，用皮肤针叩刺或三棱针在压痛点点刺出血，并加拔火罐，适用于根性坐骨神经痛,特点::坐骨神经痛电针法根性取L4-L5夹脊，干性取秩边环跳
月经不调(其他治疗),针灸学::针灸治疗::治疗各论::其他治疗,2,其他治疗::(1)耳针法：子宫、内分泌、卵巢、皮质下、肾、肝、脾，每次选2-4穴，毫针刺用中等刺激，或用压丸法或埋针法。(2)皮肤针法：选背腰部夹脊穴或背俞穴，下腹部任脉、肾经、脾经、胃经，下肢足三阴经。用皮肤针叩刺，至局部皮肤潮红，隔日1次。(3)穴位注射法：选三阴交、血海、阴陵泉、足三里、气海、关元。每次选2-3穴，用5%当归注射液或10%丹参注射液，每穴注入药液0.5ml，隔日1次。(4)头针法：取双侧生殖区，用毫针刺，间歇运针，留针30分钟，隔日1次。(5)艾灸法：取关元穴，隔姜灸，尤适用于月经后期,特点::月经不调艾灸法取关元隔姜灸适用于月经后期
痛经(其他治疗),针灸学::针灸治疗::治疗各论::其他治疗,2,其他治疗::(1)耳针法：内生殖器、内分泌、神门、交感、皮质下、肾、骶腰椎，每次选2-4穴，毫针刺用中等刺激，也可用压丸或埋针法。(2)皮肤针法：选背腰部夹脊穴或背俞穴，下腹部任脉、肾经、脾经、胃经，用皮肤针叩刺，中等刺激至局部皮肤潮红，隔日1次。(3)穴位注射法：关元、气海、足三里、三阴交、地机(或取中极、关元、次髎)。每次选2-3穴，用利多卡因或当归注射液，每穴每次注入药液2ml，隔日1次。(4)艾灸法：取关元、气海，隔附子饼灸3-5壮,特点::痛经艾灸法取关元气海隔附子饼灸3-5壮
方剂的定义,方剂学::绪论::概念,1,定义::中医在辨识病证、确立治法基础上，按制方规则通过选药、定剂量、定剂型及用法等过程完成的药方,要素::涵盖辨证、立法、选药、定量、定剂型及用法等环节
方剂学的定义,方剂学::绪论::概念,1,定义::研究和阐明方剂的[[制方原理]]及其[[临床运用规律]]的一门学科，是中医学主要基础学科之一,地位::中医学主要基础学科之一
《五十二病方》,方剂学::绪论::先秦至汉,1,地位::我国[[现存最古老]]的一部医方，载方[[283首]],时期::先秦至汉时期成书
《黄帝内经》方剂学贡献,方剂学::绪论::先秦至汉,1,贡献::载方[[13首]]，[[最早]]记载遣药组方和配伍宜忌,意义::奠定方剂配伍理论的基础
张仲景《伤寒杂病论》,方剂学::绪论::先秦至汉,1,地位::被誉为[[方书之祖]]，载方[[314首]]<br>###贡献::创造性地融理、法、方、药于一体，开[[辨证论治]]之先河,影响::确立中医临证用方基本范式
葛洪《肘后备急方》,方剂学::绪论::晋代,2,特点::载方约[[1060首]]，方剂以[[简、便、廉]]为特点,创举::用青蒿治疟疾
《刘涓子鬼遗方》,方剂学::绪论::南北朝,1,地位::[[现存最早]]的外科专著，载方[[140首]]<br>###内容::总结晋以前外科经验和成就,整理::由龚庆宣整理
孙思邈《备急千金要方》与《千金翼方》,方剂学::绪论::唐代,1,载方::共载方[[7000余首]]，《备急千金要方》[[5300首]]，《千金翼方》[[2900余首]]<br>###地位::集唐以前方剂之[[大成]],特点::组方用药兼有务在简易与奇崛繁杂，攻补兼备
王焘《外台秘要》,方剂学::绪论::唐代,2,内容::收方[[6000余首]]，体例严谨，所选医方均[[注明出处]],价值::使已亡佚医籍得以传世
陈藏器《本草拾遗》,方剂学::绪论::唐代,1,贡献::创[[十剂]]分类法，即【*十剂::中药按功效分十类*】，为方剂分类之[[滥觞]],意义::开创方剂按功效分类的先河
萨道人《仙授理伤续断秘方》,方剂学::绪论::唐代,1,地位::我国[[最早]]的骨伤科专著，收方[[50首]]<br>###贡献::整理出外伤不同阶段的治方用药经验,特点::集前人理伤经验之大成
王怀隐等《太平圣惠方》,方剂学::绪论::宋代,1,地位::历史上[[第一部]]由政府组织编写的方书，载方[[16834首]],编者::王怀隐等人主持编撰
《圣济总录》,方剂学::绪论::宋代,2,规模::全书[[200卷]]，载方[[20000首]]，堪称宋代医学全书,地位::宋代规模最大的医学全书
《太平惠民和剂局方》,方剂学::绪论::宋代,1,地位::我国历史上[[第一部]]政府编制的[[成药药典]]<br>###载方::初载[[297首]]，后增补至[[788首]],编者::由宋太医局主持编制
《太医局诸科程文》,方剂学::绪论::宋代,2,贡献::关于立法组方用药的理论叙述，称为后世【*方论::方剂制方原理的理论阐述*】的先声,意义::为方剂理论化发展奠定基础
成无己《伤寒明理论》,方剂学::绪论::金代,1,贡献::[[开创方论先河]]，标志对方剂的认识从经验上升为理论<br>###首倡::首次对【*七方::方剂按组成分七类*】和[[十剂]]进行阐发,地位::方剂理论化的里程碑著作
朱橚《普济方》,方剂学::绪论::明代,1,地位::古代[[载方量最多]]的方书，收方[[61739首]],编者::明代朱橚主持编撰
李时珍《本草纲目》,方剂学::绪论::明代,2,方剂::书中附方[[11096首]],特点::以本草为主，兼收大量方剂
张介宾《景岳全书》,方剂学::绪论::明代,2,贡献::将古方和自制方按[[八阵]]排列：补、和、散、攻、寒、热、固、因,意义::按功效和治法分类方剂的探索
吴崑《医方考》,方剂学::绪论::明代,1,地位::我国医史上[[第一部方论专著]]，载方[[700余首]],意义::对方剂理论进行系统论述
汪昂《医方集解》,方剂学::绪论::清代,2,贡献::创立[[综合分类方法]]，开创新的功能分类法，载方[[800余首]],意义::对方剂分类体系发展有重要影响
治法的概念,方剂学::方剂与治法::概念,1,定义::临证辨明证候后，在治疗原则指导下，针对证候的[[病因病机]]所拟的治疗方法,要点::治法针对病机产生，方剂必须相应体现治法
方剂与治法的关系,方剂学::方剂与治法::概念,1,总纲::概括为[[方从法出]]，治法对方剂具有主导或统领作用<br>###核心::辨证确定病机→论治确立治法→方剂体现治法，即[[方从法出】【法随证立】【方即是法]],统方::以法统方包括：[[以法组方]][[以法遣方]][[以法类方]][[以法释方]]四个方面
八法的提出,方剂学::方剂与治法::八法,1,来源::清代医家[[程钟龄]]在《医学心悟》中提出<br>###内容::汗、和、下、消、吐、清、温、补八种治疗大法，简称[[八法]],出处::《医学心悟》
汗法,方剂学::方剂与治法::八法,1,概念::通过开泄腠理，调畅营卫，宣发肺气，以促进发汗，使在表的[[邪气随汗而解]]的一种治疗方法<br>###应用::①主要[[解除表证]]；②邪有外出趋向的病证（如麻疹初起疹毒透发）；③疮疡、痢疾、疟疾初起兼表证，透达邪毒；④风疹、湿疹、癣类等皮肤疾患；⑤风湿在表和[[水肿实证兼有表证]]<br>###立法::[[其在皮者，汗而发之]],机理::通过宣发肺气、调畅营卫以达祛邪于外
吐法,方剂学::方剂与治法::八法,1,概念::通过[[宣壅开郁]]和涌吐的作用，祛除停留在咽喉、胸膈、胃脘等部位的[[痰涎、宿食、毒物]]的一种治疗方法<br>###应用::①有形病邪停滞、发病部位较高、邪气有[[上越趋势]]的病证；②适用于[[实邪壅塞]]、病势急剧而体质壮实的患者<br>###立法::[[其高者，因而越之]],注意::体质虚弱者不宜使用，属攻邪峻法
下法,方剂学::方剂与治法::八法,1,概念::通过泻下通便，使积聚体内的[[宿食、燥屎、冷积、瘀血、水饮]]等有形实邪排出体外的一种治疗方法<br>###应用::主要为里实证设立。因病邪有积滞、水饮、瘀血之不同，病性有寒热之异，故有[[寒下、温下、润下、逐水、逐瘀]]及攻补兼施之区别；在温热病和中风等危重急证中具有特殊地位<br>###立法::[[其下者，引而竭之；中满者，泻之于内]],特点::常与其他治法配合，适应数证相兼的治疗需要
和法,方剂学::方剂与治法::八法,1,概念::通过[[和解与调和]]作用，以和解表里、疏邪扶正、调整脏腑功能的一种治疗方法<br>###应用::①源于主治少阳病证的[[和解少阳法]]；②后世发展出调和胆胃、调和肝脾、调和肠胃等治法，针对胆胃不和、肝脾不和、肠胃不和等病证<br>###立法::[[其不内外、半表半里，当和解则可]],特点::攻补兼施、寒热并用，作用较为缓和
温法,方剂学::方剂与治法::八法,1,概念::通过[[温里、祛寒、回阳、通脉]]等作用，以消除脏腑经络寒邪的一种治疗大法<br>###应用::里寒证分三类：①[[温中散寒法]]适用于中焦寒证；②[[回阳救逆法]]适用于阳衰阴盛危重证；③[[温经散寒法]]主治寒凝经脉证<br>###立法::[[寒者热之；治寒以热]],病因::素体阳虚寒从中生，或寒邪直中于里
清法,方剂学::方剂与治法::八法,1,概念::通过清泄气分、宣营转气、凉血散血、泻火解毒等作用，清除体内[[温热火毒之邪]]，治疗里热证的一种治疗方法<br>###应用::里热涉及气分、营分、血分不同阶段及不同脏腑，具体治法包括：①[[清热泻火]]（清气分热）主治气分热盛证；②[[清营凉血]]适用于热入营血证；③[[清热解毒]]适用于火毒壅盛证；④[[清热祛暑]]主治暑热证；⑤[[清脏腑热]]（清心、清肺、清肝、清胃、清肠等）；⑥[[清虚热]]适用于阴分不足所致虚热证<br>###立法::[[热者寒之；治热以寒；温者清之]],层次::涵盖温热病、火毒证、湿热病、暑热证、虚热证等多种里热病证
消法,方剂学::方剂与治法::八法,1,概念::通过消食导滞和消坚散结等作用，消除体内因气、血、痰、水、虫、食等久积而成的[[有形痞结癥块]]的一种治疗方法<br>###应用::以[[渐消缓散]]为特点，适用于逐渐形成的有形实邪。具体包括：①[[消导食积法]]适用于一切食积证；②[[行气消滞法]]主要用于气滞证；③[[活血化瘀法]]主治血瘀证；④祛痰法（化湿、燥湿、利湿消除水湿之邪）适用于各种水湿证；⑤祛痰法消除痰涎适用于各种痰证及瘰疬、瘿瘤、结节、痰核等；⑥[[消疳杀虫法]]适用于虫积证；⑦[[消疮散痈法]]适用于疮疡肿毒证<br>###立法::[[坚者削之；结者散之]],病因::积痞癥块成因有食积、气滞、血瘀、痰聚、湿聚、毒聚、虫积等不同侧重
补法,方剂学::方剂与治法::八法,1,概念::通过补益、滋养人体[[气血阴阳]]，或加强脏腑功能，主治因气、血、阴、阳不足或脏腑虚弱所引起的虚证的一种治疗方法<br>###应用::根据虚证偏颇分为：①[[补气法]]主要适用于脾肺气虚证；②[[补血法]]主治血虚证；③[[补阴法]]适用于阴虚证；④[[补阳法]]主治阳虚证；⑤[[气血双补]]适用于气血两虚证；⑥[[阴阳并补]]适用于阴阳俱虚证<br>###立法::[[虚则补之；损者益之；劳者温之；形不足者温之以气；精不足者补之以味]],意义::不仅能扶助弱损、增强脏腑功能，还可恢复和加强正气，促进机体自体功能，达到[[祛邪防病]]的效果
八法的理论意义,方剂学::方剂与治法::八法,1,核心思想::八法明确提出[[以法统方]]的思想，是对治法分类方剂的理论总结<br>###联结作用::将方药、治法与方剂紧密联系，为汪昂以治法为主方剂分类提供理论支持，为后世确立[[以法类方]]地位提供实践依据,影响::符合中医临证辨证立法遣药组方的规律，对近现代方剂分类产生重要影响
八法的归纳来源,方剂学::方剂与治法::八法,2,来源::清初[[程钟龄]]在归纳总结前人治疗经验基础上，结合自身临床体会提出<br>###分类依据::论病之原以[[内伤、外感]]四字概括；论病之情以[[寒、热、虚、实、表、里、阴、阳]]八字统之；论治方则以汗、和、下、消、吐、清、温、补八法尽之,出处::《医学心悟》
方剂分类方法概述,方剂学::方剂的分类::概述,1,分类体系::方剂的分类方法主要有[[组成分类法]][[病证分类法]][[功用分类法]]和[[综合分类法]]四大类,功用::功用分类法又包括十剂说、八阵说、八法统方等具体方法
七方的概念与来源,方剂学::方剂的分类::七方,1,来源::[[七方]]说上溯至《素问·至真要大论》，原文论述了制方大小、缓急、奇偶等方法<br>###正式确立::金·成无己《伤寒明理论药方论·序》[[首次明确]]提出七方名称，将《内经》[[重方]]改为[[复方]]<br>###内容::七方指大、小、缓、急、奇、偶、复七种方剂类型,辨析::《内经》原文所述实为概括制方方法，并非为方剂分类而设，成无己将其发展为分类体系
七方的七种类型详解,方剂学::方剂的分类::七方,1,大方::药味多或用量大，以治[[邪气方盛]]，需重剂治疗的方剂<br>###小方::药味少或用量小，以治[[浅邪微]]，仅需轻剂治疗的方剂<br>###缓方::药性缓和，气味较薄，以治病情缓慢，需[[长期服用]]方能收效的方剂<br>###急方::药性峻猛，气味较厚，以治病重势急，需[[迅速取效]]的方剂<br>###奇方::由[[单数]]药味组成的方剂<br>###偶方::由[[双数]]药味组成的方剂<br>###复方::两方或数方[[合用]]治疗较为复杂病证的方剂,奇偶::《内经》有[[君一臣二，奇之制也；君二臣四，偶之制也]]之论
七方的学术意义,方剂学::方剂的分类::七方,2,认识思路::从[[药味]]与[[治法]]两方面认识方剂的思路<br>###特点::与方剂[[方证相关]]的特性相符,影响::对后世方剂分类产生一定影响，但迄今未见以七方分类的方书
十剂的来源与演变,方剂学::方剂的分类::十剂,1,起源::源于唐·陈藏器《本草拾遗·条例》提出药有[[宣、通、补、泄、轻、重、滑、涩、燥、湿]]十种<br>###原意::原是针对[[药物功用]]的分类方法，非为方剂分类而设<br>###正式命名::金·成无己《伤寒明理论方药论》中始用[[十剂]]之名<br>###后世发展::宋·寇宗奭《本草衍义》加入[[寒、热二剂]]；明·缪仲淳《本草经疏》再加入[[和、制]]成二十四剂,演变::清·陈修园《时方歌括》按宣通补泻、轻重滑涩、燥湿寒热收载108首方
十剂的十种类型详解,方剂学::方剂的分类::十剂,1,宣可去壅::宣剂有宣散作用，能祛除[[气机壅滞]]<br>###通可去滞::通剂有通利作用，能祛除气血痰湿等[[郁滞]]<br>###补可去弱::补剂有补益作用，能补养脏腑[[虚损]]<br>###泄可去闭::泄剂有通泄作用，能祛除邪实[[壅闭]]<br>###轻可去实::轻剂质地轻扬，能祛除[[肌表实邪]]<br>###重可去怯::重剂质重镇坠，能[[镇心安神]]、重镇降逆<br>###滑可去著::滑剂润滑，能祛除有形邪气[[留著]]<br>###涩可去脱::涩剂收涩，能[[固脱止遗]]<br>###燥可去湿::燥剂能[[祛除湿邪]]<br>###湿剂去枯::湿剂滋润，能[[滋养枯燥]],对应::十种类型一一对应，宣通、补泄、轻重、滑涩、燥湿，各有侧重
十剂的学术意义,方剂学::方剂的分类::十剂,2,核心贡献::将基于药物功用的十剂引入[[方剂分类]]<br>###地位::是按[[功效分类方剂]]的先驱,合理性::基于组成药物功效以认识方剂整体功用的思路具有相当合理性，是方剂分类史上的一大进步
八阵的概念与来源,方剂学::方剂的分类::八阵,1,创立者::明·[[张景岳]]鉴于古方散列诸家、既多且杂或彼此重复，因而设八阵<br>###出处::《景岳全书·新方八略引》<br>###规模::共选古方[[1516首]]，自制新方[[186首]]，按八阵分类<br>###组成::分为[[古方八阵]]和[[新方八阵]]，另复列妇人、小儿、痘疹、外科诸方,分类::八阵之外还设有妇人、小儿、痘疹、外科等专类，以便临证应用
八阵的八种类型详解,方剂学::方剂的分类::八阵,1,补阵::补方之制，[[补其虚也]]<br>###和阵::和方之制，[[和其不和者也]]<br>###攻阵::攻方之制，[[攻其实也]]<br>###散阵::用散者，[[散表也]]<br>###寒阵::寒方之制，为[[清火除热]]也<br>###热阵::热方之制，为[[除寒]]也<br>###固阵::固方之制，[[固其泄也]]<br>###因阵::因方之制，[[因其因也]]，凡病有相同皆按证而用之,因阵::因阵强调因病因证灵活用方，体现辨证论治精神
八阵的学术意义,方剂学::方剂的分类::八阵,1,核心::针对[[治证的基本类型]]分类，即因病设阵而累方<br>###双重涵义::体现了[[因证立法]]与[[以法类方]]之间的紧密联系,影响::在方剂分类史上具有重要意义，对汪昂以治法为主的方剂分类和程钟龄[[八法]]的提出均有一定影响
组成分类法与祖方分类,方剂学::方剂的分类::其他分类法,2,组成分类::以方剂组成结构为依据进行分类<br>###祖方分类::明·施沛《祖剂》开创[[祖方（主方）分类法]]<br>###其他::《张氏医通》中亦设有[[祖方]]一卷,特点::祖方分类以基础方为核心，追溯其衍化变方，有助于理解方剂之间的组方联系
病证分类法,方剂学::方剂的分类::其他分类法,2,总述::以病证为纲分类方剂，是最古老的分类方法之一<br>###按病证分类::《五十二病方》《伤寒杂病论》《外台秘要》《太平圣惠方》《普济方》《医宗金鉴》《台兰轨范》均采用此法<br>###脏腑分类::《备急千金要方》《古今图书集成医部全录》中设[[脏腑身形]]等分类<br>###病因分类::《三因极一病证方论》《张氏医通》等按病因分类,发展::病证分类法从简单按病列方逐步发展为脏腑、病因等多维度分类
综合分类法,方剂学::方剂的分类::其他分类法,2,创立::清·汪昂《医方集解》开创新的[[综合分类法]]<br>###特点::以[[治法分类为主]]，兼顾[[临床科目]]<br>###沿用::吴仪洛《成方切用》、张秉成《成方便读》均采用此类分类,优势::综合分类法兼具理论性与实用性，便于临证检索和学习
程钟龄以法统方理论,方剂学::方剂与治法::八法,1,提出者::清初医家[[程钟龄]]在归纳前人治疗经验基础上结合自己临床体会提出<br>###体系::论病之原以[[内伤、外感]]四字括之；论病之情以[[寒、热、虚、实、表、里、阴、阳]]八字统之；论治方之则以[[汗、和、下、消、吐、清、温、补]]八法尽之<br>###核心思想::明确提出[[以法统方]]的思想，是对治法分类方剂的理论总结,联系::八法理论将方证、治法与方剂紧密联系，为汪昂以治法为主分类方剂提供理论支持，也为后世[[以法类方]]地位确立提供实践依据<br>###影响::[[以法类方]]符合中医临证辨证立法遣药组方规律，对近现代方剂分类产生重要影响
方剂与药物的联系,方剂学::方剂与药物,1,核心::[[方以药成]]，方剂由药味所组成，方中药物是全方药物的基础,要点::方剂是药物的有机组合，单味药是组方的基本单位
方剂与药物的区别,方剂学::方剂与药物,1,核心::[[方药异同]]，方剂通过药物配伍所成，组成后的全方与其各单味药在性能效用方面存在[[不同程度的差异]],意义::配伍使方剂产生新功效，并非单味药功效的简单相加
配伍的目的,方剂学::方剂组成::配伍目的,1,增强药力::通过配伍[[增强单味药或全方的药力]]<br>###协同作用::药物配伍后产生[[协同作用]]，提高疗效<br>###控制方向::控制[[多功用单味中药]]的发挥方向<br>###扩大范围::扩大治疗范围，[[适应复杂病情]]<br>###降低毒性::控制药物的[[毒副作用]],总结::配伍目的可概括为增效、控向、扩治、减毒四个方面
君臣佐使理论来源,方剂学::方剂组成::君臣佐使,1,出处::[[君臣佐使]]的概念最早由《[[黄帝内经]]》所提出,地位::是方剂组成的基本结构理论，指导临证遣药组方
君药的含义,方剂学::方剂组成::君臣佐使,1,定义::针对[[主病]]或[[病证的主要方面]]起[[主要治疗作用]]的药物<br>###地位::方中[[不可缺少]]的主药<br>###用量::药力最大者为君，君药宜少，[[一般只用一味]],特点::每方必有君药，是方剂的核心组成
臣药的含义,方剂学::方剂组成::君臣佐使,1,作用一::[[辅助君药]]加强治疗主病或主证的药物<br>###作用二::对[[兼病]]或[[兼证]]起主要治疗作用的药物,特点::臣药可有一至多味，视病情需要而定
佐药的含义,方剂学::方剂组成::君臣佐使,1,佐助药::配合君臣药以[[加强治疗作用]]，或用以治疗[[次要病证]]的药物<br>###佐制药::[[消除或缓解]]君、臣药的毒性及副作用的药物<br>###反佐药::病重邪盛及拒药不受情况下，与君药药性[[相反]]而起[[相成作用]]的药物,分类::佐药分三类：佐助、佐制、反佐，各有不同功能
使药的含义,方剂学::方剂组成::君臣佐使,1,引经药::能引导方中药物的药力[[直达病所]]的药物<br>###调和药::能[[调和]]方中诸药的性能，协调诸药的相互作用或起到[[矫味作用]]的药物,特点::使药用量一般较轻，起引导或调和作用
君臣佐使的指导意义,方剂学::方剂组成::君臣佐使,1,原则一::每一方必有君药，药力最大者为君，君药宜少，[[一般只用一味]]<br>###原则二::不是每一方中[[臣、佐、使药都具备]]<br>###原则三::不是每味药只任[[一职位]]，可身兼数职<br>###原则四::药味繁多的大方或多个基础方组成的[[复方]]，分清主次即可,灵活::君臣佐使的运用需灵活变通，非机械套用
遣药组方的具体运用,方剂学::方剂组成::君臣佐使,2,要求::遣药组方时既要针对病机考虑[[配伍用药的合理性]]，又要按照组成的基本结构要求将药味组合成一个[[主次分明、全面兼顾的有机整体]]<br>###目标::使之更好地发挥[[整体效果]]，需要充分运用中医药理论为指导，进行周密设计,核心::组方既要考虑药味间的配伍关系，又要遵循君臣佐使的基本结构
方剂变化运用的主要形式,方剂学::方剂变化::概述,1,形式::方剂变化运用的主要形式有三种：[[药味加减]][[药量加减]][[剂型变化]],要点::三种变化形式可单独使用，也可联合应用
药味加减变化的概念,方剂学::方剂变化::药味加减,1,定义::增加或减少方剂中的药物时，必然使方剂中药物间配伍关系发生变化，进而[[方剂功效改变]],注意::药味加减变化需注意药物间配伍关系的改变
佐使药的加减,方剂学::方剂变化::药味加减,1,前提::[[君药不变]]，仅加减佐使药<br>###变化::方剂[[功效基本不变]]，主治证候大体相同<br>###举例::四君子汤主治脾胃气虚证兼有气滞→[[异功散]]（加陈皮）,特点::这种变化属于轻微调整，不影响方剂的主要功效
臣药的加减,方剂学::方剂变化::药味加减,1,前提::[[君药不变]]，加减臣药<br>###变化::改变配伍关系，[[功效发生改变]]<br>###举例::麻黄汤（外感风寒表实）→去桂枝→[[三拗汤]]（风寒犯肺）,意义::臣药加减可使方剂适应证发生一定程度的改变
君药或主要药物的变化,方剂学::方剂变化::药味加减,1,前提::[[君药或主要药物不同]]<br>###变化::方剂[[功效大变]]，适应证完全不同<br>###举例::麻黄汤→用石膏替换桂枝→[[麻杏甘石汤]],要点::君药变化是方剂性质的根本改变
药量加减变化的概念,方剂学::方剂变化::药量加减,1,定义::方剂的[[组成药物不变]]，仅改变药物用量，导致方剂功效或主治发生变化,原理::药量变化可改变方中药物的主次地位
药量加减的第一种情况,方剂学::方剂变化::药量加减,1,变化::由于药量的增减而使原方的[[药力增强或减弱]]<br>###举例::四逆汤与[[通脉四逆汤]]，后者干姜附子量大，药力增强,特点::组成药物完全相同，仅药量不同
药量加减的第二种情况,方剂学::方剂变化::药量加减,1,变化::因药量的增减而使原方[[功用和适应证]]发生一定变化<br>###举例::[[桂枝汤]]和[[桂枝加芍药汤]],要点::药量改变导致方剂主治方向有所调整
药量加减的第三种情况,方剂学::方剂变化::药量加减,1,变化::由于药量的增减导致了原方[[君药的改变]]<br>###举例::[[小承气汤]]与[[厚朴三物汤]]，因药量不同使君药改变,意义::君药改变意味着方剂的治疗重心发生根本变化
剂型变化的概念,方剂学::方剂变化::剂型变化,1,定义::组成药物与剂量相同，配制的[[剂型不同]]，其功效和适应证亦有区别<br>###影响::剂型可[[直接影响功用]],举例::[[理中丸]]与[[人参汤]]，丸剂与汤剂功效有别
枳术汤与枳术丸的综合变化,方剂学::方剂变化::综合举例,2,药味加减::枳术丸比枳术汤[[多荷叶]]<br>###药量加减::枳术丸枳实用量倍于白术，枳术汤白术用量倍于枳实,剂型::枳术汤为汤剂，枳术丸为丸剂，剂型不同
生姜泻心汤与半夏泻心汤的综合变化,方剂学::方剂变化::综合举例,2,药味加减::生姜泻心汤为半夏泻心汤[[减干姜二两，加生姜四两]]而成<br>###药量加减::部分药物用量有所调整,要点::此方体现了药味与药量的联合变化
影响药力的主要因素,方剂学::方剂变化::药力原理,1,公式::[[药力 = 药性 + 药量 + 配伍 + 剂型 + 服法 + ……]]<br>###核心::药物在方中药力大小的主要因素是[[药物自身的药性]]，其次为[[药量及配伍关系]]<br>###其他因素::此外，[[剂型]][[煎服法]]等也对药物在方中的药力有一定影响,意义::理解药力公式有助于把握方剂变化的原理和临床灵活运用
三种变化形式的综合运用,方剂学::方剂变化::综合举例,1,要点::方剂的药味加减、药量加减、剂型更换皆会使方中药物的药力发生变化<br>###关键::特别是[[主要药物及其用量]]的加减变化，将改变其君、臣的配伍关系，使其功用与主治发生相应变化,目的::研究与运用方剂的组方原则及方剂变化，旨在分析或调配方中药物的药力之大小
汤剂,方剂学::剂型::汤剂,1,特点::吸收[[较快]]，能迅速发挥药效，特别是便于根据病情的变化而[[随证加减]]使用<br>###适用::适用于[[病证较重或病情不稳定]]的患者,地位::汤剂是最常用的传统剂型，体现中医辨证论治的灵活性
散剂,方剂学::剂型::散剂,1,特点::制备方法简便，吸收[[较快]]，节省药材，性质较稳定，不易变质，便于[[服用与携带]]<br>###内服::研粉温水冲服或直接吞服；煮散去急症<br>###外用::外散或点眼、吹喉,分类::散剂分[[内服]]和[[外用]]两类
丸剂总论,方剂学::剂型::丸剂,1,特点::吸收[[较慢]]，药效[[持久]]，节省药材，便于[[携带与服用]]<br>###适用范围::①适用于慢性、虚弱性疾病；②取峻药缓治而用丸剂；③方剂中含较多芳香走窜药物不宜入汤剂煎煮而制成丸剂,要点::丸剂以缓治为特点，适合长期服用
蜜丸,方剂学::剂型::丸剂,1,特点::作用[[缓和持久]]，并有[[补益和矫味]]的作用<br>###适用::常用于治疗[[慢性病和虚弱性疾病]],辅料::以蜂蜜为赋形剂，兼具补益功效
水丸,方剂学::剂型::丸剂,1,特点::[[易于崩解]]，吸收[[快]]，[[易于吞服]]<br>###适用::适用于多种疾病,辅料::以水或药汁为赋形剂，崩解快于蜜丸
糊丸,方剂学::剂型::丸剂,1,特点::黏合力强，质地坚硬，[[崩解、溶散迟缓]]<br>###优势::内服可[[延长药效]]，[[减轻剧毒药的不良反应和对胃肠的刺激]],辅料::以面糊或米糊为赋形剂，适用于含毒性药物的方剂
浓缩丸,方剂学::剂型::丸剂,2,特点::有效成分高，[[体积小]][[剂量小]]，[[易于服用]]<br>###适用::可用于治疗多种疾病,优势::将部分药材提取浓缩后制丸，减少服药量
煎膏,方剂学::剂型::膏剂,1,特点::体积小，含量高，便于服用，[[口味甜美]]，有[[滋润补益作用]]<br>###适用::一般用于[[慢性虚弱病人]]，有利于较长时间用药,别称::又称膏滋，兼具补益和治疗作用
软膏,方剂学::剂型::膏剂,2,特点::具有一定的黏稠性，外涂后渐渐[[软化或溶化]]，使药物慢慢吸收，[[持久发挥疗效]]<br>###适用::适用于外科[[疮疡疖肿、烧烫伤]]等,用法::外用涂抹患处
硬膏,方剂学::剂型::膏剂,2,特点::[[药效持久]]，使用与[[携带方便]]<br>###适用::可用于治疗[[局部疾病和全身性疾病]],特点::加热后软化贴敷患处，药物经皮吸收
酒剂,方剂学::剂型::酒剂,1,特点::[[活血通络]]，易于[[发散]]和[[助长药效]]的特点<br>###适用::常用于祛风通络和补益方剂中；外用可[[祛风活血，止痛消肿]],辅料::以酒为溶媒，酒能行药势、通血脉
丹剂,方剂学::剂型::其他剂型,3,特点::主要用于外科的[[疮疡、痈疽、瘿瘤]]等,注意::丹剂多含矿物药，使用需谨慎
茶剂,方剂学::剂型::其他剂型,3,特点::大多用于治疗[[感冒、食积、腹泻]]，近年来有许多健身、减肥的新产品,用法::以药代茶，简便易行
露剂,方剂学::剂型::其他剂型,3,特点::一般作为饮料及[[清凉解暑]]剂<br>###常用::金银花露、青蒿露等,制法::以蒸馏法取含挥发性成分的药物
锭剂,方剂学::剂型::其他剂型,3,特点::内服，研末调服或磨汁服；外用则磨汁涂患处,用法::可内服亦可外用，视病情而定
条剂,方剂学::剂型::其他剂型,3,特点::用时插入疮口或瘘管内，能[[化腐蚀拔毒]]、[[生肌收口]],适用::主要用于外科引流或腐蚀
线剂,方剂学::剂型::其他剂型,3,特点::用于治疗瘘管、痔疮或赘生物，通过药物的轻度腐蚀作用和药线的机械紧扎作用，使其引流通畅或萎缩、脱落,机制::结合药物腐蚀与机械结扎双重作用
栓剂,方剂学::剂型::其他剂型,1,特点::通过直肠或阴道黏膜吸收，有[[50%~70%]]的药物不经过肝脏而直接进入大循环<br>###优势::一方面减少药物在肝脏的[[首过效应]]，同时减少药物对肝脏的毒性和副作用，还可避免胃肠液对药物的影响及药物对胃黏膜的刺激<br>###适用::婴幼儿直肠给药尤为方便,吸收::栓剂属于经黏膜给药的剂型，可避免首过效应
冲剂,方剂学::剂型::其他剂型,2,特点::具有[[作用迅速]]、味道可口、体积较小、服用方便等特点,用法::开水冲服，便于携带和使用
片剂,方剂学::剂型::其他剂型,2,特点::用量准确、[[体积小]]。味很苦或具有恶臭的药物压片后可再包糖衣，使之[[易于服用]],优势::剂量准确，便于工业化生产和质量控制
糖浆剂,方剂学::剂型::其他剂型,2,特点::具有味甜量小、服用方便、吸收[[较快]]等特点<br>###适用::尤适用于[[儿童服用]],辅料::以蔗糖为主要辅料，掩盖药物苦味
口服液,方剂学::剂型::其他剂型,2,特点::具有剂量较小、吸收较快、服用方便、[[口感适宜]]等优点,优势::吸收快于丸剂、散剂，口感优于汤剂
注射剂,方剂学::剂型::其他剂型,1,特点::具有剂量准确、[[药效迅速]]、适于急救、不受消化系统影响的特点<br>###适用::对于[[神志昏迷]]、难于口服服用的患者尤为适宜,给药途径::静脉注射或肌肉注射，起效最快
解表剂的概念,方剂学::各类方剂::解表剂,1,定义::以[[解表药]]为主组成，具有发汗、解肌、透疹等作用，主治[[表证]]的一类方剂<br>###理论依据::属于八法中的[[汗法]]，[[其在皮者，汗而发之]]，[[因其轻而扬之]],范围::注意对于其他章节中疏散外风、轻宣外燥、祛风湿的方剂，也可属解表剂范畴
解表剂的适用范围,方剂学::各类方剂::解表剂,1,主治::主治[[表证]]，包括风寒外感或温病初起，麻疹、疮疡、水肿、疟疾、痢疾等初起,表现::见恶寒、发热、头痛、身疼、无汗或有汗、苔薄白、脉浮等症状
解表剂的配伍规律,方剂学::各类方剂::解表剂,1,风寒表证::宜[[辛温解表]]，常以麻黄、桂枝、羌活、紫苏、防风等为主组方；配伍[[活血通脉之桂枝、川芎]]及[[宣降肺气的杏仁、桔梗]]<br>###风热表证::宜[[辛凉解表]]，常以薄荷、牛蒡子、桑叶、菊花为主组方；多配伍[[清热解毒之银花、连翘]]及[[宣降肺气的杏仁、桔梗]]<br>###体虚外感::当[[结合补益法以扶正祛邪]]。气虚阳虚外感配伍[[益气助阳的人参、黄芪、附子、细辛]]等；阴血不足配伍[[滋养阴血的玉竹、生地]]等,关键::根据表证的寒热、虚实不同，灵活配伍
解表剂的分类与代表方,方剂学::各类方剂::解表剂,1,辛温解表::如[[麻黄汤、桂枝汤、小青龙汤、九味羌活汤、香苏散、正柴胡饮]]<br>###辛凉解表::如[[银翘散、桑菊饮、麻杏甘石汤、升麻葛根汤、柴葛解肌汤]]<br>###扶正解表::如[[败毒散、再造散、加减葳蕤汤、麻黄细辛附子汤、参苏饮、葱白七味饮]],举例::辛温、辛凉、扶正三大类分别对应风寒、风热、体虚外感
解表剂的应用注意事项,方剂学::各类方剂::解表剂,2,注意点一::解表剂多用辛散轻扬之品，[[不宜久煎]]，以免药性耗散，作用减弱<br>###注意点二::服法宜温服，服后宜[[避风寒]]，或增衣被，或辅之以粥，以助汗出<br>###注意点三::取汗程度以[[遍身持续微汗为佳]]，若汗出不彻则病邪不解，汗出太过则耗气伤津；汗出病瘥，即当停服，不必尽剂<br>###注意点四::服药期间，应[[忌辛辣、生冷、油腻]]，以免影响药物吸收及药效发挥<br>###注意点五::表邪未尽又现里证者，应[[先解表后治里]]，或表里双解<br>###注意点六::邪已入里，麻疹已透，疮疡已溃，正虚水肿，吐泻失水等证，[[均不宜使用解表剂]],原则::注意汗法的适应症与禁忌，防止过汗伤正
泻下剂的概念,方剂学::各类方剂::泻下剂,1,定义::以[[泻下药]]为主组成，具有通便、泻热、攻积、逐水等作用，主治[[里实证]]的一类方剂<br>###理论依据::属于八法中的[[下法]]，[[其下者，引而竭之；中满者，泻之于内]],特点::以攻逐邪实为主要作用
泻下剂的适用范围,方剂学::各类方剂::泻下剂,1,主治::主治[[里实证]]，表证已解，里实已成，包括痰饮水湿、瘀血、宿食、燥屎、脓肿、虫积、结石等有形实邪停积体内,病机::以[[腑气闭阻不通]]为主要病机
泻下剂的配伍规律,方剂学::各类方剂::泻下剂,1,里热积滞::宜[[寒下]]。常以大黄、芒硝为主组方，配伍[[行气活血药如厚朴、枳实、木香、桃仁、丹皮]]等<br>###里寒积滞::宜[[温下]]。常以泻下药大黄、巴豆等与[[温里药附子、干姜、细辛]]配伍；寒积兼脾虚配伍[[补气之品如人参、甘草]]<br>###肠燥津亏::宜[[润下]]。常用麻子仁、杏仁、郁李仁，配伍[[寒下药如大黄、芒硝]]及[[滋阴养血药如白芍、当归]]<br>###水饮壅盛::宜[[峻下逐水]]。常用大戟、芫花、甘遂、牵牛子等，配伍[[益气扶正之品如大枣]]<br>###里实正虚::宜[[攻补兼施]]。常用大黄、芒硝等攻下药与[[人参、当归、生地、玄参、麦冬]]等补益药配伍,原则::根据里实证的寒热、虚实、缓急及兼夹不同，选择相应下法
泻下剂的分类与代表方,方剂学::各类方剂::泻下剂,1,寒下::如[[大承气汤、大陷胸汤、大黄牡丹汤]]<br>###温下::如[[温脾汤、大黄附子汤]]<br>###润下::如[[济川煎、麻子仁丸]]<br>###逐水::如[[十枣汤、舟车丸]]<br>###攻补兼施::如[[黄龙汤、新加黄龙汤、增液承气汤]],要点::五类下法分别对应寒、温、润、逐、攻补兼施
泻下剂的应用注意事项,方剂学::各类方剂::泻下剂,2,注意点一::表证未解，里实虽甚，[[不宜纯用泻下]]，防表邪随攻下之剂内陷变生他证<br>###注意点二::若兼瘀血、虫积、痰浊，应配伍[[活血祛瘀、驱虫、化痰]]等法<br>###注意点三::年老体弱、孕妇、病后津伤气血亏虚、正值经期或新产血亏者，均当[[慎用或禁用泻下剂]]<br>###注意点四::泻下剂易伤胃气，[[得效即止]]，慎勿过剂<br>###注意点五::注意调理饮食，[[不宜过早进食油腻或不消化的食物]],原则::泻下剂为攻邪之剂，应中病即止，注意顾护胃气与正气
和解剂的概念,方剂学::各类方剂::和解剂,1,定义::凡具有和解少阳、调和肝脾、调和肠胃等作用，治疗伤寒邪在少阳、肝脾不和、肠胃不和等证的方剂<br>###理论依据::属于八法中的[[和法]],配伍特点::以寒热、补泻、疏散等药味相反相成，具有调和寒热、疏调气血、扶正祛邪、燮理脏腑等功用
和解剂的适用范围,方剂学::各类方剂::和解剂,1,主治::原治疗伤寒[[少阳]]邪入半表半里；或[[肝脾不和]]；或[[中气虚弱，寒热互结]]导致之肠胃不和亦可用之,特点::主治所谓[[不和]]的一类方剂
和解剂的配伍规律,方剂学::各类方剂::和解剂,1,和解少阳::邪在少阳半表半里，法当[[和解少阳]]。常以柴胡或青蒿与[[黄芩]]相配伍组方；兼气虚佐以[[益气扶正的人参]]；兼湿浊配以[[通阳利湿之猪苓、茯苓]]等<br>###调和肝脾::肝脾不和，法当[[疏肝理脾]]。常以[[疏肝理气之柴胡、枳壳、陈皮]]等，与[[健脾之白术、茯苓、甘草]]等配伍组方<br>###调和肠胃::肠胃不和之寒热错杂，法当[[调和肠胃]]。常以[[辛温药与苦寒药如干姜、生姜、半夏、黄连、黄芩]]等组方,层次::三类和法分别针对少阳证、肝脾不和、寒热错杂
和解剂的分类与代表方,方剂学::各类方剂::和解剂,1,和解少阳::如[[小柴胡汤、蒿芩清胆汤、达原饮]]<br>###调和肝脾::如[[四逆散、逍遥散、痛泻要方]]<br>###调和寒热::如[[半夏泻心汤]],要点::三类和法各有代表方
和解剂的应用注意事项,方剂学::各类方剂::和解剂,2,要点::和解剂以[[祛邪扶正]]为主，纯虚不宜用，防其伤正；纯实者亦不可选，以免贻误病情。凡邪[[不在半表半里]]，或[[寒热湿实各有甚者]]，均非本类方剂所宜,原则::和法重在调和，不偏攻补，适用范围相对特定
清热剂的概念,方剂学::各类方剂::清热剂,1,定义::以[[清热药]]为主组成，具有清气、泻火、凉血、解毒及滋阴透热等作用，主治[[里热证]]的一类方剂<br>###理论依据::属于八法中的[[清法]]，[[热者寒之，温者清之]],特点::以清除里热为主要作用
清热剂的适用范围,方剂学::各类方剂::清热剂,1,主治::主治[[里热证]]，性质有[[实热]]、[[虚热]]之异；病变为阶段有[[在气]]、[[在营]]、[[在血]]之分；病位有[[在脏]]、[[在腑]]之别<br>###成因::里热证成因不外内生与外感两端。主要有外感六淫、入里化热；五志过极，脏腑偏胜，亦可化火；内伤久病，阴液耗损，虚热内生,时机::一般是在表证已解，热已入里，或里热亢盛但尚未结实的情况下使用
清热剂的配伍规律,方剂学::各类方剂::清热剂,1,气分热::宜[[清气生津]]，常用辛甘大寒的[[石膏]]与苦寒质润的[[知母]]为主组方；若里热伤津耗气，配伍[[益气生津养阴之品如人参、花粉、石斛、芦根]]等<br>###营血分热::邪热传营，或热入血分，宜用[[水牛角、生地]]等以[[清营凉血]]；入营邪热由气分传来，应采用[[透热转气]]之法；热入血分常致动血，配伍[[活血药物如丹皮、赤芍]]，此为[[凉血散血]]<br>###清热解毒::适用于温疫、温毒、火毒及疮疡疔毒诸证。常用[[黄芩、黄连、连翘、金银花、蒲公英、大青叶]]等清热解毒泻火药为主组方<br>###清脏腑热::邪热偏盛某一脏腑，直清该脏。心经火热用[[黄连、栀子、木通、莲子心]]；肝胆实火用[[龙胆草、夏枯草、青黛]]；肺中有热用[[黄芩、桑白皮、石膏]]；热在脾胃用[[石膏、黄连]]；热在大肠用[[黄芩、黄连、白头翁]]<br>###虚热::阴虚发热证，常以[[滋阴清热之鳖甲、知母、生地]]与[[清透伏热之青蒿、秦艽、银柴胡]]组方,层次::清热剂配伍需根据热邪所在层次、部位及兼夹灵活化裁
清热剂的分类与代表方,方剂学::各类方剂::清热剂,1,清气分热::如[[白虎汤、竹叶石膏汤、栀子豉汤]]<br>###清营凉血::如[[清营汤、犀角地黄汤]]<br>###气血两清::如[[清瘟败毒饮]]<br>###清热解毒::如[[凉膈散、普济消毒饮、仙方活命饮、黄连解毒汤、五味消毒饮、四妙勇安汤、牛蒡解肌汤]]<br>###清脏腑热::如[[龙胆泻肝汤、左金丸、泻白散、清胃散、玉女煎、芍药汤、白头翁汤、导赤散、苇茎汤、泻黄散]]<br>###清虚热::如[[青蒿鳖甲汤、清骨散、秦艽鳖甲散、当归六黄汤]],要点::六类清法对应不同层次和部位的里热证
清热剂的应用注意事项,方剂学::各类方剂::清热剂,2,注意点一::注意[[正确把握适应证]]<br>###注意点二::注意[[辨清热证的阶段、部位、性质、程度]]，恰当施治<br>###注意点三::注意辨清热证的[[真假]]，勿为假象所迷惑<br>###注意点四::屡用清热泻火之剂而热仍退者，当用[[甘寒滋阴之法]]，如王冰所说[[寒之不寒，是无水也]]<br>###注意点五::[[权衡轻重，量证投药]]<br>###注意点六::[[要注意护胃、保津]]<br>###注意点七::热邪炽盛，服寒凉入口即吐者，可[[少佐辛温之品]]，或寒药热服，即[[治热以寒，温而行之]]的反佐法<br>###注意点八::[[注意病人体质]]。素体阳虚者，清热不可太过；素体阴虚者，则当清中护阴,原则::清热剂应用需辨证准确，注意真假寒热，兼顾胃气津液
祛暑剂的概念,方剂学::各类方剂::祛暑剂,1,定义::以[[祛暑清热药]]或[[祛暑化湿药]]为主组成，具有祛除[[暑邪]]的作用，治疗[[暑病]]的一类方剂,特点::暑为阳邪，其性炎热，易伤气耗津，且多夹湿
祛暑剂的适用范围,方剂学::各类方剂::祛暑剂,1,主治::主要为[[夏月暑热证]]，也可兼见[[伤暑耗气]]、夹湿，兼表寒等,分类::暑病有单纯暑热、暑热夹湿、暑热伤气等不同
祛暑剂的配伍规律与代表方,方剂学::各类方剂::祛暑剂,1,祛暑解表::如[[新加香薷饮、香薷散]]<br>###祛暑清热::如[[清络饮]]<br>###祛暑利湿::如[[六一散、桂苓甘露饮]]<br>###清暑益气::如[[清暑益气汤]]<br>###理论要点::张凤逵提出[[暑病首用辛凉，继用甘寒，再用酸泄酸敛，不必用下]]；王士雄提出[[治暑之法，清心利小便最好]],原则::治暑需把握暑邪特点，[[清热祛湿]]为治暑最基本的治法
祛暑剂的应用注意事项,方剂学::各类方剂::祛暑剂,2,注意点一::运用祛暑剂，[[应注意辨别暑病的本证、兼证及主次轻重]]<br>###注意点二::暑病病情各异，兼证不同，[[治法用方差异甚大]]<br>###注意点三::对于单纯冒暑受热，[[治宜清热]]<br>###注意点四::暑多夹湿，祛暑剂每多配伍[[祛湿之品]]，若暑重湿轻，甘寒之品又当慎用，以免[[阴柔碍湿]],要点::祛暑剂需分清暑热、暑湿的轻重主次
温里剂的概念,方剂学::各类方剂::温里剂,1,定义::以[[温热药]]为主组成，具有温里祛寒、回阳救逆、温经散寒通脉等作用，治疗[[里寒证]]的一类方剂<br>###理论依据::属于八法中的[[温法]]，[[寒者热之，治寒以热]],特点::以温散里寒为主要作用
温里剂的适用范围,方剂学::各类方剂::温里剂,1,主治::[[里寒证]]，即寒邪在里所致的病证。可由[[素体阳虚]]寒从中生；外寒直中三阴，直入脏腑；或过食寒凉，损伤阳气所致,病因::里寒证成因有内外之分
温里剂的配伍规律,方剂学::各类方剂::温里剂,1,中焦虚寒证::治当[[温中祛寒]]，常用[[干姜、吴茱萸]]等温中散寒药与[[人参、白术]]等益气健脾药组方<br>###阳气衰微证::治当[[回阳救逆]]，常用[[附子、干姜]]等温热药为主组方，或配伍[[人参等益气固脱之品]]<br>###寒凝经脉证::治当[[温经散寒]]，常用[[桂枝、细辛]]等温经散寒药与[[当归、白芍、熟地]]等补养营血药配伍,层次::温里剂根据寒邪所在部位及阳气虚衰程度，采用不同温法
温里剂的分类与代表方,方剂学::各类方剂::温里剂,1,温中祛寒::如[[理中丸、小建中汤、吴茱萸汤、大建中汤]]<br>###回阳救逆::如[[四逆汤、回阳救急汤]]<br>###温经散寒::如[[当归四逆汤、阳和汤、黄芪桂枝五物汤]],要点::三类温法分别针对中焦虚寒、阳衰阴盛、寒凝经脉
温里剂的应用注意事项,方剂学::各类方剂::温里剂,2,注意点一::寒为[[阴邪易伤阳气]]，本类方剂多配伍[[补气药物]]，使阳复气充<br>###注意点二::温里剂多由[[辛香燥热之品]]组成，临床必须[[辨别寒热之真假]]，真热假寒证禁用<br>###注意点三::素体[[阴虚或失血之人]]亦应慎用，以免[[重伤阴血]]<br>###注意点四::服药入口即吐者，可反佐[[少量寒凉药物]]，或[[热药冷服]]，避免格拒<br>###注意点五::使用温里剂应注意[[药物用量]]，应因人、因时、因地，随证变通,原则::温里剂需辨清寒热真假，注意燥热伤阴之弊
表里双解剂的概念,方剂学::各类方剂::表里双解剂,1,定义::由[[解表药]]配伍[[泻下药或清热药、温里药]]为主组成，具有[[表里同治、内外分解]]等作用，主治[[表里同病]]的一类方剂,特点::表证与里证同时并见，需表里同治
表里双解剂的适用范围与配伍,方剂学::各类方剂::表里双解剂,1,适用范围::适用于[[表证未解，而又见里证]]，或原有宿疾，又感新邪，出现[[表证与里证同时并见]]的证候<br>###表证兼里热::当用[[解表药配伍清热药]]<br>###表证兼里寒::当用[[解表药配伍温里药]]<br>###表证兼里实::当用[[解表药配伍泻下药]],核心::根据表证与里证的寒热、虚实属性，灵活配伍
表里双解剂的分类与代表方,方剂学::各类方剂::表里双解剂,1,解表攻里::如[[大柴胡汤、防风通圣散]]<br>###解表清里::如[[葛根芩连汤、石膏汤]]<br>###解表温里::如[[五积散]],要点::三类表里双解分别对应表里同病之热证、寒证、实证
表里双解剂的应用注意事项,方剂学::各类方剂::表里双解剂,2,注意点一::首先[[有邪气在表]]，而里证又急之证候<br>###注意点二::要[[辨清表证与里证的寒、热、虚、实属性]]<br>###注意点三::[[分清表证与里证的轻重主次]]，权衡表药与里药的比例，以免太过或不及之弊,原则::表里双解需分清表里轻重，用药比例恰当
理气剂的概念,方剂学::各类方剂::理气剂,1,定义::以[[理气药]]为主组成，具有行气或降气作用，主治[[气滞或气逆病证]]的一类方剂<br>###理论依据::属于八法中的[[消法]],特点::以调理气机为主要作用
理气剂的适用范围,方剂学::各类方剂::理气剂,1,行气剂::适用于[[气机郁滞证]]，以肝气郁滞与脾胃气滞为主<br>###降气剂::适用于[[肺气上逆或胃气上逆病证]],分类::理气剂分为[[行气]]和[[降气]]两大类
理气剂的配伍规律,方剂学::各类方剂::理气剂,1,气机郁滞::一般以脾胃气滞和肝气郁滞多见。治疗脾胃气滞常以[[陈皮、厚朴、枳壳、木香、砂仁]]等为主组方；治疗肝气郁滞常以[[香附、青皮、郁金、川楝子、乌药、小茴香]]等为主组方<br>###肺胃气逆不降::当降气。肺气上逆常以[[降气祛痰如苏子、杏仁、沉香、款冬花]]等组方；胃气上逆常以[[降逆和胃止呕药如旋覆花、代赭石、半夏、生姜、竹茹、丁香、柿蒂]]等组方,层次::根据气滞部位（肝脾肺胃）和气逆方向灵活配伍
理气剂的分类与代表方,方剂学::各类方剂::理气剂,1,行气::如[[柴胡疏肝散、半夏厚朴汤、瓜蒌薤白白酒汤、枳实薤白桂枝汤、天台乌药散、暖肝煎、枳实消痞丸、越鞠丸、金铃子散、厚朴温中汤、加味乌药汤、橘核丸]]<br>###降气::如[[苏子降气汤、定喘汤、旋覆代赭汤、橘皮竹茹汤、四磨汤]],要点::行气剂数量较多，针对不同部位气滞
理气剂的应用注意事项,方剂学::各类方剂::理气剂,2,注意点一::使用理气剂，首先应[[辨明气病之虚实]]，勿犯虚虚实实之戒<br>###注意点二::其次辨有无兼夹，气滞与气逆往往相兼并见，治疗时要注意[[辨清轻重主次，斟酌行气药与降气药的配伍比重]]<br>###注意点三::理气药大多辛温香燥辛散走窜，易于[[耗气伤津，助热生火]]，使用时适当而止，慎勿过剂。尤其年老体弱、素体气虚、阴虚火旺者、孕妇或素有崩漏吐衄者，更应[[慎之]],原则::理气剂需辨虚实，注意香燥伤阴之弊
理血剂的概念,方剂学::各类方剂::理血剂,1,定义::凡以[[理血药]]为主组成，具有活血祛瘀或止血作用，治疗[[血瘀证或出血病证]]的方剂,特点::以调理血分为主要作用
理血剂的适用范围,方剂学::各类方剂::理血剂,1,活血祛瘀剂::适用于各种[[血瘀证]]，如瘀热互结之下焦蓄血、瘀血内停胸腹之诸痛、瘀阻经脉之半身不遂、妇女经闭、痛经或产后恶露不行、瘀血内停包块、外伤瘀肿、痈疡初起等<br>###止血剂::适用于血液不循经妄行而出现的[[吐血、衄血、咳血、便血、崩漏]]等各种出血证,分类::理血剂分为[[活血祛瘀]]和[[止血]]两大类
理血剂的配伍规律,方剂学::各类方剂::理血剂,1,活血祛瘀::常加[[理气药、益气药]]，血瘀者还可加[[温经散寒药]]。常用活血祛瘀药如[[川芎、桃仁、红花、赤芍、丹参]]为主组方，适当配伍[[理气药以加强活血祛瘀的作用]]<br>###血瘀偏寒::配[[温经散寒]]之品<br>###血瘀化热::配[[凉血祛瘀]]之品<br>###血瘀兼正虚::当与[[益气养血药]]同用，使祛瘀而不伤正,要点::活血祛瘀剂需根据寒热虚实配伍相应药物
理血剂的分类与代表方,方剂学::各类方剂::理血剂,1,活血祛瘀::如[[桃核承气汤、血府逐瘀汤、复元活血汤、温经汤、生化汤、补阳还五汤、七厘散、失笑散、桂枝茯苓丸、活络效灵丹、丹参饮、大黄蛰虫丸]]<br>###止血::如[[小蓟饮子、槐花散、咳血方、黄土汤、十灰散、胶艾汤]],要点::活血祛瘀剂数量较多，需根据不同瘀血部位选方
理血剂的应用注意事项,方剂学::各类方剂::理血剂,2,注意点一::首先必须[[辨清造成瘀血或出血的原因]]，分清标本缓急，做到急则治标、缓则治本，或标本兼顾<br>###注意点二::逐瘀过猛或是久用逐瘀，均易[[耗伤正血]]，在使用活血祛瘀剂时，常辅以[[养血益气之品]]，使祛瘀而不伤正<br>###注意点三::峻猛逐瘀，只能暂用，不可久服，[[中病即止，勿使过剂]]<br>###注意点四::必要时在止血剂中辅以适当的[[活血祛瘀之品]]，选用兼有活血祛瘀作用的止血药，使[[血止而不留瘀]]<br>###注意点五::活血祛瘀剂虽能促进血行，但其性破泄，易于[[动血、伤胎]]，故凡妇女经期、月经过多及孕妇均当[[慎用或忌用]]<br>###注意点六::上部出血，忌[[升提]]，如升麻、柴胡；下部出血忌[[沉降]]，如代赭石、牛膝、大黄<br>###注意点七::新瘀急证，多用[[汤剂]]，取力大效宏；久瘀缓证，宜用[[丸剂]]，取力小性缓，使瘀消而不伤正,原则::理血剂需辨明瘀血或出血原因，注意活血不伤正、止血不留瘀
治风剂的概念,方剂学::各类方剂::治风剂,1,定义::由[[辛散疏风]]或[[潜阳息风]]等药物为主要组成，具有疏散外风或平息内风等作用，用以治疗[[风证]]的一类方剂,特点::风证分外风和内风两大类
治风剂的适用范围,方剂学::各类方剂::治风剂,1,外风::即风邪侵袭人体，留着于肌表、经络、肌肉、骨节等所致的病证。另外皮肉损伤，风毒之邪从伤处侵入所致的破伤风亦属于外风范围。以头痛、恶风、肌肤瘙痒、肢体麻木、筋骨挛痛、关节屈伸不利、口眼㖞斜，甚则角弓反张等为主要表现<br>###内风::即风从内生，由脏腑功能失调所致的病变，如热极生风、肝阳化风、阴虚风动以及血虚生风等，以[[眩晕、震颤、四肢抽搐、口眼㖞斜、语言蹇涩、半身不遂，甚至突然晕倒、不省人事]]等,鉴别::外风从外来，内风从内生，治法不同
治风剂的配伍规律,方剂学::各类方剂::治风剂,1,外风证::治当[[疏散外风]]。常以辛散祛风药如[[羌活、独活、荆芥、防风、川芎、白芷、白附子]]等为主组方。根据病人体质强弱、感邪轻重以及病邪的兼夹等不同情况，分别配伍[[祛寒、清热、祛湿、祛痰、养血、活血]]之品<br>###内风证::治宜[[平肝息风]]。内风之实证，常以[[平肝息风药如羚羊角、钩藤、天麻、石决明、代赭石、龙骨、牡蛎]]等为主组方；热极动风或痰浊生风，常配伍[[清热、滋阴、化痰]]之品；内风之虚证，如温病后期，阴液亏虚，虚风内动，当[[滋阴息风]]。常用[[滋阴养血药如地黄、阿胶、白芍、鸡子黄、麦冬、龟板]]等为主组方,核心::外风宜疏散，内风宜平息，这是治风剂的基本原则
治风剂的分类与代表方,方剂学::各类方剂::治风剂,1,疏散外风::如[[大秦艽汤、川芎茶调散、消风散、牵正散、小活络丹、玉真散]]<br>###平息内风::如[[羚角钩藤汤、镇肝息风汤、天麻钩藤饮、大定风珠、阿胶鸡子黄汤]],要点::外风与内风治法截然不同，需辨证选方
治风剂的应用注意事项,方剂学::各类方剂::治风剂,2,注意点一::首先[[辨清风证类型]]，辨风证之内、外、属。外风宜疏散，不宜平息；内风宜平息，而忌用疏散<br>###注意点二::应根据[[风邪之兼夹、病情之虚实]]，进行相应的配伍。如兼寒、兼热、兼湿，或夹痰、夹瘀等，应与散寒、清热、祛湿、化痰以及活血化瘀等法配合运用<br>###注意点三::注意[[外风与内风之间的相互影响]]，外风可引动内风，内风可引动外风，治疗应分清主次,原则::治风剂需辨外风内风，注意内外风的相互影响
治燥剂的概念,方剂学::各类方剂::治燥剂,1,定义::多以[[辛散轻宣]]或[[甘寒滋润]]药为主组成，具有轻宣外燥或滋阴润燥等作用，用以治疗[[燥证]]的一类方剂,特点::燥证分外燥和内燥两大类
治燥剂的适用范围,方剂学::各类方剂::治燥剂,1,外燥::感受秋令燥邪所致的外燥病证，分为[[凉燥]]和[[温燥]]<br>###内燥::因脏腑津液精血亏耗而至的内燥病证。内燥分上燥、中燥、下燥，累及脏腑主要有[[肺、胃、大肠、或肾]]之别。燥在上，多见于肺；燥在中，多伤于胃；燥在下，多见于大肠或肾,层次::外燥从外来，内燥由脏腑津液亏损所致
治燥剂的配伍规律,方剂学::各类方剂::治燥剂,1,外燥者::当[[轻宣外燥]]。外感凉燥者，治宜轻宜温润，常以[[杏仁、苏叶]]等苦辛温润药物为主组方；外感温燥者，治宜清宜润肺，常用[[桑叶、豆豉、杏仁、沙参]]等辛凉甘润为主组方。燥热重者，可酌配[[石膏、麦冬]]等甘寒清润燥热之品<br>###脏腑津伤液耗所致的内燥证::常用[[沙参、麦冬、生地、熟地、玄参]]等组方，必要时根据燥热程度酌配[[甘寒清热泻火之品]]；燥热耗气而兼气虚者，酌配[[益气养阴之品]],核心::外燥宜轻宣，内燥宜滋润
治燥剂的分类与代表方,方剂学::各类方剂::治燥剂,1,轻宣外燥::如[[杏苏散、清燥救肺汤、桑杏汤]]<br>###滋阴润肺::如[[养阴清肺汤、麦门冬汤、百合固金汤、增液汤、益胃汤、玉液汤、琼玉膏]],要点::外燥与内燥治法不同，需辨证选方
治燥剂的应用注意事项,方剂学::各类方剂::治燥剂,2,注意点一::首先辨明[[外燥与内燥]]。倘若是内外合病者，治当分清主次。对于外燥与内燥兼见者，大抵先外后内，或内外并治，但亦应[[宜轻宣外燥为主]]，切不可单纯滋润，以防[[留邪]]<br>###注意点二::因甘凉滋润药物易[[助湿滞脾]]，肺脾气虚，痰湿素多及湿盛者忌用，气机阻滞者[[慎用]]<br>###注意点三::燥最易[[化热伤阴，伤津耗气]]，运用治燥剂须酌情配伍[[清热泻火或益气生津之品]]，但总以甘寒或咸寒为宜。不宜与辛香耗气、苦燥伤阴之品配伍,原则::治燥剂需分内外燥，注意润燥不助湿
祛湿剂的概念,方剂学::各类方剂::祛湿剂,1,定义::多以[[祛湿药]]为主组成，具有化湿利水、通淋泄浊等作用，用于治疗[[水湿病证]]的一类方剂<br>###理论依据::属八法中的[[消法]],特点::以祛除水湿为主要作用
祛湿剂的适用范围,方剂学::各类方剂::祛湿剂,1,湿邪为病::有[[外湿]]、[[内湿]]之分，包括在症见恶寒发热，头涨身重，肢节烦痛，面目浮肿的[[外湿]]；症见脘腹胀满、呕吐恶利，水肿泄浊、黄疸、痿痹等的[[内湿]]<br>###兼夹::湿邪为病，常与[[风、寒、暑、热]]相兼为患,鉴别::湿邪有内外之分，兼夹不同
祛湿剂的配伍规律,方剂学::各类方剂::祛湿剂,1,湿浊内停::脾失健运，湿浊内停，治当[[化湿和胃]]。常以苦温燥湿或芳香化湿药如[[苍术、藿香、厚朴、白豆蔻]]等为主，配伍[[砂仁、陈皮]]等行气和中之品组方<br>###湿热外感或湿热内蕴::当用[[清热祛湿]]。常用[[茵陈、滑石、薏苡仁]]等，或清热燥湿药如[[黄连、黄芩、黄柏]]等为主组方<br>###水湿壅盛所致的水肿、泄泻等证::常用[[利水渗湿药如茯苓、泽泻、猪苓]]等为主组方<br>###阳虚不能化气或寒湿从外侵袭所致的痰饮、水肿::常用[[温阳化气药如干姜、桂枝、附子]]，与健脾祛湿药如[[茯苓、白术]]等为主组方<br>###清膏淋、白浊等::当[[祛湿化浊]]<br>###风寒湿邪在表所致的头痛身痛或风湿侵袭痹阻经络所致的腰膝顽麻痹痛::常用[[祛风湿药如羌活、独活、防风、秦艽、桑寄生]]等为主组方,层次::祛湿剂需根据湿邪部位、兼夹寒热不同，灵活配伍
祛湿剂的分类与代表方,方剂学::各类方剂::祛湿剂,1,化湿和胃::如[[平胃散、藿香正气散]]<br>###清热祛湿::如[[三仁汤、茵陈蒿汤、二妙散、连朴饮、八正散、甘露消毒丹、当归拈痛汤]]<br>###利水渗湿::如[[五苓散、猪苓汤、防己黄芪汤、五皮散]]<br>###温化寒湿::如[[真武汤、苓桂术甘汤、实脾饮]]<br>###祛湿化浊::如[[萆薢分清饮]]<br>###祛风湿湿::如[[羌活胜湿汤、独活寄生汤]],要点::六类祛法对应不同类型的水湿病证
祛湿剂的应用注意事项,方剂学::各类方剂::祛湿剂,2,注意点一::辨别[[内外脏腑病位及寒热虚实]]<br>###注意点二::属素体[[阴虚津亏]]不宜使用<br>###注意点三::病后体弱及孕妇[[水肿者慎用]]，或配伍[[健脾扶正之品]],原则::祛湿剂需辨明湿邪内外虚实，注意阴虚者慎用
祛痰剂的概念,方剂学::各类方剂::祛痰剂,1,定义::以[[祛痰药]]为主组成，具有消除痰涎、祛除痰饮等作用，主治[[痰饮病证]]的一类方剂<br>###理论依据::属于八法中的[[消法]],特点::以祛除痰饮为主要作用
祛痰剂的适用范围,方剂学::各类方剂::祛痰剂,1,主治::[[痰病]]范围很广，临床表现多样。如[[在肺则咳，在胃则呕，在头则眩，在心则悸，在背则冷，在胁则胀]]。按种类分为有形之痰与无形之痰，常见病证有咳嗽、哮喘、头痛、眩晕、胸痹、呕吐、中风、痰厥、癫狂、惊痛、痰核、瘰疬等,理论::张介宾说[[善治痰者，惟能使之不生，方是补天手]]
祛痰剂的配伍规律,方剂学::各类方剂::祛痰剂,1,基本原则::治疗痰病，不仅要消除已生之痰，而且要[[杜绝生痰之本]]<br>###理论依据::《景岳全书》说[[五脏之病，虽俱能生痰，然无不由乎脾胃。盖脾主水谷，湿则为痰]]，故痰之化无不在脾，而痰之本无不在肾。因此治痰时常多配伍[[健脾祛湿药]]，有时则配伍[[补益肾气之品]]，以图标本兼顾,核心::治痰需标本兼顾，健脾补肾以杜生痰之源
祛痰剂的分类与代表方,方剂学::各类方剂::祛痰剂,1,燥湿化痰::如[[二陈汤、温胆汤、小半夏汤]]<br>###清热化痰::如[[清气化痰丸、小陷胸汤、滚痰丸]]<br>###润燥化痰::如[[贝母瓜蒌散]]<br>###温化寒痰::如[[三子养亲汤、苓甘五味姜辛汤]]<br>###治风化痰::如[[半夏白术天麻汤、定痫丸、止嗽散]],要点::五类祛痰法分别针对湿痰、热痰、燥痰、寒痰、风痰
祛痰剂的应用注意事项,方剂学::各类方剂::祛痰剂,2,注意点一::首先辨明痰病性质，分清[[寒热燥湿]]的不同，热痰宜清，寒痰宜温，风痰宜息<br>###注意点二::同时注意[[辨明标本缓急]]，有痰则治痰，治痰以绝生痰之源。但治痰药多伤阴，注意[[顾护阴津]]，以免化痰伤津<br>###注意点三::热痰宜清，但治痰须温，必须[[酌情配伍温药]]，即[[病痰饮者，当以温药和之]]<br>###注意点四::有咳血倾向者，[[不宜使用温热燥烈的祛痰药]]，以免引起出血<br>###注意点五::祛痰剂多属行消之品，[[不宜久服]],原则::祛痰剂需辨寒热燥湿，注意化痰不伤阴
消导化积剂的概念,方剂学::各类方剂::消导化积剂,1,定义::具有消食健脾、化积导滞、消痞化积等主要作用，主治[[食积痞满、癥瘕、痞块、瘿瘤、瘰疬]]等病证的一类方剂<br>###理论依据::属于八法中的[[消法]]，立法依据[[结者散之，坚者削之]],特点::以消导积滞、软坚散结为主要作用
消导化积剂的适用范围,方剂学::各类方剂::消导化积剂,1,主治::[[食积停滞、癥瘕、痞块、瘿瘤、瘰疬]]等病证,病因::多由饮食不节、气滞血瘀、痰凝等原因所致
消导化积剂的配伍规律,方剂学::各类方剂::消导化积剂,1,食积停滞::当[[消食导滞]]。常用消食药如[[山楂、神曲、麦芽、谷芽、莱菔子]]等为主组方；积滞内停易致气滞或生湿蕴热，常配伍[[理气、化湿、清热]]等药<br>###脾胃素虚::气血不足等正虚而邪实者须配伍[[补益药]]。食滞脾虚，气虚不通，常配伍[[四君子汤]]<br>###脾胃虚弱，食积内停::当[[健脾消食]]。常以消食药如[[山楂、神曲、麦芽]]等，配伍[[益气健脾药如人参、白术、山药]]等组方<br>###脘腹癥瘕、痞块以及瘿瘤、瘰疬者::当[[消痞散结]]。常由[[行气、活血、化瘀、软坚、散结]]五类药组方,层次::消导化积剂需根据食积、痞块的不同性质灵活配伍
消导化积剂的分类与代表方,方剂学::各类方剂::消导化积剂,1,消食化滞::如[[保和丸、枳实导滞丸、木香槟榔丸]]<br>###健脾消食剂::如[[枳术丸、健脾丸、葛花解酲汤]]<br>###消痞化积::如[[鳖甲煎丸、海藻玉壶汤、消瘿散]],要点::三类消法分别对应食积、脾虚食积、痞块
消导化积剂的应用注意事项,方剂学::各类方剂::消导化积剂,2,注意点一::首辨[[寒热虚实]]，区别兼夹合邪，权衡主次，合理配伍<br>###注意点二::重视病情发展的不同阶段，病机演变中[[气郁食滞、湿阻痰聚、气结血瘀]]及其之间的关系，注意多法的配合<br>###注意点三::积滞内停易致气滞，气滞则坚积难消，故此类方中常配伍[[理气药]]<br>###注意点四::脾胃素虚，气血不足等正虚而邪实者须配伍[[补益药]]，消补兼施，以冀邪去而不伤正<br>###注意点五::多用丸剂，[[不宜长期或过量服用]]。纯虚无实者，[[禁用]],原则::消导化积剂需辨虚实，注意消补兼施
驱虫剂的概念与适用范围,方剂学::各类方剂::驱虫剂,1,定义::以[[驱虫药]]为主组成，具有驱虫或杀虫等作用，主治[[人体寄生虫病]]的一类方剂<br>###主治::人体寄生虫病。如[[蛔虫病、疳积]],特点::以驱除人体寄生虫为主要作用
驱虫剂的配伍规律,方剂学::各类方剂::驱虫剂,1,配伍::根据病情的寒热虚实，适当配伍[[清热药、温里药、消导药、补益药]]。常配伍[[泻下药如大黄、芦荟]]以泻下排虫,举例::代表方如乌梅丸、肥儿丸、化虫丸、布袋丸、伐木丸
驱虫剂的应用注意事项,方剂学::各类方剂::驱虫剂,2,注意点一::首先[[明确寄生虫病的诊断以及寄生虫的类型]]<br>###注意点二::服药以[[空腹为宜]]，尤以临睡前服用为妥，并应[[忌食油腻甜食物]]，有时适当配伍[[泻下药]]<br>###注意点三::方中含[[有毒药物]]时注意用量<br>###注意点四::驱虫药多攻伐或有毒之品，对[[年老、体弱、孕妇]]宜慎用或禁用<br>###注意点五::服药后检查[[大便有无虫体排出]]。若虫去而脾胃虚弱者，宜调补脾胃以善其后,原则::驱虫剂需明确虫证诊断，注意有毒药物用量及孕妇禁忌
固涩剂的概念,方剂学::各类方剂::固涩剂,1,定义::由[[收敛固涩药]]配伍[[补益药]]为主组成，具有[[收敛固涩]]作用，主治气、血、精、津耗散证的一类方剂<br>###理论依据::依据[[散者收之]]，十剂中[[涩可固脱]]与八法中[[补]]法的结合运用,特点::以固涩滑脱为主要作用，多用于虚证
固涩剂的适用范围,方剂学::各类方剂::固涩剂,1,主治::[[自汗、盗汗、久咳不已、久泻不止、遗精滑泄、小便失禁、崩漏、带下]]等,病因::诸证皆由正气亏虚，精血津液滑脱散失所致
固涩剂的配伍规律,方剂学::各类方剂::固涩剂,1,体虚卫外不固::阴虚不能内守所致的自汗、盗汗，当固表止汗，组方以[[麻黄根、浮小麦、牡蛎]]等收涩止汗药以治标，配伍[[黄芪、白术]]等益气固表药以治本<br>###久咳肺虚::气阴耗伤者，当敛肺止咳，组方常用敛肺止咳药如[[五味子、乌梅、罂粟壳]]等，与益气养阴药如[[人参、阿胶]]等配伍<br>###脾胃虚寒::运化失司所致的久泻久痢，当涩肠固脱，组方常用涩肠止泻药如[[罂粟壳、肉豆蔻、赤石脂、余粮石、诃子、乌梅、五味子]]等，与温补脾阳药如[[肉桂、干姜、人参、白术]]等配伍<br>###肾虚失藏封藏失职::肾气不足所致的遗精滑精泄泻，或肾气不足，膀胱失约所致的尿频、遗尿等，当涩精遗止，组方常以[[补肾涩精药如沙苑子、桑螵蛸、芡实、莲须、莲肉]]为主，配伍[[固肾涩精药如龙骨、牡蛎、莲须]]等配伍<br>###妇女血崩暴注::以及带下不止，当固崩止带。若属脾虚气陷，冲任不固者，组方一般以[[益气健脾药如黄芪、人参、白术]]，与收涩止血药如[[龙骨、煅牡蛎、棕榈碳]]等配伍；若属阴虚血热，损伤冲脉，组方常用[[滋阴补肾药如龟板、白芍]]，配伍[[清热泻火药如黄芩、黄柏]]与收涩止血之品如[[椿根皮]]等配伍；若属脾肾两虚，湿浊下注所致，组方可以[[补脾益肾药如山药、芡实]]为主，配伍[[收涩止带及利湿化浊之品，如白果、鸡冠花及车前子、薏苡仁]],层次::固涩剂需根据滑脱部位（汗、咳、泻、精、尿、崩带）不同，灵活配伍
固涩剂的分类与代表方,方剂学::各类方剂::固涩剂,1,固表止汗::如[[牡蛎散]]<br>###敛肺止咳::如[[九仙散]]<br>###涩肠固脱::如[[真人养脏汤、四神丸]]<br>###涩精止遗::如[[桑螵蛸散、金锁固精丸、缩泉丸]]<br>###固崩止带::如[[固冲汤、固经丸、易黄汤、清带汤]],要点::五类固涩法分别针对不同部位的滑脱证
固涩剂的应用注意事项,方剂学::各类方剂::固涩剂,2,注意点一::[[外邪未尽者，不宜过早使用固涩]]，以免[[闭门留寇]]<br>###注意点二::由实邪所致之热病多汗、痰饮咳嗽、火扰精遗、热痢初起、伤食泄泻、实热崩带、瘀阻崩漏者，[[均非本类方剂所宜]],原则::固涩剂为治标之法，实证或外邪未尽者禁用
安神剂的概念与分类,方剂学::各类方剂::安神剂,1,定义::以[[安神药]]为主组成，具有[[安神定志]]作用，主治[[神志不安疾病]]的方剂<br>###理论依据::重镇安神依据[[惊则平之]]；补养安神依据[[虚则补之]]<br>###分类::主要分为[[重镇安神]]、[[补养安神]]、[[交通心肾]]三类,特点::安神剂根据神志不安的虚实不同，分镇补两类
安神剂的适用范围,方剂学::各类方剂::安神剂,1,主治::[[神志不安疾病]]，常表现为[[心悸怔忡、失眠健忘、烦躁惊狂]]<br>###实证表现::表现为[[惊狂易怒、烦躁不安]]者，多为实证，治宜[[重镇安神]]<br>###虚证表现::表现为[[心悸健忘、虚烦失眠]]者，多属虚证，治宜[[滋养安神]],鉴别::根据神志不安的虚实表现，选用不同安神法
安神剂的配伍规律,方剂学::各类方剂::安神剂,1,心肝阳亢，热扰心神::治当[[重镇安神]]，常用[[朱砂、磁石、珍珠母、龙齿]]等组方。热扰心神配伍[[黄连、栀子清热泻火]]；火盛伤阴配伍[[生地、当归滋养阴血]]<br>###阴血不足，心神失养::治当[[滋养安神]]。常用[[酸枣仁、柏子仁、五味子、茯神、远志、小麦]]为主，配伍[[生地、当归、麦冬、玄参]]等<br>###心肾不交，水火不济::治当[[交通心肾]],层次::安神剂配伍需根据病因（阳亢、阴虚、心肾不交）灵活化裁
安神剂的分类与代表方,方剂学::各类方剂::安神剂,1,重镇安神::如[[朱砂安神丸、珍珠母丸、磁朱丸]]<br>###补养安神::如[[酸枣仁汤、天王补心丹、甘麦大枣汤]]<br>###交通心肾::如[[交泰丸]],要点::三类安神法分别对应实证、虚证、心肾不交
安神剂的应用注意事项,方剂学::各类方剂::安神剂,2,注意点一::重镇安神药多由[[金石、贝壳类药物]]组成，容易[[损伤胃气]]，不宜久服<br>###注意点二::补养安神药多配伍[[滋腻补虚之品]]，有[[碍脾胃运化]]，不宜久服<br>###注意点三::脾胃虚弱者应酌配[[健脾和胃之品]]<br>###注意点四::某些安神药如[[朱砂、磁石]]等具有一定毒性，久服可能引起[[慢性中毒]]，亦应注意,原则::安神剂需注意药物对胃气的损伤及潜在毒性
开窍剂的概念,方剂学::各类方剂::开窍剂,1,定义::以[[芳香开窍药]]为主组成，具有[[开窍醒神]]等作用，治疗[[窍闭神昏证]]的一类方剂,特点::以芳香通窍、醒神开窍为主要作用
开窍剂的适用范围,方剂学::各类方剂::开窍剂,1,主治::适用于[[神昏之实证]]，亦称为闭证，以[[神志昏迷、牙关紧闭、两手握固、大小便不通、喉中痰鸣]]为特征<br>###热闭::由[[温热之邪内陷心包]]所致，宜[[清热开窍]]，简称凉开<br>###寒闭::由[[中风、中寒、气郁、痰浊]]等蒙蔽心窍引起，宜[[温通开窍]]，简称温开,鉴别::闭证需分寒热，凉开与温开法截然不同
开窍剂的配伍规律,方剂学::各类方剂::开窍剂,1,凉开::常用芳香开窍药如[[麝香、冰片、安息香、郁金]]等配伍[[水牛角、黄连、石膏]]等清热泻火之品。若神志不宁配[[镇心安神之品]]；若热盛或兼动风者配[[清热化痰、凉肝息风之品如胆南星、川贝、天竺黄、僵蚕]]<br>###温开::常配[[温里行气之荜茇、细辛、沉香、丁香、檀香]]等组方,核心::开窍剂以芳香开窍为核心，热闭配清热，寒闭配温通
开窍剂的分类与代表方,方剂学::各类方剂::开窍剂,1,凉开::如[[安宫牛黄丸、紫雪、至宝丹]]<br>###温开::如[[苏合香丸、冠心苏合丸、紫金锭]],举例::凉开三宝为温病热入心包常用方
开窍剂的应用注意事项,方剂学::各类方剂::开窍剂,2,注意点一::开窍剂[[只适用于神昏闭证]]，脱证不适用。凡邪盛气实而神志昏迷，口开，两手紧握，二便不通，脉有力的闭证方可使用；而汗出肢冷，呼吸气微，手撒遗尿，口开目合，脉象虚弱无力或微细欲绝的脱证，即使神志昏迷也不可使用<br>###注意点二::辨清[[闭证属寒热]]，正确选用凉开或温开<br>###注意点三::开窍剂多由辛香走窜的芳香开窍药组成，善于[[散走窜]]，只宜暂用，久服易[[耗伤元气]]，故临床多用于急救，[[中病即止]]。此外，麝香及金石类重镇开窍药，容易影响胎气，[[孕妇慎用]]<br>###注意点四::本类方剂多为[[散剂、丸剂或注射剂]]，丸剂、散剂使用时，[[宜温开水化服或鼻饲]]，不宜加热煎煮，以免[[药性挥发，影响疗效]],原则::开窍剂为急救之品，需辨清闭脱、寒热，中病即止，注意孕妇禁忌
补益剂的概念,方剂学::各类方剂::补益剂,1,定义::以[[补益药]]为主组成，具有补养人体气、血、阴、阳等作用，主治[[各种虚证]]的方剂<br>###理论依据::属于八法中的[[补法]]，[[虚者补之]][[损者益之]][[形不足者，温之以气；精不足者，补之以味]],特点::以补益正气、治疗虚证为主要作用
补益剂的适用范围,方剂学::各类方剂::补益剂,1,主治::各种[[虚损证候]]，如[[气虚、血虚、气血两虚、阴虚、阳虚、阴阳两虚]],分类::虚证分为气、血、阴、阳四大类
补益剂的配伍规律,方剂学::各类方剂::补益剂,1,补气::气虚者补气，常用[[人参、党参、黄芪、白术、甘草]]等组方治疗，常兼湿阻配[[理气利湿渗湿药]]；兼气滞配[[行气药]]；兼气陷配[[升提药]]<br>###补血::血虚者补血，常用[[熟地、当归、白芍、阿胶]]等组方治疗，常配补气药[[益气生血]]；或配[[醒脾理气和胃之品防滋腻滞胃]]<br>###补阴::阴虚者补阴，常用[[生地、麦冬、百合、玉竹、石斛]]等组方治疗，常配伍[[清虚热之品如黄柏、知母]]等<br>###补阳::阳虚者补阳，常用[[附子、肉桂、巴戟天、肉苁蓉、淫羊藿]]等组方治疗，同时配伍[[熟地、山茱萸、山药]]等以[[阴中求阳]]<br>###气血关系::补气与补血配合使用，所谓[[有形之血不能速生，无形之气所当急固]]<br>###阴阳关系::善补阳者，必于[[阴中求阳]]；善补阴者，必于[[阳中求阴]],层次::补益剂配伍需根据气、血、阴、阳虚损的不同及兼夹灵活化裁
补益剂的分类与代表方,方剂学::各类方剂::补益剂,1,补气::如[[四君子汤、参苓白术散、完带汤、补中益气汤、玉屏风散、生脉散、人参蛤蚧散]]<br>###补血::如[[四物汤、归脾汤、当归补血汤]]<br>###气血双补::如[[内补黄芪汤、炙甘草汤、八珍汤、人参养荣汤、泰山磐石散]]<br>###补阴::如[[六味地黄丸、一贯煎、补肺阿胶汤、石斛夜光丸、大补阴丸、虎潜丸、左归丸、左归饮]]<br>###补阳::如[[肾气丸、右归丸、右归饮]]<br>###阴阳并补::如[[地黄饮子、七宝美髯丹、龟鹿二仙胶]],要点::六类补法分别针对气虚、血虚、气血两虚、阴虚、阳虚、阴阳两虚
补益剂的应用注意事项,方剂学::各类方剂::补益剂,2,注意点一::辨清[[虚证的实质和具体病位]]，首先弄清气血阴阳何种不足，再结合脏腑相互资生关系进行补益<br>###注意点二::[[辨别虚实真假]]，所谓[[至虚之病，反见盛势；大实之病，反有赢状]]<br>###注意点三::应用补益剂，[[注意脾胃功能]]，避免因补益滋腻而致碍中气滞<br>###注意点四::[[注意煎服法]]，补益药宜[[慢火久煎]]，务使药力尽出；服药时间以[[空腹或饭前为佳]],原则::补益剂需辨清虚实，注意脾胃运化，讲究煎服方法
"<div style=""text-align: center; font-size: 24px;""><b>麻黄汤</b></div>",方剂学::各方剂合集::解表剂::辛温解表剂,2,"方歌::[[麻黄汤中用桂枝]],[[杏仁炙草四般施]]。<br>[[恶寒发热头身痛]],[[外感风寒表实宜]]<br>###组成::[[「麻黄」、桂枝、杏仁、炙甘草]]<br>###主治::[[外感风寒表实证]]。恶寒发热，头身疼痛，无汗而喘，舌苔薄白，脉浮紧<br>###功用::[[发汗解表，宣肺平喘]]","方歌::[[麻黄汤中用桂枝]],[[杏仁炙草四般施]]。<br>[[恶寒发热头身痛]],[[外感风寒表实宜]]<br>###组成::[[「麻黄」、桂枝、杏仁、炙甘草]]<br>###主治::[[外感风寒表实证]]。恶寒发热，头身疼痛，无汗而喘，舌苔薄白，脉浮紧<br>###功用::[[发汗解表，宣肺平喘]]"
"<div style=""text-align: center; font-size: 24px;""><b>桂枝汤</b></div>",方剂学::各方剂合集::解表剂::辛温解表剂,2,"方歌::[[桂枝汤治太阳风]],[[芍药甘草姜枣同]]。<br>[[解肌发表调营卫]],[[风寒表虚营卫通]]<br>###组成::[[「桂枝」、芍药、生姜、大枣、炙甘草]]<br>###主治::1.[[外感风寒表虚证]]。头痛发热，汗出恶风，或鼻鸣干呕，苔白不渴，脉浮缓或浮弱者<br>2.[[病后、产后、体弱表现的营卫阴阳不和证]]<br>###功用::[[解肌发表，调和营卫]]","方歌::[[桂枝汤治太阳风]],[[芍药甘草姜枣同]]。<br>[[解肌发表调营卫]],[[风寒表虚营卫通]]<br>###组成::[[「桂枝」、芍药、生姜、大枣、炙甘草]]<br>###主治::1.[[外感风寒表虚证]]。头痛发热，汗出恶风，或鼻鸣干呕，苔白不渴，脉浮缓或浮弱者<br>2.[[病后、产后、体弱表现的营卫阴阳不和证]]<br>###功用::[[解肌发表，调和营卫]]"
"<div style=""text-align: center; font-size: 24px;""><b>小青龙汤</b></div>",方剂学::各方剂合集::解表剂::辛温解表剂,2,"方歌::[[小青龙汤治水气]],[[喘咳呕哕渴利慰]]。<br>[[姜桂麻黄芍药甘]],[[细辛半夏兼五味]]<br>###组成::[[「麻黄」、桂枝、干姜、细辛、半夏、五味子、芍药、炙甘草]]<br>###主治::[[【*外寒内饮证::原文:“伤寒表不解，心下有水气，干呕，发热而咳，或渴，或利，或噎，或小便不利，少腹满，或喘者，小青龙汤主之。”*】]]。恶寒发热，头身疼痛，无汗，喘咳，痰稀量多，胸痞，或干呕，或痰饮咳喘，不得平卧，或身体疼重，头面四肢浮肿，舌苔白滑，脉浮滑或紧。<br>###功用::[[解表散寒，温肺化饮]]","方歌::[[小青龙汤治水气]],[[喘咳呕哕渴利慰]]。<br>[[姜桂麻黄芍药甘]],[[细辛半夏兼五味]]<br>###组成::[[「麻黄」、桂枝、干姜、细辛、半夏、五味子、芍药、炙甘草]]<br>###主治::[[【*外寒内饮证::原文:“伤寒表不解，心下有水气，干呕，发热而咳，或渴，或利，或噎，或小便不利，少腹满，或喘者，小青龙汤主之。”*】]]。恶寒发热，头身疼痛，无汗，喘咳，痰稀量多，胸痞，或干呕，或痰饮咳喘，不得平卧，或身体疼重，头面四肢浮肿，舌苔白滑，脉浮滑或紧。<br>###功用::[[解表散寒，温肺化饮]]"
"<div style=""text-align: center; font-size: 24px;""><b>九味羌活汤</b></div>",方剂学::各方剂合集::解表剂::辛温解表剂,2,"方歌::[[九味羌活防风苍]],[[辛芷芎苓草地黄]]。<br>[[发汗祛湿兼清热]],[[分经论治变通良]]<br>###组成::[[「羌活」、防风、苍术、细辛、川芎、白芷、生地黄、黄芩、甘草]]<br>###主治::[[外感风寒湿邪，内有蕴热证]]。恶寒发热，肌表无汗，头痛项强，肢体酸楚疼痛，口苦微渴，舌苔白或微黄，脉浮或浮紧<br>###功用::[[发汗祛湿，兼清里热]]","方歌::[[九味羌活防风苍]],[[辛芷芎苓草地黄]]。<br>[[发汗祛湿兼清热]],[[分经论治变通良]]<br>###组成::[[「羌活」、防风、苍术、细辛、川芎、白芷、生地黄、黄芩、甘草]]<br>###主治::[[外感风寒湿邪，内有蕴热证]]。恶寒发热，肌表无汗，头痛项强，肢体酸楚疼痛，口苦微渴，舌苔白或微黄，脉浮或浮紧<br>###功用::[[发汗祛湿，兼清里热]]"
"<div style=""text-align: center; font-size: 24px;""><b>香苏散</b></div>",方剂学::各方剂合集::解表剂::辛温解表剂,2,"方歌::[[香苏散内草陈皮]],[[疏散风寒中理气]]。<br>[[外感风寒兼气滞]],[[寒热无汗胸脘痞]]<br>###组成::[[「紫苏叶」、香附、陈皮、炙甘草]]<br>###主治::[[外感风寒内有气滞证]]。恶寒发热，头痛无汗，胸脘痞闷，不思饮食，舌苔薄白，脉浮<br>###功用::[[疏风散寒，理气和中]]","方歌::[[香苏散内草陈皮]],[[疏散风寒中理气]]。<br>[[外感风寒兼气滞]],[[寒热无汗胸脘痞]]<br>###组成::[[「紫苏叶」、香附、陈皮、炙甘草]]<br>###主治::[[外感风寒内有气滞证]]。恶寒发热，头痛无汗，胸脘痞闷，不思饮食，舌苔薄白，脉浮<br>###功用::[[疏风散寒，理气和中]]"
"<div style=""text-align: center; font-size: 24px;""><b>正柴胡饮</b></div>",方剂学::各方剂合集::解表剂::辛温解表剂,2,"方歌::[[正柴胡饮景岳方]],[[芍药陈草生姜防]]。<br>[[疏散风寒效平和]],[[风寒轻证服之康]]<br>###组成::[[「柴胡」、防风、陈皮、芍药、甘草、生姜]]<br>###主治::[[【*外感风寒轻证::《景岳全书》:“凡外感风寒，发热恶寒，头痛身痛，痰疟初起等证，凡血气平和，宜从平散者，此方主之。*】]]。微恶风寒，发热，无汗，头痛身痛，舌苔薄白，脉浮<br>###功用::[[解表散寒]]","方歌::[[正柴胡饮景岳方]],[[芍药陈草生姜防]]。<br>[[疏散风寒效平和]],[[风寒轻证服之康]]<br>###组成::[[「柴胡」、防风、陈皮、芍药、甘草、生姜]]<br>###主治::[[【*外感风寒轻证::《景岳全书》:“凡外感风寒，发热恶寒，头痛身痛，痰疟初起等证，凡血气平和，宜从平散者，此方主之。*】]]。微恶风寒，发热，无汗，头痛身痛，舌苔薄白，脉浮<br>###功用::[[解表散寒]]"
"<div style=""text-align: center; font-size: 24px;""><b>大青龙汤</b></div>",方剂学::各方剂合集::解表剂::辛温解表剂,2,"方歌::[[大青龙汤桂麻黄]],[[杏草石膏姜枣藏]]。<br>[[太阳无汗兼烦躁]],[[发表清里此方良]]<br>###组成::[[「麻黄」、桂枝、炙甘草、杏仁、石膏、生姜、大枣]]<br>###主治::1.[[外感风寒，内有郁热证。恶寒发热]]，头身疼痛不汗出而烦躁，脉浮紧<br>2.[[溢饮]]。身体疼重，或四肢浮肿，恶寒身热，无汗，烦，脉浮紧<br>###功用::[[发汗解表，兼清里热]]","方歌::[[大青龙汤桂麻黄]],[[杏草石膏姜枣藏]]。<br>[[太阳无汗兼烦躁]],[[发表清里此方良]]<br>###组成::[[「麻黄」、桂枝、炙甘草、杏仁、石膏、生姜、大枣]]<br>###主治::1.[[外感风寒，内有郁热证。恶寒发热]]，头身疼痛不汗出而烦躁，脉浮紧<br>2.[[溢饮]]。身体疼重，或四肢浮肿，恶寒身热，无汗，烦，脉浮紧<br>###功用::[[发汗解表，兼清里热]]"
"<div style=""text-align: center; font-size: 24px;""><b>射干麻黄汤</b></div>",方剂学::各方剂合集::解表剂::辛温解表剂,2,"方歌::[[射干麻黄与生姜]],[[细辛紫菀款冬藏]]。<br>[[大枣半夏五味子]],[[寒饮喘咳水鸡降]]<br>###组成::[[射干、麻黄、生姜、细辛、紫菀、款冬花、大枣、半夏、五味子]]<br>###主治::[[痰饮/寒饮郁结，气逆喘咳证]]。症见咳而上气，喉中有水鸡声者<br>###功用::[[宣肺祛痰，降(下)气止咳]]","方歌::[[射干麻黄与生姜]],[[细辛紫菀款冬藏]]。<br>[[大枣半夏五味子]],[[寒饮喘咳水鸡降]]<br>###组成::[[射干、麻黄、生姜、细辛、紫菀、款冬花、大枣、半夏、五味子]]<br>###主治::[[痰饮/寒饮郁结，气逆喘咳证]]。症见咳而上气，喉中有水鸡声者<br>###功用::[[宣肺祛痰，降(下)气止咳]]"
"<div style=""text-align: center; font-size: 24px;""><b>荆防败毒散</b></div>",方剂学::各方剂合集::解表剂::辛温解表剂,2,"方歌::[[荆防败毒【*二活胡::二活:羌活,独活；二胡:前胡,柴胡*】]],[[枳桔苓芎甘草需]]。<br>[[发汗解表消疮痛]],[[疮肿初起表证除]]<br>###组成::[[羌活、独活、柴胡、前胡、枳壳、茯苓、荆芥、防风、桔梗、川芎、甘草]]<br>###主治::[[疮肿初起]]。症见红肿疼痛，恶寒发热，无汗不渴，舌苔薄白，脉浮数<br>###功用::[[发汗解表，消疮止痛]]","方歌::[[荆防败毒【*二活胡::二活:羌活,独活；二胡:前胡,柴胡*】]],[[枳桔苓芎甘草需]]。<br>[[发汗解表消疮痛]],[[疮肿初起表证除]]<br>###组成::[[羌活、独活、柴胡、前胡、枳壳、茯苓、荆芥、防风、桔梗、川芎、甘草]]<br>###主治::[[疮肿初起]]。症见红肿疼痛，恶寒发热，无汗不渴，舌苔薄白，脉浮数<br>###功用::[[发汗解表，消疮止痛]]"
"<div style=""text-align: center; font-size: 24px;""><b>银翘散</b></div>",方剂学::各方剂合集::解表剂::辛凉解表剂,2,"方歌::[[银翘散主上焦病]],[[竹叶荆牛豉薄荷]]。<br>[[甘桔芦根凉解法]],[[辛凉透表热毒瘥]]<br>###组成::[[「连翘」、「银花」、苦桔梗、薄荷、竹叶、生甘草、荆芥穗、淡豆豉、牛蒡子、鲜苇根]]<br>###主治::[[温病初起(邪在卫分)]]。发热无汗，或有汗不畅，微恶风寒，头痛口渴，咳嗽咽痛，舌尖红，苔薄白或薄黄，脉浮数<br>###功用::[[辛凉透表，清热解毒]]","方歌::[[银翘散主上焦病]],[[竹叶荆牛豉薄荷]]。<br>[[甘桔芦根凉解法]],[[辛凉透表热毒瘥]]<br>###组成::[[「连翘」、「银花」、苦桔梗、薄荷、竹叶、生甘草、荆芥穗、淡豆豉、牛蒡子、鲜苇根]]<br>###主治::[[温病初起(邪在卫分)]]。发热无汗，或有汗不畅，微恶风寒，头痛口渴，咳嗽咽痛，舌尖红，苔薄白或薄黄，脉浮数<br>###功用::[[辛凉透表，清热解毒]]"
"<div style=""text-align: center; font-size: 24px;""><b>桑菊饮</b></div>",方剂学::各方剂合集::解表剂::辛凉解表剂,2,"方歌::[[桑菊饮中桔杏翘]],[[芦根甘草薄荷饶]]。<br>[[清疏肺卫轻宣剂]],[[风温咳嗽服之消]]<br>###组成::[[「桑叶」、「菊花」、杏仁、连翘、薄荷、苦桔梗、生甘草、苇根]]<br>###主治::[[风温初起，邪客肺络证]]。但咳，身热不甚，口微渴，脉浮数<br>###功用::[[疏风清热，宣肺止咳]]","方歌::[[桑菊饮中桔杏翘]],[[芦根甘草薄荷饶]]。<br>[[清疏肺卫轻宣剂]],[[风温咳嗽服之消]]<br>###组成::[[「桑叶」、「菊花」、杏仁、连翘、薄荷、苦桔梗、生甘草、苇根]]<br>###主治::[[风温初起，邪客肺络证]]。但咳，身热不甚，口微渴，脉浮数<br>###功用::[[疏风清热，宣肺止咳]]"
"<div style=""text-align: center; font-size: 24px;""><b>麻黄杏仁甘草石膏汤</b></div>",方剂学::各方剂合集::解表剂::辛凉解表剂,2,"方歌::[[仲景麻杏甘石汤]],[[辛凉宣肺清热良]]。<br>[[邪热壅肺咳喘急]],[[有汗无汗均可尝]]<br>###组成::[[「麻黄」、杏仁、炙甘草、石膏]]<br>###主治::[[外感风邪，邪热壅肺证(肺热壅盛)]]。身热不解，有汗或无汗，咳逆气急，甚或鼻煽，口渴，舌苔薄白或黄，脉浮滑而数<br>###功用::[[辛凉疏表，清肺平喘(辛凉宣泄清肺平喘)]]","方歌::[[仲景麻杏甘石汤]],[[辛凉宣肺清热良]]。<br>[[邪热壅肺咳喘急]],[[有汗无汗均可尝]]<br>###组成::[[「麻黄」、杏仁、炙甘草、石膏]]<br>###主治::[[外感风邪，邪热壅肺证(肺热壅盛)]]。身热不解，有汗或无汗，咳逆气急，甚或鼻煽，口渴，舌苔薄白或黄，脉浮滑而数<br>###功用::[[辛凉疏表，清肺平喘(辛凉宣泄清肺平喘)]]"
"<div style=""text-align: center; font-size: 24px;""><b>越婢汤</b></div>",方剂学::各方剂合集::解表剂::辛凉解表剂,2,"方歌::[[越婢石膏与麻黄]],[[甘草大枣与生姜]]。<br>[[发汗行水风水热]],[[恶风身肿自汗良]]<br>###组成::[[麻黄、石膏、生姜、甘草、大枣]]<br>###主治::[[风水夹热证]]。恶风，一身悉肿，脉浮不渴，续自汗出，无大热者<br>###功用::[[发汗行水]]","方歌::[[越婢石膏与麻黄]],[[甘草大枣与生姜]]。<br>[[发汗行水风水热]],[[恶风身肿自汗良]]<br>###组成::[[麻黄、石膏、生姜、甘草、大枣]]<br>###主治::[[风水夹热证]]。恶风，一身悉肿，脉浮不渴，续自汗出，无大热者<br>###功用::[[发汗行水]]"
"<div style=""text-align: center; font-size: 24px;""><b>升麻葛根汤</b></div>",方剂学::各方剂合集::解表剂::辛凉解表剂,2,"方歌::[[升麻葛根芍药甘]],[[麻疹初起不透方]]。<br>[[辛凉解肌热毒解]],[[疹发不畅舌红良]]<br>###组成::[[「升麻」、白芍药、炙甘草、葛根]]<br>###主治::[[麻疹初起证]]。麻疹初起未发，或发而不透，身热恶风，头痛身痛，喷嚏咳嗽，目赤流泪，口渴，舌红苔干，脉浮数<br>###功用::[[辛凉解肌，解毒透疹(解肌透疹)]]","方歌::[[升麻葛根芍药甘]],[[麻疹初起不透方]]。<br>[[辛凉解肌热毒解]],[[疹发不畅舌红良]]<br>###组成::[[「升麻」、白芍药、炙甘草、葛根]]<br>###主治::[[麻疹初起证]]。麻疹初起未发，或发而不透，身热恶风，头痛身痛，喷嚏咳嗽，目赤流泪，口渴，舌红苔干，脉浮数<br>###功用::[[辛凉解肌，解毒透疹(解肌透疹)]]"
"<div style=""text-align: center; font-size: 24px;""><b>柴葛解肌汤</b></div>",方剂学::各方剂合集::解表剂::辛凉解表剂,2,"方歌::[[柴葛解肌芷桔羌]],[[膏芩芍草枣生姜]]。<br>[[辛凉解肌清里热]],[[邪在三阳热势张]]<br>###组成::[[「柴胡」、「干葛根」、羌活、白芷、黄芩、桔梗、芍药、甘草、生姜、大枣、石膏]]<br>###主治::[[外感风寒，邪郁化热，三阳合病]]。恶寒渐轻，身热增盛，无汗头痛，目痛鼻干，心烦不眠，咽干耳聋，眼眶痛，舌苔薄黄，脉浮微洪<br>###功用::[[辛凉解肌，清泄里热(解肌清热)]]","方歌::[[柴葛解肌芷桔羌]],[[膏芩芍草枣生姜]]。<br>[[辛凉解肌清里热]],[[邪在三阳热势张]]<br>###组成::[[「柴胡」、「干葛根」、羌活、白芷、黄芩、桔梗、芍药、甘草、生姜、大枣、石膏]]<br>###主治::[[外感风寒，邪郁化热，三阳合病]]。恶寒渐轻，身热增盛，无汗头痛，目痛鼻干，心烦不眠，咽干耳聋，眼眶痛，舌苔薄黄，脉浮微洪<br>###功用::[[辛凉解肌，清泄里热(解肌清热)]]"
"<div style=""text-align: center; font-size: 24px;""><b>葱鼓桔梗汤</b></div>",方剂学::各方剂合集::解表剂::辛凉解表剂,2,"方歌::[[葱豉桔梗薄荷翘]],[[山栀竹叶合甘草]]。<br>[[热邪束肺嗽咽痛]],[[风温初起此方疗]]<br>###组成::[[「鲜葱白」、苦桔梗、焦山栀、「淡豆豉」、苏薄荷、青连翘、生甘草、鲜淡竹叶]]<br>###主治::[[风温初起证]]。头痛身热，微恶风寒，咳嗽，咽痛，口渴，舌尖红，苔薄白，脉浮数<br>###功用::[[疏风清热(疏风解表，清肺泄热)]]","方歌::[[葱豉桔梗薄荷翘]],[[山栀竹叶合甘草]]。<br>[[热邪束肺嗽咽痛]],[[风温初起此方疗]]<br>###组成::[[「鲜葱白」、苦桔梗、焦山栀、「淡豆豉」、苏薄荷、青连翘、生甘草、鲜淡竹叶]]<br>###主治::[[风温初起证]]。头痛身热，微恶风寒，咳嗽，咽痛，口渴，舌尖红，苔薄白，脉浮数<br>###功用::[[疏风清热(疏风解表，清肺泄热)]]"
"<div style=""text-align: center; font-size: 24px;""><b>败毒散</b></div>",方剂学::各方剂合集::解表剂::扶正解表剂,2,"方歌::[[人参败毒茯苓草]],[[枳桔柴前羌独穹]]。<br>[[薄荷少许姜三片]],[[益气解表有奇功]]<br>###组成::[[「羌活」、「独活」、柴胡、川芎、桔梗、枳壳、前胡、茯苓、人参、甘草、生姜、薄荷]]<br>###主治::[[气虚外感风寒湿邪证]]。憎寒壮热，无汗，头项强痛，肢体酸痛，鼻塞声重，咳嗽有痰，胸膈痞满，舌苔白腻，脉浮濡，或浮数而重取无力<br>###功用::[[益气解表，散寒祛湿(散风祛湿)]]","方歌::[[人参败毒茯苓草]],[[枳桔柴前羌独穹]]。<br>[[薄荷少许姜三片]],[[益气解表有奇功]]<br>###组成::[[「羌活」、「独活」、柴胡、川芎、桔梗、枳壳、前胡、茯苓、人参、甘草、生姜、薄荷]]<br>###主治::[[气虚外感风寒湿邪证]]。憎寒壮热，无汗，头项强痛，肢体酸痛，鼻塞声重，咳嗽有痰，胸膈痞满，舌苔白腻，脉浮濡，或浮数而重取无力<br>###功用::[[益气解表，散寒祛湿(散风祛湿)]]"
"<div style=""text-align: center; font-size: 24px;""><b>再造散</b></div>",方剂学::各方剂合集::解表剂::扶正解表剂,2,"方歌::[[再造散用参芪甘]],[[桂附羌防芎芍参]]。<br>[[细辛大枣煨姜煎]],[[益气助阳表散寒]]<br>###组成::[[熟附子、桂枝、细辛、羌活、防风、川芎、黄芪、人参、甘草、煨生姜、炒白芍、大枣]]<br>###主治::[[阳气虚弱，外感风寒表证]]。恶寒发热，寒重热轻，无汗肢冷，倦怠嗜卧，面色苍白，语言低微，(神疲懒言)，舌淡苔白，脉沉无力，或浮大无力<br>###功用::[[助阳益气，散寒解表]]","方歌::[[再造散用参芪甘]],[[桂附羌防芎芍参]]。<br>[[细辛大枣煨姜煎]],[[益气助阳表散寒]]<br>###组成::[[熟附子、桂枝、细辛、羌活、防风、川芎、黄芪、人参、甘草、煨生姜、炒白芍、大枣]]<br>###主治::[[阳气虚弱，外感风寒表证]]。恶寒发热，寒重热轻，无汗肢冷，倦怠嗜卧，面色苍白，语言低微，(神疲懒言)，舌淡苔白，脉沉无力，或浮大无力<br>###功用::[[助阳益气，散寒解表]]"
"<div style=""text-align: center; font-size: 24px;""><b>加减葳蕤汤</b></div>",方剂学::各方剂合集::解表剂::扶正解表剂,2,"方歌::[[加减葳蕤用白薇]],[[豆豉葱白桔梗随]]。<br>[[草枣薄荷八味共]],[[滋阴发汗功可慰]]<br>###组成::[[「葳蕤(玉竹)」、白薇、生葱白、淡豆豉、「薄荷」、桔梗、红枣、炙甘草]]<br>###主治::[[阴虚外感风热证]]。头痛身热，微恶风寒，无汗或有汗不多，咳嗽心烦，口渴咽干，舌赤脉数<br>###功用::[[滋阴清热，发汗解表(滋阴解表)]]","方歌::[[加减葳蕤用白薇]],[[豆豉葱白桔梗随]]。<br>[[草枣薄荷八味共]],[[滋阴发汗功可慰]]<br>###组成::[[「葳蕤(玉竹)」、白薇、生葱白、淡豆豉、「薄荷」、桔梗、红枣、炙甘草]]<br>###主治::[[阴虚外感风热证]]。头痛身热，微恶风寒，无汗或有汗不多，咳嗽心烦，口渴咽干，舌赤脉数<br>###功用::[[滋阴清热，发汗解表(滋阴解表)]]"
"<div style=""text-align: center; font-size: 24px;""><b>麻黄细辛附子汤</b></div>",方剂学::各方剂合集::解表剂::扶正解表剂,2,"方歌::[[麻黄附子细辛汤]],[[助阳解表两法彰]]。<br>[[少阴反发热脉沉]],[[寒邪外解不伤阳]]<br>###组成::[[「麻黄」、炮附子、细辛]]<br>###主治::1.[[素体阳虚，外感风寒表证]]。发热，恶寒甚剧，其寒不解，神疲欲寐，脉沉微。<br>2.[[暴哑]]。突发声音嘶哑，甚至失音不语，或咽喉疼痛，恶寒发热，神疲欲寐，舌淡苔白，脉沉无力<br>###功用::[[助阳解表]]","方歌::[[麻黄附子细辛汤]],[[助阳解表两法彰]]。<br>[[少阴反发热脉沉]],[[寒邪外解不伤阳]]<br>###组成::[[「麻黄」、炮附子、细辛]]<br>###主治::1.[[素体阳虚，外感风寒表证]]。发热，恶寒甚剧，其寒不解，神疲欲寐，脉沉微。<br>2.[[暴哑]]。突发声音嘶哑，甚至失音不语，或咽喉疼痛，恶寒发热，神疲欲寐，舌淡苔白，脉沉无力<br>###功用::[[助阳解表]]"
"<div style=""text-align: center; font-size: 24px;""><b>参苏饮</b></div>",方剂学::各方剂合集::解表剂::扶正解表剂,2,"方歌::[[参苏饮内用陈皮]],[[枳壳前胡半夏齐]]。<br>[[干葛木香甘桔茯]],[[气虚外感痰湿宜]]<br>###组成::[[紫苏叶、干葛根、人参、姜半夏、茯苓、前胡、桔梗、枳壳、木香、陈皮、炙甘草、生姜、大枣]]<br>###主治::[[气虚外感风寒，内有痰湿证]]。恶寒发热，无汗，头痛鼻塞，咳嗽痰白，胸膈满闷，倦怠无力，气短懒言，苔白脉弱<br>###功用::[[益气解表，理气化痰]]","方歌::[[参苏饮内用陈皮]],[[枳壳前胡半夏齐]]。<br>[[干葛木香甘桔茯]],[[气虚外感痰湿宜]]<br>###组成::[[紫苏叶、干葛根、人参、姜半夏、茯苓、前胡、桔梗、枳壳、木香、陈皮、炙甘草、生姜、大枣]]<br>###主治::[[气虚外感风寒，内有痰湿证]]。恶寒发热，无汗，头痛鼻塞，咳嗽痰白，胸膈满闷，倦怠无力，气短懒言，苔白脉弱<br>###功用::[[益气解表，理气化痰]]"
"<div style=""text-align: center; font-size: 24px;""><b>葱白七味饮</b></div>",方剂学::各方剂合集::解表剂::扶正解表剂,2,"方歌::[[葱白七味外台方]],[[新豉葛根与生姜]]。<br>[[麦冬生地千扬水]],[[血虚外感最相当]]<br>###组成::[[「葱白」、「干葛」、生麦冬、干生地黄、豆豉、生姜、千扬水]]<br>###主治::[[血虚外感风寒证]]。病后阴血亏虚，或失血(吐血、咳血、衄血、便血)之后，调摄不慎，复感风寒，头痛身热，微寒无汗<br>###功用::[[养血滋阴，解表散邪(养血解表)]]","方歌::[[葱白七味外台方]],[[新豉葛根与生姜]]。<br>[[麦冬生地千扬水]],[[血虚外感最相当]]<br>###组成::[[「葱白」、「干葛」、生麦冬、干生地黄、豆豉、生姜、千扬水]]<br>###主治::[[血虚外感风寒证]]。病后阴血亏虚，或失血(吐血、咳血、衄血、便血)之后，调摄不慎，复感风寒，头痛身热，微寒无汗<br>###功用::[[养血滋阴，解表散邪(养血解表)]]"
"<div style=""text-align: center; font-size: 24px;""><b>大承气汤</b></div>",方剂学::各方剂合集::泻下剂::寒下剂,2,"方歌::[[大承气汤用芒硝]],[[枳实大黄厚朴饶]]。<br>[[去硝名曰小承气]],[[调胃承气硝黄草]]<br>###组成::[[「大黄」、炙厚朴、炙枳实、芒硝]]<br>###主治::1.[[阳明腑实热结]]。大便不通，腹中转气，脘腹痞满，绕脐痛，拒按，按之硬，甚或烦躁谵语潮热，手足泄然汗出，舌红苔黄燥起刺，或焦黑燥裂，脉沉实<br>2.[[热结旁流]]。自利清水，色纯青，其气臭秽，脐腹疼痛，按之坚硬有块，口舌干燥，脉滑实<br>3.[[里热实证之热厥、痉病或发狂]]等,症状特点:痞满燥实<br>###功用::[[峻下热结]]","方歌::[[大承气汤用芒硝]],[[枳实大黄厚朴饶]]。<br>[[去硝名曰小承气]],[[调胃承气硝黄草]]<br>###组成::[[「大黄」、炙厚朴、炙枳实、芒硝]]<br>###主治::1.[[阳明腑实热结]]。大便不通，腹中转气，脘腹痞满，绕脐痛，拒按，按之硬，甚或烦躁谵语潮热，手足泄然汗出，舌红苔黄燥起刺，或焦黑燥裂，脉沉实<br>2.[[热结旁流]]。自利清水，色纯青，其气臭秽，脐腹疼痛，按之坚硬有块，口舌干燥，脉滑实<br>3.[[里热实证之热厥、痉病或发狂]]等,症状特点:痞满燥实<br>###功用::[[峻下热结]]"
"<div style=""text-align: center; font-size: 24px;""><b>大陷胸汤</b></div>",方剂学::各方剂合集::泻下剂::寒下剂,2,"方歌::[[大陷胸汤用硝黄]],[[甘遂为末共成方]]。<br>[[专治水热结胸证]],[[泻热逐水效非常]]<br>###组成::[[大黄、芒硝、「甘遂」]]<br>###主治::[[水热互结之大结胸证]]。心下疼痛，拒按，按之硬，或从心下至少腹硬痛不可近，大便秘结，日晡潮热，心中懊恼，烦躁短气，头汗出，舌上燥而渴，舌红，苔黄腻，脉沉紧，按之有力<br>###功用::[[泻热逐水(破结)]]","方歌::[[大陷胸汤用硝黄]],[[甘遂为末共成方]]。<br>[[专治水热结胸证]],[[泻热逐水效非常]]<br>###组成::[[大黄、芒硝、「甘遂」]]<br>###主治::[[水热互结之大结胸证]]。心下疼痛，拒按，按之硬，或从心下至少腹硬痛不可近，大便秘结，日晡潮热，心中懊恼，烦躁短气，头汗出，舌上燥而渴，舌红，苔黄腻，脉沉紧，按之有力<br>###功用::[[泻热逐水(破结)]]"
"<div style=""text-align: center; font-size: 24px;""><b>大黄牡丹汤</b></div>",方剂学::各方剂合集::泻下剂::寒下剂,2,"方歌::[[金匮大黄牡丹汤]],[[桃仁瓜子芒硝襄]]。<br>[[肠痈初起腹按痛]],[[泻热逐瘀肿结康]]<br>###组成::[[「大黄」、「桃仁」、丹皮、冬瓜仁、芒硝]]<br>###主治::[[湿热瘀滞之肠痈初起(肠痈初起，湿热瘀滞证)]]。右下腹疼痛拒按，按之其痛如淋，甚则局部肿痞，或右足屈而不伸，伸则痛甚，小便自调，或时时发热，自汗恶寒，舌苔薄腻而黄，脉滑数<br>###功用::[[泻热破瘀，散结消肿]]","方歌::[[金匮大黄牡丹汤]],[[桃仁瓜子芒硝襄]]。<br>[[肠痈初起腹按痛]],[[泻热逐瘀肿结康]]<br>###组成::[[「大黄」、「桃仁」、丹皮、冬瓜仁、芒硝]]<br>###主治::[[湿热瘀滞之肠痈初起(肠痈初起，湿热瘀滞证)]]。右下腹疼痛拒按，按之其痛如淋，甚则局部肿痞，或右足屈而不伸，伸则痛甚，小便自调，或时时发热，自汗恶寒，舌苔薄腻而黄，脉滑数<br>###功用::[[泻热破瘀，散结消肿]]"
"<div style=""text-align: center; font-size: 24px;""><b>温脾汤</b></div>",方剂学::各方剂合集::泻下剂::温下剂,2,"方歌::[[温脾参附与干姜]],[[甘草当归硝大黄]]。<br>[[寒热并行治寒积]],[[脐腹绞结痛非常]]。<br>[[攻下寒积温脾阳]],[[阳虚冷积秘痛安]]<br>###组成::[[「大黄」、「附子」、干姜、人参、甘草、芒硝、当归]]<br>###主治::[[阳虚冷积证]]。便秘腹痛，脐周绞痛，手足不温，苔白不渴，脉沉弦而迟(卷十五方主治为脾阳不足。冷积便秘，或下利赤白，连年不止，腹痛，及霍乱，脾胃冷积不消，手足欠温，苔白不渴，脉沉弦而迟)<br>###功用::[[攻下冷积，温补脾阳]]","方歌::[[温脾参附与干姜]],[[甘草当归硝大黄]]。<br>[[寒热并行治寒积]],[[脐腹绞结痛非常]]。<br>[[攻下寒积温脾阳]],[[阳虚冷积秘痛安]]<br>###组成::[[「大黄」、「附子」、干姜、人参、甘草、芒硝、当归]]<br>###主治::[[阳虚冷积证]]。便秘腹痛，脐周绞痛，手足不温，苔白不渴，脉沉弦而迟(卷十五方主治为脾阳不足。冷积便秘，或下利赤白，连年不止，腹痛，及霍乱，脾胃冷积不消，手足欠温，苔白不渴，脉沉弦而迟)<br>###功用::[[攻下冷积，温补脾阳]]"
"<div style=""text-align: center; font-size: 24px;""><b>大黄附子汤</b></div>",方剂学::各方剂合集::泻下剂::温下剂,2,"方歌::[[大黄附子细辛汤]],[[寒积腹痛便秘方]]。<br>[[寒积里实需止痛]],[[温里散寒通便强]]<br>###组成::[[「大黄」、「炮附子」、细辛]]<br>###主治::[[寒积里实证]]。腹痛便秘，或胁下偏痛，发热，手足不温(畏寒肢冷)，舌苔白腻，脉弦紧<br>###功用::[[温里散寒，通便止痛(温阳散寒，泻结行滞)]]","方歌::[[大黄附子细辛汤]],[[寒积腹痛便秘方]]。<br>[[寒积里实需止痛]],[[温里散寒通便强]]<br>###组成::[[「大黄」、「炮附子」、细辛]]<br>###主治::[[寒积里实证]]。腹痛便秘，或胁下偏痛，发热，手足不温(畏寒肢冷)，舌苔白腻，脉弦紧<br>###功用::[[温里散寒，通便止痛(温阳散寒，泻结行滞)]]"
"<div style=""text-align: center; font-size: 24px;""><b>济川煎</b></div>",方剂学::各方剂合集::泻下剂::润下剂,2,"方歌::[[济川归膝肉苁蓉]],[[泽泻升麻枳壳从]]。<br>[[肾阳津亏肠中燥]],[[温肾益精润便通]]<br>###组成::[[「肉苁蓉」、当归、牛膝、枳壳、泽泻、升麻]]<br>###主治::[[肾阳虚弱，阴津不足之便秘(肾虚便秘)]]。大便秘结，小便清长，头目眩晕，腰膝酸软，舌淡苔白，脉沉迟或沉涩(虚弱)<br>###功用::[[温肾益精，润肠通便]]","方歌::[[济川归膝肉苁蓉]],[[泽泻升麻枳壳从]]。<br>[[肾阳津亏肠中燥]],[[温肾益精润便通]]<br>###组成::[[「肉苁蓉」、当归、牛膝、枳壳、泽泻、升麻]]<br>###主治::[[肾阳虚弱，阴津不足之便秘(肾虚便秘)]]。大便秘结，小便清长，头目眩晕，腰膝酸软，舌淡苔白，脉沉迟或沉涩(虚弱)<br>###功用::[[温肾益精，润肠通便]]"
"<div style=""text-align: center; font-size: 24px;""><b>麻子仁丸</b></div>",方剂学::各方剂合集::泻下剂::润下剂,2,"方歌::[[麻子仁丸小承气]],[[杏芍麻仁治便秘]]。<br>[[胃热津亏解便难]],[[润肠泻热脾约济]]<br>###组成::[[「麻子仁」、芍药、大黄、枳实、炙厚朴、杏仁、蜂蜜]]<br>###主治::[[脾约证]]。胃肠燥热，津液不足。大便秘结，小便频数，或脘腹胀痛，舌红，苔微黄，脉数<br>###功用::[[润肠泄热，行气通便]]","方歌::[[麻子仁丸小承气]],[[杏芍麻仁治便秘]]。<br>[[胃热津亏解便难]],[[润肠泻热脾约济]]<br>###组成::[[「麻子仁」、芍药、大黄、枳实、炙厚朴、杏仁、蜂蜜]]<br>###主治::[[脾约证]]。胃肠燥热，津液不足。大便秘结，小便频数，或脘腹胀痛，舌红，苔微黄，脉数<br>###功用::[[润肠泄热，行气通便]]"
"<div style=""text-align: center; font-size: 24px;""><b>十枣汤</b></div>",方剂学::各方剂合集::泻下剂::逐水剂,2,"方歌::[[十枣逐水效堪夸]],[[大戟甘遂与芫花]]。<br>[[悬饮内停胸胁痛]],[[实水腹胀用无差]]<br>###组成::[[甘遂、大戟、芫花、大枣]]<br>###主治::1.[[悬饮]]。咳唾胸胁引痛，心下痞硬，干呕短气，头痛目眩，胸背掣痛不得息。舌苔白滑，脉沉弦<br>2.[[实水水肿]]。(水肿)一身悉肿，尤以身半以下肿甚，腹胀喘满，二便不利。脉沉实<br>###功用::[[攻逐水饮]]","方歌::[[十枣逐水效堪夸]],[[大戟甘遂与芫花]]。<br>[[悬饮内停胸胁痛]],[[实水腹胀用无差]]<br>###组成::[[甘遂、大戟、芫花、大枣]]<br>###主治::1.[[悬饮]]。咳唾胸胁引痛，心下痞硬，干呕短气，头痛目眩，胸背掣痛不得息。舌苔白滑，脉沉弦<br>2.[[实水水肿]]。(水肿)一身悉肿，尤以身半以下肿甚，腹胀喘满，二便不利。脉沉实<br>###功用::[[攻逐水饮]]"
"<div style=""text-align: center; font-size: 24px;""><b>舟车丸</b></div>",方剂学::各方剂合集::泻下剂::逐水剂,2,"方歌::[[舟车牵牛及大黄]],[[遂戟芫花槟木香]]。<br>[[青皮橘皮轻粉入]],[[行气逐水热壅强]]<br>###组成::[[黑丑(黑牵牛)、「甘遂」、「大戟」、「芫花」、大黄、轻粉、槟榔、青皮、陈皮、木香]]<br>###主治::[[水热内壅，气机阻滞证]]。水肿水胀，口渴，气粗，腹坚，大小便秘，脉沉数有力<br>###功用::[[行气逐水]]","方歌::[[舟车牵牛及大黄]],[[遂戟芫花槟木香]]。<br>[[青皮橘皮轻粉入]],[[行气逐水热壅强]]<br>###组成::[[黑丑(黑牵牛)、「甘遂」、「大戟」、「芫花」、大黄、轻粉、槟榔、青皮、陈皮、木香]]<br>###主治::[[水热内壅，气机阻滞证]]。水肿水胀，口渴，气粗，腹坚，大小便秘，脉沉数有力<br>###功用::[[行气逐水]]"
"<div style=""text-align: center; font-size: 24px;""><b>黄龙汤</b></div>",方剂学::各方剂合集::泻下剂::攻补兼施剂,2,"方歌::[[黄龙汤枳朴硝黄]],[[参归甘桔枣生姜]]。<br>[[阳明腑实气血弱]],[[泻热通便益养良]]<br>###组成::[[「大黄」、芒硝、厚朴、枳实、人参、当归、甘草、桔梗、生姜、大枣]]<br>###主治::[[阳明腑实，气血不足证(或阳明热结，气血不足证)]]。心下硬痛，下利清水，色纯青，或大便秘结，脘腹胀满，腹痛拒按，身热口渴，神疲少气，口干咽燥，谵语，甚则循衣撮空，神昏肢厥，舌苔焦黄或焦黑燥裂，脉虚<br>###功用::[[攻下通便，补气养血(或攻下热结，益气养血；或泻热通便，益气养血)]]","方歌::[[黄龙汤枳朴硝黄]],[[参归甘桔枣生姜]]。<br>[[阳明腑实气血弱]],[[泻热通便益养良]]<br>###组成::[[「大黄」、芒硝、厚朴、枳实、人参、当归、甘草、桔梗、生姜、大枣]]<br>###主治::[[阳明腑实，气血不足证(或阳明热结，气血不足证)]]。心下硬痛，下利清水，色纯青，或大便秘结，脘腹胀满，腹痛拒按，身热口渴，神疲少气，口干咽燥，谵语，甚则循衣撮空，神昏肢厥，舌苔焦黄或焦黑燥裂，脉虚<br>###功用::[[攻下通便，补气养血(或攻下热结，益气养血；或泻热通便，益气养血)]]"
"<div style=""text-align: center; font-size: 24px;""><b>新加黄龙汤</b></div>",方剂学::各方剂合集::泻下剂::攻补兼施剂,2,"方歌::[[新加黄龙草硝黄]],[[参归麦地玄海姜]]。<br>[[滋阴益气热便泻]],[[热结里实气阴伤]]<br>###组成::[[大黄、芒硝、生地、麦冬、玄参、当归、海参、人参、姜汁、生甘草]]<br>###主治::[[热结里实，气阴不足证]]。大便秘结，腹胀而硬，神倦少气，口干咽燥，唇裂舌焦，苔焦黄或焦黑燥裂，脉沉细<br>###功用::[[滋阴益气，泄热通便(泻结泄热)]]","方歌::[[新加黄龙草硝黄]],[[参归麦地玄海姜]]。<br>[[滋阴益气热便泻]],[[热结里实气阴伤]]<br>###组成::[[大黄、芒硝、生地、麦冬、玄参、当归、海参、人参、姜汁、生甘草]]<br>###主治::[[热结里实，气阴不足证]]。大便秘结，腹胀而硬，神倦少气，口干咽燥，唇裂舌焦，苔焦黄或焦黑燥裂，脉沉细<br>###功用::[[滋阴益气，泄热通便(泻结泄热)]]"
"<div style=""text-align: center; font-size: 24px;""><b>增液承气汤</b></div>",方剂学::各方剂合集::泻下剂::攻补兼施剂,2,"方歌::[[增液承气玄地冬]],[[更加硝黄力量雄]]。<br>[[温病阴亏实热结]],[[养阴泻热肠道通]]<br>###组成::[[「玄参」、麦冬、细生地、大黄、芒硝]]<br>###主治::[[阳明热结阴亏证(热结阴虚燥结便秘)]]。燥屎不行，下之不通，脘腹胀满，口干唇燥，舌红苔黄或焦黄而干，脉细数；也可治痔疮日久，大便燥结不通，属于阴虚血少，肠中燥热者<br>###功用::[[滋阴增液，泄热通便]]","方歌::[[增液承气玄地冬]],[[更加硝黄力量雄]]。<br>[[温病阴亏实热结]],[[养阴泻热肠道通]]<br>###组成::[[「玄参」、麦冬、细生地、大黄、芒硝]]<br>###主治::[[阳明热结阴亏证(热结阴虚燥结便秘)]]。燥屎不行，下之不通，脘腹胀满，口干唇燥，舌红苔黄或焦黄而干，脉细数；也可治痔疮日久，大便燥结不通，属于阴虚血少，肠中燥热者<br>###功用::[[滋阴增液，泄热通便]]"
"<div style=""text-align: center; font-size: 24px;""><b>小柴胡汤</b></div>",方剂学::各方剂合集::和解剂::和解少阳剂,2,"方歌::[[小柴胡汤和解功]],[[半夏人参甘草从]]。<br>[[更加黄芩生姜枣]],[[少阳百病此为宗]]<br>###组成::[[「柴胡」、黄芩、人参、炙甘草、半夏、生姜、大枣]]<br>###主治::1.[[伤寒少阳证]]。往来寒热，胸胁苦满，默默不欲饮食，心烦喜呕，口苦，咽干，目眩，舌苔薄白，脉弦<br>2.[[妇人中风/伤寒]]，热入血室。经水适断，寒热发作有时<br>3.[[疟疾、黄疸以及内伤杂病而见少阳]]证者<br>###功用::[[和解少阳]]","方歌::[[小柴胡汤和解功]],[[半夏人参甘草从]]。<br>[[更加黄芩生姜枣]],[[少阳百病此为宗]]<br>###组成::[[「柴胡」、黄芩、人参、炙甘草、半夏、生姜、大枣]]<br>###主治::1.[[伤寒少阳证]]。往来寒热，胸胁苦满，默默不欲饮食，心烦喜呕，口苦，咽干，目眩，舌苔薄白，脉弦<br>2.[[妇人中风/伤寒]]，热入血室。经水适断，寒热发作有时<br>3.[[疟疾、黄疸以及内伤杂病而见少阳]]证者<br>###功用::[[和解少阳]]"
"<div style=""text-align: center; font-size: 24px;""><b>蒿芩清胆汤</b></div>",方剂学::各方剂合集::和解剂::和解少阳剂,2,"方歌::[[蒿芩清胆碧玉需]],[[陈夏赤苓枳竹茹]]。<br>[[热重寒轻兼痰湿]],[[清胆利湿胃痰除]]<br>###组成::[[「青蒿脑（青蒿新发之嫩芽）」、「黄芩」、半夏、赤茯苓、淡竹茹、生枳壳、陈皮、碧玉散（滑石、甘草、青黛）、甘草]]<br>###主治::[[少阳湿热(痰浊)证]]。往来寒热，胸胁胀痛，胸膈痞闷，口苦，吐酸苦水，或呕黄涎而黏，或干呕呃逆，小便黄赤，舌质红，苔白或黄腻，间现杂色，脉数而右滑左弦者(也可治[[暑湿成疟，热重于湿]]者；湿热弥漫气分，热重于湿气机不畅，小便黄少者)<br>###功用::[[清胆利湿，和胃化痰]]","方歌::[[蒿芩清胆碧玉需]],[[陈夏赤苓枳竹茹]]。<br>[[热重寒轻兼痰湿]],[[清胆利湿胃痰除]]<br>###组成::[[「青蒿脑（青蒿新发之嫩芽）」、「黄芩」、半夏、赤茯苓、淡竹茹、生枳壳、陈皮、碧玉散（滑石、甘草、青黛）、甘草]]<br>###主治::[[少阳湿热(痰浊)证]]。往来寒热，胸胁胀痛，胸膈痞闷，口苦，吐酸苦水，或呕黄涎而黏，或干呕呃逆，小便黄赤，舌质红，苔白或黄腻，间现杂色，脉数而右滑左弦者(也可治[[暑湿成疟，热重于湿]]者；湿热弥漫气分，热重于湿气机不畅，小便黄少者)<br>###功用::[[清胆利湿，和胃化痰]]"
"<div style=""text-align: center; font-size: 24px;""><b>达原饮</b></div>",方剂学::各方剂合集::和解剂::和解少阳剂,2,"方歌::[[达原槟榔草果仁]],[[厚朴知芍草黄芩]]。<br>[[开达膜原治温疫]],[[辟秽化浊功用神]]<br>###组成::[[「槟榔」、厚朴、草果仁、知母、芍药、黄芩、甘草]]<br>###主治::[[瘟疫或疟疾，邪伏膜原]]证。憎寒壮热，或一日三次，或一日一次，发无定时，胸闷呕恶，头痛烦躁，舌边深红，苔垢腻或如积粉，脉弦或滑数<br>###功用::[[开达膜原，辟秽化浊]]","方歌::[[达原槟榔草果仁]],[[厚朴知芍草黄芩]]。<br>[[开达膜原治温疫]],[[辟秽化浊功用神]]<br>###组成::[[「槟榔」、厚朴、草果仁、知母、芍药、黄芩、甘草]]<br>###主治::[[瘟疫或疟疾，邪伏膜原]]证。憎寒壮热，或一日三次，或一日一次，发无定时，胸闷呕恶，头痛烦躁，舌边深红，苔垢腻或如积粉，脉弦或滑数<br>###功用::[[开达膜原，辟秽化浊]]"
"<div style=""text-align: center; font-size: 24px;""><b>柴胡桂枝干姜汤</b></div>",方剂学::各方剂合集::和解剂::和解少阳剂,2,"方歌::[[柴胡桂枝干姜汤]],[[楼根黄芩牡蛎甘]]。<br>[[和解少阳温水饮]],[[伤寒少阳寒饮方]]<br>###组成::[[柴胡、桂枝、干姜、栝楼根、黄芩、牡蛎、炙甘草]]<br>###主治::[[伤寒邪入少阳，兼有寒饮]]。伤寒，胸胁满微结，小便不利，渴而不呕，但头汗出，往来寒热，心烦；亦治疟疾寒多微有热，或但寒不热<br>###功用::[[和解少阳，温化水饮]]","方歌::[[柴胡桂枝干姜汤]],[[楼根黄芩牡蛎甘]]。<br>[[和解少阳温水饮]],[[伤寒少阳寒饮方]]<br>###组成::[[柴胡、桂枝、干姜、栝楼根、黄芩、牡蛎、炙甘草]]<br>###主治::[[伤寒邪入少阳，兼有寒饮]]。伤寒，胸胁满微结，小便不利，渴而不呕，但头汗出，往来寒热，心烦；亦治疟疾寒多微有热，或但寒不热<br>###功用::[[和解少阳，温化水饮]]"
"<div style=""text-align: center; font-size: 24px;""><b>柴胡加龙骨牡蛎汤</b></div>",方剂学::各方剂合集::和解剂::和解少阳剂,2,"方歌::[[柴胡加龙牡蛎汤]],[[桂枝参苓夏铅丹]]。<br>[[黄芩大黄生姜枣]],[[少阳痰热心神安]]<br>###组成::[[柴胡、龙骨、牡蛎、生姜、人参、桂枝、茯苓、半夏、黄芩、铅丹、大黄、大枣]]<br>###主治::[[伤寒少阳兼痰热扰心]]证(少阳气郁津凝，热扰心神)。症见胸满烦惊，小便不利，谵语，一身尽重，不可转侧<br>###功用::[[和解少阳，通阳泻热，重镇安神]]","方歌::[[柴胡加龙牡蛎汤]],[[桂枝参苓夏铅丹]]。<br>[[黄芩大黄生姜枣]],[[少阳痰热心神安]]<br>###组成::[[柴胡、龙骨、牡蛎、生姜、人参、桂枝、茯苓、半夏、黄芩、铅丹、大黄、大枣]]<br>###主治::[[伤寒少阳兼痰热扰心]]证(少阳气郁津凝，热扰心神)。症见胸满烦惊，小便不利，谵语，一身尽重，不可转侧<br>###功用::[[和解少阳，通阳泻热，重镇安神]]"
"<div style=""text-align: center; font-size: 24px;""><b>四逆散</b></div>",方剂学::各方剂合集::和解剂::调和肝脾剂,2,"方歌::[[四逆散方用柴胡]],[[芍药枳实甘草须]]。<br>[[证为阳郁成厥逆]],[[疏肝解郁厥自除]]<br>###组成::[[「柴胡」、枳实、白芍药、炙甘草]]<br>###主治::1.[[阳郁厥逆证]]。手足不温，或身微热，或咳，或悸，或小便不利，或腹中痛，或泄利下重，脉弦<br>2.[[肝脾不和证]]。胁肋胀闷，脘腹疼痛，脉弦<br>###功用::[[透邪解郁，疏肝理脾(疏肝理气，调理气机)]]","方歌::[[四逆散方用柴胡]],[[芍药枳实甘草须]]。<br>[[证为阳郁成厥逆]],[[疏肝解郁厥自除]]<br>###组成::[[「柴胡」、枳实、白芍药、炙甘草]]<br>###主治::1.[[阳郁厥逆证]]。手足不温，或身微热，或咳，或悸，或小便不利，或腹中痛，或泄利下重，脉弦<br>2.[[肝脾不和证]]。胁肋胀闷，脘腹疼痛，脉弦<br>###功用::[[透邪解郁，疏肝理脾(疏肝理气，调理气机)]]"
"<div style=""text-align: center; font-size: 24px;""><b>逍遥散</b></div>",方剂学::各方剂合集::和解剂::调和肝脾剂,2,"方歌::[[逍遥散用当归芍]],[[柴苓术草加姜薄]]。<br>[[疏肝养血又健脾]],[[肝郁血虚脾气弱]]<br>###组成::[[「柴胡」、当归、白芍药、茯苓、白术、炙甘草、烧生姜、薄荷]]<br>###主治::[[肝郁血虚脾弱证]]。两胁胀痛，头痛目眩，口燥咽干，神疲食少，或往来寒热，或月经不调，乳房胀痛，苔薄，脉弦而虚者<br>###功用::[[疏肝解郁，养血健脾]]","方歌::[[逍遥散用当归芍]],[[柴苓术草加姜薄]]。<br>[[疏肝养血又健脾]],[[肝郁血虚脾气弱]]<br>###组成::[[「柴胡」、当归、白芍药、茯苓、白术、炙甘草、烧生姜、薄荷]]<br>###主治::[[肝郁血虚脾弱证]]。两胁胀痛，头痛目眩，口燥咽干，神疲食少，或往来寒热，或月经不调，乳房胀痛，苔薄，脉弦而虚者<br>###功用::[[疏肝解郁，养血健脾]]"
"<div style=""text-align: center; font-size: 24px;""><b>痛泻要方</b></div>",方剂学::各方剂合集::和解剂::调和肝脾剂,2,"方歌::[[痛泻要方陈皮芍]],[[防风白术煎丸酌]]。<br>[[泻肝补脾湿缓痛]],[[脾虚肝郁见痛泻]]<br>###组成::[[「炒白术」、炒白芍、炒陈皮、防风]]<br>###主治::[[脾虚肝郁之痛泻]]。肠鸣腹痛，大便泄泻，泻必腹痛，泻后痛缓，舌苔薄白，脉两关不调，关脉左弦右缓或虚<br>###功用::[[补脾柔肝，祛湿止泻(健脾泻肝，缓痛止泻)]]","方歌::[[痛泻要方陈皮芍]],[[防风白术煎丸酌]]。<br>[[泻肝补脾湿缓痛]],[[脾虚肝郁见痛泻]]<br>###组成::[[「炒白术」、炒白芍、炒陈皮、防风]]<br>###主治::[[脾虚肝郁之痛泻]]。肠鸣腹痛，大便泄泻，泻必腹痛，泻后痛缓，舌苔薄白，脉两关不调，关脉左弦右缓或虚<br>###功用::[[补脾柔肝，祛湿止泻(健脾泻肝，缓痛止泻)]]"
"<div style=""text-align: center; font-size: 24px;""><b>当归芍药散</b></div>",方剂学::各方剂合集::和解剂::调和肝脾剂,2,"方歌::[[当归芍药用川芎]],[[白术苓泽六味同]]。<br>[[妊娠腹中绵绵痛]],[[调肝理脾可为功]]<br>###组成::[[当归、芍药、茯苓、白术、泽泻、川芎]]<br>###主治::[[肝脾两虚，血瘀湿滞]]证(或[[肝血不足，脾虚湿停]]证)。症见腹中拘急，绵绵作痛，或脘胁疼痛，头目眩晕，食少神疲，或下肢浮肿，小便不利，舌淡苔白，脉细弦或濡缓。<br>###功用::[[养肝和血，健脾祛湿(或养血调肝，健脾祛湿，缓急止痛)]]","方歌::[[当归芍药用川芎]],[[白术苓泽六味同]]。<br>[[妊娠腹中绵绵痛]],[[调肝理脾可为功]]<br>###组成::[[当归、芍药、茯苓、白术、泽泻、川芎]]<br>###主治::[[肝脾两虚，血瘀湿滞]]证(或[[肝血不足，脾虚湿停]]证)。症见腹中拘急，绵绵作痛，或脘胁疼痛，头目眩晕，食少神疲，或下肢浮肿，小便不利，舌淡苔白，脉细弦或濡缓。<br>###功用::[[养肝和血，健脾祛湿(或养血调肝，健脾祛湿，缓急止痛)]]"
"<div style=""text-align: center; font-size: 24px;""><b>半夏泻心汤</b></div>",方剂学::各方剂合集::和解剂::调和寒热剂,2,"方歌::[[半夏泻心黄连芩]],[[干姜草枣人参行]]。<br>[[辛开苦降消痞满]],[[治在调阳与和阴]]<br>###组成::[[「半夏」、干姜、黄芩、人参、黄连、大枣、炙甘草]]<br>###主治::[[寒热互结之痞]]证。心下痞，但满而不痛，或呕吐，或肠鸣下利，食欲不振，舌淡苔薄黄腻，脉濡或数<br>###功用::[[寒热平调，散结除痞(和胃降逆，开结除痞)]]","方歌::[[半夏泻心黄连芩]],[[干姜草枣人参行]]。<br>[[辛开苦降消痞满]],[[治在调阳与和阴]]<br>###组成::[[「半夏」、干姜、黄芩、人参、黄连、大枣、炙甘草]]<br>###主治::[[寒热互结之痞]]证。心下痞，但满而不痛，或呕吐，或肠鸣下利，食欲不振，舌淡苔薄黄腻，脉濡或数<br>###功用::[[寒热平调，散结除痞(和胃降逆，开结除痞)]]"
"<div style=""text-align: center; font-size: 24px;""><b>生姜泻心汤</b></div>",方剂学::各方剂合集::和解剂::调和寒热剂,2,"方歌::[[生姜泻心生干姜]],[[炙草参枣夏芩连]]。<br>[[和胃消痞散水气]],[[水热互结痞硬良]]<br>###组成::[[生姜、炙甘草、人参、干姜、黄芩、半夏、黄连、大枣]]<br>###主治::[[水热互结痞]]证。症见心下痞硬，干噫食臭，腹中雷鸣下利<br>###功用::[[和胃消痞，宣散水气(和胃消痞，散结除水)]]","方歌::[[生姜泻心生干姜]],[[炙草参枣夏芩连]]。<br>[[和胃消痞散水气]],[[水热互结痞硬良]]<br>###组成::[[生姜、炙甘草、人参、干姜、黄芩、半夏、黄连、大枣]]<br>###主治::[[水热互结痞]]证。症见心下痞硬，干噫食臭，腹中雷鸣下利<br>###功用::[[和胃消痞，宣散水气(和胃消痞，散结除水)]]"
"<div style=""text-align: center; font-size: 24px;""><b>甘草泻心汤</b></div>",方剂学::各方剂合集::和解剂::调和寒热剂,2,"方歌::[[甘草泻心有干姜]],[[炙草参枣夏芩连]]。<br>[[和胃补中降逆痞]],[[胃气虚痞下利将]]<br>###组成::[[炙甘草、黄芩、人参、干姜、黄连、大枣、半夏]]<br>###主治::[[胃气虚弱痞]]证。症见下利日数十行，谷不化，腹中雷鸣，心下痞硬而满，干呕，心烦不得安，少气乏力<br>###功用::[[和胃补中，降逆消痞(益气和胃，消痞止呕)]]","方歌::[[甘草泻心有干姜]],[[炙草参枣夏芩连]]。<br>[[和胃补中降逆痞]],[[胃气虚痞下利将]]<br>###组成::[[炙甘草、黄芩、人参、干姜、黄连、大枣、半夏]]<br>###主治::[[胃气虚弱痞]]证。症见下利日数十行，谷不化，腹中雷鸣，心下痞硬而满，干呕，心烦不得安，少气乏力<br>###功用::[[和胃补中，降逆消痞(益气和胃，消痞止呕)]]"
"<div style=""text-align: center; font-size: 24px;""><b>白虎汤</b></div>",方剂学::各方剂合集::清热剂::清气分热剂,2,"方歌::[[白虎膏知甘梗镶]],[[气分热盛此方良]]。<br>[[热渴汗出脉洪大]],[[又加人参气津强]]<br>###组成::[[「石膏」、知母、粳米、炙甘草]]<br>###主治::[[阳明气分热盛]]证。壮热面赤，烦渴引饮，汗出恶热，脉洪大有力(身大热，汗大出，口大渴，脉洪大)<br>###功用::[[清热生津(清热泻火，除烦生津)]]","方歌::[[白虎膏知甘梗镶]],[[气分热盛此方良]]。<br>[[热渴汗出脉洪大]],[[又加人参气津强]]<br>###组成::[[「石膏」、知母、粳米、炙甘草]]<br>###主治::[[阳明气分热盛]]证。壮热面赤，烦渴引饮，汗出恶热，脉洪大有力(身大热，汗大出，口大渴，脉洪大)<br>###功用::[[清热生津(清热泻火，除烦生津)]]"
"<div style=""text-align: center; font-size: 24px;""><b>竹叶石膏汤</b></div>",方剂学::各方剂合集::清热剂::清气分热剂,2,"方歌::[[竹叶石膏汤人参]],[[麦冬半夏甘粳临]]。<br>[[热病后期热未清]],[[清热益气养阴津]]<br>###组成::[[「石膏」、粳米、炙甘草、麦门冬、人参、半夏、竹叶]]<br>###主治::[[【*热病后期，余热未清，气津两伤::《伤寒论》中治“伤寒解后，虚赢少气，气逆欲吐”证*】]]证。身热多汗，心胸烦闷，气逆欲呕，口干喜饮，虚赢少气，或虚烦不寐，舌红苔少，脉细虚数<br>###功用::[[清热生津，益气和胃]]","方歌::[[竹叶石膏汤人参]],[[麦冬半夏甘粳临]]。<br>[[热病后期热未清]],[[清热益气养阴津]]<br>###组成::[[「石膏」、粳米、炙甘草、麦门冬、人参、半夏、竹叶]]<br>###主治::[[【*热病后期，余热未清，气津两伤::《伤寒论》中治“伤寒解后，虚赢少气，气逆欲吐”证*】]]证。身热多汗，心胸烦闷，气逆欲呕，口干喜饮，虚赢少气，或虚烦不寐，舌红苔少，脉细虚数<br>###功用::[[清热生津，益气和胃]]"
"<div style=""text-align: center; font-size: 24px;""><b>栀子豉汤</b></div>",方剂学::各方剂合集::清热剂::清气分热剂,2,"方歌::[[栀子鼓汤治懊恼]],[[虚烦不眠此方好]]。<br>[[热郁胸膈宣郁热]],[[呕姜少气加甘草]]<br>###组成::[[「栀子」、豆豉]]<br>###主治::[[热郁胸膈]]证。(伤寒汗吐下后)虚烦不眠，身热懊恼，反复颠倒，胸脘痞闷，饥不能食，舌红苔微黄，脉数<br>###功用::[[清宣郁热(清宣郁热，除烦止躁)]]","方歌::[[栀子鼓汤治懊恼]],[[虚烦不眠此方好]]。<br>[[热郁胸膈宣郁热]],[[呕姜少气加甘草]]<br>###组成::[[「栀子」、豆豉]]<br>###主治::[[热郁胸膈]]证。(伤寒汗吐下后)虚烦不眠，身热懊恼，反复颠倒，胸脘痞闷，饥不能食，舌红苔微黄，脉数<br>###功用::[[清宣郁热(清宣郁热，除烦止躁)]]"
"<div style=""text-align: center; font-size: 24px;""><b>清营汤</b></div>",方剂学::各方剂合集::清热剂::清营凉血剂,2,"方歌::[[清营汤治热传营]],[[清营解毒透热宁]]。<br>[[犀地银翘玄连竹]],[[丹麦养阴营热清]]<br>###组成::[[「犀角(水牛角代)」、生地黄、玄参、麦冬、银花、连翘、竹叶心、黄连、丹参]]<br>###主治::[[热人营分]]证。身热夜甚，神烦少寐，时有谵语，目常喜开或喜闭，口渴或不渴，或斑疹隐隐，舌绛而干，脉细数<br>###功用::[[清营解毒，透热养阴]]","方歌::[[清营汤治热传营]],[[清营解毒透热宁]]。<br>[[犀地银翘玄连竹]],[[丹麦养阴营热清]]<br>###组成::[[「犀角(水牛角代)」、生地黄、玄参、麦冬、银花、连翘、竹叶心、黄连、丹参]]<br>###主治::[[热人营分]]证。身热夜甚，神烦少寐，时有谵语，目常喜开或喜闭，口渴或不渴，或斑疹隐隐，舌绛而干，脉细数<br>###功用::[[清营解毒，透热养阴]]"
"<div style=""text-align: center; font-size: 24px;""><b>犀角地黄汤</b></div>",方剂学::各方剂合集::清热剂::清营凉血剂,2,"方歌::[[犀角地黄芍药丹]],[[热入血分吐衄斑]]。<br>[[蓄血发狂舌质绛]],[[解毒凉血散瘀安]]<br>###组成::[[「犀角」、生地黄、芍药、牡丹皮]]<br>###主治::[[热入血分]]证。(热扰心营)身热谵语，斑疹密布，斑色紫黑，或(热伤血络)吐血、衄血、便血、尿血(各种出血)，舌质深绛或起刺，脉细数；或(蓄血留瘀)蓄血，喜忘如狂，漱水不欲咽，自觉腹满，大便色黑易解<br>###功用::[[清热解毒，凉血散淤]]","方歌::[[犀角地黄芍药丹]],[[热入血分吐衄斑]]。<br>[[蓄血发狂舌质绛]],[[解毒凉血散瘀安]]<br>###组成::[[「犀角」、生地黄、芍药、牡丹皮]]<br>###主治::[[热入血分]]证。(热扰心营)身热谵语，斑疹密布，斑色紫黑，或(热伤血络)吐血、衄血、便血、尿血(各种出血)，舌质深绛或起刺，脉细数；或(蓄血留瘀)蓄血，喜忘如狂，漱水不欲咽，自觉腹满，大便色黑易解<br>###功用::[[清热解毒，凉血散淤]]"
"<div style=""text-align: center; font-size: 24px;""><b>清瘟败毒饮</b></div>",方剂学::各方剂合集::清热剂::气血两清剂,2,"方歌::[[清瘟败毒地连芩]],[[丹石栀甘竹叶寻]]。<br>[[犀角玄翘知芍桔]],[[气血两燔此方真]]<br>###组成::[[生石膏、知母、甘草、黄连、黄芩、栀子、犀角、生地、赤芍、丹皮、连翘、竹叶、玄参、桔梗]]<br>###主治::[[瘟疫热毒]]，[[气血两燔]]证。大热渴饮，头痛如劈，干呕狂躁，谵语神昏，或发斑，或吐血、衄血，或四肢抽搐，或厥逆，舌绛唇焦，脉沉细而数，或沉数，或浮大数<br>###功用::[[清热泻火，凉血解毒]]","方歌::[[清瘟败毒地连芩]],[[丹石栀甘竹叶寻]]。<br>[[犀角玄翘知芍桔]],[[气血两燔此方真]]<br>###组成::[[生石膏、知母、甘草、黄连、黄芩、栀子、犀角、生地、赤芍、丹皮、连翘、竹叶、玄参、桔梗]]<br>###主治::[[瘟疫热毒]]，[[气血两燔]]证。大热渴饮，头痛如劈，干呕狂躁，谵语神昏，或发斑，或吐血、衄血，或四肢抽搐，或厥逆，舌绛唇焦，脉沉细而数，或沉数，或浮大数<br>###功用::[[清热泻火，凉血解毒]]"
"<div style=""text-align: center; font-size: 24px;""><b>凉膈散</b></div>",方剂学::各方剂合集::清热剂::清热解毒剂,2,"方歌::[[凉膈硝黄栀子翘]],[[黄芩甘草薄荷饶]]。<br>[[竹叶蜜煎疗膈热]],[[上中二焦热盛消]]<br>###组成::[[川大黄、芒硝、炙甘草、山栀、黄芩、薄荷、连翘、竹叶、白蜜]]<br>###主治::[[上中二焦邪热炽盛]]证。身热口渴(烦躁)，面赤唇焦，胸膈烦热，口舌生疮，睡卧不宁，谵语狂妄，便秘溲赤，或咽痛吐衄，或大便不畅，舌红苔黄，脉滑数<br>###功用::[[泻火通便，清上泄下]]","方歌::[[凉膈硝黄栀子翘]],[[黄芩甘草薄荷饶]]。<br>[[竹叶蜜煎疗膈热]],[[上中二焦热盛消]]<br>###组成::[[川大黄、芒硝、炙甘草、山栀、黄芩、薄荷、连翘、竹叶、白蜜]]<br>###主治::[[上中二焦邪热炽盛]]证。身热口渴(烦躁)，面赤唇焦，胸膈烦热，口舌生疮，睡卧不宁，谵语狂妄，便秘溲赤，或咽痛吐衄，或大便不畅，舌红苔黄，脉滑数<br>###功用::[[泻火通便，清上泄下]]"
"<div style=""text-align: center; font-size: 24px;""><b>普济消毒饮</b></div>",方剂学::各方剂合集::清热剂::清热解毒剂,2,"方歌::[[普济消毒蒡芩连]],[[甘桔蓝根勃翘玄]]。<br>[[升柴陈僵参或薄]],[[大头瘟毒服之痊]]<br>###组成::[[黄芩、黄连、连翘、鼠黏子(即牛蒡子)、人参、白僵蚕、玄参、板蓝根、马勃、桔梗、生甘草、橘红、升麻、柴胡、薄荷]]<br>###主治::[[风热疫毒，壅于上焦之大头瘟]]。头面红肿掀痛，目不能开，咽喉肿痛，恶寒发热，舌燥口渴，舌红苔白兼黄，脉浮数有力<br>###功用::[[清热解毒，疏风散邪]]","方歌::[[普济消毒蒡芩连]],[[甘桔蓝根勃翘玄]]。<br>[[升柴陈僵参或薄]],[[大头瘟毒服之痊]]<br>###组成::[[黄芩、黄连、连翘、鼠黏子(即牛蒡子)、人参、白僵蚕、玄参、板蓝根、马勃、桔梗、生甘草、橘红、升麻、柴胡、薄荷]]<br>###主治::[[风热疫毒，壅于上焦之大头瘟]]。头面红肿掀痛，目不能开，咽喉肿痛，恶寒发热，舌燥口渴，舌红苔白兼黄，脉浮数有力<br>###功用::[[清热解毒，疏风散邪]]"
"<div style=""text-align: center; font-size: 24px;""><b>仙方活命饮</b></div>",方剂学::各方剂合集::清热剂::清热解毒剂,2,"方歌::[[仙方活命金银花]],[[防芷归陈草芍加]]。<br>[[贝母花粉及乳没]],[[山甲皂刺酒煎佳]]。<br>[[热毒肿坚活血痛]],[[初起疮毒用无差]]<br>###组成::[[金银花、当归尾、赤芍、乳香、没药、皂角刺、炙穿山甲、白芷、防风、贝母、天花粉、陈皮、生甘草(酒)]]<br>###主治::[[痈疡肿毒初起]]。(阳证痈疽初起)红肿掀痛，或身热凛寒，舌苔薄白或黄，脉数有力<br>###功用::[[清热解毒，消肿溃坚，活血止痛]]","方歌::[[仙方活命金银花]],[[防芷归陈草芍加]]。<br>[[贝母花粉及乳没]],[[山甲皂刺酒煎佳]]。<br>[[热毒肿坚活血痛]],[[初起疮毒用无差]]<br>###组成::[[金银花、当归尾、赤芍、乳香、没药、皂角刺、炙穿山甲、白芷、防风、贝母、天花粉、陈皮、生甘草(酒)]]<br>###主治::[[痈疡肿毒初起]]。(阳证痈疽初起)红肿掀痛，或身热凛寒，舌苔薄白或黄，脉数有力<br>###功用::[[清热解毒，消肿溃坚，活血止痛]]"
"<div style=""text-align: center; font-size: 24px;""><b>黄连解毒汤</b></div>",方剂学::各方剂合集::清热剂::清热解毒剂,2,"方歌::[[黄连解毒汤四味]],[[黄芩黄柏栀子备]]。<br>[[三焦火毒炎炎盛]],[[泻火解毒此方推]]<br>###组成::[[「黄连」、黄芩、黄柏、栀子]]<br>###主治::[[三焦火毒热盛]]证。大热烦躁，口燥咽干，错语不眠；或热病吐血、衄血；或热甚发斑，或身热下痢，或湿热黄疸；或外科痈疡疗毒。小便黄赤，舌红苔黄，脉数有力<br>###功用::[[泻火解毒]]","方歌::[[黄连解毒汤四味]],[[黄芩黄柏栀子备]]。<br>[[三焦火毒炎炎盛]],[[泻火解毒此方推]]<br>###组成::[[「黄连」、黄芩、黄柏、栀子]]<br>###主治::[[三焦火毒热盛]]证。大热烦躁，口燥咽干，错语不眠；或热病吐血、衄血；或热甚发斑，或身热下痢，或湿热黄疸；或外科痈疡疗毒。小便黄赤，舌红苔黄，脉数有力<br>###功用::[[泻火解毒]]"
"<div style=""text-align: center; font-size: 24px;""><b>泻心汤</b></div>",方剂学::各方剂合集::清热剂::清热解毒剂,2,"方歌::[[泻心大黄黄连芩]],[[泻火燥湿毒痞停]]。<br>[[火炽出血黄疸痞]],[[目肿舌疮疮疡清]]<br>###组成::[[「大黄」、黄连、黄芩]]<br>###主治::[[邪火内炽、迫血妄行]]所致之[[吐血、衄血，便秘，溲赤]]等；或湿热内蕴之黄疸，见胸痞烦热，舌苔黄腻；或积热上冲而致目赤且肿，口舌生疮；或外科疮疡，见有心胸烦热，大便干结等。或邪热壅滞心下，气机痞塞证。心下痞满，按之柔软(心下痞，按之濡)，心烦口渴，小便黄赤，大便不爽或秘结，或吐血衄血，舌红苔薄黄，脉数<br>###功用::[[泻火解毒，燥湿泄痞(泻火消痞)]]","方歌::[[泻心大黄黄连芩]],[[泻火燥湿毒痞停]]。<br>[[火炽出血黄疸痞]],[[目肿舌疮疮疡清]]<br>###组成::[[「大黄」、黄连、黄芩]]<br>###主治::[[邪火内炽、迫血妄行]]所致之[[吐血、衄血，便秘，溲赤]]等；或湿热内蕴之黄疸，见胸痞烦热，舌苔黄腻；或积热上冲而致目赤且肿，口舌生疮；或外科疮疡，见有心胸烦热，大便干结等。或邪热壅滞心下，气机痞塞证。心下痞满，按之柔软(心下痞，按之濡)，心烦口渴，小便黄赤，大便不爽或秘结，或吐血衄血，舌红苔薄黄，脉数<br>###功用::[[泻火解毒，燥湿泄痞(泻火消痞)]]"
"<div style=""text-align: center; font-size: 24px;""><b>五味消毒饮</b></div>",方剂学::各方剂合集::清热剂::清热解毒剂,2,"方歌::[[五味消毒疗诸疗]],[[银花野菊蒲公英]]。<br>[[紫花地丁天葵子]],[[煎加酒服效非轻]]。<br>[[清热解毒疗疮散]],[[火毒结聚疮粟疔]]<br>###组成::[[「金银花」、蒲公英、紫花地丁、野菊花、紫背天葵子(加无灰酒)]]<br>###主治::[[火毒结聚之疗疮]]。疮形如粟，坚硬根深，其状如钉，或有恶寒发热，以及痈疡疖肿，红肿热痛，舌红，苔黄，脉数<br>###功用::[[清热解毒，消散疗疮]]","方歌::[[五味消毒疗诸疗]],[[银花野菊蒲公英]]。<br>[[紫花地丁天葵子]],[[煎加酒服效非轻]]。<br>[[清热解毒疗疮散]],[[火毒结聚疮粟疔]]<br>###组成::[[「金银花」、蒲公英、紫花地丁、野菊花、紫背天葵子(加无灰酒)]]<br>###主治::[[火毒结聚之疗疮]]。疮形如粟，坚硬根深，其状如钉，或有恶寒发热，以及痈疡疖肿，红肿热痛，舌红，苔黄，脉数<br>###功用::[[清热解毒，消散疗疮]]"
"<div style=""text-align: center; font-size: 24px;""><b>四妙勇安汤</b></div>",方剂学::各方剂合集::清热剂::清热解毒剂,2,"方歌::[[四妙勇安用当归]],[[玄参银花甘草栖]]。<br>[[清热解毒痛活血]],[[热毒脱疽此方魁]]<br>###组成::[[「金银花」、玄参、当归、生甘草]]<br>###主治::[[热毒炽盛之脱疽]]。患肢皮色黯红，微肿灼热，疼痛剧烈，久则溃烂腐臭，甚则趾节脱落，延及足背，烦热口渴，舌红脉数<br>###功用::[[清热解毒，活血止痛]]","方歌::[[四妙勇安用当归]],[[玄参银花甘草栖]]。<br>[[清热解毒痛活血]],[[热毒脱疽此方魁]]<br>###组成::[[「金银花」、玄参、当归、生甘草]]<br>###主治::[[热毒炽盛之脱疽]]。患肢皮色黯红，微肿灼热，疼痛剧烈，久则溃烂腐臭，甚则趾节脱落，延及足背，烦热口渴，舌红脉数<br>###功用::[[清热解毒，活血止痛]]"
"<div style=""text-align: center; font-size: 24px;""><b>牛蒡解肌汤</b></div>",方剂学::各方剂合集::清热剂::清热解毒剂,2,"方歌::[[牛蒡解肌翘丹栀]],[[夏枯荆薄石斛玄]]。<br>[[疏风清热又散肿]],[[牙痛颈毒皆可医]]<br>###组成::[[「牛蒡子」、连翘、薄荷、荆芥、夏枯草、山栀、丹皮、石斛、玄参]]<br>###主治::[[风邪热毒上攻之痛疮]]。颈项痰毒，风热牙痛，头面风热兼有表热证者；外痈局部红肿热痛，热重寒轻，汗少口渴，小便黄，苔白或黄，脉浮数<br>###功用::[[疏风清热，凉血消肿]]","方歌::[[牛蒡解肌翘丹栀]],[[夏枯荆薄石斛玄]]。<br>[[疏风清热又散肿]],[[牙痛颈毒皆可医]]<br>###组成::[[「牛蒡子」、连翘、薄荷、荆芥、夏枯草、山栀、丹皮、石斛、玄参]]<br>###主治::[[风邪热毒上攻之痛疮]]。颈项痰毒，风热牙痛，头面风热兼有表热证者；外痈局部红肿热痛，热重寒轻，汗少口渴，小便黄，苔白或黄，脉浮数<br>###功用::[[疏风清热，凉血消肿]]"
"<div style=""text-align: center; font-size: 24px;""><b>龙胆泻肝汤</b></div>",方剂学::各方剂合集::清热剂::清脏腑热剂,2,"方歌::[[龙胆泻肝栀茶柴]],[[生地车前泽泻偕]]。<br>[[木通甘草当归合]],[[肝火湿热力能排]]<br>###组成::[[龙胆草、黄芩、栀子、泽泻、木通、车前子、当归、生地、黄柴胡、生甘草]]<br>###主治::1.[[肝胆实火上炎]]证。头痛目赤，胁痛口苦(尿赤)，耳聋，耳肿，舌红苔黄，脉弦数有力<br>2.[[肝经湿热下注]]证。阴肿阴痒，筋痿阴汗，小便淋浊，或妇女带下黄臭，舌红苔黄腻，脉弦数有力或濡数<br>###功用::[[清泻肝胆实火，清利肝胆湿热]]","方歌::[[龙胆泻肝栀茶柴]],[[生地车前泽泻偕]]。<br>[[木通甘草当归合]],[[肝火湿热力能排]]<br>###组成::[[龙胆草、黄芩、栀子、泽泻、木通、车前子、当归、生地、黄柴胡、生甘草]]<br>###主治::1.[[肝胆实火上炎]]证。头痛目赤，胁痛口苦(尿赤)，耳聋，耳肿，舌红苔黄，脉弦数有力<br>2.[[肝经湿热下注]]证。阴肿阴痒，筋痿阴汗，小便淋浊，或妇女带下黄臭，舌红苔黄腻，脉弦数有力或濡数<br>###功用::[[清泻肝胆实火，清利肝胆湿热]]"
"<div style=""text-align: center; font-size: 24px;""><b>左金丸</b></div>",方剂学::各方剂合集::清热剂::清脏腑热剂,2,"方歌::[[左金黄连与吴萸]],[[胁痛吞酸悉能除]]。<br>[[清肝泻火降逆呕]],[[肝火犯胃此方摧]]。<br>[[再加芍药名戊己]],[[专治泻痢痛在脐]]<br>###组成::[[黄连、吴茱萸]]<br>###主治::[[肝火犯胃]]证。胁肋胀痛，嘈杂吞酸，呕吐口苦，脘痞嗳气，舌红苔黄，脉弦数<br>###功用::[[清泻肝火，降逆止呕]]","方歌::[[左金黄连与吴萸]],[[胁痛吞酸悉能除]]。<br>[[清肝泻火降逆呕]],[[肝火犯胃此方摧]]。<br>[[再加芍药名戊己]],[[专治泻痢痛在脐]]<br>###组成::[[黄连、吴茱萸]]<br>###主治::[[肝火犯胃]]证。胁肋胀痛，嘈杂吞酸，呕吐口苦，脘痞嗳气，舌红苔黄，脉弦数<br>###功用::[[清泻肝火，降逆止呕]]"
"<div style=""text-align: center; font-size: 24px;""><b>泻白散</b></div>",方剂学::各方剂合集::清热剂::清脏腑热剂,2,"方歌::[[泻白桑皮地骨皮]],[[甘草粳米四般宜]]。<br>[[泻肺清热平咳喘]],[[肺热伏火喘咳需]]<br>###组成::[[桑白皮、地骨皮、炙甘草、粳米]]<br>###主治::[[肺热伏火之喘咳]]证。咳嗽，甚则气急欲喘，皮肤蒸热，日晡尤甚，舌红苔黄，脉细数<br>###功用::[[清泻肺热，止咳平喘]]","方歌::[[泻白桑皮地骨皮]],[[甘草粳米四般宜]]。<br>[[泻肺清热平咳喘]],[[肺热伏火喘咳需]]<br>###组成::[[桑白皮、地骨皮、炙甘草、粳米]]<br>###主治::[[肺热伏火之喘咳]]证。咳嗽，甚则气急欲喘，皮肤蒸热，日晡尤甚，舌红苔黄，脉细数<br>###功用::[[清泻肺热，止咳平喘]]"
"<div style=""text-align: center; font-size: 24px;""><b>清胃散</b></div>",方剂学::各方剂合集::清热剂::清脏腑热剂,2,"方歌::[[清胃散中升麻连]],[[当归生地丹皮全]]。<br>[[或加石膏清胃热]],[[凉血牙痛与牙宣]]<br>###组成::[[黄连、升麻、生地黄、牡丹皮、当归身]]<br>###主治::[[胃火上攻(牙痛)]]证。牙痛牵引头痛，面颊发热，其齿恶热喜冷，或牙宣出血，或牙龈肿痛溃烂，或唇舌颊腮肿痛，口气热臭，口干舌燥，舌红苔黄，脉滑大而数<br>###功用::[[清胃凉血]]","方歌::[[清胃散中升麻连]],[[当归生地丹皮全]]。<br>[[或加石膏清胃热]],[[凉血牙痛与牙宣]]<br>###组成::[[黄连、升麻、生地黄、牡丹皮、当归身]]<br>###主治::[[胃火上攻(牙痛)]]证。牙痛牵引头痛，面颊发热，其齿恶热喜冷，或牙宣出血，或牙龈肿痛溃烂，或唇舌颊腮肿痛，口气热臭，口干舌燥，舌红苔黄，脉滑大而数<br>###功用::[[清胃凉血]]"
"<div style=""text-align: center; font-size: 24px;""><b>玉女煎</b></div>",方剂学::各方剂合集::清热剂::清脏腑热剂,2,"方歌::[[玉女煎用熟地黄]],[[膏知牛膝麦冬襄]]。<br>[[胃火阴虚相因病]],[[牙痛齿衄宜煎尝]]<br>###组成::[[生石膏、知母、熟地、麦冬、牛膝]]<br>###主治::[[胃热阴虚]]证。头痛，牙痛，或牙齿松动，牙龈出血，烦热干渴，舌红苔黄而干。脉浮洪滑大，重按无力。亦治消渴，消谷善饥等<br>###功用::[[清胃热，滋肾阴]]","方歌::[[玉女煎用熟地黄]],[[膏知牛膝麦冬襄]]。<br>[[胃火阴虚相因病]],[[牙痛齿衄宜煎尝]]<br>###组成::[[生石膏、知母、熟地、麦冬、牛膝]]<br>###主治::[[胃热阴虚]]证。头痛，牙痛，或牙齿松动，牙龈出血，烦热干渴，舌红苔黄而干。脉浮洪滑大，重按无力。亦治消渴，消谷善饥等<br>###功用::[[清胃热，滋肾阴]]"
"<div style=""text-align: center; font-size: 24px;""><b>芍药汤</b></div>",方剂学::各方剂合集::清热剂::清脏腑热剂,2,"方歌::[[芍药汤中槟大黄]],[[芩连归桂草木香]]。<br>[[清热燥湿调气血]],[[湿热痢疾自安康]]<br>###组成::[[黄连、黄芥、芍药、当归、槟榔、木香、炙甘草、大黄、官桂]]<br>###主治::[[湿热痢疾]]。腹痛，便脓血，赤白相兼，里急后重，肛门灼热，小便短赤，舌苔黄腻，脉滑数<br>###功用::[[清热燥湿，调气和血]]","方歌::[[芍药汤中槟大黄]],[[芩连归桂草木香]]。<br>[[清热燥湿调气血]],[[湿热痢疾自安康]]<br>###组成::[[黄连、黄芥、芍药、当归、槟榔、木香、炙甘草、大黄、官桂]]<br>###主治::[[湿热痢疾]]。腹痛，便脓血，赤白相兼，里急后重，肛门灼热，小便短赤，舌苔黄腻，脉滑数<br>###功用::[[清热燥湿，调气和血]]"
"<div style=""text-align: center; font-size: 24px;""><b>白头翁汤</b></div>",方剂学::各方剂合集::清热剂::清脏腑热剂,2,"方歌::[[白头翁汤治热痢]],[[黄连黄柏与秦皮]]。<br>[[凉血止痢清热毒]],[[热毒痢疾功效奇]]<br>###组成::[[白头翁、黄连、黄柏、秦皮]]<br>###主治::[[热毒痢疾]]。腹痛，里急后重，肛门灼热，下痢脓血，赤多白少，渴欲饮水，舌红苔黄，脉弦数<br>###功用::[[清热解毒，凉血止痢]]","方歌::[[白头翁汤治热痢]],[[黄连黄柏与秦皮]]。<br>[[凉血止痢清热毒]],[[热毒痢疾功效奇]]<br>###组成::[[白头翁、黄连、黄柏、秦皮]]<br>###主治::[[热毒痢疾]]。腹痛，里急后重，肛门灼热，下痢脓血，赤多白少，渴欲饮水，舌红苔黄，脉弦数<br>###功用::[[清热解毒，凉血止痢]]"
"<div style=""text-align: center; font-size: 24px;""><b>导赤散</b></div>",方剂学::各方剂合集::清热剂::清脏腑热剂,2,"方歌::[[导赤生地与木通]],[[草梢竹叶四般供]]。<br>[[口糜淋痛小肠火]],[[引热同归小便中]]<br>###组成::[[木通、生地黄、生甘草梢、竹叶]]<br>###主治::[[心经火热证]]。心胸烦热，口渴面赤，意欲饮冷，口舌生疮；或心热移于小肠，小便赤涩刺痛，舌红脉数<br>###功用::[[清心养阴，利水通淋(清心利水养阴)]]","方歌::[[导赤生地与木通]],[[草梢竹叶四般供]]。<br>[[口糜淋痛小肠火]],[[引热同归小便中]]<br>###组成::[[木通、生地黄、生甘草梢、竹叶]]<br>###主治::[[心经火热证]]。心胸烦热，口渴面赤，意欲饮冷，口舌生疮；或心热移于小肠，小便赤涩刺痛，舌红脉数<br>###功用::[[清心养阴，利水通淋(清心利水养阴)]]"
"<div style=""text-align: center; font-size: 24px;""><b>苇茎汤</b></div>",方剂学::各方剂合集::清热剂::清脏腑热剂,2,"方歌::[[苇茎汤方出千金]],[[桃仁薏苡冬瓜仁]]。<br>[[瘀热结肺成痈毒]],[[清热排脓痰淤宁]]<br>###组成::[[「苇茎」、薏苡仁、瓜瓣、桃仁]]<br>###主治::[[肺痈，热毒壅滞，痰瘀互结]]证。身有微热，咳嗽痰多，甚则吐腥臭脓痰，胸中隐隐作痛(胸痛)，咳则痛增，舌质红，苔黄腻，脉滑数<br>###功用::[[清肺化痰，逐瘀排脓]]","方歌::[[苇茎汤方出千金]],[[桃仁薏苡冬瓜仁]]。<br>[[瘀热结肺成痈毒]],[[清热排脓痰淤宁]]<br>###组成::[[「苇茎」、薏苡仁、瓜瓣、桃仁]]<br>###主治::[[肺痈，热毒壅滞，痰瘀互结]]证。身有微热，咳嗽痰多，甚则吐腥臭脓痰，胸中隐隐作痛(胸痛)，咳则痛增，舌质红，苔黄腻，脉滑数<br>###功用::[[清肺化痰，逐瘀排脓]]"
"<div style=""text-align: center; font-size: 24px;""><b>泻黄散</b></div>",方剂学::各方剂合集::清热剂::清脏腑热剂,2,"方歌::[[泻黄甘草与防风]],[[石膏栀子藿香充]]。<br>[[炒香蜜酒调和服]],[[脾热口疮可见功]]<br>###组成::[[石膏、山栀子仁、藿香叶、防风、甘草、蜂蜜酒]]<br>###主治::[[脾胃伏火]]证。口疮口臭，烦渴易饥，口燥唇干，舌红脉数，以及脾热弄舌等<br>###功用::[[泻脾胃伏火]]","方歌::[[泻黄甘草与防风]],[[石膏栀子藿香充]]。<br>[[炒香蜜酒调和服]],[[脾热口疮可见功]]<br>###组成::[[石膏、山栀子仁、藿香叶、防风、甘草、蜂蜜酒]]<br>###主治::[[脾胃伏火]]证。口疮口臭，烦渴易饥，口燥唇干，舌红脉数，以及脾热弄舌等<br>###功用::[[泻脾胃伏火]]"
"<div style=""text-align: center; font-size: 24px;""><b>清心莲子饮</b></div>",方剂学::各方剂合集::清热剂::清脏腑热剂,2,"方歌::[[清心莲子芩麦冬]],[[地骨车前炙甘从]]。<br>[[莲肉人参黄芪茯]],[[心火气阴淋浊通]]<br>###组成::[[黄芩、麦冬去心、地骨皮、车前子、炙甘草、石莲肉去心、白茯苓、黄芪、蜜炙人参]]<br>###主治::[[心火偏旺，气阴两虚，湿热下注]]证。遗精淋浊，血崩带下，遇劳则发；或肾阴不足，口舌干燥，烦躁发热<br>###功用::[[清心火，益气阴，止淋浊]]","方歌::[[清心莲子芩麦冬]],[[地骨车前炙甘从]]。<br>[[莲肉人参黄芪茯]],[[心火气阴淋浊通]]<br>###组成::[[黄芩、麦冬去心、地骨皮、车前子、炙甘草、石莲肉去心、白茯苓、黄芪、蜜炙人参]]<br>###主治::[[心火偏旺，气阴两虚，湿热下注]]证。遗精淋浊，血崩带下，遇劳则发；或肾阴不足，口舌干燥，烦躁发热<br>###功用::[[清心火，益气阴，止淋浊]]"
"<div style=""text-align: center; font-size: 24px;""><b>青蒿鳖甲汤</b></div>",方剂学::各方剂合集::清热剂::清虚热剂,2,"方歌::[[青蒿鳖甲知地丹]],[[热伏阴分仔细看]]。<br>[[夜热早凉无汗出]],[[透热养阴服之安]]<br>###组成::[[青蒿、鳖甲、生地黄、知母、丹皮]]<br>###主治::[[温病后期，邪伏阴分证]]。夜热早凉，热退无汗，舌红少苔，脉细数<br>###功用::[[养阴透热]]","方歌::[[青蒿鳖甲知地丹]],[[热伏阴分仔细看]]。<br>[[夜热早凉无汗出]],[[透热养阴服之安]]<br>###组成::[[青蒿、鳖甲、生地黄、知母、丹皮]]<br>###主治::[[温病后期，邪伏阴分证]]。夜热早凉，热退无汗，舌红少苔，脉细数<br>###功用::[[养阴透热]]"
"<div style=""text-align: center; font-size: 24px;""><b>清骨散</b></div>",方剂学::各方剂合集::清热剂::清虚热剂,2,"方歌::[[清骨散用银柴胡]],[[胡连秦艽鳖甲辅]]。<br>[[地骨青蒿知母草]],[[骨蒸劳热一并除]]<br>###组成::[[「银柴胡」、胡黄连、地骨皮、知母、秦艽、青蒿、制鳖甲、甘草]]<br>###主治::[[肝肾阴虚，虚火内扰]]证。虚劳骨蒸，潮热盗汗，或低热日久不退，唇红颧赤，形体消瘦，或口渴心烦，困倦乏力，舌红少苔，脉细数<br>###功用::[[清虚热，退骨蒸]]","方歌::[[清骨散用银柴胡]],[[胡连秦艽鳖甲辅]]。<br>[[地骨青蒿知母草]],[[骨蒸劳热一并除]]<br>###组成::[[「银柴胡」、胡黄连、地骨皮、知母、秦艽、青蒿、制鳖甲、甘草]]<br>###主治::[[肝肾阴虚，虚火内扰]]证。虚劳骨蒸，潮热盗汗，或低热日久不退，唇红颧赤，形体消瘦，或口渴心烦，困倦乏力，舌红少苔，脉细数<br>###功用::[[清虚热，退骨蒸]]"
"<div style=""text-align: center; font-size: 24px;""><b>秦艽鳖甲散</b></div>",方剂学::各方剂合集::清热剂::清虚热剂,2,"方歌::[[秦艽鳖甲治风劳]],[[地骨柴胡及青蒿]]。<br>[[当归知母乌梅合]],[[阴血除蒸热亦消]]<br>###组成::[[地骨皮、柴胡、鳖甲、秦艽、知母、当归、青蒿、乌梅]]<br>###主治::[[风劳病]]。骨蒸盗汗，肌肉消瘦，唇红颧赤，午后潮热，咳嗽困倦，脉微数<br>###功用::[[滋阴养血，清热除蒸]]","方歌::[[秦艽鳖甲治风劳]],[[地骨柴胡及青蒿]]。<br>[[当归知母乌梅合]],[[阴血除蒸热亦消]]<br>###组成::[[地骨皮、柴胡、鳖甲、秦艽、知母、当归、青蒿、乌梅]]<br>###主治::[[风劳病]]。骨蒸盗汗，肌肉消瘦，唇红颧赤，午后潮热，咳嗽困倦，脉微数<br>###功用::[[滋阴养血，清热除蒸]]"
"<div style=""text-align: center; font-size: 24px;""><b>当归六黄汤</b></div>",方剂学::各方剂合集::清热剂::清虚热剂,2,"方歌::[[当归六黄二地黄]],[[芩连芪柏共煎尝]]。<br>[[滋阴泻火兼固表]],[[阴虚火旺盗汗良]]<br>###组成::[[「当归」、「生地黄」、「熟地黄」、黄芩、黄连、黄柏、黄芪]]<br>###主治::[[阴虚火旺之盗汗]]证。发热盗汗，面赤心烦，口干唇燥，大便干结，小便黄赤，舌红苔黄，脉数<br>###功用::[[滋阴泻火，固表止汗]]","方歌::[[当归六黄二地黄]],[[芩连芪柏共煎尝]]。<br>[[滋阴泻火兼固表]],[[阴虚火旺盗汗良]]<br>###组成::[[「当归」、「生地黄」、「熟地黄」、黄芩、黄连、黄柏、黄芪]]<br>###主治::[[阴虚火旺之盗汗]]证。发热盗汗，面赤心烦，口干唇燥，大便干结，小便黄赤，舌红苔黄，脉数<br>###功用::[[滋阴泻火，固表止汗]]"
"<div style=""text-align: center; font-size: 24px;""><b>新加香薷饮</b></div>",方剂学::各方剂合集::祛暑剂::祛暑解表剂,2,"方歌::[[新加香薷扁豆花]],[[厚朴连翘金银花]]。<br>[[祛暑解表湿热化]],[[暑温夹湿复寒佳]]<br>###组成::[[香薷、鲜扁豆花、厚朴、金银花、连翘]]<br>###主治::[[暑温夹湿，复感于寒]]。发热头痛，恶寒无汗，口渴面赤，胸闷不舒，舌苔白腻，脉浮而数<br>###功用::[[祛暑解表，清热化湿]]","方歌::[[新加香薷扁豆花]],[[厚朴连翘金银花]]。<br>[[祛暑解表湿热化]],[[暑温夹湿复寒佳]]<br>###组成::[[香薷、鲜扁豆花、厚朴、金银花、连翘]]<br>###主治::[[暑温夹湿，复感于寒]]。发热头痛，恶寒无汗，口渴面赤，胸闷不舒，舌苔白腻，脉浮而数<br>###功用::[[祛暑解表，清热化湿]]"
"<div style=""text-align: center; font-size: 24px;""><b>香薷散</b></div>",方剂学::各方剂合集::祛暑剂::祛暑解表剂,2,"方歌::[[香薷扁豆厚朴先]],[[阴暑证治此方牵]]。<br>[[祛暑和中表化湿]],[[新加银翘豆花煎]]<br>###组成::[[「香薷」、白扁豆姜厚朴]]<br>###主治::[[阴暑]]证。恶寒发热，无汗头痛，身重困倦，胸闷泛恶，或腹痛吐泻，舌苔白腻，脉浮<br>###功用::[[祛暑解表，化湿和中]]","方歌::[[香薷扁豆厚朴先]],[[阴暑证治此方牵]]。<br>[[祛暑和中表化湿]],[[新加银翘豆花煎]]<br>###组成::[[「香薷」、白扁豆姜厚朴]]<br>###主治::[[阴暑]]证。恶寒发热，无汗头痛，身重困倦，胸闷泛恶，或腹痛吐泻，舌苔白腻，脉浮<br>###功用::[[祛暑解表，化湿和中]]"
"<div style=""text-align: center; font-size: 24px;""><b>清络饮</b></div>",方剂学::各方剂合集::祛暑剂::祛暑清热剂,2,"方歌::[[清络饮用荷叶边]],[[竹丝银扁翠衣添]]。<br>[[祛暑清热轻清剂]],[[暑伤肺络气分显]]<br>###组成::[[「鲜银花」、「鲜扁豆花」、西瓜翠衣、丝瓜皮、鲜荷叶边、鲜竹叶心]]<br>###主治::[[暑热伤肺，邪在气分之轻]]证。身热口渴不甚，头目不清，昏眩微胀，舌淡红，苔薄白<br>###功用::[[祛暑清热]]","方歌::[[清络饮用荷叶边]],[[竹丝银扁翠衣添]]。<br>[[祛暑清热轻清剂]],[[暑伤肺络气分显]]<br>###组成::[[「鲜银花」、「鲜扁豆花」、西瓜翠衣、丝瓜皮、鲜荷叶边、鲜竹叶心]]<br>###主治::[[暑热伤肺，邪在气分之轻]]证。身热口渴不甚，头目不清，昏眩微胀，舌淡红，苔薄白<br>###功用::[[祛暑清热]]"
"<div style=""text-align: center; font-size: 24px;""><b>六一散</b></div>",方剂学::各方剂合集::祛暑剂::祛暑利湿剂,2,"方歌::[[六一散用滑石草]],[[清暑利湿有功效]]。<br>[[益元碧玉与鸡苏]],[[砂黛薄荷加之好]]<br>###组成::[[「滑石」、甘草]]<br>###主治::[[暑湿(轻)]]证。身热烦渴，小便不利，或泄泻，苔黄腻<br>###功用::[[清暑利湿]]","方歌::[[六一散用滑石草]],[[清暑利湿有功效]]。<br>[[益元碧玉与鸡苏]],[[砂黛薄荷加之好]]<br>###组成::[[「滑石」、甘草]]<br>###主治::[[暑湿(轻)]]证。身热烦渴，小便不利，或泄泻，苔黄腻<br>###功用::[[清暑利湿]]"
"<div style=""text-align: center; font-size: 24px;""><b>桂苓甘露饮</b></div>",方剂学::各方剂合集::祛暑剂::祛暑利湿剂,2,"方歌::[[桂苓甘露猪苓膏]],[[术泽寒水滑石草]]。<br>[[祛暑化气热利湿]],[[暑湿热渴吐泻消]]<br>###组成::[[茯苓、甘草、白术、泽泻、桂、石膏、寒水石、「滑石」、猪苓]]<br>###主治::[[暑湿]]证([[中暑并水湿内停]]证)。发热头痛，烦渴引饮，小便不利，以及霍乱吐下<br>###功用::[[祛暑清热，化气利湿]]","方歌::[[桂苓甘露猪苓膏]],[[术泽寒水滑石草]]。<br>[[祛暑化气热利湿]],[[暑湿热渴吐泻消]]<br>###组成::[[茯苓、甘草、白术、泽泻、桂、石膏、寒水石、「滑石」、猪苓]]<br>###主治::[[暑湿]]证([[中暑并水湿内停]]证)。发热头痛，烦渴引饮，小便不利，以及霍乱吐下<br>###功用::[[祛暑清热，化气利湿]]"
"<div style=""text-align: center; font-size: 24px;""><b>清暑益气汤</b></div>",方剂学::各方剂合集::祛暑剂::祛暑益气剂,2,"方歌::[[王氏清暑益气汤]],[[善治中暑气津伤]]。<br>[[洋参冬斛荷瓜翠]],[[连竹知母甘粳襄]]<br>###组成::[[西瓜翠衣、西洋参、荷梗、石斛、麦冬、黄连、竹叶、知母、粳米、甘草]]<br>###主治::[[暑热气津两伤]]证。身热汗多，心烦口渴，体倦少气，精神不振，小便短赤，舌质红，舌苔薄白或薄黄而干，脉虚数<br>###功用::[[清暑益气，养阴生津]]","方歌::[[王氏清暑益气汤]],[[善治中暑气津伤]]。<br>[[洋参冬斛荷瓜翠]],[[连竹知母甘粳襄]]<br>###组成::[[西瓜翠衣、西洋参、荷梗、石斛、麦冬、黄连、竹叶、知母、粳米、甘草]]<br>###主治::[[暑热气津两伤]]证。身热汗多，心烦口渴，体倦少气，精神不振，小便短赤，舌质红，舌苔薄白或薄黄而干，脉虚数<br>###功用::[[清暑益气，养阴生津]]"
"<div style=""text-align: center; font-size: 24px;""><b>理中丸</b></div>",方剂学::各方剂合集::温里剂::温中祛寒剂,2,"方歌::[[理中丸主温中阳]],[[甘草人参术干姜]]。<br>[[中焦虚寒痹惊血]],[[补气健脾又祛寒]]<br>###组成::[[人参、干姜、白术、炙甘草]]<br>###主治::1.[[脾胃虚寒]]证(中焦虚寒)。脘腹疼痛(脘腹绵绵作痛或冷痛)，喜温喜按，呕吐便溏([[自利不渴]])，脘痞食少，畏寒肢冷，口淡不渴，舌质淡、苔白润，脉沉细或沉迟无力<br>2.[[【*阳虚失血::脾胃虚寒，阳气虚弱，脾不统血所致*】]]证。便血、吐血、衄血或崩漏等，血色暗淡，质清稀，面色眺白，气短神疲，脉沉细或虚大无力<br>3.中阳不足，阴寒上乘而致胸阳不振之[[【*胸痹::胸痹一病，总由上焦阳气不足，阴寒之邪上乘，胸中之气痹阻所致。若心中痞坚，逆气上冲心胸，是中焦阳虚，又有痰饮上犯所致。可用本方温中祛寒，益气健脾，使中焦气旺，则上焦之气开发，逆气可平，胸痹可愈*】]]<br>4.[[脾气虚寒]]，不能摄津之病后【*多涎唾::病后多生涎唾，久久不已，是脾气虚寒，不能摄津，津上溢于口所致。以本方丸剂缓治，亦可徐徐收功*】，甚则流涎不止<br>5.[[中阳虚损]]，[[【*小儿慢惊::小儿慢惊，总由先天不足，后天失调，或过服寒凉之品，或大病后调理不善，戕害脾胃阳气所致。若形气羸瘦、手足不温、呕吐泄泻、神疲食少、舌淡苔白、脉细迟或沉细缓弱者，纯属中焦虑寒，亦可用本方治疗*】]]<br>6.食欲不节，损伤脾胃阳气，清浊相干，升降失常之[[霍乱]]等<br>###功用::[[温中祛寒，补气健脾]]","方歌::[[理中丸主温中阳]],[[甘草人参术干姜]]。<br>[[中焦虚寒痹惊血]],[[补气健脾又祛寒]]<br>###组成::[[人参、干姜、白术、炙甘草]]<br>###主治::1.[[脾胃虚寒]]证(中焦虚寒)。脘腹疼痛(脘腹绵绵作痛或冷痛)，喜温喜按，呕吐便溏([[自利不渴]])，脘痞食少，畏寒肢冷，口淡不渴，舌质淡、苔白润，脉沉细或沉迟无力<br>2.[[【*阳虚失血::脾胃虚寒，阳气虚弱，脾不统血所致*】]]证。便血、吐血、衄血或崩漏等，血色暗淡，质清稀，面色眺白，气短神疲，脉沉细或虚大无力<br>3.中阳不足，阴寒上乘而致胸阳不振之[[【*胸痹::胸痹一病，总由上焦阳气不足，阴寒之邪上乘，胸中之气痹阻所致。若心中痞坚，逆气上冲心胸，是中焦阳虚，又有痰饮上犯所致。可用本方温中祛寒，益气健脾，使中焦气旺，则上焦之气开发，逆气可平，胸痹可愈*】]]<br>4.[[脾气虚寒]]，不能摄津之病后【*多涎唾::病后多生涎唾，久久不已，是脾气虚寒，不能摄津，津上溢于口所致。以本方丸剂缓治，亦可徐徐收功*】，甚则流涎不止<br>5.[[中阳虚损]]，[[【*小儿慢惊::小儿慢惊，总由先天不足，后天失调，或过服寒凉之品，或大病后调理不善，戕害脾胃阳气所致。若形气羸瘦、手足不温、呕吐泄泻、神疲食少、舌淡苔白、脉细迟或沉细缓弱者，纯属中焦虑寒，亦可用本方治疗*】]]<br>6.食欲不节，损伤脾胃阳气，清浊相干，升降失常之[[霍乱]]等<br>###功用::[[温中祛寒，补气健脾]]"
"<div style=""text-align: center; font-size: 24px;""><b>小建中汤</b></div>",方剂学::各方剂合集::温里剂::温中祛寒剂,2,"方歌::[[小建中汤芍药多]],[[桂甘饴糖姜枣和]]。<br>[[温中补虚里缓急]],[[中焦虚寒虚劳瘥]]<br>###组成::[[桂枝、炙甘草、大枣、芍药、生姜、胶饴]]<br>###主治::[[中焦虚寒，肝脾失调，阴阳不和]]证。脘腹拘急疼痛，时发时止，喜温喜按，神疲乏力，虚怯少气；或心中悸动，虚烦不宁，面色无华；或伴四肢酸楚，兼见手足烦热，咽干口燥等，舌淡苔白，脉细弦(而缓)。<br>###功用::[[温中补虚，和里缓急]]","方歌::[[小建中汤芍药多]],[[桂甘饴糖姜枣和]]。<br>[[温中补虚里缓急]],[[中焦虚寒虚劳瘥]]<br>###组成::[[桂枝、炙甘草、大枣、芍药、生姜、胶饴]]<br>###主治::[[中焦虚寒，肝脾失调，阴阳不和]]证。脘腹拘急疼痛，时发时止，喜温喜按，神疲乏力，虚怯少气；或心中悸动，虚烦不宁，面色无华；或伴四肢酸楚，兼见手足烦热，咽干口燥等，舌淡苔白，脉细弦(而缓)。<br>###功用::[[温中补虚，和里缓急]]"
"<div style=""text-align: center; font-size: 24px;""><b>吴茱萸汤</b></div>",方剂学::各方剂合集::温里剂::温中祛寒剂,2,"方歌::[[吴茱萸汤参姜枣]],[[肝胃虚寒此方好]]。<br>[[阳明寒呕少阴利]],[[厥阴头痛皆能保]]<br>###组成::[[「吴茱萸」、人参、大枣、生姜]]<br>###主治::1.[[【*胃寒呕吐::阳明寒呕*】]]。食谷欲呕，胸膈满闷，胃脘冷痛，吞酸嘈杂，舌淡，脉沉弦而迟<br>2.[[肝寒上逆]]。干呕，吐涎沫，巅顶痛甚，舌淡，脉沉弦<br>3.[[肾寒上逆]]。呕吐下利，手足厥冷，烦躁欲死。舌淡脉沉细<br>###功用::[[温胃暖肝，温中补虚，降逆止呕]]","方歌::[[吴茱萸汤参姜枣]],[[肝胃虚寒此方好]]。<br>[[阳明寒呕少阴利]],[[厥阴头痛皆能保]]<br>###组成::[[「吴茱萸」、人参、大枣、生姜]]<br>###主治::1.[[【*胃寒呕吐::阳明寒呕*】]]。食谷欲呕，胸膈满闷，胃脘冷痛，吞酸嘈杂，舌淡，脉沉弦而迟<br>2.[[肝寒上逆]]。干呕，吐涎沫，巅顶痛甚，舌淡，脉沉弦<br>3.[[肾寒上逆]]。呕吐下利，手足厥冷，烦躁欲死。舌淡脉沉细<br>###功用::[[温胃暖肝，温中补虚，降逆止呕]]"
"<div style=""text-align: center; font-size: 24px;""><b>大建中汤</b></div>",方剂学::各方剂合集::温里剂::温中祛寒剂,2,"方歌::[[大建中汤建中阳]],[[蜀椒干姜参饴糖]]。<br>[[中阳虚衰阴寒盛]],[[温中降逆止痛强]]<br>###组成::[[「蜀椒」、干姜、人参、饴糖]]<br>###主治::[[中阳虚衰，阴寒内盛之脘腹疼痛]]，([[虚寒腹痛重]]证)。心胸中大寒痛，呕不能食，腹中寒，上冲皮起出见有头足，上下痛而不可触近，舌苔白滑，脉细沉紧，甚则肢厥脉伏<br>###功用::[[温中散寒补虚，降逆缓急止痛(温中补虚，降逆止痛)]]","方歌::[[大建中汤建中阳]],[[蜀椒干姜参饴糖]]。<br>[[中阳虚衰阴寒盛]],[[温中降逆止痛强]]<br>###组成::[[「蜀椒」、干姜、人参、饴糖]]<br>###主治::[[中阳虚衰，阴寒内盛之脘腹疼痛]]，([[虚寒腹痛重]]证)。心胸中大寒痛，呕不能食，腹中寒，上冲皮起出见有头足，上下痛而不可触近，舌苔白滑，脉细沉紧，甚则肢厥脉伏<br>###功用::[[温中散寒补虚，降逆缓急止痛(温中补虚，降逆止痛)]]"
"<div style=""text-align: center; font-size: 24px;""><b>四逆汤</b></div>",方剂学::各方剂合集::温里剂::回阳救逆剂,2,"方歌::[[四逆汤中附草姜]],[[四肢厥逆急煎尝]]。<br>[[脉微吐利阴寒盛]],[[回阳救逆赖此方]]<br>###组成::[[生附子、干姜、半炙甘草]]<br>###主治::[[少阴病阳衰阴盛]]证。四肢厥逆，恶寒蜷卧，神衰欲寐，面色苍白，呕吐不渴，腹痛下利，舌苔白滑，脉沉微细；或太阳病误汗亡阳证<br>###功用::[[回阳救逆]]","方歌::[[四逆汤中附草姜]],[[四肢厥逆急煎尝]]。<br>[[脉微吐利阴寒盛]],[[回阳救逆赖此方]]<br>###组成::[[生附子、干姜、半炙甘草]]<br>###主治::[[少阴病阳衰阴盛]]证。四肢厥逆，恶寒蜷卧，神衰欲寐，面色苍白，呕吐不渴，腹痛下利，舌苔白滑，脉沉微细；或太阳病误汗亡阳证<br>###功用::[[回阳救逆]]"
"<div style=""text-align: center; font-size: 24px;""><b>回阳救急汤</b></div>",方剂学::各方剂合集::温里剂::回阳救逆剂,2,"方歌::[[回阳救急麝六君]],[[桂附两姜五味寻]]。<br>[[回阳固脱益气脉]],[[三阴寒厥建奇勋]]<br>###组成::[[熟附子、干姜、人参、白术、茯苓、炙甘草、陈皮、半夏、肉桂、五味子、麝香、生姜]]<br>###主治::[[寒邪直中三阴，真阳衰微]]证。恶寒蜷卧，四肢厥冷，吐泻腹痛，口淡不渴，神疲欲寐，或身寒战栗，或唇甲青紫，或口吐涎沫，舌淡苔白，脉沉微甚或无脉<br>###功用::[[回阳固脱，益气生脉]]","方歌::[[回阳救急麝六君]],[[桂附两姜五味寻]]。<br>[[回阳固脱益气脉]],[[三阴寒厥建奇勋]]<br>###组成::[[熟附子、干姜、人参、白术、茯苓、炙甘草、陈皮、半夏、肉桂、五味子、麝香、生姜]]<br>###主治::[[寒邪直中三阴，真阳衰微]]证。恶寒蜷卧，四肢厥冷，吐泻腹痛，口淡不渴，神疲欲寐，或身寒战栗，或唇甲青紫，或口吐涎沫，舌淡苔白，脉沉微甚或无脉<br>###功用::[[回阳固脱，益气生脉]]"
"<div style=""text-align: center; font-size: 24px;""><b>当归四逆汤</b></div>",方剂学::各方剂合集::温里剂::温经散寒剂,2,"方歌::[[当归四逆桂芍枣]],[[细辛甘草与通草]]。<br>[[血虚寒厥手足冷]],[[温经散寒血脉好]]<br>###组成::[[当归、芍药、桂枝、细辛、大枣、炙甘草、通草]]<br>###主治::[[【*血虚寒厥::血虚寒凝经脉证*】]]证。手足厥寒，口不渴，舌淡苔白，脉细欲绝或沉细者；或寒入经络，腰、股、腿、足、肩臂疼痛<br>###功用::[[温经散寒，养血通脉]]","方歌::[[当归四逆桂芍枣]],[[细辛甘草与通草]]。<br>[[血虚寒厥手足冷]],[[温经散寒血脉好]]<br>###组成::[[当归、芍药、桂枝、细辛、大枣、炙甘草、通草]]<br>###主治::[[【*血虚寒厥::血虚寒凝经脉证*】]]证。手足厥寒，口不渴，舌淡苔白，脉细欲绝或沉细者；或寒入经络，腰、股、腿、足、肩臂疼痛<br>###功用::[[温经散寒，养血通脉]]"
"<div style=""text-align: center; font-size: 24px;""><b>阳和汤</b></div>",方剂学::各方剂合集::温里剂::温经散寒剂,2,"方歌::[[阳和汤法解寒凝]],[[贴骨流注鹤膝风]]。<br>[[熟地鹿胶姜炭桂]],[[麻黄白芥甘草从]]<br>###组成::[[熟地黄、鹿角胶、肉桂、炮姜炭、麻黄、白芥子、生甘草]]<br>###主治::[[阴疽]]。如贴骨疽、脱疽、流注、痰核、鹤膝风等，患处漫肿无头，皮色不变，酸痛无热，口中不渴，舌淡苔白，脉沉细或迟细<br>###功用::[[温阳补血，散寒通滞]]","方歌::[[阳和汤法解寒凝]],[[贴骨流注鹤膝风]]。<br>[[熟地鹿胶姜炭桂]],[[麻黄白芥甘草从]]<br>###组成::[[熟地黄、鹿角胶、肉桂、炮姜炭、麻黄、白芥子、生甘草]]<br>###主治::[[阴疽]]。如贴骨疽、脱疽、流注、痰核、鹤膝风等，患处漫肿无头，皮色不变，酸痛无热，口中不渴，舌淡苔白，脉沉细或迟细<br>###功用::[[温阳补血，散寒通滞]]"
"<div style=""text-align: center; font-size: 24px;""><b>黄芪桂枝五物汤</b></div>",方剂学::各方剂合集::温里剂::温经散寒剂,2,"方歌::[[黄芪桂枝五物汤]],[[芍药大枣与生姜]]。<br>[[益气温经营通痹]],[[营卫虚弱血痹良]]<br>###组成::[[「黄芪」、桂枝、芍药、生姜、大枣]]<br>###主治::[[【*血痹::营卫气血虚+风寒*】]]。肌肤麻木不仁，或肢节疼痛，或汗出恶风，舌淡苔白，脉微涩而紧<br>###功用::[[益气温经，和营通痹(和血通痹)]]","方歌::[[黄芪桂枝五物汤]],[[芍药大枣与生姜]]。<br>[[益气温经营通痹]],[[营卫虚弱血痹良]]<br>###组成::[[「黄芪」、桂枝、芍药、生姜、大枣]]<br>###主治::[[【*血痹::营卫气血虚+风寒*】]]。肌肤麻木不仁，或肢节疼痛，或汗出恶风，舌淡苔白，脉微涩而紧<br>###功用::[[益气温经，和营通痹(和血通痹)]]"
"<div style=""text-align: center; font-size: 24px;""><b>大柴胡汤</b></div>",方剂学::各方剂合集::表里双解剂::解表攻里剂,2,"方歌::[[大柴胡汤用大黄]],[[枳芩夏芍枣生姜]]。<br>[[少阳阳明同合病]],[[和解少阳热结镶]]<br>###组成::[[柴胡、黄芩、芍药、半夏、枳实、大黄、大枣、生姜]]<br>###主治::[[少阳阳明合病]]。往来寒热，胸胁苦满，呕不止，郁郁微烦，心下满痛或心下痞硬，大便不解或协热下利，舌苔黄，脉弦数有力<br>###功用::[[和解少阳，内泻热结]]","方歌::[[大柴胡汤用大黄]],[[枳芩夏芍枣生姜]]。<br>[[少阳阳明同合病]],[[和解少阳热结镶]]<br>###组成::[[柴胡、黄芩、芍药、半夏、枳实、大黄、大枣、生姜]]<br>###主治::[[少阳阳明合病]]。往来寒热，胸胁苦满，呕不止，郁郁微烦，心下满痛或心下痞硬，大便不解或协热下利，舌苔黄，脉弦数有力<br>###功用::[[和解少阳，内泻热结]]"
"<div style=""text-align: center; font-size: 24px;""><b>防风通圣散</b></div>",方剂学::各方剂合集::表里双解剂::解表攻里剂,2,"方歌::[[防风通圣大黄硝]],[[荆芥麻黄栀芍翘]]。<br>[[甘桔芎归膏滑石]],[[薄荷芩术力偏饶]]。<br>[[疏风解表热便泻]],[[表里俱实风热消]]<br>###组成::[[麻黄、防风、薄荷叶、连翘、大黄、芒硝、川芎、当归、芍药、桔梗、黄芩、石膏、滑石、甘草、荆芥、白术、栀子、生姜]]<br>###主治::[[风热壅盛，表里俱实]]证。憎寒壮热，头目昏眩，目赤睛痛，口苦而干，咽喉不利，胸膈痞闷，咳呕喘满，涕唾黏稠，大便秘结，小便赤涩，舌苔黄腻，脉数有力。并治疮疡肿毒，肠风痔漏，鼻赤，丹斑瘾疹等<br>###功用::[[疏风解表，泻热通便]]","方歌::[[防风通圣大黄硝]],[[荆芥麻黄栀芍翘]]。<br>[[甘桔芎归膏滑石]],[[薄荷芩术力偏饶]]。<br>[[疏风解表热便泻]],[[表里俱实风热消]]<br>###组成::[[麻黄、防风、薄荷叶、连翘、大黄、芒硝、川芎、当归、芍药、桔梗、黄芩、石膏、滑石、甘草、荆芥、白术、栀子、生姜]]<br>###主治::[[风热壅盛，表里俱实]]证。憎寒壮热，头目昏眩，目赤睛痛，口苦而干，咽喉不利，胸膈痞闷，咳呕喘满，涕唾黏稠，大便秘结，小便赤涩，舌苔黄腻，脉数有力。并治疮疡肿毒，肠风痔漏，鼻赤，丹斑瘾疹等<br>###功用::[[疏风解表，泻热通便]]"
"<div style=""text-align: center; font-size: 24px;""><b>疏凿饮子</b></div>",方剂学::各方剂合集::表里双解剂::解表攻里剂,2,"方歌::[[疏凿槟榔及商陆]],[[苓皮大腹同椒目]]。<br>[[赤豆艽羌泻木通]],[[煎加生姜阳水服]]<br>###组成::[[泽泻、赤小豆、「炒商陆」、羌活去芦、大腹皮、椒目、木通、秦艽去芦、槟榔、茯苓皮、生姜]]<br>###主治::[[阳水]]。遍身水肿，喘呼气急，烦躁口渴，二便不利，脉沉实<br>###功用::[[泻下逐水，疏风消肿]]","方歌::[[疏凿槟榔及商陆]],[[苓皮大腹同椒目]]。<br>[[赤豆艽羌泻木通]],[[煎加生姜阳水服]]<br>###组成::[[泽泻、赤小豆、「炒商陆」、羌活去芦、大腹皮、椒目、木通、秦艽去芦、槟榔、茯苓皮、生姜]]<br>###主治::[[阳水]]。遍身水肿，喘呼气急，烦躁口渴，二便不利，脉沉实<br>###功用::[[泻下逐水，疏风消肿]]"
"<div style=""text-align: center; font-size: 24px;""><b>葛根黄芩黄连汤</b></div>",方剂学::各方剂合集::表里双解剂::解表清里剂,2,"方歌::[[葛根黄芩黄连汤]],[[再加甘草共煎尝]]。<br>[[邪陷阳明成热痢]],[[清里解表保安康]]<br>###组成::[[葛根、黄芩、黄连、炙甘草]]<br>###主治::[[表证未解，邪热入里]]证。身热，下利臭秽，胸脘烦热，口干渴，喘而汗出，舌红苔黄，脉数或促<br>###功用::[[解表清里(清泄里热，解肌散邪)]]","方歌::[[葛根黄芩黄连汤]],[[再加甘草共煎尝]]。<br>[[邪陷阳明成热痢]],[[清里解表保安康]]<br>###组成::[[葛根、黄芩、黄连、炙甘草]]<br>###主治::[[表证未解，邪热入里]]证。身热，下利臭秽，胸脘烦热，口干渴，喘而汗出，舌红苔黄，脉数或促<br>###功用::[[解表清里(清泄里热，解肌散邪)]]"
"<div style=""text-align: center; font-size: 24px;""><b>石膏汤</b></div>",方剂学::各方剂合集::表里双解剂::解表清里剂,2,"方歌::[[石膏汤用芩柏连]],[[麻黄豆鼓山栀全]]。<br>[[清热解毒兼发汗]],[[表里三焦热盛宣]]<br>###组成::[[麻黄、「石膏」、黄芩、黄连、黄柏、栀子、香豉]]<br>###主治::[[伤寒表证未解，里热已炽]]证。壮热无汗，身体沉重拘急，鼻干口渴，烦躁不眠，神昏谵语，或发斑，脉滑数<br>###功用::[[清热解毒，发汗解表]]","方歌::[[石膏汤用芩柏连]],[[麻黄豆鼓山栀全]]。<br>[[清热解毒兼发汗]],[[表里三焦热盛宣]]<br>###组成::[[麻黄、「石膏」、黄芩、黄连、黄柏、栀子、香豉]]<br>###主治::[[伤寒表证未解，里热已炽]]证。壮热无汗，身体沉重拘急，鼻干口渴，烦躁不眠，神昏谵语，或发斑，脉滑数<br>###功用::[[清热解毒，发汗解表]]"
"<div style=""text-align: center; font-size: 24px;""><b>五积散</b></div>",方剂学::各方剂合集::表里双解剂::解表温里剂,2,"方歌::[[五积散治五般积]],[[麻黄苍茫芍归芎]]。<br>[[枳桔桂苓甘草朴]],[[陈皮半夏两姜葱]]。<br>[[表里气痰血积活]],[[寒湿气血痰积从]]<br>###组成::[[苍术、陈皮、甘草、茯苓、半夏、「白芷」、桔梗、枳壳、厚朴、芍药、川芎、当归、肉桂、干姜、「麻黄」、生姜]]<br>###主治::[[外感风寒，内伤生冷之五积]]证。身热无汗，头痛身疼，项背拘急，胸满恶食，呕吐腹痛，以及妇女血气不调，寒凝气滞所致心腹疼痛，月经不调等<br>###功用::[[发表温里，顺气化痰，活血消积]]","方歌::[[五积散治五般积]],[[麻黄苍茫芍归芎]]。<br>[[枳桔桂苓甘草朴]],[[陈皮半夏两姜葱]]。<br>[[表里气痰血积活]],[[寒湿气血痰积从]]<br>###组成::[[苍术、陈皮、甘草、茯苓、半夏、「白芷」、桔梗、枳壳、厚朴、芍药、川芎、当归、肉桂、干姜、「麻黄」、生姜]]<br>###主治::[[外感风寒，内伤生冷之五积]]证。身热无汗，头痛身疼，项背拘急，胸满恶食，呕吐腹痛，以及妇女血气不调，寒凝气滞所致心腹疼痛，月经不调等<br>###功用::[[发表温里，顺气化痰，活血消积]]"
"<div style=""text-align: center; font-size: 24px;""><b>四君子汤</b></div>",方剂学::各方剂合集::补益剂::补气剂,2,"方歌::[[四君子汤中和义]],[[参术茯苓甘草比]]。<br>[[益以夏陈名六君]],[[祛痰补益气虚饵]]。<br>[[除却半夏名异功]],[[或加香砂气滞使]]<br>###组成::[[人参、白术、茯苓、炙甘草]]<br>###主治::[[脾胃气虚]]证。面色萎白，语声低微，四肢乏力，食少便溏，舌淡苔白，脉虚弱<br>###功用::[[益气健脾]]","方歌::[[四君子汤中和义]],[[参术茯苓甘草比]]。<br>[[益以夏陈名六君]],[[祛痰补益气虚饵]]。<br>[[除却半夏名异功]],[[或加香砂气滞使]]<br>###组成::[[人参、白术、茯苓、炙甘草]]<br>###主治::[[脾胃气虚]]证。面色萎白，语声低微，四肢乏力，食少便溏，舌淡苔白，脉虚弱<br>###功用::[[益气健脾]]"
"<div style=""text-align: center; font-size: 24px;""><b>参苓白术散</b></div>",方剂学::各方剂合集::补益剂::补气剂,2,"方歌::[[参苓白术扁豆陈]],[[山药甘莲砂苡仁]]。<br>[[桔梗上浮兼保肺]],[[枣汤调服益脾神]]。<br>[[益气健脾祛湿气]],[[脾虚夹湿是方能]]<br>###组成::[[人参、白术、白茯苓、炒甘草、莲子肉、山药、薏苡仁、缩砂仁、白扁豆、桔梗、大枣]]<br>###主治::[[脾虚湿盛证]]。饮食不化，胸脘痞闷，肠鸣泄泻，气短四肢乏力，纳差食少，形体消瘦，(或吐或泻)，面色萎黄，舌淡苔白腻，脉虚缓。亦可用治肺脾气虚，痰湿咳嗽，痰多色白<br>###功用::[[益气健脾，渗湿止泻(益气健脾，祛湿理气)]]","方歌::[[参苓白术扁豆陈]],[[山药甘莲砂苡仁]]。<br>[[桔梗上浮兼保肺]],[[枣汤调服益脾神]]。<br>[[益气健脾祛湿气]],[[脾虚夹湿是方能]]<br>###组成::[[人参、白术、白茯苓、炒甘草、莲子肉、山药、薏苡仁、缩砂仁、白扁豆、桔梗、大枣]]<br>###主治::[[脾虚湿盛证]]。饮食不化，胸脘痞闷，肠鸣泄泻，气短四肢乏力，纳差食少，形体消瘦，(或吐或泻)，面色萎黄，舌淡苔白腻，脉虚缓。亦可用治肺脾气虚，痰湿咳嗽，痰多色白<br>###功用::[[益气健脾，渗湿止泻(益气健脾，祛湿理气)]]"
"<div style=""text-align: center; font-size: 24px;""><b>完带汤</b></div>",方剂学::各方剂合集::补益剂::补气剂,2,"方歌::[[完带汤中用白术]],[[山药人参白芍促]]。<br>[[苍术车前黑芥穗]],[[陈皮甘草与柴胡]]。<br>[[补脾疏肝止带湿]],[[脾虚肝郁湿带除]]<br>###组成::[[白术、山药、人参、白芍、苍术、车前子、甘草、陈皮、黑芥穗、柴胡]]<br>###主治::[[脾虚肝郁，湿浊下注之带下]]证。带下色白，清稀无臭，肢体倦怠，大便溏薄，舌淡苔白，脉缓或濡弱<br>###功用::[[补脾疏肝，化湿止带]]","方歌::[[完带汤中用白术]],[[山药人参白芍促]]。<br>[[苍术车前黑芥穗]],[[陈皮甘草与柴胡]]。<br>[[补脾疏肝止带湿]],[[脾虚肝郁湿带除]]<br>###组成::[[白术、山药、人参、白芍、苍术、车前子、甘草、陈皮、黑芥穗、柴胡]]<br>###主治::[[脾虚肝郁，湿浊下注之带下]]证。带下色白，清稀无臭，肢体倦怠，大便溏薄，舌淡苔白，脉缓或濡弱<br>###功用::[[补脾疏肝，化湿止带]]"
"<div style=""text-align: center; font-size: 24px;""><b>补中益气汤</b></div>",方剂学::各方剂合集::补益剂::补气剂,2,"方歌::[[补中益气芪术陈]],[[升柴参草当归身]]。<br>[[升阳举陷功独擅]],[[气虚发热亦堪珍]]<br>###组成::[[黄芪、人参、白术、炙甘草、陈皮、当归身、升麻、柴胡]]<br>###主治::1.[[脾气虚弱]]证。饮食减少，体倦肢软，少气懒言，面色跳白或萎黄，大便稀溏，脉虚软。<br>2.[[气虚发热]]证。身热，自汗，渴喜热饮，气短乏力，舌嫩红，脉大无力<br>3.[[中气下陷]]证。脱肛，子宫脱垂，久泻久痢，崩漏等，伴气短乏力，纳差便溏，舌淡，脉虚软<br>###功用::[[补中益气，升阳举陷]]","方歌::[[补中益气芪术陈]],[[升柴参草当归身]]。<br>[[升阳举陷功独擅]],[[气虚发热亦堪珍]]<br>###组成::[[黄芪、人参、白术、炙甘草、陈皮、当归身、升麻、柴胡]]<br>###主治::1.[[脾气虚弱]]证。饮食减少，体倦肢软，少气懒言，面色跳白或萎黄，大便稀溏，脉虚软。<br>2.[[气虚发热]]证。身热，自汗，渴喜热饮，气短乏力，舌嫩红，脉大无力<br>3.[[中气下陷]]证。脱肛，子宫脱垂，久泻久痢，崩漏等，伴气短乏力，纳差便溏，舌淡，脉虚软<br>###功用::[[补中益气，升阳举陷]]"
"<div style=""text-align: center; font-size: 24px;""><b>玉屏风散</b></div>",方剂学::各方剂合集::补益剂::补气剂,2,"方歌::[[玉屏风散最有灵]],[[芪术防风鼎足形]]。<br>[[表虚汗多易感冒]],[[益气固表止汗行]]<br>###组成::[[炙黄芪、白术、防风、大枣]]<br>###主治::[[表虚自汗]]。汗出恶风，面色跳白，易感风邪，舌淡苔薄白，脉浮虚。亦治虚人膝理不固，易于感冒<br>###功用::[[益气固表止汗]]","方歌::[[玉屏风散最有灵]],[[芪术防风鼎足形]]。<br>[[表虚汗多易感冒]],[[益气固表止汗行]]<br>###组成::[[炙黄芪、白术、防风、大枣]]<br>###主治::[[表虚自汗]]。汗出恶风，面色跳白，易感风邪，舌淡苔薄白，脉浮虚。亦治虚人膝理不固，易于感冒<br>###功用::[[益气固表止汗]]"
"<div style=""text-align: center; font-size: 24px;""><b>生脉散</b></div>",方剂学::各方剂合集::补益剂::补气剂,2,"方歌::[[生脉麦味与人参]],[[益气养阴敛汗神]]。<br>[[气少汗多兼口渴]],[[气阴两伤急煎斟]]<br>###组成::[[人参、麦冬、五味子]]<br>###主治::1.[[温热、暑热伤气耗阴]]。汗多神疲，肢体倦怠(乏力)，气短声低，懒言，咽干口渴。舌干红少苔，脉虚数<br>2.[[久咳肺虚，气阴两虚]]。干咳少痰，短气自汗，口干舌燥，脉虚细<br>###功用::[[益气生津，敛阴止汗(益气养阴，敛汗生脉)]]","方歌::[[生脉麦味与人参]],[[益气养阴敛汗神]]。<br>[[气少汗多兼口渴]],[[气阴两伤急煎斟]]<br>###组成::[[人参、麦冬、五味子]]<br>###主治::1.[[温热、暑热伤气耗阴]]。汗多神疲，肢体倦怠(乏力)，气短声低，懒言，咽干口渴。舌干红少苔，脉虚数<br>2.[[久咳肺虚，气阴两虚]]。干咳少痰，短气自汗，口干舌燥，脉虚细<br>###功用::[[益气生津，敛阴止汗(益气养阴，敛汗生脉)]]"
"<div style=""text-align: center; font-size: 24px;""><b>人参蛤蚧散</b></div>",方剂学::各方剂合集::补益剂::补气剂,2,"方歌::[[人参蛤蚧作散服]],[[杏苓桑皮草二母]]。<br>[[肺肾气虚蕴痰热]],[[咳喘痰血一并除]]<br>###组成::[[「蛤蚧」、「人参」、茯苓、炙甘草、桑白皮、杏仁、知母、贝母]]<br>###主治::肺肾气虚，痰热内蕴之[[咳喘]]证。咳嗽气喘，呼多吸少，声音低怯，痰稠色黄，或咳吐脓血，胸中烦热，身体羸瘦，或遍身浮肿，脉浮虚<br>###功用::[[补肺益肾，止咳定喘]]","方歌::[[人参蛤蚧作散服]],[[杏苓桑皮草二母]]。<br>[[肺肾气虚蕴痰热]],[[咳喘痰血一并除]]<br>###组成::[[「蛤蚧」、「人参」、茯苓、炙甘草、桑白皮、杏仁、知母、贝母]]<br>###主治::肺肾气虚，痰热内蕴之[[咳喘]]证。咳嗽气喘，呼多吸少，声音低怯，痰稠色黄，或咳吐脓血，胸中烦热，身体羸瘦，或遍身浮肿，脉浮虚<br>###功用::[[补肺益肾，止咳定喘]]"
"<div style=""text-align: center; font-size: 24px;""><b>保元汤</b></div>",方剂学::各方剂合集::补益剂::补气剂,2,"方歌::[[保元肉桂参草芪]],[[生姜一片元气齐]]。<br>[[益气温阳劳虚损]],[[倦怠畏寒痘疮虚]]<br>###组成::[[黄芪、人参、炙甘草、肉桂、生姜]]<br>###主治::[[虚损劳怯，元气不足]]证。症见倦怠乏力，少气畏寒；以及小儿痘疮，阳虚顶陷，不能发起灌浆者<br>###功用::[[益气温阳]]","方歌::[[保元肉桂参草芪]],[[生姜一片元气齐]]。<br>[[益气温阳劳虚损]],[[倦怠畏寒痘疮虚]]<br>###组成::[[黄芪、人参、炙甘草、肉桂、生姜]]<br>###主治::[[虚损劳怯，元气不足]]证。症见倦怠乏力，少气畏寒；以及小儿痘疮，阳虚顶陷，不能发起灌浆者<br>###功用::[[益气温阳]]"
"<div style=""text-align: center; font-size: 24px;""><b>举元煎</b></div>",方剂学::各方剂合集::补益剂::补气剂,2,"方歌::[[举元煎用人参草]],[[黄芪升麻白术好]]。<br>[[益气举陷气虚陷]],[[血崩血脱亡阳了]]<br>###组成::[[人参、黄芪、炙甘草、升麻、白术炒]]<br>###主治::[[气虚下陷]]，[[血崩血脱]]，[[亡阳垂危]]等证<br>###功用::[[益气举陷(补气固脱，升提摄血)]]","方歌::[[举元煎用人参草]],[[黄芪升麻白术好]]。<br>[[益气举陷气虚陷]],[[血崩血脱亡阳了]]<br>###组成::[[人参、黄芪、炙甘草、升麻、白术炒]]<br>###主治::[[气虚下陷]]，[[血崩血脱]]，[[亡阳垂危]]等证<br>###功用::[[益气举陷(补气固脱，升提摄血)]]"
"<div style=""text-align: center; font-size: 24px;""><b>升陷汤</b></div>",方剂学::各方剂合集::补益剂::补气剂,2,"方歌::[[升陷黄芪与柴胡]],[[升麻桔梗同知母]]。<br>[[益气升陷大气陷]],[[气短不足危似无]]<br>###组成::[[黄芪、知母、柴胡、桔梗、升麻]]<br>###主治::[[大气下陷]]证。症见气短不足以息，或努力呼吸，有似乎喘，或气息将停，危在顷刻，脉沉迟微弱，或叁伍不调<br>###功用::[[益气升陷]]","方歌::[[升陷黄芪与柴胡]],[[升麻桔梗同知母]]。<br>[[益气升陷大气陷]],[[气短不足危似无]]<br>###组成::[[黄芪、知母、柴胡、桔梗、升麻]]<br>###主治::[[大气下陷]]证。症见气短不足以息，或努力呼吸，有似乎喘，或气息将停，危在顷刻，脉沉迟微弱，或叁伍不调<br>###功用::[[益气升陷]]"
"<div style=""text-align: center; font-size: 24px;""><b>升阳益胃汤</b></div>",方剂学::各方剂合集::补益剂::补气剂,2,"方歌::[[升阳益胃参芪甘]],[[羌独陈夏术苓防]]。<br>[[柴泽白芍连姜枣]],[[益气升阳湿热彰]]<br>###组成::[[黄芪、半夏、人参、炙甘草、独活、防风、白芍药、羌活、橘皮、茯苓、柴胡、泽泻、白术、黄连、生姜、大枣]]<br>###主治::[[脾胃气虚，湿热内停]]证。症见怠惰嗜卧，四肢不收，肢体重痛，口苦舌干，饮食无味，食不消化，大便不调，小便赤涩(或脾胃虚弱，湿热滞留中焦证。饮食无味，食不消化，脘腹胀满，面白，畏风恶寒，头眩耳鸣，怠惰嗜卧，肢体重痛，大便不调，小便赤涩，口干舌干)<br>###功用::[[益气升阳，清热除湿]]","方歌::[[升阳益胃参芪甘]],[[羌独陈夏术苓防]]。<br>[[柴泽白芍连姜枣]],[[益气升阳湿热彰]]<br>###组成::[[黄芪、半夏、人参、炙甘草、独活、防风、白芍药、羌活、橘皮、茯苓、柴胡、泽泻、白术、黄连、生姜、大枣]]<br>###主治::[[脾胃气虚，湿热内停]]证。症见怠惰嗜卧，四肢不收，肢体重痛，口苦舌干，饮食无味，食不消化，大便不调，小便赤涩(或脾胃虚弱，湿热滞留中焦证。饮食无味，食不消化，脘腹胀满，面白，畏风恶寒，头眩耳鸣，怠惰嗜卧，肢体重痛，大便不调，小便赤涩，口干舌干)<br>###功用::[[益气升阳，清热除湿]]"
"<div style=""text-align: center; font-size: 24px;""><b>四物汤</b></div>",方剂学::各方剂合集::补益剂::补血剂,2,"方歌::[[四物地芍与归穹]],[[营血虚滞此方宗]]。<br>[[妇女经病凭加减]],[[补血和营可变通]]<br>###组成::[[熟地、当归、川芎、白芍]]<br>###主治::[[营血虚滞]]证。心悸失眠，头晕目眩，面色(唇甲)无华，形瘦乏力，妇人月经不调，量少或经闭不行，脐腹作痛，舌淡，脉细弦或细涩<br>###功用::[[补血和营(补血调血)]]","方歌::[[四物地芍与归穹]],[[营血虚滞此方宗]]。<br>[[妇女经病凭加减]],[[补血和营可变通]]<br>###组成::[[熟地、当归、川芎、白芍]]<br>###主治::[[营血虚滞]]证。心悸失眠，头晕目眩，面色(唇甲)无华，形瘦乏力，妇人月经不调，量少或经闭不行，脐腹作痛，舌淡，脉细弦或细涩<br>###功用::[[补血和营(补血调血)]]"
"<div style=""text-align: center; font-size: 24px;""><b>归脾汤</b></div>",方剂学::各方剂合集::补益剂::补血剂,2,"方歌::[[归脾汤用参术芪]],[[归草茯神远志齐]]。<br>[[酸枣木香龙眼肉]],[[煎加姜枣益心脾]]。<br>[[益气补血补心脾]],[[气血心脾不统血]]<br>###组成::[[黄芪、人参、白术、炙甘草、龙眼肉、酸枣仁、当归、远志、茯神、木香、生姜、大枣]]<br>###主治::1.[[心脾气血两虚]]证。心悸怔忡，健忘失眠，盗汗虚热，体倦食少，气短乏力，面色萎黄，舌淡苔薄白，脉细弱<br>2.[[脾不统血证]]。便血，皮下紫癜，妇女崩漏，月经超前，量多色淡，或淋漓不止，舌淡，脉细弱<br>###功用::[[益气补血，健脾养心]]","方歌::[[归脾汤用参术芪]],[[归草茯神远志齐]]。<br>[[酸枣木香龙眼肉]],[[煎加姜枣益心脾]]。<br>[[益气补血补心脾]],[[气血心脾不统血]]<br>###组成::[[黄芪、人参、白术、炙甘草、龙眼肉、酸枣仁、当归、远志、茯神、木香、生姜、大枣]]<br>###主治::1.[[心脾气血两虚]]证。心悸怔忡，健忘失眠，盗汗虚热，体倦食少，气短乏力，面色萎黄，舌淡苔薄白，脉细弱<br>2.[[脾不统血证]]。便血，皮下紫癜，妇女崩漏，月经超前，量多色淡，或淋漓不止，舌淡，脉细弱<br>###功用::[[益气补血，健脾养心]]"
"<div style=""text-align: center; font-size: 24px;""><b>当归补血汤</b></div>",方剂学::各方剂合集::补益剂::补血剂,2,"方歌::[[当归补血东垣笼]],[[黄芪一两归二钱]]。<br>[[血虚发热口烦渴]],[[脉大而虚宜此煎]]<br>###组成::[[黄芪、当归]]<br>###主治::1.[[血虚阳浮发热]]证。肌热面红，烦渴欲饮，脉洪大而虚，重按无力。2.治妇人经期、产后血虚发热头痛；或疮疡溃后，久不愈合者。<br>###功用::[[补气生血]]","方歌::[[当归补血东垣笼]],[[黄芪一两归二钱]]。<br>[[血虚发热口烦渴]],[[脉大而虚宜此煎]]<br>###组成::[[黄芪、当归]]<br>###主治::1.[[血虚阳浮发热]]证。肌热面红，烦渴欲饮，脉洪大而虚，重按无力。2.治妇人经期、产后血虚发热头痛；或疮疡溃后，久不愈合者。<br>###功用::[[补气生血]]"
"<div style=""text-align: center; font-size: 24px;""><b>补肝汤</b></div>",方剂学::各方剂合集::补益剂::补血剂,2,"方歌::[[补肝生地芍归芎]],[[酸枣木瓜甘草同]]。<br>[[养血柔肝经活血]],[[肝血眩晕经筋松]]<br>###组成::[[当归、生地、芍药、川芎、酸枣仁、木瓜、甘草]]<br>###主治::[[肝血不足]]。症见头目眩晕，少寐，月经量少，以及血不养筋，肢体麻木，小腿转筋<br>###功用::[[养血柔肝，活血调经]]","方歌::[[补肝生地芍归芎]],[[酸枣木瓜甘草同]]。<br>[[养血柔肝经活血]],[[肝血眩晕经筋松]]<br>###组成::[[当归、生地、芍药、川芎、酸枣仁、木瓜、甘草]]<br>###主治::[[肝血不足]]。症见头目眩晕，少寐，月经量少，以及血不养筋，肢体麻木，小腿转筋<br>###功用::[[养血柔肝，活血调经]]"
"<div style=""text-align: center; font-size: 24px;""><b>内补黄芪汤</b></div>",方剂学::各方剂合集::补益剂::气血双补剂,2,"方歌::[[内补黄芪地芍冬]],[[参苓远志加川芎]]。<br>[[当归甘草官桂并]],[[力补痈疽善后功]]。<br>[[温补气血又生肌]],[[气血两虚敛疮从]]<br>###组成::[[黄芪、人参、茯苓、炙甘草、肉桂、熟地、白芍、当归、川芎、麦冬、远志、生姜、大枣]]<br>###主治::[[痈疽溃后，气血两虚]]证。痈疽发背，溃后虚赢少气，溃疡作痛，或疮口经久不敛，脓水清稀，倦怠懒言，少食乏味，夜寐不安，自汗口干，间有发热、经久不退，舌淡苔白，脉细弱<br>###功用::[[温补气血，生肌敛疮]]","方歌::[[内补黄芪地芍冬]],[[参苓远志加川芎]]。<br>[[当归甘草官桂并]],[[力补痈疽善后功]]。<br>[[温补气血又生肌]],[[气血两虚敛疮从]]<br>###组成::[[黄芪、人参、茯苓、炙甘草、肉桂、熟地、白芍、当归、川芎、麦冬、远志、生姜、大枣]]<br>###主治::[[痈疽溃后，气血两虚]]证。痈疽发背，溃后虚赢少气，溃疡作痛，或疮口经久不敛，脓水清稀，倦怠懒言，少食乏味，夜寐不安，自汗口干，间有发热、经久不退，舌淡苔白，脉细弱<br>###功用::[[温补气血，生肌敛疮]]"
"<div style=""text-align: center; font-size: 24px;""><b>炙甘草汤</b></div>",方剂学::各方剂合集::补益剂::气血双补剂,2,"方歌::[[炙甘草汤参姜桂]],[[麦冬生地大麻仁]]。<br>[[大枣阿胶加酒服]],[[虚劳肺痿效如神]]。<br>[[气血阴阳定心悸]],[[通阳复脉肺得润]]<br>###组成::[[炙甘草、生姜、人参、生地黄、桂枝、阿胶、麦门冬、麻仁、大枣、清酒]]<br>###主治::1.[[阴血不足，阳气虚弱]]证。脉结代，心动悸，虚赢少气，舌光(红)少苔，或舌干而瘦小者<br>2.[[虚劳肺痿]]。咳嗽，涎唾多，形瘦短气，虚烦不眠，自汗盗汗，咽干舌燥，大便干结，脉虚数<br>###功用::[[滋阴养血，益气通阳，复脉定悸(润燥补肺宁嗽)(益气滋阴，通阳复脉)]]","方歌::[[炙甘草汤参姜桂]],[[麦冬生地大麻仁]]。<br>[[大枣阿胶加酒服]],[[虚劳肺痿效如神]]。<br>[[气血阴阳定心悸]],[[通阳复脉肺得润]]<br>###组成::[[炙甘草、生姜、人参、生地黄、桂枝、阿胶、麦门冬、麻仁、大枣、清酒]]<br>###主治::1.[[阴血不足，阳气虚弱]]证。脉结代，心动悸，虚赢少气，舌光(红)少苔，或舌干而瘦小者<br>2.[[虚劳肺痿]]。咳嗽，涎唾多，形瘦短气，虚烦不眠，自汗盗汗，咽干舌燥，大便干结，脉虚数<br>###功用::[[滋阴养血，益气通阳，复脉定悸(润燥补肺宁嗽)(益气滋阴，通阳复脉)]]"
"<div style=""text-align: center; font-size: 24px;""><b>八珍汤</b></div>",方剂学::各方剂合集::补益剂::气血双补剂,2,"方歌::[[双补气血八珍汤]],[[四君四物益枣姜]]。<br>[[再加黄芪与肉桂]],[[十全大补效更强]]<br>###组成::[[「熟地」、白芍、当归、川芎、「人参」、白术、茯苓、炙甘草、生姜、大枣]]<br>###主治::[[气血两虚]]证。面色苍白或萎黄，头晕目眩，四肢倦怠，乏力，气短懒言，心悸怔忡，失眠，饮食减少，舌淡苔薄白，脉细弱或虚大无力<br>###功用::[[益气补血]]","方歌::[[双补气血八珍汤]],[[四君四物益枣姜]]。<br>[[再加黄芪与肉桂]],[[十全大补效更强]]<br>###组成::[[「熟地」、白芍、当归、川芎、「人参」、白术、茯苓、炙甘草、生姜、大枣]]<br>###主治::[[气血两虚]]证。面色苍白或萎黄，头晕目眩，四肢倦怠，乏力，气短懒言，心悸怔忡，失眠，饮食减少，舌淡苔薄白，脉细弱或虚大无力<br>###功用::[[益气补血]]"
"<div style=""text-align: center; font-size: 24px;""><b>人参养荣汤</b></div>",方剂学::各方剂合集::补益剂::气血双补剂,2,"方歌::[[人参养荣用四君]],[[熟归白芍五味寻]]。<br>[[黄芪桂心陈远志]],[[益气补血养心神]]<br>###组成::[[黄芪、当归、桂心、炙甘草、人参、白术、陈皮、茯苓、熟地、白芍、五味子、远志、生姜、大枣]]<br>###主治::[[心脾气血两虚]]证。倦怠乏力，食少无味，惊悸健忘，夜寐不安，虚热自汗，咽干唇燥，形体消瘦，皮肤干枯，咳嗽气短，动则喘甚，或疮疡溃后气血不足，寒热不退，疮口久不收敛<br>###功用::[[益气补血，养心安神]]","方歌::[[人参养荣用四君]],[[熟归白芍五味寻]]。<br>[[黄芪桂心陈远志]],[[益气补血养心神]]<br>###组成::[[黄芪、当归、桂心、炙甘草、人参、白术、陈皮、茯苓、熟地、白芍、五味子、远志、生姜、大枣]]<br>###主治::[[心脾气血两虚]]证。倦怠乏力，食少无味，惊悸健忘，夜寐不安，虚热自汗，咽干唇燥，形体消瘦，皮肤干枯，咳嗽气短，动则喘甚，或疮疡溃后气血不足，寒热不退，疮口久不收敛<br>###功用::[[益气补血，养心安神]]"
"<div style=""text-align: center; font-size: 24px;""><b>泰山磐石散</b></div>",方剂学::各方剂合集::补益剂::气血双补剂,2,"方歌::[[泰山磐石八珍全]],[[去苓加芪芩断联]]。<br>[[再益砂仁及糯米]],[[妇人胎动可安全]]。<br>[[益气健脾胎养血]],[[堕胎滑胎气血连]]<br>###组成::[[黄芪、人参、白术、炙甘草、当归、川芎、白芍、熟地黄、续断、糯米、黄芩、砂仁]]<br>###主治::[[气血虚弱胎元不固]]证。症见妇人妊娠胎动不安，面色淡白，倦怠无力，不思饮食，舌淡，脉浮滑无力(或沉弱)，或屡有堕胎史者。<br>###功用::[[益气健脾，养血安胎]]","方歌::[[泰山磐石八珍全]],[[去苓加芪芩断联]]。<br>[[再益砂仁及糯米]],[[妇人胎动可安全]]。<br>[[益气健脾胎养血]],[[堕胎滑胎气血连]]<br>###组成::[[黄芪、人参、白术、炙甘草、当归、川芎、白芍、熟地黄、续断、糯米、黄芩、砂仁]]<br>###主治::[[气血虚弱胎元不固]]证。症见妇人妊娠胎动不安，面色淡白，倦怠无力，不思饮食，舌淡，脉浮滑无力(或沉弱)，或屡有堕胎史者。<br>###功用::[[益气健脾，养血安胎]]"
"<div style=""text-align: center; font-size: 24px;""><b>六味地黄丸</b></div>",方剂学::各方剂合集::补益剂::补明剂,2,"方歌::[[六味地黄益肾肝]],[[山药茱萸苓泽丹]]。<br>[[阴虚火旺加知柏]],[[养肝明目杞菊煎]]。<br>[[若加五味成都气]],[[再入麦冬长寿丸]]<br>###组成::[[熟地黄、山萸肉、干山药、泽泻、丹皮、茯苓]]<br>###主治::[[肾阴虚]]证、[[肾阴精不足]]证、[[肝肾阴虚]]证。腰膝酸软，头晕目眩，耳鸣耳聋，盗汗，遗精，消渴，骨蒸潮热，手足心热，舌燥咽痛(口燥咽干)，牙齿动摇，足跟作痛，小便淋沥，以及小儿囟门不合，舌红少苔，脉沉细数<br>###功用::[[填精滋阴补肾/滋补肝肾]]","方歌::[[六味地黄益肾肝]],[[山药茱萸苓泽丹]]。<br>[[阴虚火旺加知柏]],[[养肝明目杞菊煎]]。<br>[[若加五味成都气]],[[再入麦冬长寿丸]]<br>###组成::[[熟地黄、山萸肉、干山药、泽泻、丹皮、茯苓]]<br>###主治::[[肾阴虚]]证、[[肾阴精不足]]证、[[肝肾阴虚]]证。腰膝酸软，头晕目眩，耳鸣耳聋，盗汗，遗精，消渴，骨蒸潮热，手足心热，舌燥咽痛(口燥咽干)，牙齿动摇，足跟作痛，小便淋沥，以及小儿囟门不合，舌红少苔，脉沉细数<br>###功用::[[填精滋阴补肾/滋补肝肾]]"
"<div style=""text-align: center; font-size: 24px;""><b>一贯煎</b></div>",方剂学::各方剂合集::补益剂::补明剂,2,"方歌::[[一贯煎中生地黄]],[[沙参归杞麦冬藏]]。<br>[[少佐川楝泄肝气]],[[阴虚肝郁此方良]]<br>###组成::[[生地黄、麦冬、北沙参、当归、枸杞子、川楝子]]<br>###主治::1.[[肝肾阴虚，肝气郁滞]]证。胸脘胁痛，吞酸吐苦，咽干口燥，舌红少津，脉细弱或虚弦<br>2.亦治[[疝气瘕聚]]<br>###功用::[[滋阴疏肝]]","方歌::[[一贯煎中生地黄]],[[沙参归杞麦冬藏]]。<br>[[少佐川楝泄肝气]],[[阴虚肝郁此方良]]<br>###组成::[[生地黄、麦冬、北沙参、当归、枸杞子、川楝子]]<br>###主治::1.[[肝肾阴虚，肝气郁滞]]证。胸脘胁痛，吞酸吐苦，咽干口燥，舌红少津，脉细弱或虚弦<br>2.亦治[[疝气瘕聚]]<br>###功用::[[滋阴疏肝]]"
"<div style=""text-align: center; font-size: 24px;""><b>补肺阿胶汤</b></div>",方剂学::各方剂合集::补益剂::补明剂,2,"方歌::[[补肺阿胶马兜铃]],[[鼠黏甘草杏糯停]]。<br>[[肺虚火盛人当服]],[[顺气生津嗽哽宁]]<br>###组成::[[「阿胶」、鼠黏子(牛蒡子)、马兜铃、杏仁、糯米、炙甘草]]<br>###主治::[[【*肺虚热盛::病机:肺阴虚而感受外邪，邪从热化)咳嗽气喘，咽喉干燥，喉中有声，咯痰不爽或痰中带血，舌红少苔，脉细数*】]]，或(小儿)肺阴虚有热证。<br>###功用::[[养阴补肺，清热止血(养阴补肺，镇咳止血)]]","方歌::[[补肺阿胶马兜铃]],[[鼠黏甘草杏糯停]]。<br>[[肺虚火盛人当服]],[[顺气生津嗽哽宁]]<br>###组成::[[「阿胶」、鼠黏子(牛蒡子)、马兜铃、杏仁、糯米、炙甘草]]<br>###主治::[[【*肺虚热盛::病机:肺阴虚而感受外邪，邪从热化)咳嗽气喘，咽喉干燥，喉中有声，咯痰不爽或痰中带血，舌红少苔，脉细数*】]]，或(小儿)肺阴虚有热证。<br>###功用::[[养阴补肺，清热止血(养阴补肺，镇咳止血)]]"
"<div style=""text-align: center; font-size: 24px;""><b>石斛夜光丸</b></div>",方剂学::各方剂合集::补益剂::补明剂,2,"方歌::[[石斛夜光枳膝芎]],[[二地二冬杞丝苁]]。<br>[[青葙草决犀羚角]],[[参味连苓蒺草风]]。<br>[[再与杏菊山药配]],[[养阴明目第一功]]<br>###组成::[[熟地、生地、天冬、麦冬、石斛、人参、茯苓、山药、炙甘草、枸杞子、菟丝子、五味子、沙苑、蒺藜、牛膝、肉苁蓉、防风、川芎、枳壳、杏仁、羚羊角、生乌犀、黄连、决明子、青葙子、甘菊]]<br>###主治::[[肝肾不足，虚火上扰]]证。瞳神散大，视物昏花，畏光流泪，头晕目眩，以及内障等症<br>###功用::[[滋补肝肾，清热明目(平肝息风，滋阴明目)]]","方歌::[[石斛夜光枳膝芎]],[[二地二冬杞丝苁]]。<br>[[青葙草决犀羚角]],[[参味连苓蒺草风]]。<br>[[再与杏菊山药配]],[[养阴明目第一功]]<br>###组成::[[熟地、生地、天冬、麦冬、石斛、人参、茯苓、山药、炙甘草、枸杞子、菟丝子、五味子、沙苑、蒺藜、牛膝、肉苁蓉、防风、川芎、枳壳、杏仁、羚羊角、生乌犀、黄连、决明子、青葙子、甘菊]]<br>###主治::[[肝肾不足，虚火上扰]]证。瞳神散大，视物昏花，畏光流泪，头晕目眩，以及内障等症<br>###功用::[[滋补肝肾，清热明目(平肝息风，滋阴明目)]]"
"<div style=""text-align: center; font-size: 24px;""><b>大补阴丸</b></div>",方剂学::各方剂合集::补益剂::补明剂,2,"方歌::[[大补阴丸知柏黄]],[[龟板脊髓蜜成方]]。<br>[[咳嗽咯血骨蒸热]],[[阴虚火旺制亢阳]]<br>###组成::[[「熟地黄」、「龟板」、黄柏、知母、猪骨髓、蜂蜜]]<br>###主治::[[阴虚火旺]]证。骨蒸潮热，盗汗遗精，咳嗽咯血，心烦易怒，足膝疼热，或消渴易饥，舌红少苔，尺脉数而有力<br>###功用::[[滋阴降火]]","方歌::[[大补阴丸知柏黄]],[[龟板脊髓蜜成方]]。<br>[[咳嗽咯血骨蒸热]],[[阴虚火旺制亢阳]]<br>###组成::[[「熟地黄」、「龟板」、黄柏、知母、猪骨髓、蜂蜜]]<br>###主治::[[阴虚火旺]]证。骨蒸潮热，盗汗遗精，咳嗽咯血，心烦易怒，足膝疼热，或消渴易饥，舌红少苔，尺脉数而有力<br>###功用::[[滋阴降火]]"
"<div style=""text-align: center; font-size: 24px;""><b>虎潜丸</b></div>",方剂学::各方剂合集::补益剂::补明剂,2,"方歌::[[虎潜足疾是妙方]],[[虎骨陈皮并锁阳]]。<br>[[龟板干姜知母芍]],[[再加柏地作丸尝]]。<br>[[滋阴降火强壮骨]],[[肝肾不足虚热良]]<br>###组成::[[熟地黄、龟板、黄柏、知母、白芍、锁阳、虎骨、干姜、陈皮]]<br>###主治::肝肾不足，阴虚内热之[[痿证]]。腰膝酸软，筋骨痿弱，步履乏力，遗尿，或眩晕，耳鸣，遗精，舌红少苔，脉细弱<br>###功用::[[滋阴降火，强壮筋骨]]","方歌::[[虎潜足疾是妙方]],[[虎骨陈皮并锁阳]]。<br>[[龟板干姜知母芍]],[[再加柏地作丸尝]]。<br>[[滋阴降火强壮骨]],[[肝肾不足虚热良]]<br>###组成::[[熟地黄、龟板、黄柏、知母、白芍、锁阳、虎骨、干姜、陈皮]]<br>###主治::肝肾不足，阴虚内热之[[痿证]]。腰膝酸软，筋骨痿弱，步履乏力，遗尿，或眩晕，耳鸣，遗精，舌红少苔，脉细弱<br>###功用::[[滋阴降火，强壮筋骨]]"
"<div style=""text-align: center; font-size: 24px;""><b>左归丸</b></div>",方剂学::各方剂合集::补益剂::补明剂,2,"方歌::[[左归丸内山药地]],[[萸肉牛膝与枸杞]]。<br>[[菟丝龟鹿二胶合]],[[滋阴补肾精髓齐]]<br>###组成::[[「熟地」、山药、山茱萸肉、枸杞子、菟丝子、鹿角胶、龟板胶、川牛膝]]<br>###主治::[[真阴不足]]证。腰酸腿软，头晕眼花，(形体羸瘦)耳聋失眠，遗精滑泄，自汗盗汗，口燥舌干，舌红少苔，脉细(真阴不足，精髓亏损)<br>###功用::[[滋阴补肾，填精益髓(滋肾填阴，育阴潜阳)]]","方歌::[[左归丸内山药地]],[[萸肉牛膝与枸杞]]。<br>[[菟丝龟鹿二胶合]],[[滋阴补肾精髓齐]]<br>###组成::[[「熟地」、山药、山茱萸肉、枸杞子、菟丝子、鹿角胶、龟板胶、川牛膝]]<br>###主治::[[真阴不足]]证。腰酸腿软，头晕眼花，(形体羸瘦)耳聋失眠，遗精滑泄，自汗盗汗，口燥舌干，舌红少苔，脉细(真阴不足，精髓亏损)<br>###功用::[[滋阴补肾，填精益髓(滋肾填阴，育阴潜阳)]]"
"<div style=""text-align: center; font-size: 24px;""><b>左归饮</b></div>",方剂学::各方剂合集::补益剂::补明剂,2,"方歌::[[左归饮来补肾阴]],[[熟地山药茱萸跟]]。<br>[[枸杞苓草同煎服]],[[肾阴不足此方寻]]<br>###组成::[[熟地、山药、山茱萸、枸杞子、茯苓、炙甘草]]<br>###主治::[[真阴不足]]证。腰酸遗泄，盗汗，口燥咽干，口渴欲饮，舌尖红，脉细数<br>###功用::[[补肾益阴]]","方歌::[[左归饮来补肾阴]],[[熟地山药茱萸跟]]。<br>[[枸杞苓草同煎服]],[[肾阴不足此方寻]]<br>###组成::[[熟地、山药、山茱萸、枸杞子、茯苓、炙甘草]]<br>###主治::[[真阴不足]]证。腰酸遗泄，盗汗，口燥咽干，口渴欲饮，舌尖红，脉细数<br>###功用::[[补肾益阴]]"
"<div style=""text-align: center; font-size: 24px;""><b>肾气丸</b></div>",方剂学::各方剂合集::补益剂::补阳剂,2,"方歌::[[金匮肾气肾阳虚]],[[地黄山药及山茱]]。<br>[[丹皮苓泽加桂附]],[[补肾助阳此方居]]<br>###组成::[[干地黄、山药、山茱萸、泽泻、茯苓、丹皮、桂枝、炮附子]]<br>###主治::[[肾阳不足证]]。<br>1.腰痛脚软，身半以下常有冷感，少腹拘急，小便不利，或小便反多，入夜尤甚，阳痿早泄，舌淡而胖，脉虚弱，尺部沉细或沉弱而迟。<br>2.痰饮，水肿，脚气，转胞，消渴<br>###功用::[[补肾助阳，化生肾气]]","方歌::[[金匮肾气肾阳虚]],[[地黄山药及山茱]]。<br>[[丹皮苓泽加桂附]],[[补肾助阳此方居]]<br>###组成::[[干地黄、山药、山茱萸、泽泻、茯苓、丹皮、桂枝、炮附子]]<br>###主治::[[肾阳不足证]]。<br>1.腰痛脚软，身半以下常有冷感，少腹拘急，小便不利，或小便反多，入夜尤甚，阳痿早泄，舌淡而胖，脉虚弱，尺部沉细或沉弱而迟。<br>2.痰饮，水肿，脚气，转胞，消渴<br>###功用::[[补肾助阳，化生肾气]]"
"<div style=""text-align: center; font-size: 24px;""><b>右归丸</b></div>",方剂学::各方剂合集::补益剂::补阳剂,2,"方歌::[[右归饮中用附桂]],[[地杞萸药杜草需]]。<br>[[温补肾阳填精血]],[[肾阳不足效亦追]]<br>###组成::[[熟地、山药、山茱萸、枸杞、肉桂、制附子、杜仲、炙甘草]]<br>###主治::[[肾阳不足]]证。气怯神疲，腹痛腰酸，手足不温，及阳痿遗精，大便溏薄，小便频多，舌淡苔薄，脉来虚细者，或阴盛洛阳，真寒假热之证<br>###功用::[[温补肾阳，填精补血]]","方歌::[[右归饮中用附桂]],[[地杞萸药杜草需]]。<br>[[温补肾阳填精血]],[[肾阳不足效亦追]]<br>###组成::[[熟地、山药、山茱萸、枸杞、肉桂、制附子、杜仲、炙甘草]]<br>###主治::[[肾阳不足]]证。气怯神疲，腹痛腰酸，手足不温，及阳痿遗精，大便溏薄，小便频多，舌淡苔薄，脉来虚细者，或阴盛洛阳，真寒假热之证<br>###功用::[[温补肾阳，填精补血]]"
"<div style=""text-align: center; font-size: 24px;""><b>地黄饮子</b></div>",方剂学::各方剂合集::补益剂::阴阳并补剂,2,"方歌::[[地黄饮子山茱斛]],[[麦味菖蒲远志茯]]。<br>[[苁蓉桂附巴戟天]],[[少入薄荷姜枣服]]。<br>[[滋阴补肾窍痰化]],[[暗痱舌强与足废]]<br>###组成::[[熟干地、肉苁蓉、巴戟天、山茱萸、石斛、炮附子、五味子、官桂、白茯苓、麦冬、远志、石菖蒲、生姜、大枣、薄荷]]<br>###主治::下元虚衰，痰浊上逆之喑[[痱证]]。舌强不能言，足废不能用，口干不欲饮，足冷面赤，脉沉细弱<br>###功用::[[滋肾阴，补肾阳，开窍化痰]]","方歌::[[地黄饮子山茱斛]],[[麦味菖蒲远志茯]]。<br>[[苁蓉桂附巴戟天]],[[少入薄荷姜枣服]]。<br>[[滋阴补肾窍痰化]],[[暗痱舌强与足废]]<br>###组成::[[熟干地、肉苁蓉、巴戟天、山茱萸、石斛、炮附子、五味子、官桂、白茯苓、麦冬、远志、石菖蒲、生姜、大枣、薄荷]]<br>###主治::下元虚衰，痰浊上逆之喑[[痱证]]。舌强不能言，足废不能用，口干不欲饮，足冷面赤，脉沉细弱<br>###功用::[[滋肾阴，补肾阳，开窍化痰]]"
"<div style=""text-align: center; font-size: 24px;""><b>七宝美髯丹</b></div>",方剂学::各方剂合集::补益剂::阴阳并补剂,2,"方歌::[[七宝美髯何首乌]],[[菟丝牛膝茯苓俱]]。<br>[[骨脂枸杞当归合]],[[专益肝肾精血虚]]<br>###组成::[[「赤白何首乌」、枸杞子、菟丝子、当归、补骨脂、牛膝、赤白茯苓]]<br>###主治::[[肝肾不足]]证。须发早白，脱发，牙齿动摇，腰膝酸软，梦遗滑精，肾虚不育<br>###功用::[[补益肝肾，乌发壮骨]]","方歌::[[七宝美髯何首乌]],[[菟丝牛膝茯苓俱]]。<br>[[骨脂枸杞当归合]],[[专益肝肾精血虚]]<br>###组成::[[「赤白何首乌」、枸杞子、菟丝子、当归、补骨脂、牛膝、赤白茯苓]]<br>###主治::[[肝肾不足]]证。须发早白，脱发，牙齿动摇，腰膝酸软，梦遗滑精，肾虚不育<br>###功用::[[补益肝肾，乌发壮骨]]"
"<div style=""text-align: center; font-size: 24px;""><b>龟鹿二仙胶</b></div>",方剂学::各方剂合集::补益剂::阴阳并补剂,2,"方歌::[[龟鹿二仙最守真]],[[补人三宝精气神]]。<br>[[人参枸杞和龟鹿]],[[益寿延年实可珍]]。<br>[[滋阴填精气阳壮]],[[腰酸目昏精血损]]<br>###组成::[[「鹿角胶」、「龟板胶」、人参、枸杞子、酒]]<br>###主治::[[真元虚损，精血不足]]证。腰膝酸软，形体瘦削，两目昏花，发脱齿摇，阳痿遗精，久不孕育<br>###功用::[[滋阴填精，益气壮阳]]","方歌::[[龟鹿二仙最守真]],[[补人三宝精气神]]。<br>[[人参枸杞和龟鹿]],[[益寿延年实可珍]]。<br>[[滋阴填精气阳壮]],[[腰酸目昏精血损]]<br>###组成::[[「鹿角胶」、「龟板胶」、人参、枸杞子、酒]]<br>###主治::[[真元虚损，精血不足]]证。腰膝酸软，形体瘦削，两目昏花，发脱齿摇，阳痿遗精，久不孕育<br>###功用::[[滋阴填精，益气壮阳]]"
"<div style=""text-align: center; font-size: 24px;""><b>补天大造丸</b></div>",方剂学::各方剂合集::补益剂::阴阳并补剂,2,"方歌::[[补天大造治虚劳]],[[参芪术归枣白芍]]。<br>[[龟鹿用胶河车远]],[[枸杞熟地苓山药]]<br>###组成::[[人参、黄芪、白术、当归、枣仁、远志、白芍、山药、茯苓、枸杞子、大熟地、「紫河车」、鹿角胶、龟板胶]]<br>###主治::[[虚劳]]。气短乏力，食少神疲，心悸失眠，腰膝酸软，头晕目眩等<br>###功用::[[补五脏磨损]]","方歌::[[补天大造治虚劳]],[[参芪术归枣白芍]]。<br>[[龟鹿用胶河车远]],[[枸杞熟地苓山药]]<br>###组成::[[人参、黄芪、白术、当归、枣仁、远志、白芍、山药、茯苓、枸杞子、大熟地、「紫河车」、鹿角胶、龟板胶]]<br>###主治::[[虚劳]]。气短乏力，食少神疲，心悸失眠，腰膝酸软，头晕目眩等<br>###功用::[[补五脏磨损]]"
"<div style=""text-align: center; font-size: 24px;""><b>朱砂安神丸</b></div>",方剂学::各方剂合集::安神剂::重镇安神剂,2,"方歌::[[朱砂安神东垣方]],[[归连甘草合地黄]]。<br>[[怔仲不寐心烦乱]],[[镇心泻火养阴康]]<br>###组成::[[朱砂、黄连、炙甘草、生地黄、当归、]]<br>###主治::[[心火偏亢，阴血不足]]证。心神烦乱，惊悸怔忡，失眠多梦，甚则欲吐不果，或胸中懊憹，舌尖红，脉细数<br>###功用::[[镇心安神，泻火养阴(镇心安神，清热养血；重镇安神，清心泻火)]]","方歌::[[朱砂安神东垣方]],[[归连甘草合地黄]]。<br>[[怔仲不寐心烦乱]],[[镇心泻火养阴康]]<br>###组成::[[朱砂、黄连、炙甘草、生地黄、当归、]]<br>###主治::[[心火偏亢，阴血不足]]证。心神烦乱，惊悸怔忡，失眠多梦，甚则欲吐不果，或胸中懊憹，舌尖红，脉细数<br>###功用::[[镇心安神，泻火养阴(镇心安神，清热养血；重镇安神，清心泻火)]]"
"<div style=""text-align: center; font-size: 24px;""><b>珍珠母丸</b></div>",方剂学::各方剂合集::安神剂::重镇安神剂,2,"方歌::[[珍珠母丸归地参]],[[犀沉龙齿柏枣仁]]。<br>[[朱砂为衣茯神人]],[[镇心潜阳又宁神]]<br>###组成::[[「珍珠母」、当归、熟地、人参、酸枣仁、柏子仁、犀角、茯神、沉香、「龙齿」、朱砂]]<br>###主治::[[心肝阳亢，阴血不足，神志不宁]]证。入夜少寐，时而惊悸，头目眩晕，脉细弦<br>###功用::[[镇心安神，平肝潜阳，滋阴养血]]","方歌::[[珍珠母丸归地参]],[[犀沉龙齿柏枣仁]]。<br>[[朱砂为衣茯神人]],[[镇心潜阳又宁神]]<br>###组成::[[「珍珠母」、当归、熟地、人参、酸枣仁、柏子仁、犀角、茯神、沉香、「龙齿」、朱砂]]<br>###主治::[[心肝阳亢，阴血不足，神志不宁]]证。入夜少寐，时而惊悸，头目眩晕，脉细弦<br>###功用::[[镇心安神，平肝潜阳，滋阴养血]]"
"<div style=""text-align: center; font-size: 24px;""><b>磁朱丸</b></div>",方剂学::各方剂合集::安神剂::重镇安神剂,2,"方歌::[[磁朱丸中有神曲]],[[重镇安神交心肾]]。<br>[[心悸失眠耳目疾]],[[癫狂痫证亦宜服]]<br>###组成::[[「磁石」、朱砂、神曲]]<br>###主治::[[心肾不交，神志不安]]证。视物昏花，耳鸣耳聋，心悸失眠。亦治[[癫痫]]等<br>###功用::[[重镇安神，(益阴)聪耳明目，交通心肾(重镇安神，潜阳明目)]]","方歌::[[磁朱丸中有神曲]],[[重镇安神交心肾]]。<br>[[心悸失眠耳目疾]],[[癫狂痫证亦宜服]]<br>###组成::[[「磁石」、朱砂、神曲]]<br>###主治::[[心肾不交，神志不安]]证。视物昏花，耳鸣耳聋，心悸失眠。亦治[[癫痫]]等<br>###功用::[[重镇安神，(益阴)聪耳明目，交通心肾(重镇安神，潜阳明目)]]"
"<div style=""text-align: center; font-size: 24px;""><b>酸枣仁汤</b></div>",方剂学::各方剂合集::安神剂::补养安神剂,2,"方歌::[[酸枣仁汤治失眠]],[[川芎知草茯苓煎]]。<br>[[养血除烦清内热]],[[安然入睡梦乡甜]]<br>###组成::[[炒酸枣仁、知母、川芎、茯苓、生甘草]]<br>###主治::[[肝血不足]]，虚热内扰之虚烦[[失眠]]证。虚烦失眠，心悸不安，头目眩晕，咽干口燥，舌红，脉弦细<br>###功用::[[养血安神，清热除烦]]","方歌::[[酸枣仁汤治失眠]],[[川芎知草茯苓煎]]。<br>[[养血除烦清内热]],[[安然入睡梦乡甜]]<br>###组成::[[炒酸枣仁、知母、川芎、茯苓、生甘草]]<br>###主治::[[肝血不足]]，虚热内扰之虚烦[[失眠]]证。虚烦失眠，心悸不安，头目眩晕，咽干口燥，舌红，脉弦细<br>###功用::[[养血安神，清热除烦]]"
"<div style=""text-align: center; font-size: 24px;""><b>天王补心丹</b></div>",方剂学::各方剂合集::安神剂::补养安神剂,2,"方歌::[[补心丹用柏枣仁]],[[二冬生地当归身]]。<br>[[三参桔梗朱砂味]],[[远志茯苓养心神]]。<br>[[补心滋阴与清热]],[[血虚阴亏可安神]]<br>###组成::[[生地黄、天门冬、麦门冬、玄参、柏子仁、酸枣仁、远志、当归身、丹参、人参、茯苓、五味子、桔梗、朱砂]]<br>###主治::[[阴虚血少，心神不宁]]证。虚烦失眠，心悸怔忡，神疲健忘，或梦遗，手足心热，口舌生疮，大便干结，舌红少苔，脉细数<br>###功用::[[滋阴养血，补心安神(补心安神，滋阴清热)]]","方歌::[[补心丹用柏枣仁]],[[二冬生地当归身]]。<br>[[三参桔梗朱砂味]],[[远志茯苓养心神]]。<br>[[补心滋阴与清热]],[[血虚阴亏可安神]]<br>###组成::[[生地黄、天门冬、麦门冬、玄参、柏子仁、酸枣仁、远志、当归身、丹参、人参、茯苓、五味子、桔梗、朱砂]]<br>###主治::[[阴虚血少，心神不宁]]证。虚烦失眠，心悸怔忡，神疲健忘，或梦遗，手足心热，口舌生疮，大便干结，舌红少苔，脉细数<br>###功用::[[滋阴养血，补心安神(补心安神，滋阴清热)]]"
"<div style=""text-align: center; font-size: 24px;""><b>甘麦大枣汤</b></div>",方剂学::各方剂合集::安神剂::补养安神剂,2,"方歌::[[甘麦大枣脏躁汤]],[[养心安神与柔肝]]。<br>[[妇人恍惚常哭诉]],[[心阴受损肝失常]]<br>###组成::[[甘草、小麦、大枣]]<br>###主治::心阴受损，肝气失和之[[脏躁]]。精神恍惚，常悲伤欲哭，不能自主，心中烦乱，睡眠不安，甚则言行失常，呵欠频作，舌淡红苔少，脉细略数等<br>###功用::[[养心安神，和中缓急(养心安神，柔肝缓急)]]","方歌::[[甘麦大枣脏躁汤]],[[养心安神与柔肝]]。<br>[[妇人恍惚常哭诉]],[[心阴受损肝失常]]<br>###组成::[[甘草、小麦、大枣]]<br>###主治::心阴受损，肝气失和之[[脏躁]]。精神恍惚，常悲伤欲哭，不能自主，心中烦乱，睡眠不安，甚则言行失常，呵欠频作，舌淡红苔少，脉细略数等<br>###功用::[[养心安神，和中缓急(养心安神，柔肝缓急)]]"
"<div style=""text-align: center; font-size: 24px;""><b>养心汤</b></div>",方剂学::各方剂合集::安神剂::补养安神剂,2,"方歌::[[养心汤用草芪参]],[[二茯芎归柏子寻]]。<br>[[夏曲远志兼桂味]],[[姜枣酸枣总宁心]]<br>###组成::[[「炙黄芪」、白茯苓、茯神、半夏曲、当归、川芎、远志、辣桂(即肉桂)、柏子仁、酸枣仁、北五味子、「人参」、炙甘草、生姜、大枣]]<br>###主治::[[气血不足，心神不宁]]证。神思恍惚，心悸易惊，失眠健忘，舌淡苔白，脉细弱<br>###功用::[[补益气血，养心安神]]","方歌::[[养心汤用草芪参]],[[二茯芎归柏子寻]]。<br>[[夏曲远志兼桂味]],[[姜枣酸枣总宁心]]<br>###组成::[[「炙黄芪」、白茯苓、茯神、半夏曲、当归、川芎、远志、辣桂(即肉桂)、柏子仁、酸枣仁、北五味子、「人参」、炙甘草、生姜、大枣]]<br>###主治::[[气血不足，心神不宁]]证。神思恍惚，心悸易惊，失眠健忘，舌淡苔白，脉细弱<br>###功用::[[补益气血，养心安神]]"
"<div style=""text-align: center; font-size: 24px;""><b>黄连阿胶汤</b></div>",方剂学::各方剂合集::安神剂::交通心肾剂,2,"方歌::[[黄连阿胶鸡子黄]],[[黄芩白芍合成方]]。<br>[[水亏火炽烦不卧]],[[滋阴降火心神安]]<br>###组成::[[黄连、黄芩、芍药、鸡子黄、阿胶]]<br>###主治::[[阴虚火旺，心肾不交]]证。心中烦热，失眠不得卧，口燥咽干，舌红苔少，脉细数<br>###功用::[[滋阴降火，除烦安神，交通心肾]]","方歌::[[黄连阿胶鸡子黄]],[[黄芩白芍合成方]]。<br>[[水亏火炽烦不卧]],[[滋阴降火心神安]]<br>###组成::[[黄连、黄芩、芍药、鸡子黄、阿胶]]<br>###主治::[[阴虚火旺，心肾不交]]证。心中烦热，失眠不得卧，口燥咽干，舌红苔少，脉细数<br>###功用::[[滋阴降火，除烦安神，交通心肾]]"
"<div style=""text-align: center; font-size: 24px;""><b>交泰丸</b></div>",方剂学::各方剂合集::安神剂::交通心肾剂,2,"方歌::[[交泰心肾不交丸]],[[一份桂心十份连]]。<br>[[怔忡不寐心阳亢]],[[心肾交时自可安]]<br>###组成::[[「川黄连」、肉桂心]]<br>###主治::[[心火偏亢，心肾不交]]证。怔忡不宁，或夜寐不安，口舌生疮<br>###功用::[[交通心肾，清火安神]]","方歌::[[交泰心肾不交丸]],[[一份桂心十份连]]。<br>[[怔忡不寐心阳亢]],[[心肾交时自可安]]<br>###组成::[[「川黄连」、肉桂心]]<br>###主治::[[心火偏亢，心肾不交]]证。怔忡不宁，或夜寐不安，口舌生疮<br>###功用::[[交通心肾，清火安神]]"
"<div style=""text-align: center; font-size: 24px;""><b>安宫牛黄丸</b></div>",方剂学::各方剂合集::开窍剂::凉开剂,2,"方歌::[[安宫牛黄开窍方]],[[岑连栀郁朱雄黄]]。<br>[[犀角珍珠冰麝箔]],[[热闭心包功效良]]<br>###组成::[[牛黄、郁金、犀角、黄连、黄芩、山栀、朱砂、雄黄、梅片、麝香、珍珠(金箔衣)]]<br>###主治::1.[[邪热内陷心包]]证。高热烦躁，神昏谵语，口干舌燥，或舌謇肢厥，舌红或绛，脉数<br>2.亦治[[中风昏迷，小儿惊厥，属邪热内闭]]者<br>###功用::[[清热解毒，豁痰开窍(醒神)]]","方歌::[[安宫牛黄开窍方]],[[岑连栀郁朱雄黄]]。<br>[[犀角珍珠冰麝箔]],[[热闭心包功效良]]<br>###组成::[[牛黄、郁金、犀角、黄连、黄芩、山栀、朱砂、雄黄、梅片、麝香、珍珠(金箔衣)]]<br>###主治::1.[[邪热内陷心包]]证。高热烦躁，神昏谵语，口干舌燥，或舌謇肢厥，舌红或绛，脉数<br>2.亦治[[中风昏迷，小儿惊厥，属邪热内闭]]者<br>###功用::[[清热解毒，豁痰开窍(醒神)]]"
"<div style=""text-align: center; font-size: 24px;""><b>紫雪</b></div>",方剂学::各方剂合集::开窍剂::凉开剂,2,"方歌::[[紫雪羚犀朱朴硝]],[[硝磁寒水滑石膏]]。<br>[[丁沉木麝升玄草]],[[更用赤金法亦超]]<br>###组成::[[黄金、石膏、寒水石、滑石、磁石、「犀角屑」、「羚羊角屑」、玄参、沉香、青木香、丁香、升麻、炙甘草、硝石/芒硝、朴硝、朱砂、「麝香」]]<br>###主治::温热病，[[热邪内陷心包、热盛动风]]证。高热烦躁，神昏谵语，痉厥，斑疹吐衄，口渴引饮，唇焦齿燥，尿赤便秘，舌红绛苔干黄，脉数有力或弦数，以及小儿热盛惊厥<br>###功用::[[清热开窍，息风止痉(安神)]]","方歌::[[紫雪羚犀朱朴硝]],[[硝磁寒水滑石膏]]。<br>[[丁沉木麝升玄草]],[[更用赤金法亦超]]<br>###组成::[[黄金、石膏、寒水石、滑石、磁石、「犀角屑」、「羚羊角屑」、玄参、沉香、青木香、丁香、升麻、炙甘草、硝石/芒硝、朴硝、朱砂、「麝香」]]<br>###主治::温热病，[[热邪内陷心包、热盛动风]]证。高热烦躁，神昏谵语，痉厥，斑疹吐衄，口渴引饮，唇焦齿燥，尿赤便秘，舌红绛苔干黄，脉数有力或弦数，以及小儿热盛惊厥<br>###功用::[[清热开窍，息风止痉(安神)]]"
"<div style=""text-align: center; font-size: 24px;""><b>至宝丹</b></div>",方剂学::各方剂合集::开窍剂::凉开剂,2,"方歌::[[至宝朱砂麝息香]],[[雄黄犀角与牛黄]]。<br>[[金银二箔兼龙脑]],[[琥珀还同玳瑁良]]<br>###组成::[[生乌犀屑(水牛角代)、朱砂、雄黄、生玳瑁、琥珀、麝香、龙脑、金箔、银箔、牛黄、安息香]]<br>###主治::1.[[中暑、中风及温病痰热内闭心包]]证。神昏谵语，身热烦躁，痰盛气粗，舌红苔黄垢腻，脉滑数<br>2.[[小儿惊厥属于痰热内闭]]者。小儿诸痫，急惊心热，卒中客竹，不得眠睡，烦躁风涎搐搦<br>###功用::[[清热开窍，化浊解毒]]","方歌::[[至宝朱砂麝息香]],[[雄黄犀角与牛黄]]。<br>[[金银二箔兼龙脑]],[[琥珀还同玳瑁良]]<br>###组成::[[生乌犀屑(水牛角代)、朱砂、雄黄、生玳瑁、琥珀、麝香、龙脑、金箔、银箔、牛黄、安息香]]<br>###主治::1.[[中暑、中风及温病痰热内闭心包]]证。神昏谵语，身热烦躁，痰盛气粗，舌红苔黄垢腻，脉滑数<br>2.[[小儿惊厥属于痰热内闭]]者。小儿诸痫，急惊心热，卒中客竹，不得眠睡，烦躁风涎搐搦<br>###功用::[[清热开窍，化浊解毒]]"
"<div style=""text-align: center; font-size: 24px;""><b>紫金锭(玉枢丹)</b></div>",方剂学::各方剂合集::开窍剂::温开剂,2,"方歌::[[紫金锭用麝朱雄]],[[慈戟千金五倍同]]。<br>[[太乙玉枢名又别]],[[祛痰逐秽及惊风]]<br>###组成::[[「山慈菇」、红大戟、千金子、霜五倍子、「麝香」、雄黄、朱砂]]<br>###主治::1.[[秽恶痰浊之时疫]]。脘腹胀闷疼痛，恶心呕吐，泄泻，痢疾，舌苔厚腻或浊腻及小儿痰厥<br>2.外敷疗疮疖肿，虫咬损伤，无名肿毒，以及痄腮、丹毒、喉风等<br>###功用::[[化痰开窍，辟秽解毒，消肿止痛]]","方歌::[[紫金锭用麝朱雄]],[[慈戟千金五倍同]]。<br>[[太乙玉枢名又别]],[[祛痰逐秽及惊风]]<br>###组成::[[「山慈菇」、红大戟、千金子、霜五倍子、「麝香」、雄黄、朱砂]]<br>###主治::1.[[秽恶痰浊之时疫]]。脘腹胀闷疼痛，恶心呕吐，泄泻，痢疾，舌苔厚腻或浊腻及小儿痰厥<br>2.外敷疗疮疖肿，虫咬损伤，无名肿毒，以及痄腮、丹毒、喉风等<br>###功用::[[化痰开窍，辟秽解毒，消肿止痛]]"
"<div style=""text-align: center; font-size: 24px;""><b>苏合香丸</b></div>",方剂学::各方剂合集::开窍剂::温开剂,2,"方歌::[[苏合香丸麝息香]],[[木丁熏陆荜檀香]]。<br>[[犀冰术沉诃香附]],[[衣用朱砂中恶尝]]<br>###组成::[[吃力伽(白术)、「苏合香」、「麝香」、「龙脑香(冰片)」、「安息香」、青木香、香附、沉香、白檀香、丁香、熏陆香(乳香)、犀角、荜茇、朱砂、诃子、蜂蜜、酒]]<br>###主治::1.[[寒闭证]]。突然昏倒，牙关紧闭，不省人事，苔白，脉迟<br>2.亦治[[心腹卒痛]]，甚则昏厥<br>3.中风、中气及感受时行瘴疠之邪等属于寒凝气滞之[[闭证]]者<br>###功用::[[温通开窍，行气止痛(温中止痛、芳香开窍)]]","方歌::[[苏合香丸麝息香]],[[木丁熏陆荜檀香]]。<br>[[犀冰术沉诃香附]],[[衣用朱砂中恶尝]]<br>###组成::[[吃力伽(白术)、「苏合香」、「麝香」、「龙脑香(冰片)」、「安息香」、青木香、香附、沉香、白檀香、丁香、熏陆香(乳香)、犀角、荜茇、朱砂、诃子、蜂蜜、酒]]<br>###主治::1.[[寒闭证]]。突然昏倒，牙关紧闭，不省人事，苔白，脉迟<br>2.亦治[[心腹卒痛]]，甚则昏厥<br>3.中风、中气及感受时行瘴疠之邪等属于寒凝气滞之[[闭证]]者<br>###功用::[[温通开窍，行气止痛(温中止痛、芳香开窍)]]"
"<div style=""text-align: center; font-size: 24px;""><b>牡蛎散</b></div>",方剂学::各方剂合集::固涩剂::固表止汗剂,2,"方歌::[[牡蛎散内用黄芪]],[[小麦麻黄根最宜]]。<br>[[自汗盗汗心液损]],[[固表敛汗见效奇]]<br>###组成::[[黄芪、麻黄根、煅牡蛎、小麦]]<br>###主治::[[体虚自汗、盗汗]]证。常自汗出，或盗汗，夜卧尤甚，心悸惊惕，短气烦倦，舌淡红，脉细弱<br>###功用::[[敛阴止汗，益气固表]]","方歌::[[牡蛎散内用黄芪]],[[小麦麻黄根最宜]]。<br>[[自汗盗汗心液损]],[[固表敛汗见效奇]]<br>###组成::[[黄芪、麻黄根、煅牡蛎、小麦]]<br>###主治::[[体虚自汗、盗汗]]证。常自汗出，或盗汗，夜卧尤甚，心悸惊惕，短气烦倦，舌淡红，脉细弱<br>###功用::[[敛阴止汗，益气固表]]"
"<div style=""text-align: center; font-size: 24px;""><b>九仙散</b></div>",方剂学::各方剂合集::固涩剂::敛肺止咳剂,2,"方歌::[[九仙散中罂粟君]],[[参胶梅味共为臣]]。<br>[[款冬贝桑桔佐使]],[[敛肺止咳益气阴]]<br>###组成::[[人参、款冬花、桑白皮、桔梗、五味子、阿胶、乌梅、贝母、罂粟壳]]<br>###主治::[[久咳伤肺，气阴两虚]]证。久咳不已，咳甚则气喘自汗，痰少而黏，脉虚数<br>###功用::[[敛肺止咳，益气养阴]]","方歌::[[九仙散中罂粟君]],[[参胶梅味共为臣]]。<br>[[款冬贝桑桔佐使]],[[敛肺止咳益气阴]]<br>###组成::[[人参、款冬花、桑白皮、桔梗、五味子、阿胶、乌梅、贝母、罂粟壳]]<br>###主治::[[久咳伤肺，气阴两虚]]证。久咳不已，咳甚则气喘自汗，痰少而黏，脉虚数<br>###功用::[[敛肺止咳，益气养阴]]"
"<div style=""text-align: center; font-size: 24px;""><b>真人养脏汤</b></div>",方剂学::各方剂合集::固涩剂::涩肠固脱剂,2,"方歌::[[真人养脏诃粟壳]],[[肉蔻当归桂木香]]。<br>[[术芍参甘为涩剂]],[[脱肛久痢早煎尝]]<br>###组成::[[人参、当归、白术、肉豆蔻、肉桂、炙甘草、白芍、药木香、诃子、罂粟壳]]<br>###主治::[[久泻久痢、脾肾虚寒]]证。久泻，或下痢日久，赤白已尽，后重已除，泻痢无度，大便滑脱不禁，甚则脱肛坠下，腹痛喜温喜按，或便下脓血，下痢赤白，脐腹疼痛，里急后重，日夜无度，不思饮食(倦怠食少)，舌淡苔白，脉沉迟细<br>###功用::[[涩肠固脱，温补脾肾]]","方歌::[[真人养脏诃粟壳]],[[肉蔻当归桂木香]]。<br>[[术芍参甘为涩剂]],[[脱肛久痢早煎尝]]<br>###组成::[[人参、当归、白术、肉豆蔻、肉桂、炙甘草、白芍、药木香、诃子、罂粟壳]]<br>###主治::[[久泻久痢、脾肾虚寒]]证。久泻，或下痢日久，赤白已尽，后重已除，泻痢无度，大便滑脱不禁，甚则脱肛坠下，腹痛喜温喜按，或便下脓血，下痢赤白，脐腹疼痛，里急后重，日夜无度，不思饮食(倦怠食少)，舌淡苔白，脉沉迟细<br>###功用::[[涩肠固脱，温补脾肾]]"
"<div style=""text-align: center; font-size: 24px;""><b>四神丸</b></div>",方剂学::各方剂合集::固涩剂::涩肠固脱剂,2,"方歌::[[四神骨脂吴茱萸]],[[肉蔻五味四般需]]。<br>[[大枣百枚姜八两]],[[五更肾泄火衰扶]]<br>###组成::[[肉豆寇、五味子、补骨脂、吴茱萸、生姜、大枣]]<br>###主治::[[脾肾阳虚之肾泄]]证。五更泄泻，不思饮食，食不消化，或久泻不愈，或腹痛喜温，腰酸肢冷，神疲乏力，舌淡，苔薄白，脉沉迟无力<br>###功用::[[温肾暖脾，固肠止泻]]","方歌::[[四神骨脂吴茱萸]],[[肉蔻五味四般需]]。<br>[[大枣百枚姜八两]],[[五更肾泄火衰扶]]<br>###组成::[[肉豆寇、五味子、补骨脂、吴茱萸、生姜、大枣]]<br>###主治::[[脾肾阳虚之肾泄]]证。五更泄泻，不思饮食，食不消化，或久泻不愈，或腹痛喜温，腰酸肢冷，神疲乏力，舌淡，苔薄白，脉沉迟无力<br>###功用::[[温肾暖脾，固肠止泻]]"
"<div style=""text-align: center; font-size: 24px;""><b>桑螵蛸散</b></div>",方剂学::各方剂合集::固涩剂::涩精止遗剂,2,"方歌::[[桑螵蛸散用龙龟]],[[参茯菖远及当归]]。<br>[[尿频遗尿精不固]],[[滋肾宁心法勿违]]<br>###组成::[[桑螵鞘、人参、茯神、龙骨、龟甲、远志、菖蒲、当归]]<br>###主治::[[心肾两虚]]证。小便频数，或尿如米泔色，或遗尿，或遗精，心神恍惚，健忘，舌淡苔白，脉细弱。<br>###功用::[[调补心肾，涩精止遗]]","方歌::[[桑螵蛸散用龙龟]],[[参茯菖远及当归]]。<br>[[尿频遗尿精不固]],[[滋肾宁心法勿违]]<br>###组成::[[桑螵鞘、人参、茯神、龙骨、龟甲、远志、菖蒲、当归]]<br>###主治::[[心肾两虚]]证。小便频数，或尿如米泔色，或遗尿，或遗精，心神恍惚，健忘，舌淡苔白，脉细弱。<br>###功用::[[调补心肾，涩精止遗]]"
"<div style=""text-align: center; font-size: 24px;""><b>金锁固精丸</b></div>",方剂学::各方剂合集::固涩剂::涩精止遗剂,2,"方歌::[[金锁固精芡实研]],[[莲须龙牡沙苑填]]。<br>[[莲粉糊丸盐汤下]],[[肾虚精滑此方先]]<br>###组成::[[「沙苑蒺」、藜芡、实莲须、龙骨、煅牡蛎、莲子]]<br>###主治::[[肾虚不固之遗精]]。遗精滑泄，腰痛耳鸣，四肢酸软，神疲乏力，舌淡苔白，脉细弱<br>###功用::[[补肾涩精]]","方歌::[[金锁固精芡实研]],[[莲须龙牡沙苑填]]。<br>[[莲粉糊丸盐汤下]],[[肾虚精滑此方先]]<br>###组成::[[「沙苑蒺」、藜芡、实莲须、龙骨、煅牡蛎、莲子]]<br>###主治::[[肾虚不固之遗精]]。遗精滑泄，腰痛耳鸣，四肢酸软，神疲乏力，舌淡苔白，脉细弱<br>###功用::[[补肾涩精]]"
"<div style=""text-align: center; font-size: 24px;""><b>缩泉丸</b></div>",方剂学::各方剂合集::固涩剂::涩精止遗剂,2,"方歌::[[缩泉丸治小便频]],[[膀胱虚寒遗尿斟]]。<br>[[乌药益智各等分]],[[山药糊丸效更珍]]<br>###组成::[[天台、乌药、「益智仁」、山药]]<br>###主治::[[下元虚寒之小便频数]]证。小便频数或遗尿不止，舌淡，脉沉弱<br>###功用::[[温肾祛寒，缩尿止遗]]","方歌::[[缩泉丸治小便频]],[[膀胱虚寒遗尿斟]]。<br>[[乌药益智各等分]],[[山药糊丸效更珍]]<br>###组成::[[天台、乌药、「益智仁」、山药]]<br>###主治::[[下元虚寒之小便频数]]证。小便频数或遗尿不止，舌淡，脉沉弱<br>###功用::[[温肾祛寒，缩尿止遗]]"
"<div style=""text-align: center; font-size: 24px;""><b>固冲汤</b></div>",方剂学::各方剂合集::固涩剂::固前止带剂,2,"方歌::[[固冲汤中用术芪]],[[龙牡芍萸茜草施]]。<br>[[倍子海蛸棕榈炭]],[[崩中漏下总能医]]<br>###组成::[[山萸肉、煅龙骨、煅牡蛎、白术、生黄芪、白芍、棕榈炭、五倍子、海螵鞘、茜草]]<br>###主治::[[脾肾两虚，冲脉不固]]证。血崩或月经过多，或漏下不止，色淡质稀，头晕肢冷，心悸气短，神疲乏力，腰膝酸软，舌淡，脉细弱<br>###功用::[[固冲摄血，益气健脾(固冲摄血，补脾益肾)]]","方歌::[[固冲汤中用术芪]],[[龙牡芍萸茜草施]]。<br>[[倍子海蛸棕榈炭]],[[崩中漏下总能医]]<br>###组成::[[山萸肉、煅龙骨、煅牡蛎、白术、生黄芪、白芍、棕榈炭、五倍子、海螵鞘、茜草]]<br>###主治::[[脾肾两虚，冲脉不固]]证。血崩或月经过多，或漏下不止，色淡质稀，头晕肢冷，心悸气短，神疲乏力，腰膝酸软，舌淡，脉细弱<br>###功用::[[固冲摄血，益气健脾(固冲摄血，补脾益肾)]]"
"<div style=""text-align: center; font-size: 24px;""><b>固经丸</b></div>",方剂学::各方剂合集::固涩剂::固前止带剂,2,"方歌::[[固经丸用龟板君]],[[黄柏椿皮香附群]]。<br>[[黄芩芍药酒丸服]],[[漏下崩中色黑殷]]<br>###组成::[[黄芩、「白芍」、「龟板」、黄柏、椿根皮、香附、香附、酒]]<br>###主治::[[阴虚血热之崩漏]]。月经过多(经水过期不止，或下血量过多)，或崩中漏下，血色深红或紫黑稠黏，手足心热，腰膝酸软，或小腹疼痛，舌红，脉弦数<br>###功用::[[滋阴清热，固经止血]]","方歌::[[固经丸用龟板君]],[[黄柏椿皮香附群]]。<br>[[黄芩芍药酒丸服]],[[漏下崩中色黑殷]]<br>###组成::[[黄芩、「白芍」、「龟板」、黄柏、椿根皮、香附、香附、酒]]<br>###主治::[[阴虚血热之崩漏]]。月经过多(经水过期不止，或下血量过多)，或崩中漏下，血色深红或紫黑稠黏，手足心热，腰膝酸软，或小腹疼痛，舌红，脉弦数<br>###功用::[[滋阴清热，固经止血]]"
"<div style=""text-align: center; font-size: 24px;""><b>易黄汤</b></div>",方剂学::各方剂合集::固涩剂::固前止带剂,2,"方歌::[[易黄白果与芡实]],[[车前黄柏加山药]]。<br>[[脾肾两虚湿热带]],[[补脾益肾清祛湿]]<br>###组成::[[「山药」、「芡实」、黄柏、车前子、白果]]<br>###主治::[[脾肾两虚，湿热带下]]证。带下黏稠量多，色黄如浓茶汁，其气腥秽，食少体倦，腰膝酸软，舌红，苔黄腻，脉濡滑<br>###功用::[[补脾益肾，清热祛湿，收涩止带(固肾止带，清热祛湿)]]","方歌::[[易黄白果与芡实]],[[车前黄柏加山药]]。<br>[[脾肾两虚湿热带]],[[补脾益肾清祛湿]]<br>###组成::[[「山药」、「芡实」、黄柏、车前子、白果]]<br>###主治::[[脾肾两虚，湿热带下]]证。带下黏稠量多，色黄如浓茶汁，其气腥秽，食少体倦，腰膝酸软，舌红，苔黄腻，脉濡滑<br>###功用::[[补脾益肾，清热祛湿，收涩止带(固肾止带，清热祛湿)]]"
"<div style=""text-align: center; font-size: 24px;""><b>清带汤</b></div>",方剂学::各方剂合集::固涩剂::固前止带剂,2,"方歌::[[清带山药与茜草]],[[龙骨牡蛎海螺蛸]]。<br>[[健脾收涩瘀止带]],[[带下赤白清稀好]]<br>###组成::[[生山药、生龙骨、生牡蛎、海螵蛸、茜草]]<br>###主治::[[赤白带下]]。带下赤白，清稀量多，连绵不断，腰酸乏力，舌淡苔白，脉沉细者<br>###功用::[[健脾收涩，化淤止带]]","方歌::[[清带山药与茜草]],[[龙骨牡蛎海螺蛸]]。<br>[[健脾收涩瘀止带]],[[带下赤白清稀好]]<br>###组成::[[生山药、生龙骨、生牡蛎、海螵蛸、茜草]]<br>###主治::[[赤白带下]]。带下赤白，清稀量多，连绵不断，腰酸乏力，舌淡苔白，脉沉细者<br>###功用::[[健脾收涩，化淤止带]]"
"<div style=""text-align: center; font-size: 24px;""><b>越鞠丸</b></div>",方剂学::各方剂合集::理气剂::行气剂,2,"方歌::[[越鞠丸治六般郁]],[[气血湿痰食火因]]。<br>[[芎苍香附兼栀曲]],[[气畅郁疏痛闷伸]]<br>###组成::[[「香附」、川芎、苍术、神曲、栀子]]<br>###主治::[[气血痰火湿食六郁]]。胸膈满闷，脘腹胀满或疼痛，嗳腐吞酸，恶心呕吐，饮食不消<br>###功用::[[行气解郁]]","方歌::[[越鞠丸治六般郁]],[[气血湿痰食火因]]。<br>[[芎苍香附兼栀曲]],[[气畅郁疏痛闷伸]]<br>###组成::[[「香附」、川芎、苍术、神曲、栀子]]<br>###主治::[[气血痰火湿食六郁]]。胸膈满闷，脘腹胀满或疼痛，嗳腐吞酸，恶心呕吐，饮食不消<br>###功用::[[行气解郁]]"
"<div style=""text-align: center; font-size: 24px;""><b>柴胡疏肝散</b></div>",方剂学::各方剂合集::理气剂::行气剂,2,"方歌::[[柴胡疏肝香附芎]],[[陈草枳壳白芍从]]。<br>[[疏肝解郁并行气]],[[肝郁气滞兼止痛]]<br>###组成::[[柴胡、香附、枳壳、陈皮、川芎、芍药、炙甘草]]<br>###主治::[[肝气郁滞]]证。胁肋(胀闷)疼痛，胸闷善太息，情志抑郁或易怒，或嗳气，脘腹胀满，脉弦<br>###功用::[[疏肝解郁，行气止痛]]","方歌::[[柴胡疏肝香附芎]],[[陈草枳壳白芍从]]。<br>[[疏肝解郁并行气]],[[肝郁气滞兼止痛]]<br>###组成::[[柴胡、香附、枳壳、陈皮、川芎、芍药、炙甘草]]<br>###主治::[[肝气郁滞]]证。胁肋(胀闷)疼痛，胸闷善太息，情志抑郁或易怒，或嗳气，脘腹胀满，脉弦<br>###功用::[[疏肝解郁，行气止痛]]"
"<div style=""text-align: center; font-size: 24px;""><b>半夏厚朴汤</b></div>",方剂学::各方剂合集::理气剂::行气剂,2,"方歌::[[半夏厚朴痰气疏]],[[茯苓生姜共紫苏]]。<br>[[加枣同煎名四七]],[[痰凝气滞皆能除]]<br>###组成::[[半夏、厚朴、茯苓、生姜、紫苏叶]]<br>###主治::[[痰气郁结之梅核气]]。咽中如有物阻，咯吐不出，吞咽不下，胸膈满闷，或咳或呕，舌苔白润或白腻，脉弦缓或弦滑<br>###功用::[[行气散结，降逆化痰]]","方歌::[[半夏厚朴痰气疏]],[[茯苓生姜共紫苏]]。<br>[[加枣同煎名四七]],[[痰凝气滞皆能除]]<br>###组成::[[半夏、厚朴、茯苓、生姜、紫苏叶]]<br>###主治::[[痰气郁结之梅核气]]。咽中如有物阻，咯吐不出，吞咽不下，胸膈满闷，或咳或呕，舌苔白润或白腻，脉弦缓或弦滑<br>###功用::[[行气散结，降逆化痰]]"
"<div style=""text-align: center; font-size: 24px;""><b>瓜蒌薤白白酒汤</b></div>",方剂学::各方剂合集::理气剂::行气剂,2,"方歌::[[瓜蒌薤白白酒汤]],[[胸痹胸闷痛难当]]。<br>[[喘息短气时咳唾]],[[难卧当加半夏良]]<br>###组成::[[瓜蒌实、薤白、白酒、]]<br>###主治::[[胸痹]]，胸阳不振，痰气互结证(轻证)。胸中闷痛，甚至胸痛彻背，喘息咳睡，短气，苔白腻，脉沉弦或紧<br>###功用::[[通阳散结，行气祛痰]]","方歌::[[瓜蒌薤白白酒汤]],[[胸痹胸闷痛难当]]。<br>[[喘息短气时咳唾]],[[难卧当加半夏良]]<br>###组成::[[瓜蒌实、薤白、白酒、]]<br>###主治::[[胸痹]]，胸阳不振，痰气互结证(轻证)。胸中闷痛，甚至胸痛彻背，喘息咳睡，短气，苔白腻，脉沉弦或紧<br>###功用::[[通阳散结，行气祛痰]]"
"<div style=""text-align: center; font-size: 24px;""><b>枳实薤白桂枝汤</b></div>",方剂学::各方剂合集::理气剂::行气剂,2,"方歌::[[枳实薤白桂枝汤]],[[厚蒌合治胸痹方]]。<br>[[胸阳不振痰气结]],[[通阳散结下气强]]<br>###组成::[[瓜蒌实、薤白、桂枝、厚朴、枳实]]<br>###主治::[[胸阳不振，痰气互结之胸痹]]。胸满而痛，(甚或胸痛彻背，喘息咳唾，短气)，心中痞气，气从胁下上逆抢心，舌苔白腻，脉沉弦或紧<br>###功用::[[通阳散结，祛痰下气]]","方歌::[[枳实薤白桂枝汤]],[[厚蒌合治胸痹方]]。<br>[[胸阳不振痰气结]],[[通阳散结下气强]]<br>###组成::[[瓜蒌实、薤白、桂枝、厚朴、枳实]]<br>###主治::[[胸阳不振，痰气互结之胸痹]]。胸满而痛，(甚或胸痛彻背，喘息咳唾，短气)，心中痞气，气从胁下上逆抢心，舌苔白腻，脉沉弦或紧<br>###功用::[[通阳散结，祛痰下气]]"
"<div style=""text-align: center; font-size: 24px;""><b>天台乌药散</b></div>",方剂学::各方剂合集::理气剂::行气剂,2,"方歌::[[天台乌药木苗香]],[[巴豆制楝青槟姜]]。<br>[[行气疏肝散寒痛]],[[寒疝腹痛是良方]]<br>###组成::[[天台乌药、木香、茴香、青橘皮、槟榔、高良姜、川楝子、巴豆、酒]]<br>###主治::1.[[寒凝气滞]]证。小肠疝气，少腹痛引睾丸，偏坠肿胀，舌淡苔白，脉弦<br>2.妇女痛经，瘕聚等属寒凝气滞者<br>###功用::[[行气疏肝，散寒止痛]]","方歌::[[天台乌药木苗香]],[[巴豆制楝青槟姜]]。<br>[[行气疏肝散寒痛]],[[寒疝腹痛是良方]]<br>###组成::[[天台乌药、木香、茴香、青橘皮、槟榔、高良姜、川楝子、巴豆、酒]]<br>###主治::1.[[寒凝气滞]]证。小肠疝气，少腹痛引睾丸，偏坠肿胀，舌淡苔白，脉弦<br>2.妇女痛经，瘕聚等属寒凝气滞者<br>###功用::[[行气疏肝，散寒止痛]]"
"<div style=""text-align: center; font-size: 24px;""><b>暖肝煎</b></div>",方剂学::各方剂合集::理气剂::行气剂,2,"方歌::[[暖肝煎中茯杞归]],[[茴沉乌药姜肉桂]]。<br>[[下焦虚寒疝气痛]],[[温补肝肾此方推]]<br>###组成::[[肉桂、小茴香、乌药、沉香、茯苓、当归、枸杞子、生姜]]<br>###主治::[[肝肾不足，寒滞肝脉]]证。睾丸冷痛，或小腹疼痛，疝气，畏寒喜暖，舌淡苔白，脉沉迟<br>###功用::[[温补肝肾，行气止痛]]","方歌::[[暖肝煎中茯杞归]],[[茴沉乌药姜肉桂]]。<br>[[下焦虚寒疝气痛]],[[温补肝肾此方推]]<br>###组成::[[肉桂、小茴香、乌药、沉香、茯苓、当归、枸杞子、生姜]]<br>###主治::[[肝肾不足，寒滞肝脉]]证。睾丸冷痛，或小腹疼痛，疝气，畏寒喜暖，舌淡苔白，脉沉迟<br>###功用::[[温补肝肾，行气止痛]]"
"<div style=""text-align: center; font-size: 24px;""><b>枳实消痞丸(失笑丸)</b></div>",方剂学::各方剂合集::理气剂::行气剂,2,"方歌::[[枳实消痞四君全]],[[麦芽夏曲朴姜连]]。<br>[[消积除满又和胃]],[[脾虚气滞寒热结]]<br>###组成::[[黄连、干生姜、炙甘草、麦芽曲、白茯苓、白术、人参、半夏曲、厚朴、枳实]]<br>###主治::[[脾虚气滞，寒热互结]]证。心下痞满，不欲饮食，倦怠乏力，大便不畅，苔腻而微黄，脉弦<br>###功用::[[行气消痞，健脾和胃]]","方歌::[[枳实消痞四君全]],[[麦芽夏曲朴姜连]]。<br>[[消积除满又和胃]],[[脾虚气滞寒热结]]<br>###组成::[[黄连、干生姜、炙甘草、麦芽曲、白茯苓、白术、人参、半夏曲、厚朴、枳实]]<br>###主治::[[脾虚气滞，寒热互结]]证。心下痞满，不欲饮食，倦怠乏力，大便不畅，苔腻而微黄，脉弦<br>###功用::[[行气消痞，健脾和胃]]"
"<div style=""text-align: center; font-size: 24px;""><b>金铃子散</b></div>",方剂学::各方剂合集::理气剂::行气剂,2,"方歌::[[金铃子散止痛方]],[[玄胡酒调效更强]]。<br>[[疏肝清热行气血]],[[心腹胸胁痛经良]]<br>###组成::[[「金铃子(即川楝子)」、延胡索、酒]]<br>###主治::[[肝郁化火]]证。心胸腹胁肋脘腹诸痛，或痛经，或疝痛，时发时止，口苦，舌红苔黄，脉弦数。<br>###功用::[[疏肝清热，活血止痛]]","方歌::[[金铃子散止痛方]],[[玄胡酒调效更强]]。<br>[[疏肝清热行气血]],[[心腹胸胁痛经良]]<br>###组成::[[「金铃子(即川楝子)」、延胡索、酒]]<br>###主治::[[肝郁化火]]证。心胸腹胁肋脘腹诸痛，或痛经，或疝痛，时发时止，口苦，舌红苔黄，脉弦数。<br>###功用::[[疏肝清热，活血止痛]]"
"<div style=""text-align: center; font-size: 24px;""><b>厚朴温中汤</b></div>",方剂学::各方剂合集::理气剂::行气剂,2,"方歌::[[厚朴温中陈草苓]],[[干姜草蔻木香停]]。<br>[[煎服加姜治腹痛]],[[虚寒胀满用皆灵]]<br>###组成::[[「厚朴」、陈皮、炙甘草、茯苓、草豆蔻仁、木香、干姜、生姜]]<br>###主治::[[脾胃气滞寒湿]]证。脘腹胀满或疼痛，不思饮食，四肢倦怠无力，舌苔白腻，脉沉弦。<br>###功用::[[行气除满，温中燥湿]]","方歌::[[厚朴温中陈草苓]],[[干姜草蔻木香停]]。<br>[[煎服加姜治腹痛]],[[虚寒胀满用皆灵]]<br>###组成::[[「厚朴」、陈皮、炙甘草、茯苓、草豆蔻仁、木香、干姜、生姜]]<br>###主治::[[脾胃气滞寒湿]]证。脘腹胀满或疼痛，不思饮食，四肢倦怠无力，舌苔白腻，脉沉弦。<br>###功用::[[行气除满，温中燥湿]]"
"<div style=""text-align: center; font-size: 24px;""><b>加味乌药汤</b></div>",方剂学::各方剂合集::理气剂::行气剂,2,"方歌::[[加味乌药汤砂仁]],[[香附木香乌药伦]]。<br>[[延胡甘草生姜入]],[[经前胀痛效堪珍]]<br>###组成::[[乌药、缩砂、木香、延胡索、「香附」、甘草、生姜]]<br>###主治::[[肝郁气滞之痛经]]。经前或月经初行时少腹胀痛，胀甚于痛，或胸胁乳房胀痛，舌淡苔薄白，脉弦紧<br>###功用::[[行气活血，调经止痛]]","方歌::[[加味乌药汤砂仁]],[[香附木香乌药伦]]。<br>[[延胡甘草生姜入]],[[经前胀痛效堪珍]]<br>###组成::[[乌药、缩砂、木香、延胡索、「香附」、甘草、生姜]]<br>###主治::[[肝郁气滞之痛经]]。经前或月经初行时少腹胀痛，胀甚于痛，或胸胁乳房胀痛，舌淡苔薄白，脉弦紧<br>###功用::[[行气活血，调经止痛]]"
"<div style=""text-align: center; font-size: 24px;""><b>橘核丸</b></div>",方剂学::各方剂合集::理气剂::行气剂,2,"方歌::[[橘核丸中川楝桂]],[[朴实延胡藻带昆]]。<br>[[桃仁木通木香合]],[[寒疝顽痛盐酒吞]]<br>###组成::[[「橘核」、海藻、昆布、海带、川楝子、桃仁、厚朴、木通、枳实、延胡索、桂心、木香、盐酒]]<br>###主治::[[寒湿疝气]]。睾丸肿胀偏坠，或坚硬如石，或痛引脐腹，甚则阴囊肿大，轻者时出黄水，重者成脓溃烂<br>###功用::[[行气止痛，软坚散结]]","方歌::[[橘核丸中川楝桂]],[[朴实延胡藻带昆]]。<br>[[桃仁木通木香合]],[[寒疝顽痛盐酒吞]]<br>###组成::[[「橘核」、海藻、昆布、海带、川楝子、桃仁、厚朴、木通、枳实、延胡索、桂心、木香、盐酒]]<br>###主治::[[寒湿疝气]]。睾丸肿胀偏坠，或坚硬如石，或痛引脐腹，甚则阴囊肿大，轻者时出黄水，重者成脓溃烂<br>###功用::[[行气止痛，软坚散结]]"
"<div style=""text-align: center; font-size: 24px;""><b>苏子降气汤</b></div>",方剂学::各方剂合集::理气剂::降气剂,2,"方歌::[[苏子降气半夏归]],[[前胡桂朴草姜苏]]。<br>[[上实下虚痰嗽喘]],[[集解加沉去肉桂]]<br>###组成::[[紫苏子、半夏、当归、前胡、厚朴、肉桂、炙甘草、生姜、大枣、紫苏叶]]<br>###主治::[[上实下虚之喘咳]]。喘咳痰多，短气，胸膈满闷，呼多吸少，或腰疼脚软，或肢体浮肿，舌苔白滑或白腻，脉弦滑<br>###功用::[[降气平喘，祛痰止咳]]","方歌::[[苏子降气半夏归]],[[前胡桂朴草姜苏]]。<br>[[上实下虚痰嗽喘]],[[集解加沉去肉桂]]<br>###组成::[[紫苏子、半夏、当归、前胡、厚朴、肉桂、炙甘草、生姜、大枣、紫苏叶]]<br>###主治::[[上实下虚之喘咳]]。喘咳痰多，短气，胸膈满闷，呼多吸少，或腰疼脚软，或肢体浮肿，舌苔白滑或白腻，脉弦滑<br>###功用::[[降气平喘，祛痰止咳]]"
"<div style=""text-align: center; font-size: 24px;""><b>定喘汤</b></div>",方剂学::各方剂合集::理气剂::降气剂,2,"方歌::[[定喘白果与麻黄]],[[款冬半夏白皮桑]]。<br>[[苏杏黄芩兼甘草]],[[风寒痰热喘哮尝]]<br>###组成::[[白果、麻黄、紫苏子、生甘草、款冬花、杏仁、桑白皮、黄芩、法半夏]]<br>###主治::[[风寒外束，痰热内蕴之哮喘]]。哮喘咳嗽，痰多气急，痰稠色黄，或微恶风寒，舌苔黄腻，脉滑数<br>###功用::[[宜降肺气，清热化痰]]","方歌::[[定喘白果与麻黄]],[[款冬半夏白皮桑]]。<br>[[苏杏黄芩兼甘草]],[[风寒痰热喘哮尝]]<br>###组成::[[白果、麻黄、紫苏子、生甘草、款冬花、杏仁、桑白皮、黄芩、法半夏]]<br>###主治::[[风寒外束，痰热内蕴之哮喘]]。哮喘咳嗽，痰多气急，痰稠色黄，或微恶风寒，舌苔黄腻，脉滑数<br>###功用::[[宜降肺气，清热化痰]]"
"<div style=""text-align: center; font-size: 24px;""><b>旋覆代赭汤</b></div>",方剂学::各方剂合集::理气剂::降气剂,2,"方歌::[[旋覆代赭用人参]],[[半夏姜甘大枣临]]。<br>[[化痰降逆兼益气]],[[和胃痞硬噫能禁]]<br>###组成::[[旋覆花、人参、生姜、代赭石、炙甘草、半夏、大枣]]<br>###主治::[[胃虚痰阻气逆]]证。心下痞硬，噫气不除，或纳差、反胃、呕逆、恶心，甚或呕吐，或吐涎沫，舌淡苔白滑，脉弦而虚(缓或滑)。原书用于“伤寒发汗，若吐若下，解后，心下痞硬，噫气不除者”。后世用治胃气虚寒之反胃，呕吐涎沫，以及中焦虑痞而善嗳气<br>###功用::[[降逆化痰，益气和胃]]","方歌::[[旋覆代赭用人参]],[[半夏姜甘大枣临]]。<br>[[化痰降逆兼益气]],[[和胃痞硬噫能禁]]<br>###组成::[[旋覆花、人参、生姜、代赭石、炙甘草、半夏、大枣]]<br>###主治::[[胃虚痰阻气逆]]证。心下痞硬，噫气不除，或纳差、反胃、呕逆、恶心，甚或呕吐，或吐涎沫，舌淡苔白滑，脉弦而虚(缓或滑)。原书用于“伤寒发汗，若吐若下，解后，心下痞硬，噫气不除者”。后世用治胃气虚寒之反胃，呕吐涎沫，以及中焦虑痞而善嗳气<br>###功用::[[降逆化痰，益气和胃]]"
"<div style=""text-align: center; font-size: 24px;""><b>橘皮竹茹汤</b></div>",方剂学::各方剂合集::理气剂::降气剂,2,"方歌::[[橘皮竹茹治呕逆]],[[人参甘草枣姜益]]。<br>[[胃虚有热失和降]],[[久病之后更相宜]]<br>###组成::[[橘皮、竹茹、生姜、甘草、人参、大枣、]]<br>###主治::[[胃虚有热，气逆不降]]。呃逆或干呕，虚烦少气，口干，舌红嫩，脉虚数<br>###功用::[[降逆止呃，益气清热]]","方歌::[[橘皮竹茹治呕逆]],[[人参甘草枣姜益]]。<br>[[胃虚有热失和降]],[[久病之后更相宜]]<br>###组成::[[橘皮、竹茹、生姜、甘草、人参、大枣、]]<br>###主治::[[胃虚有热，气逆不降]]。呃逆或干呕，虚烦少气，口干，舌红嫩，脉虚数<br>###功用::[[降逆止呃，益气清热]]"
"<div style=""text-align: center; font-size: 24px;""><b>四磨汤</b></div>",方剂学::各方剂合集::理气剂::降气剂,2,"方歌::[[四磨汤治七情侵]],[[人参乌药及槟沉]]。<br>[[浓磨煎服调滞气]],[[实者枳壳易人参]]<br>###组成::[[人参、槟榔、沉香、「天台乌药」]]<br>###主治::[[肝郁气逆证]]。胸膈胀闷，上气喘急，心下痞满，不思饮食，苔白脉弦<br>###功用::[[行气降逆，宽胸散结]]","方歌::[[四磨汤治七情侵]],[[人参乌药及槟沉]]。<br>[[浓磨煎服调滞气]],[[实者枳壳易人参]]<br>###组成::[[人参、槟榔、沉香、「天台乌药」]]<br>###主治::[[肝郁气逆证]]。胸膈胀闷，上气喘急，心下痞满，不思饮食，苔白脉弦<br>###功用::[[行气降逆，宽胸散结]]"
"<div style=""text-align: center; font-size: 24px;""><b>桃核承气汤</b></div>",方剂学::各方剂合集::理血剂::活血祛瘀剂,2,"方歌::[[桃核承气五般奇]],[[甘草硝黄并桂枝]]。<br>[[瘀热互结小腹胀]],[[蓄血如狂最相宜]]<br>###组成::[[桃仁、大黄、桂枝、芒硝、炙甘草]]<br>###主治::[[下焦蓄血]]证。少腹急结，小便自利，神志如狂，甚则烦躁谵语，至夜发热；以及血瘀经闭，痛经，脉沉实而涩者<br>###功用::[[逐瘀泻热(破血下瘀)]]","方歌::[[桃核承气五般奇]],[[甘草硝黄并桂枝]]。<br>[[瘀热互结小腹胀]],[[蓄血如狂最相宜]]<br>###组成::[[桃仁、大黄、桂枝、芒硝、炙甘草]]<br>###主治::[[下焦蓄血]]证。少腹急结，小便自利，神志如狂，甚则烦躁谵语，至夜发热；以及血瘀经闭，痛经，脉沉实而涩者<br>###功用::[[逐瘀泻热(破血下瘀)]]"
"<div style=""text-align: center; font-size: 24px;""><b>血府逐瘀汤</b></div>",方剂学::各方剂合集::理血剂::活血祛瘀剂,2,"方歌::[[血府当归生地桃]],[[红花甘草壳赤芍]]。<br>[[柴胡芎桔牛膝等]],[[血化下行不作痨]]<br>###组成::[[桃仁、红花、当归、生地、川芎、半赤芍、牛膝、桔梗、半柴胡、枳壳、甘草]]<br>###主治::[[胸中血瘀]]证。胸痛，头痛，日久不愈，痛如针刺而有定处，或呃逆日久不止，或饮水即呛，干呕，或内热瞀闷，或心悸怔忡，失眠多梦，急躁易怒，入暮潮热，唇暗或两目暗黑，舌质暗红或有瘀斑、瘀点，脉涩或弦紧<br>###功用::[[活血祛瘀，行气止痛]]","方歌::[[血府当归生地桃]],[[红花甘草壳赤芍]]。<br>[[柴胡芎桔牛膝等]],[[血化下行不作痨]]<br>###组成::[[桃仁、红花、当归、生地、川芎、半赤芍、牛膝、桔梗、半柴胡、枳壳、甘草]]<br>###主治::[[胸中血瘀]]证。胸痛，头痛，日久不愈，痛如针刺而有定处，或呃逆日久不止，或饮水即呛，干呕，或内热瞀闷，或心悸怔忡，失眠多梦，急躁易怒，入暮潮热，唇暗或两目暗黑，舌质暗红或有瘀斑、瘀点，脉涩或弦紧<br>###功用::[[活血祛瘀，行气止痛]]"
"<div style=""text-align: center; font-size: 24px;""><b>通窍活血汤</b></div>",方剂学::各方剂合集::理血剂::活血祛瘀剂,2,"方歌::[[通窍全凭好麝香]],[[桃红大枣老葱姜]]。<br>[[川芎黄酒赤芍药]],[[表里通经第一方]]<br>###组成::[[赤芍川芎、桃仁红花、老葱三根鲜姜、红枣、麝香黄酒]]<br>###主治::[[头面瘀阻]]证。瘀阻头面之头痛昏晕，或耳聋年久，或头发脱落，面色青紫，或酒渣鼻，或白癜风，以及妇女干血痨、小儿疳积见肌肉消瘦、腹大青筋、皮毛憔悴、潮热，舌暗红，或有瘀斑、瘀点<br>###功用::[[活血通窍]]","方歌::[[通窍全凭好麝香]],[[桃红大枣老葱姜]]。<br>[[川芎黄酒赤芍药]],[[表里通经第一方]]<br>###组成::[[赤芍川芎、桃仁红花、老葱三根鲜姜、红枣、麝香黄酒]]<br>###主治::[[头面瘀阻]]证。瘀阻头面之头痛昏晕，或耳聋年久，或头发脱落，面色青紫，或酒渣鼻，或白癜风，以及妇女干血痨、小儿疳积见肌肉消瘦、腹大青筋、皮毛憔悴、潮热，舌暗红，或有瘀斑、瘀点<br>###功用::[[活血通窍]]"
"<div style=""text-align: center; font-size: 24px;""><b>膈下逐瘀汤</b></div>",方剂学::各方剂合集::理血剂::活血祛瘀剂,2,"方歌::[[膈下逐瘀桃牡丹]],[[赤芍乌药元胡甘]]。<br>[[归芎灵脂红花壳]],[[香附开郁血亦安]]<br>###组成::[[炒五灵脂、当归、川芎、桃仁、丹皮赤芍乌药、元胡、甘草、香附钱半红花、枳壳]]<br>###主治::[[膈下瘀血]]证。症见隔下瘀血，形成结块，或小儿痞块，肚大青筋，或肚腹疼痛，痛处不移，或卧则腹坠似有物者，舌黯红或有瘀斑，脉弦<br>###功用::[[活血祛瘀，行气止痛]]","方歌::[[膈下逐瘀桃牡丹]],[[赤芍乌药元胡甘]]。<br>[[归芎灵脂红花壳]],[[香附开郁血亦安]]<br>###组成::[[炒五灵脂、当归、川芎、桃仁、丹皮赤芍乌药、元胡、甘草、香附钱半红花、枳壳]]<br>###主治::[[膈下瘀血]]证。症见隔下瘀血，形成结块，或小儿痞块，肚大青筋，或肚腹疼痛，痛处不移，或卧则腹坠似有物者，舌黯红或有瘀斑，脉弦<br>###功用::[[活血祛瘀，行气止痛]]"
"<div style=""text-align: center; font-size: 24px;""><b>少腹逐瘀汤</b></div>",方剂学::各方剂合集::理血剂::活血祛瘀剂,2,"方歌::[[少腹逐瘀芎炒姜]],[[元胡灵脂芍茴香]]。<br>[[蒲黄肉桂当没药]],[[调经止痛是良方]]<br>###组成::[[小茴香、炒干姜、元胡、没药、当归、川芎、官桂、赤芍、生蒲黄、炒灵脂]]<br>###主治::[[少腹寒凝血瘀]]证。症见少腹瘀血积块疼痛或不痛，或痛而无积块，或少腹胀满，或经期腰酸，少腹作胀，或月经一月见三五次，接连不断，断而又来，其色或紫或黑，或有瘀块，或崩漏兼少腹疼痛，或瘀血阻滞，久不受孕，舌暗苔白，脉沉弦而涩<br>###功用::[[活血祛瘀，温经止痛]]","方歌::[[少腹逐瘀芎炒姜]],[[元胡灵脂芍茴香]]。<br>[[蒲黄肉桂当没药]],[[调经止痛是良方]]<br>###组成::[[小茴香、炒干姜、元胡、没药、当归、川芎、官桂、赤芍、生蒲黄、炒灵脂]]<br>###主治::[[少腹寒凝血瘀]]证。症见少腹瘀血积块疼痛或不痛，或痛而无积块，或少腹胀满，或经期腰酸，少腹作胀，或月经一月见三五次，接连不断，断而又来，其色或紫或黑，或有瘀块，或崩漏兼少腹疼痛，或瘀血阻滞，久不受孕，舌暗苔白，脉沉弦而涩<br>###功用::[[活血祛瘀，温经止痛]]"
"<div style=""text-align: center; font-size: 24px;""><b>身痛逐瘀汤</b></div>",方剂学::各方剂合集::理血剂::活血祛瘀剂,2,"方歌::[[身痛逐瘀膝地龙]],[[香附羌秦草归芎]]。<br>[[黄芪苍柏量加减]],[[要紧五灵桃没红]]<br>###组成::[[秦艽、川芎、桃仁红花、甘草、羌活、没药、当归、炒灵脂、香附、牛膝、地龙=]]<br>###主治::[[瘀血痹阻经络]]证。肩痛、臂痛、腰痛、腿痛，或周身疼痛，痛如针刺，经久不愈<br>###功用::[[活血行气，祛瘀通络，通痹止痛]]","方歌::[[身痛逐瘀膝地龙]],[[香附羌秦草归芎]]。<br>[[黄芪苍柏量加减]],[[要紧五灵桃没红]]<br>###组成::[[秦艽、川芎、桃仁红花、甘草、羌活、没药、当归、炒灵脂、香附、牛膝、地龙=]]<br>###主治::[[瘀血痹阻经络]]证。肩痛、臂痛、腰痛、腿痛，或周身疼痛，痛如针刺，经久不愈<br>###功用::[[活血行气，祛瘀通络，通痹止痛]]"
"<div style=""text-align: center; font-size: 24px;""><b>复元活血汤</b></div>",方剂学::各方剂合集::理血剂::活血祛瘀剂,2,"方歌::[[复元活血用柴胡]],[[花粉当归山甲入]]。<br>[[桃仁红花大黄草]],[[跌打损伤瘀痛除]]<br>###组成::[[酒制大黄、柴胡、桃仁、当归瓜蒌根(即天花粉)、红花甘草炮山甲]]<br>###主治::[[跌打损伤，胁下瘀血]]证。胁肋瘀肿，痛不可忍<br>###功用::[[活血祛瘀，疏肝通络]]","方歌::[[复元活血用柴胡]],[[花粉当归山甲入]]。<br>[[桃仁红花大黄草]],[[跌打损伤瘀痛除]]<br>###组成::[[酒制大黄、柴胡、桃仁、当归瓜蒌根(即天花粉)、红花甘草炮山甲]]<br>###主治::[[跌打损伤，胁下瘀血]]证。胁肋瘀肿，痛不可忍<br>###功用::[[活血祛瘀，疏肝通络]]"
"<div style=""text-align: center; font-size: 24px;""><b>温经汤</b></div>",方剂学::各方剂合集::理血剂::活血祛瘀剂,2,"方歌::[[温经汤用桂黄芎]],[[归芍丹皮姜夏冬]]。<br>[[参草阿胶调气血]],[[暖宫祛瘀在温通]]<br>###组成::[[吴茱萸、桂枝、当归、芍药、阿胶、麦冬、川芎、牡丹皮、人参、半夏、生姜、甘草]]<br>###主治::[[冲任虚寒，瘀血阻滞]]证。漏下日久不止，经血淋漓不畅，血色暗有块，(月经不调)月经或前或后，或一月数行，或逾期不止，或经停不至，或痛经，少腹里急，腹满，或小腹冷痛，唇口干燥，傍晚发热，手心烦热。亦治女子宫冷，久不受孕。舌暗红脉细涩<br>###功用::[[温经散寒，养血祛瘀]]","方歌::[[温经汤用桂黄芎]],[[归芍丹皮姜夏冬]]。<br>[[参草阿胶调气血]],[[暖宫祛瘀在温通]]<br>###组成::[[吴茱萸、桂枝、当归、芍药、阿胶、麦冬、川芎、牡丹皮、人参、半夏、生姜、甘草]]<br>###主治::[[冲任虚寒，瘀血阻滞]]证。漏下日久不止，经血淋漓不畅，血色暗有块，(月经不调)月经或前或后，或一月数行，或逾期不止，或经停不至，或痛经，少腹里急，腹满，或小腹冷痛，唇口干燥，傍晚发热，手心烦热。亦治女子宫冷，久不受孕。舌暗红脉细涩<br>###功用::[[温经散寒，养血祛瘀]]"
"<div style=""text-align: center; font-size: 24px;""><b>艾附暖宫丸</b></div>",方剂学::各方剂合集::理血剂::活血祛瘀剂,2,"方歌::[[艾附暖宫艾香附]],[[生地白芍芎吴萸]]。<br>[[川椒官桂芪续断]],[[温经暖宫活血虚]]<br>###组成::[[艾叶、香附、吴茱萸、川芎、炒白芍、黄芪、川椒、续断、生地黄、官桂]]<br>###主治::[[理气补血，暖宫调经]]。用于子宫虚寒，月经不调，经来腹痛，腰酸带下。<br>###功用::[[温经暖宫，养血活血]]","方歌::[[艾附暖宫艾香附]],[[生地白芍芎吴萸]]。<br>[[川椒官桂芪续断]],[[温经暖宫活血虚]]<br>###组成::[[艾叶、香附、吴茱萸、川芎、炒白芍、黄芪、川椒、续断、生地黄、官桂]]<br>###主治::[[理气补血，暖宫调经]]。用于子宫虚寒，月经不调，经来腹痛，腰酸带下。<br>###功用::[[温经暖宫，养血活血]]"
"<div style=""text-align: center; font-size: 24px;""><b>生化汤</b></div>",方剂学::各方剂合集::理血剂::活血祛瘀剂,2,"方歌::[[生化汤宜产后尝]],[[归芎桃草酒炮姜]]。<br>[[恶露不行少腹痛]],[[温养活血最见长]]<br>###组成::[[全当归、川芎、桃仁、炮黑干姜、炙甘草、(酒童便)]]<br>###主治::[[血虚寒凝，瘀血阻滞]]。产后恶露不行，小腹冷痛，脉迟细或涩<br>###功用::[[养血活血，温经止痛(化瘀生新)]]","方歌::[[生化汤宜产后尝]],[[归芎桃草酒炮姜]]。<br>[[恶露不行少腹痛]],[[温养活血最见长]]<br>###组成::[[全当归、川芎、桃仁、炮黑干姜、炙甘草、(酒童便)]]<br>###主治::[[血虚寒凝，瘀血阻滞]]。产后恶露不行，小腹冷痛，脉迟细或涩<br>###功用::[[养血活血，温经止痛(化瘀生新)]]"
"<div style=""text-align: center; font-size: 24px;""><b>补阳还五汤</b></div>",方剂学::各方剂合集::理血剂::活血祛瘀剂,2,"方歌::[[补阳还五赤芍芎]],[[归尾通经佐地龙]]。<br>[[黄芪四两桃红用]],[[补气活血经络通]]<br>###组成::[[生黄芪、归尾、赤芍、半川芎、红花、桃仁、地龙]]<br>###主治::[[气虚血瘀之中风]]。半身不遂，口眼喎斜，语言謇涩，口角流涎，小便频数或遗尿不禁，舌暗淡，苔白，脉缓无力<br>###功用::[[补气活血通络]]","方歌::[[补阳还五赤芍芎]],[[归尾通经佐地龙]]。<br>[[黄芪四两桃红用]],[[补气活血经络通]]<br>###组成::[[生黄芪、归尾、赤芍、半川芎、红花、桃仁、地龙]]<br>###主治::[[气虚血瘀之中风]]。半身不遂，口眼喎斜，语言謇涩，口角流涎，小便频数或遗尿不禁，舌暗淡，苔白，脉缓无力<br>###功用::[[补气活血通络]]"
"<div style=""text-align: center; font-size: 24px;""><b>七厘散</b></div>",方剂学::各方剂合集::理血剂::活血祛瘀剂,2,"方歌::[[七厘散治跌打伤]],[[血竭红花冰麝香]]。<br>[[乳没儿茶朱砂末]],[[活血散淤止痛良]]<br>###组成::[[朱砂、麝香、冰片、红花、乳香、没药、「血竭」、儿茶]]<br>###主治::[[化瘀消肿，止痛止血]]。用于跌扑损伤，血瘀疼痛，外伤出血。<br>###功用::[[活血散淤，定痛止血。或散淤消肿，定痛止血]]","方歌::[[七厘散治跌打伤]],[[血竭红花冰麝香]]。<br>[[乳没儿茶朱砂末]],[[活血散淤止痛良]]<br>###组成::[[朱砂、麝香、冰片、红花、乳香、没药、「血竭」、儿茶]]<br>###主治::[[化瘀消肿，止痛止血]]。用于跌扑损伤，血瘀疼痛，外伤出血。<br>###功用::[[活血散淤，定痛止血。或散淤消肿，定痛止血]]"
"<div style=""text-align: center; font-size: 24px;""><b>失笑散</b></div>",方剂学::各方剂合集::理血剂::活血祛瘀剂,2,"方歌::[[失笑灵脂蒲黄同]],[[等量为散酽醋冲]]。<br>[[瘀血停滞心腹痛]],[[祛瘀止痛建奇功]]<br>###组成::[[五灵脂、蒲黄]]<br>###主治::[[瘀血疼痛]]证。心胸或脱腹刺痛，或产后恶露不行，或月经不调，少腹急痛等<br>###功用::[[活血祛瘀，散结止痛]]","方歌::[[失笑灵脂蒲黄同]],[[等量为散酽醋冲]]。<br>[[瘀血停滞心腹痛]],[[祛瘀止痛建奇功]]<br>###组成::[[五灵脂、蒲黄]]<br>###主治::[[瘀血疼痛]]证。心胸或脱腹刺痛，或产后恶露不行，或月经不调，少腹急痛等<br>###功用::[[活血祛瘀，散结止痛]]"
"<div style=""text-align: center; font-size: 24px;""><b>桂枝茯苓丸</b></div>",方剂学::各方剂合集::理血剂::活血祛瘀剂,2,"方歌::[[金匮桂枝茯苓丸]],[[芍药桃仁与牡丹]]。<br>[[等份为末蜜丸服]],[[活血化瘀癥块散]]<br>###组成::[[桂枝、茯苓、牡丹皮、芍药、桃仁、蜂蜜]]<br>###主治::[[瘀血留阻胞宫]]证。妇人素有癥块，妊娠漏下不止，或胎动不安，血色紫黑晦暗，腹痛拒按，或经闭腹痛，或产后恶露不尽而腹痛拒按者，舌质紫暗或有淤点，脉沉涩<br>###功用::[[活血化瘀，缓消癥块]]","方歌::[[金匮桂枝茯苓丸]],[[芍药桃仁与牡丹]]。<br>[[等份为末蜜丸服]],[[活血化瘀癥块散]]<br>###组成::[[桂枝、茯苓、牡丹皮、芍药、桃仁、蜂蜜]]<br>###主治::[[瘀血留阻胞宫]]证。妇人素有癥块，妊娠漏下不止，或胎动不安，血色紫黑晦暗，腹痛拒按，或经闭腹痛，或产后恶露不尽而腹痛拒按者，舌质紫暗或有淤点，脉沉涩<br>###功用::[[活血化瘀，缓消癥块]]"
"<div style=""text-align: center; font-size: 24px;""><b>活络效灵丹</b></div>",方剂学::各方剂合集::理血剂::活血祛瘀剂,2,"方歌::[[活络效灵用丹参]],[[当归乳香没药存]]。<br>[[癥瘕积聚腹中痛]],[[活血祛瘀通络真]]<br>###组成::[[当归、丹参、生明乳香、生明没药、酒]]<br>###主治::[[气血凝滞]]证。心腹疼痛，或腿臂疼痛，或跌打瘀肿，或内外疮疡，以及癥瘕积聚等<br>###功用::[[活血祛瘀，通络止痛]]","方歌::[[活络效灵用丹参]],[[当归乳香没药存]]。<br>[[癥瘕积聚腹中痛]],[[活血祛瘀通络真]]<br>###组成::[[当归、丹参、生明乳香、生明没药、酒]]<br>###主治::[[气血凝滞]]证。心腹疼痛，或腿臂疼痛，或跌打瘀肿，或内外疮疡，以及癥瘕积聚等<br>###功用::[[活血祛瘀，通络止痛]]"
"<div style=""text-align: center; font-size: 24px;""><b>丹参饮</b></div>",方剂学::各方剂合集::理血剂::活血祛瘀剂,2,"方歌::[[心腹诸痛有妙方]],[[丹参十分做提纲]]。<br>[[檀砂一分聊为佐]],[[活血祛瘀行气彰]]<br>###组成::[[丹参、檀香砂仁]]<br>###主治::[[血瘀气滞之心胃诸痛]]。心胸刺痛，胃脘疼痛，痛有定处，拒按(尤宜于心胃痛偏瘀偏热者)<br>###功用::[[活血祛瘀，行气止痛]]","方歌::[[心腹诸痛有妙方]],[[丹参十分做提纲]]。<br>[[檀砂一分聊为佐]],[[活血祛瘀行气彰]]<br>###组成::[[丹参、檀香砂仁]]<br>###主治::[[血瘀气滞之心胃诸痛]]。心胸刺痛，胃脘疼痛，痛有定处，拒按(尤宜于心胃痛偏瘀偏热者)<br>###功用::[[活血祛瘀，行气止痛]]"
"<div style=""text-align: center; font-size: 24px;""><b>大黄廑虫丸</b></div>",方剂学::各方剂合集::理血剂::活血祛瘀剂,2,"方歌::[[大黄廑虫芩芍桃]],[[地黄杏草漆蛴螬]]。<br>[[水蛭虻虫和丸服]],[[祛瘀生新干血疗]]<br>###组成::[[「大黄」、「廑虫」、水蛭、虻虫、蛴螬、干漆、桃仁、黄芩、杏仁、干地黄、芍药、甘草、白蜜]]<br>###主治::[[五劳虚极]]。形体羸瘦，腹满不能饮食，肌肤甲错，两目黯黑，或潮热，妇人经闭不行，舌质紫黯，或边有瘀斑，脉象迟涩<br>###功用::[[活血消癥，祛瘀生新]]","方歌::[[大黄廑虫芩芍桃]],[[地黄杏草漆蛴螬]]。<br>[[水蛭虻虫和丸服]],[[祛瘀生新干血疗]]<br>###组成::[[「大黄」、「廑虫」、水蛭、虻虫、蛴螬、干漆、桃仁、黄芩、杏仁、干地黄、芍药、甘草、白蜜]]<br>###主治::[[五劳虚极]]。形体羸瘦，腹满不能饮食，肌肤甲错，两目黯黑，或潮热，妇人经闭不行，舌质紫黯，或边有瘀斑，脉象迟涩<br>###功用::[[活血消癥，祛瘀生新]]"
"<div style=""text-align: center; font-size: 24px;""><b>小蓟饮子</b></div>",方剂学::各方剂合集::理血剂::止血剂,2,"方歌::[[小蓟饮子藕蒲黄]],[[木通滑石生地襄]]。<br>[[归草栀子淡竹叶]],[[热结血淋服之良]]<br>###组成::[[小蓟、生地黄、蒲黄、藕节、滑石、木通、淡竹叶、山栀子、当归、炙甘草]]<br>###主治::[[热结下焦]]之血淋、尿血。尿中带血，小便频数，赤涩热痛，舌红苔黄，脉数<br>###功用::[[凉血止血，利尿通淋]]","方歌::[[小蓟饮子藕蒲黄]],[[木通滑石生地襄]]。<br>[[归草栀子淡竹叶]],[[热结血淋服之良]]<br>###组成::[[小蓟、生地黄、蒲黄、藕节、滑石、木通、淡竹叶、山栀子、当归、炙甘草]]<br>###主治::[[热结下焦]]之血淋、尿血。尿中带血，小便频数，赤涩热痛，舌红苔黄，脉数<br>###功用::[[凉血止血，利尿通淋]]"
"<div style=""text-align: center; font-size: 24px;""><b>槐花散</b></div>",方剂学::各方剂合集::理血剂::止血剂,2,"方歌::[[槐花散用治肠风]],[[侧柏荆芥枳壳藏]]。<br>[[清肠止血疏风气]],[[肠风脏毒悉能康]]<br>###组成::[[槐花、柏叶、荆芥、穗枳壳]]<br>###主治::[[风热湿毒塞遏大肠，损伤血络之便血]]。肠风，脏毒，便前出血，或便后出血，或粪中带血，以及痔疮出血，血色鲜红或晦暗，舌红苔黄或腻，脉数或滑<br>###功用::[[清肠止血，疏风理气]]","方歌::[[槐花散用治肠风]],[[侧柏荆芥枳壳藏]]。<br>[[清肠止血疏风气]],[[肠风脏毒悉能康]]<br>###组成::[[槐花、柏叶、荆芥、穗枳壳]]<br>###主治::[[风热湿毒塞遏大肠，损伤血络之便血]]。肠风，脏毒，便前出血，或便后出血，或粪中带血，以及痔疮出血，血色鲜红或晦暗，舌红苔黄或腻，脉数或滑<br>###功用::[[清肠止血，疏风理气]]"
"<div style=""text-align: center; font-size: 24px;""><b>咳血方</b></div>",方剂学::各方剂合集::理血剂::止血剂,2,"方歌::[[咳血方中诃子收]],[[瓜蒌海粉山栀投]]。<br>[[青黛蜜丸口噙化]],[[肝火犯肺咳血疗]]<br>###组成::[[青黛、山栀子、瓜蒌仁、海粉、诃子、蜜姜汁]]<br>###主治::[[肝火犯肺之咳血]]证。咳嗽有痰，色黄黏稠，痰中带血，咯吐不爽，胸胁作痛，心烦易怒，咽干口苦，面赤便结，舌红苔黄，脉弦数<br>###功用::[[清肝宁肺，凉血止血]]","方歌::[[咳血方中诃子收]],[[瓜蒌海粉山栀投]]。<br>[[青黛蜜丸口噙化]],[[肝火犯肺咳血疗]]<br>###组成::[[青黛、山栀子、瓜蒌仁、海粉、诃子、蜜姜汁]]<br>###主治::[[肝火犯肺之咳血]]证。咳嗽有痰，色黄黏稠，痰中带血，咯吐不爽，胸胁作痛，心烦易怒，咽干口苦，面赤便结，舌红苔黄，脉弦数<br>###功用::[[清肝宁肺，凉血止血]]"
"<div style=""text-align: center; font-size: 24px;""><b>黄土汤</b></div>",方剂学::各方剂合集::理血剂::止血剂,2,"方歌::[[黄土汤中芩地黄]],[[术附阿胶甘草尝]]。<br>[[温阳健脾能摄血]],[[吐衄便崩服之康]]<br>###组成::[[灶心黄土、炮附子、白术、甘草、阿胶、干地黄、黄芩]]<br>###主治::[[脾阳不足，脾不统血]]证。大便下血，或吐血，衄血，妇人崩漏，血色暗淡，四肢不温，面色萎黄，舌淡苔白，脉沉细无力<br>###功用::[[温阳健脾，养血止血]]","方歌::[[黄土汤中芩地黄]],[[术附阿胶甘草尝]]。<br>[[温阳健脾能摄血]],[[吐衄便崩服之康]]<br>###组成::[[灶心黄土、炮附子、白术、甘草、阿胶、干地黄、黄芩]]<br>###主治::[[脾阳不足，脾不统血]]证。大便下血，或吐血，衄血，妇人崩漏，血色暗淡，四肢不温，面色萎黄，舌淡苔白，脉沉细无力<br>###功用::[[温阳健脾，养血止血]]"
"<div style=""text-align: center; font-size: 24px;""><b>十灰散</b></div>",方剂学::各方剂合集::理血剂::止血剂,2,"方歌::[[十灰散用十般灰]],[[柏荷茅茜棕丹皮]]。<br>[[二蓟栀黄各炒黑]],[[上部出血势能摧]]<br>###组成::[[「大蓟」、「小蓟」、荷叶、柏叶、茅根、茜根、山栀、大黄、牡丹皮、棕榈皮]]<br>###主治::[[血热妄行之上部出血]]证。呕血、吐血、咯血、嗽血、衄血等，血色鲜红，来势急暴，舌红，脉数<br>###功用::[[凉血止血]]","方歌::[[十灰散用十般灰]],[[柏荷茅茜棕丹皮]]。<br>[[二蓟栀黄各炒黑]],[[上部出血势能摧]]<br>###组成::[[「大蓟」、「小蓟」、荷叶、柏叶、茅根、茜根、山栀、大黄、牡丹皮、棕榈皮]]<br>###主治::[[血热妄行之上部出血]]证。呕血、吐血、咯血、嗽血、衄血等，血色鲜红，来势急暴，舌红，脉数<br>###功用::[[凉血止血]]"
"<div style=""text-align: center; font-size: 24px;""><b>胶艾汤</b></div>",方剂学::各方剂合集::理血剂::止血剂,2,"方歌::[[胶艾汤中四物先]],[[更加炙草一同煎]]。<br>[[调经安胎补止血]],[[冲任虚损崩漏痊]]<br>###组成::[[川芎、「阿胶」、甘草、「艾叶」、当归、芍药、干地黄、清酒]]<br>###主治::[[冲任虚损之出血]]。<br>1.妇人冲任虚损，崩漏下血，月经过多，淋漓不止；<br>2.产后或流产损伤冲任，下血不绝；<br>3.妊娠胞阻，胎漏下血，腹中疼痛(血虚崩漏以及安胎常用方)<br>###功用::[[养血止血，调经安胎]]","方歌::[[胶艾汤中四物先]],[[更加炙草一同煎]]。<br>[[调经安胎补止血]],[[冲任虚损崩漏痊]]<br>###组成::[[川芎、「阿胶」、甘草、「艾叶」、当归、芍药、干地黄、清酒]]<br>###主治::[[冲任虚损之出血]]。<br>1.妇人冲任虚损，崩漏下血，月经过多，淋漓不止；<br>2.产后或流产损伤冲任，下血不绝；<br>3.妊娠胞阻，胎漏下血，腹中疼痛(血虚崩漏以及安胎常用方)<br>###功用::[[养血止血，调经安胎]]"
"<div style=""text-align: center; font-size: 24px;""><b>大秦艽汤</b></div>",方剂学::各方剂合集::治风剂::疏散外风剂,2,"方歌::[[大秦艽汤羌独防]],[[芎芷辛芩二地黄]]。<br>[[石膏归芍苓甘术]],[[风中经络可煎尝]]<br>###组成::[[秦艽、甘草、川芎、当归、白芍、细辛、石膏、白芷、白术、生地、熟地、独活、羌活、防风、黄芩、白茯苓]]<br>###主治::[[风邪初中经络]]证。口眼咽斜，舌强不能言语，手足不能运动，风邪散见，不拘一经者，或兼恶寒发热，肢节疼痛，苔白或黄，脉浮数或弦细<br>###功用::[[祛风清热，养血活血]]","方歌::[[大秦艽汤羌独防]],[[芎芷辛芩二地黄]]。<br>[[石膏归芍苓甘术]],[[风中经络可煎尝]]<br>###组成::[[秦艽、甘草、川芎、当归、白芍、细辛、石膏、白芷、白术、生地、熟地、独活、羌活、防风、黄芩、白茯苓]]<br>###主治::[[风邪初中经络]]证。口眼咽斜，舌强不能言语，手足不能运动，风邪散见，不拘一经者，或兼恶寒发热，肢节疼痛，苔白或黄，脉浮数或弦细<br>###功用::[[祛风清热，养血活血]]"
"<div style=""text-align: center; font-size: 24px;""><b>川芎茶调散</b></div>",方剂学::各方剂合集::治风剂::疏散外风剂,2,"方歌::[[川芎茶调散荆防]],[[辛芷薄荷甘草羌]]。<br>[[目昏鼻塞风攻上]],[[偏正头痛悉能康]]<br>###组成::[[川芎、荆芥、白芷、羌活、甘草、细辛、防风薄荷叶、清茶]]<br>###主治::[[外感风邪头痛]]。偏头痛或巅顶作痛，或见目眩鼻塞，恶寒发热，舌苔薄白，脉浮<br>###功用::[[疏风止痛]]","方歌::[[川芎茶调散荆防]],[[辛芷薄荷甘草羌]]。<br>[[目昏鼻塞风攻上]],[[偏正头痛悉能康]]<br>###组成::[[川芎、荆芥、白芷、羌活、甘草、细辛、防风薄荷叶、清茶]]<br>###主治::[[外感风邪头痛]]。偏头痛或巅顶作痛，或见目眩鼻塞，恶寒发热，舌苔薄白，脉浮<br>###功用::[[疏风止痛]]"
"<div style=""text-align: center; font-size: 24px;""><b>消风散</b></div>",方剂学::各方剂合集::治风剂::疏散外风剂,2,"方歌::[[消风散内用荆防]],[[蝉蜕胡麻苦参苍]]。<br>[[石知蒡通归地草]],[[风疹湿疹服之康]]<br>###组成::[[「荆芥」、「防风」、「牛蒡子」、「蝉蜕」、苍术、苦参、石膏、知母、生地、当归、胡麻、木通、甘草]]<br>###主治::[[风疹，湿疹]]。皮肤疹出色红，或遍身云片斑点，瘙痒，抓破后渗出津水，苔白或黄，脉浮数有力<br>###功用::[[疏风养血，清热除湿]]","方歌::[[消风散内用荆防]],[[蝉蜕胡麻苦参苍]]。<br>[[石知蒡通归地草]],[[风疹湿疹服之康]]<br>###组成::[[「荆芥」、「防风」、「牛蒡子」、「蝉蜕」、苍术、苦参、石膏、知母、生地、当归、胡麻、木通、甘草]]<br>###主治::[[风疹，湿疹]]。皮肤疹出色红，或遍身云片斑点，瘙痒，抓破后渗出津水，苔白或黄，脉浮数有力<br>###功用::[[疏风养血，清热除湿]]"
"<div style=""text-align: center; font-size: 24px;""><b>牵正散</b></div>",方剂学::各方剂合集::治风剂::疏散外风剂,2,"方歌::[[牵正散是杨家方]],[[全蝎僵蛋白附襄]]。<br>[[服用少量热酒下]],[[口眼喎斜疗效彰]]<br>###组成::[[「白附子」、白僵蚕、全蝎、热酒]]<br>###主治::[[风痰阻络]]之口眼喎斜。猝然口眼喎斜，或面肌抽动，舌淡红，苔白<br>###功用::[[祛风化痰，通络止痉]]","方歌::[[牵正散是杨家方]],[[全蝎僵蛋白附襄]]。<br>[[服用少量热酒下]],[[口眼喎斜疗效彰]]<br>###组成::[[「白附子」、白僵蚕、全蝎、热酒]]<br>###主治::[[风痰阻络]]之口眼喎斜。猝然口眼喎斜，或面肌抽动，舌淡红，苔白<br>###功用::[[祛风化痰，通络止痉]]"
"<div style=""text-align: center; font-size: 24px;""><b>小活络丹</b></div>",方剂学::各方剂合集::治风剂::疏散外风剂,2,"方歌::[[小活络丹天南功]],[[二乌乳没加地龙]]。<br>[[寒湿瘀血成痹痛]],[[搜风活血络脉通]]<br>###组成::[[炮「川乌、」炮「草乌、」地龙、炮天南星、乳香没药]]<br>###主治::[[风寒湿痹]]。<br>1.肢体筋脉疼痛，麻木拘挛，关节屈伸不利，疼痛游走不定；<br>2.中风，手足不仁，日久不愈，经络中湿痰瘀血，而见腰腿沉重，或腿臂间作痛。舌淡紫，苔白<br>###功用::[[祛风除湿，化痰通络，活血止痛]]","方歌::[[小活络丹天南功]],[[二乌乳没加地龙]]。<br>[[寒湿瘀血成痹痛]],[[搜风活血络脉通]]<br>###组成::[[炮「川乌、」炮「草乌、」地龙、炮天南星、乳香没药]]<br>###主治::[[风寒湿痹]]。<br>1.肢体筋脉疼痛，麻木拘挛，关节屈伸不利，疼痛游走不定；<br>2.中风，手足不仁，日久不愈，经络中湿痰瘀血，而见腰腿沉重，或腿臂间作痛。舌淡紫，苔白<br>###功用::[[祛风除湿，化痰通络，活血止痛]]"
"<div style=""text-align: center; font-size: 24px;""><b>玉真散</b></div>",方剂学::各方剂合集::治风剂::疏散外风剂,2,"方歌::[[玉真散治破伤风]],[[牙关紧急角反弓]]。<br>[[星麻白附羌防芷]],[[外敷内服一方通]]<br>###组成::[[「天南星」、防风、白芷、天麻、羌活、「白附子」、酒]]<br>###主治::[[风毒痰阻之破伤风]]。牙关紧急，口撮唇紧，身体强直，角弓反张，甚则咬牙缩舌，脉弦紧<br>###功用::[[祛风化痰，定搐止痉]]","方歌::[[玉真散治破伤风]],[[牙关紧急角反弓]]。<br>[[星麻白附羌防芷]],[[外敷内服一方通]]<br>###组成::[[「天南星」、防风、白芷、天麻、羌活、「白附子」、酒]]<br>###主治::[[风毒痰阻之破伤风]]。牙关紧急，口撮唇紧，身体强直，角弓反张，甚则咬牙缩舌，脉弦紧<br>###功用::[[祛风化痰，定搐止痉]]"
"<div style=""text-align: center; font-size: 24px;""><b>羚角钩藤汤</b></div>",方剂学::各方剂合集::治风剂::平息内风剂,2,"方歌::[[俞氏羚角钩藤汤]],[[桑菊茯神鲜地黄]]。<br>[[贝草竹茹同芍药]],[[肝热生风急煎尝]]<br>###组成::[[羚羊角片、钩藤、桑叶、菊花、生地、白芍、川贝母、竹茹、茯神木、生甘草]]<br>###主治::[[肝热生风证]]。高热不退，烦闷躁扰，手足抽搐，发为痉厥，甚则神昏，舌绛而干，或舌焦起刺，脉弦而数<br>###功用::[[凉肝息风，增液舒筋]]","方歌::[[俞氏羚角钩藤汤]],[[桑菊茯神鲜地黄]]。<br>[[贝草竹茹同芍药]],[[肝热生风急煎尝]]<br>###组成::[[羚羊角片、钩藤、桑叶、菊花、生地、白芍、川贝母、竹茹、茯神木、生甘草]]<br>###主治::[[肝热生风证]]。高热不退，烦闷躁扰，手足抽搐，发为痉厥，甚则神昏，舌绛而干，或舌焦起刺，脉弦而数<br>###功用::[[凉肝息风，增液舒筋]]"
"<div style=""text-align: center; font-size: 24px;""><b>镇肝熄风汤</b></div>",方剂学::各方剂合集::治风剂::平息内风剂,2,"方歌::[[镇肝熄风芍天冬]],[[玄牡茵陈赭膝龙]]。<br>[[龟甲麦芽甘草楝]],[[肝风内动有奇功]]<br>###组成::[[怀牛膝、生赭石、生龙骨、生牡蛎、生龟板、生杭芍、玄参、天冬、茵陈、川楝子、生麦芽、甘草]]<br>###主治::[[肝阳上亢，气血上逆之类中风]]。头目眩晕，目胀耳鸣，脑部热痛，心中烦热，面色如醉，或时常噫气，或肢体渐觉不利，口角渐形喎斜；甚或眩晕颠仆，昏不知人，移时始醒；或醒后不能复原，脉弦长有力<br>###功用::[[镇肝息风，滋阴潜阳]]","方歌::[[镇肝熄风芍天冬]],[[玄牡茵陈赭膝龙]]。<br>[[龟甲麦芽甘草楝]],[[肝风内动有奇功]]<br>###组成::[[怀牛膝、生赭石、生龙骨、生牡蛎、生龟板、生杭芍、玄参、天冬、茵陈、川楝子、生麦芽、甘草]]<br>###主治::[[肝阳上亢，气血上逆之类中风]]。头目眩晕，目胀耳鸣，脑部热痛，心中烦热，面色如醉，或时常噫气，或肢体渐觉不利，口角渐形喎斜；甚或眩晕颠仆，昏不知人，移时始醒；或醒后不能复原，脉弦长有力<br>###功用::[[镇肝息风，滋阴潜阳]]"
"<div style=""text-align: center; font-size: 24px;""><b>天麻钩藤饮</b></div>",方剂学::各方剂合集::治风剂::平息内风剂,2,"方歌::[[天麻息风钩益桑]],[[栀芩清热决潜阳]]。<br>[[杜膝活血益肝肾]],[[茯神夜交肝风藏]]<br>###组成::[[天麻、钩藤、石决明、栀子、黄芩、川牛膝、杜仲、益母草、桑寄生、夜交藤、朱茯神]]<br>###主治::[[肝阳偏亢，风火上]]扰。头痛，眩晕，失眠，舌红苔黄，脉弦<br>###功用::[[平肝息风，清热活血，补益肝肾]]","方歌::[[天麻息风钩益桑]],[[栀芩清热决潜阳]]。<br>[[杜膝活血益肝肾]],[[茯神夜交肝风藏]]<br>###组成::[[天麻、钩藤、石决明、栀子、黄芩、川牛膝、杜仲、益母草、桑寄生、夜交藤、朱茯神]]<br>###主治::[[肝阳偏亢，风火上]]扰。头痛，眩晕，失眠，舌红苔黄，脉弦<br>###功用::[[平肝息风，清热活血，补益肝肾]]"
"<div style=""text-align: center; font-size: 24px;""><b>大定风珠</b></div>",方剂学::各方剂合集::治风剂::平息内风剂,2,"方歌::[[大定风珠鸡子黄]],[[胶芍三甲五味襄]]。<br>[[麦冬生地麻仁草]],[[滋阴息风是妙方]]<br>###组成::[[生白芍、「阿胶」、生龟板、干地黄、麻仁、五味子、生牡蛎、麦冬、炙甘草、生鸡子黄、生鳖甲]]<br>###主治::[[阴虚风动]]证。温病后期，神倦瘦疯，舌绛苔少，脉气虚弱，有时时欲脱之势<br>###功用::[[滋阴息风]]","方歌::[[大定风珠鸡子黄]],[[胶芍三甲五味襄]]。<br>[[麦冬生地麻仁草]],[[滋阴息风是妙方]]<br>###组成::[[生白芍、「阿胶」、生龟板、干地黄、麻仁、五味子、生牡蛎、麦冬、炙甘草、生鸡子黄、生鳖甲]]<br>###主治::[[阴虚风动]]证。温病后期，神倦瘦疯，舌绛苔少，脉气虚弱，有时时欲脱之势<br>###功用::[[滋阴息风]]"
"<div style=""text-align: center; font-size: 24px;""><b>阿胶鸡子黄汤</b></div>",方剂学::各方剂合集::治风剂::平息内风剂,2,"方歌::[[阿胶鸡子黄汤好]],[[地芍钩藤牡蛎草]]。<br>[[决明茯神络石藤]],[[阴虚风动此方保]]<br>###组成::[[「阿胶」、生白芍、石决明、钩藤、生地、炙甘草、生牡蛎、络石藤、茯神、「鸡子黄」]]<br>###主治::[[邪热久羁，阴血不足，虚风内动]]证。筋脉拘急，手足瘦疯，或头目眩晕，舌绛苔少，脉细数<br>###功用::[[滋阴养血，柔肝息风]]","方歌::[[阿胶鸡子黄汤好]],[[地芍钩藤牡蛎草]]。<br>[[决明茯神络石藤]],[[阴虚风动此方保]]<br>###组成::[[「阿胶」、生白芍、石决明、钩藤、生地、炙甘草、生牡蛎、络石藤、茯神、「鸡子黄」]]<br>###主治::[[邪热久羁，阴血不足，虚风内动]]证。筋脉拘急，手足瘦疯，或头目眩晕，舌绛苔少，脉细数<br>###功用::[[滋阴养血，柔肝息风]]"
"<div style=""text-align: center; font-size: 24px;""><b>杏苏散</b></div>",方剂学::各方剂合集::治燥剂::轻宣外燥剂,2,"方歌::[[杏苏散内夏陈前]],[[枳桔苓甘姜枣研]]。<br>[[轻宣温润治凉燥]],[[理肺化痰咳自痊]]<br>###组成::[[苏叶、杏仁、前胡、苦桔梗、枳壳、半夏、橘皮、茯苓、生姜、大枣、甘草]]<br>###主治::[[外感凉燥]]证。头微痛，恶寒无汗，咳嗽痰稀，鼻塞咽干，苔白，脉弦<br>###功用::[[轻宣凉燥，理肺化痰]]","方歌::[[杏苏散内夏陈前]],[[枳桔苓甘姜枣研]]。<br>[[轻宣温润治凉燥]],[[理肺化痰咳自痊]]<br>###组成::[[苏叶、杏仁、前胡、苦桔梗、枳壳、半夏、橘皮、茯苓、生姜、大枣、甘草]]<br>###主治::[[外感凉燥]]证。头微痛，恶寒无汗，咳嗽痰稀，鼻塞咽干，苔白，脉弦<br>###功用::[[轻宣凉燥，理肺化痰]]"
"<div style=""text-align: center; font-size: 24px;""><b>清燥救肺汤</b></div>",方剂学::各方剂合集::治燥剂::轻宣外燥剂,2,"方歌::[[清燥救肺参草杷]],[[石膏胶杏麦胡麻]]。<br>[[经霜收下冬桑叶]],[[清燥润肺效可夸]]<br>###组成::[[桑叶、煅石膏、甘草、人参、胡麻仁、阿胶、麦门、冬杏仁、枇杷叶]]<br>###主治::[[温燥伤肺]]证。头痛身热，干咳无痰，气逆而喘，胸满胁痛，心烦口渴，咽干鼻燥，舌干无苔，脉虚大而数<br>###功用::[[清肺润燥，益气养阴]]","方歌::[[清燥救肺参草杷]],[[石膏胶杏麦胡麻]]。<br>[[经霜收下冬桑叶]],[[清燥润肺效可夸]]<br>###组成::[[桑叶、煅石膏、甘草、人参、胡麻仁、阿胶、麦门、冬杏仁、枇杷叶]]<br>###主治::[[温燥伤肺]]证。头痛身热，干咳无痰，气逆而喘，胸满胁痛，心烦口渴，咽干鼻燥，舌干无苔，脉虚大而数<br>###功用::[[清肺润燥，益气养阴]]"
"<div style=""text-align: center; font-size: 24px;""><b>桑杏汤</b></div>",方剂学::各方剂合集::治燥剂::轻宣外燥剂,2,"方歌::[[桑杏汤中象贝宜]],[[沙参栀鼓与梨皮]]。<br>[[身热咽干咳痰少]],[[辛凉甘润燥能医]]<br>###组成::[[「桑叶」、「杏仁」、沙参、象贝、香豉、梨皮、栀皮]]<br>###主治::[[外感温燥轻]]证。头痛，身热不甚，微恶风寒，干咳无痰，或痰少而黏，口渴，咽干鼻燥，舌红，苔薄白而干，脉浮数而右脉大者<br>###功用::[[清宣温燥，润肺止咳(轻宣凉润，清肺止咳)]]","方歌::[[桑杏汤中象贝宜]],[[沙参栀鼓与梨皮]]。<br>[[身热咽干咳痰少]],[[辛凉甘润燥能医]]<br>###组成::[[「桑叶」、「杏仁」、沙参、象贝、香豉、梨皮、栀皮]]<br>###主治::[[外感温燥轻]]证。头痛，身热不甚，微恶风寒，干咳无痰，或痰少而黏，口渴，咽干鼻燥，舌红，苔薄白而干，脉浮数而右脉大者<br>###功用::[[清宣温燥，润肺止咳(轻宣凉润，清肺止咳)]]"
"<div style=""text-align: center; font-size: 24px;""><b>沙参麦冬汤</b></div>",方剂学::各方剂合集::治燥剂::轻宣外燥剂,2,"方歌::[[沙参麦冬玉竹汤]],[[扁豆花粉甘草桑]]。<br>[[清养肺胃生津燥]],[[干咳身热口咽干]]<br>###组成::[[沙参、玉竹、生甘草、冬桑叶、麦冬、生扁豆花粉]]<br>###主治::[[燥伤肺胃阴分]]证。症见咽干口燥，或身热，或干咳，舌红少苔，脉细数<br>###功用::[[清养肺胃，生津润燥]]","方歌::[[沙参麦冬玉竹汤]],[[扁豆花粉甘草桑]]。<br>[[清养肺胃生津燥]],[[干咳身热口咽干]]<br>###组成::[[沙参、玉竹、生甘草、冬桑叶、麦冬、生扁豆花粉]]<br>###主治::[[燥伤肺胃阴分]]证。症见咽干口燥，或身热，或干咳，舌红少苔，脉细数<br>###功用::[[清养肺胃，生津润燥]]"
"<div style=""text-align: center; font-size: 24px;""><b>养阴清肺汤</b></div>",方剂学::各方剂合集::治燥剂::滋润内燥剂,2,"方歌::[[养阴清肺是妙方]],[[玄参草芍冬地黄]]。<br>[[薄荷贝母丹皮人]],[[阴虚白喉急煎尝]]<br>###组成::[[大生地、麦冬、玄参、炒白芍、丹皮、贝母、生甘草、薄荷]]<br>###主治::[[阴虚肺燥之白喉]]。喉间起白如腐，不易拭去，拭则血出，咽喉肿痛，初起或发热或不发热，或咳或不咳，呼吸有声，似喘非喘，鼻干唇燥，舌红，脉数无力或细数<br>###功用::[[养阴清肺，解毒利咽]]","方歌::[[养阴清肺是妙方]],[[玄参草芍冬地黄]]。<br>[[薄荷贝母丹皮人]],[[阴虚白喉急煎尝]]<br>###组成::[[大生地、麦冬、玄参、炒白芍、丹皮、贝母、生甘草、薄荷]]<br>###主治::[[阴虚肺燥之白喉]]。喉间起白如腐，不易拭去，拭则血出，咽喉肿痛，初起或发热或不发热，或咳或不咳，呼吸有声，似喘非喘，鼻干唇燥，舌红，脉数无力或细数<br>###功用::[[养阴清肺，解毒利咽]]"
"<div style=""text-align: center; font-size: 24px;""><b>麦门冬汤</b></div>",方剂学::各方剂合集::治燥剂::滋润内燥剂,2,"方歌::[[麦门冬汤用人参]],[[枣草梗米半夏存]]。<br>[[肺痿咳逆因虚火]],[[滋养肺胃降逆珍]]<br>###组成::[[麦门冬、半夏、人参、甘草、粳米、大枣]]<br>###主治::1.[[虚热肺痰]]。咳唾涎沫，短气喘促，咽喉干燥不利，舌干红少苔，脉虚数<br>2.[[胃阴不足证]]。还可治疗胃阴虚呕逆证。呕吐，或呃逆，口渴咽干，舌红少苔，脉虚数<br>###功用::[[滋养肺胃，降逆下气]]","方歌::[[麦门冬汤用人参]],[[枣草梗米半夏存]]。<br>[[肺痿咳逆因虚火]],[[滋养肺胃降逆珍]]<br>###组成::[[麦门冬、半夏、人参、甘草、粳米、大枣]]<br>###主治::1.[[虚热肺痰]]。咳唾涎沫，短气喘促，咽喉干燥不利，舌干红少苔，脉虚数<br>2.[[胃阴不足证]]。还可治疗胃阴虚呕逆证。呕吐，或呃逆，口渴咽干，舌红少苔，脉虚数<br>###功用::[[滋养肺胃，降逆下气]]"
"<div style=""text-align: center; font-size: 24px;""><b>百合固金汤</b></div>",方剂学::各方剂合集::治燥剂::滋润内燥剂,2,"方歌::[[百合固金二地黄]],[[玄参贝母甘桔藏]]。<br>[[麦冬芍药当归配]],[[喘咳痰血肺家伤]]<br>###组成::[[熟地、生地、当归身、白芍、玄参、麦冬、百合、贝母、生甘草、桔梗]]<br>###主治::[[肺肾阴虚，虚火上炎]]证。咳嗽气喘，或痰中带血，咽喉燥痛，头晕目眩，午后潮热，舌红少苔，脉细数<br>###功用::[[滋润肺肾，化痰止咳]]","方歌::[[百合固金二地黄]],[[玄参贝母甘桔藏]]。<br>[[麦冬芍药当归配]],[[喘咳痰血肺家伤]]<br>###组成::[[熟地、生地、当归身、白芍、玄参、麦冬、百合、贝母、生甘草、桔梗]]<br>###主治::[[肺肾阴虚，虚火上炎]]证。咳嗽气喘，或痰中带血，咽喉燥痛，头晕目眩，午后潮热，舌红少苔，脉细数<br>###功用::[[滋润肺肾，化痰止咳]]"
"<div style=""text-align: center; font-size: 24px;""><b>增液汤</b></div>",方剂学::各方剂合集::治燥剂::滋润内燥剂,2,"方歌::[[增液汤用玄地冬]],[[无水舟停便不通]]。<br>[[或合硝黄作泻剂]],[[补泄兼施妙不同]]<br>###组成::[[「玄参」、麦冬、细生地]]<br>###主治::[[阳明温病，津亏肠燥]]证。大便秘结，口渴，舌干红，脉细稍数，或沉而无力(津液不足，大便秘结，或下后二三日，下证复现脉沉无力者)<br>###功用::[[增液润燥(滋阴清热，润燥通便)]]","方歌::[[增液汤用玄地冬]],[[无水舟停便不通]]。<br>[[或合硝黄作泻剂]],[[补泄兼施妙不同]]<br>###组成::[[「玄参」、麦冬、细生地]]<br>###主治::[[阳明温病，津亏肠燥]]证。大便秘结，口渴，舌干红，脉细稍数，或沉而无力(津液不足，大便秘结，或下后二三日，下证复现脉沉无力者)<br>###功用::[[增液润燥(滋阴清热，润燥通便)]]"
"<div style=""text-align: center; font-size: 24px;""><b>益胃汤</b></div>",方剂学::各方剂合集::治燥剂::滋润内燥剂,2,"方歌::[[益胃汤能养胃阴]],[[冰糖玉竹与沙参]]。<br>[[麦冬生地同煎服]],[[养阴益胃此方珍]]<br>###组成::[[沙参、「麦冬」、冰糖、「细生地」、玉竹、]]<br>###主治::[[胃阴不足]]证。胃肮灼热隐痛，饥不欲食，口干咽燥，大便干结，或干呕、呃逆，舌红少津，脉细数<br>###功用::[[养阴益胃]]","方歌::[[益胃汤能养胃阴]],[[冰糖玉竹与沙参]]。<br>[[麦冬生地同煎服]],[[养阴益胃此方珍]]<br>###组成::[[沙参、「麦冬」、冰糖、「细生地」、玉竹、]]<br>###主治::[[胃阴不足]]证。胃肮灼热隐痛，饥不欲食，口干咽燥，大便干结，或干呕、呃逆，舌红少津，脉细数<br>###功用::[[养阴益胃]]"
"<div style=""text-align: center; font-size: 24px;""><b>玉液汤</b></div>",方剂学::各方剂合集::治燥剂::滋润内燥剂,2,"方歌::[[玉液山药芪葛根]],[[花粉知味鸡内金]]。<br>[[消渴口干溲多数]],[[补脾固肾益气阴]]<br>###组成::[[「生山药」、「生黄芪」、知母、葛根、五味子、天花粉、生鸡内金]]<br>###主治::[[气阴亏虚之消渴]]。口渴引饮，饮水不解，小便频数量多，或小便浑浊，困倦气短，舌嫩红而干，脉虚细无力<br>###功用::[[益气滋阴，固肾生津，润燥止渴]]","方歌::[[玉液山药芪葛根]],[[花粉知味鸡内金]]。<br>[[消渴口干溲多数]],[[补脾固肾益气阴]]<br>###组成::[[「生山药」、「生黄芪」、知母、葛根、五味子、天花粉、生鸡内金]]<br>###主治::[[气阴亏虚之消渴]]。口渴引饮，饮水不解，小便频数量多，或小便浑浊，困倦气短，舌嫩红而干，脉虚细无力<br>###功用::[[益气滋阴，固肾生津，润燥止渴]]"
"<div style=""text-align: center; font-size: 24px;""><b>琼玉膏</b></div>",方剂学::各方剂合集::治燥剂::滋润内燥剂,2,"方歌::[[琼玉膏用生地黄]],[[参苓白蜜炼膏尝]]。<br>[[干咳咯血肺痨证]],[[滋阴润肺脾气长]]<br>###组成::[[「生地黄」、新罗、人参、白茯苓、白沙蜜]]<br>###主治::[[肺肾阴亏之肺痨]]。干咳少痰，咽燥咯血，肌肉消瘦，气短乏力，舌红少苔，脉细数(治肺痨纯虚无邪证常用方)<br>###功用::[[滋阴润肺，益气补脾]]","方歌::[[琼玉膏用生地黄]],[[参苓白蜜炼膏尝]]。<br>[[干咳咯血肺痨证]],[[滋阴润肺脾气长]]<br>###组成::[[「生地黄」、新罗、人参、白茯苓、白沙蜜]]<br>###主治::[[肺肾阴亏之肺痨]]。干咳少痰，咽燥咯血，肌肉消瘦，气短乏力，舌红少苔，脉细数(治肺痨纯虚无邪证常用方)<br>###功用::[[滋阴润肺，益气补脾]]"
"<div style=""text-align: center; font-size: 24px;""><b>平胃散</b></div>",方剂学::各方剂合集::祛湿剂::化湿和胃剂,2,"方歌::[[平胃散用苍术朴]],[[陈皮甘草四般煮]]。<br>[[燥湿运脾和胃宜]],[[调胃诸方从此扩]]。<br>[[又不换金正气散]],[[即是此方加夏藿]]<br>###组成::[[苍术、厚朴、陈皮、炙甘草、生姜、大枣]]<br>###主治::[[湿滞脾胃]]证。脘腹胀满，不思饮食，口淡无味，呕吐恶心，嗳气吞酸，肢体沉重，怠惰嗜卧常多自利，舌苔白腻而厚，脉缓<br>###功用::[[燥湿运脾，行气和胃]]","方歌::[[平胃散用苍术朴]],[[陈皮甘草四般煮]]。<br>[[燥湿运脾和胃宜]],[[调胃诸方从此扩]]。<br>[[又不换金正气散]],[[即是此方加夏藿]]<br>###组成::[[苍术、厚朴、陈皮、炙甘草、生姜、大枣]]<br>###主治::[[湿滞脾胃]]证。脘腹胀满，不思饮食，口淡无味，呕吐恶心，嗳气吞酸，肢体沉重，怠惰嗜卧常多自利，舌苔白腻而厚，脉缓<br>###功用::[[燥湿运脾，行气和胃]]"
"<div style=""text-align: center; font-size: 24px;""><b>藿香正气散</b></div>",方剂学::各方剂合集::祛湿剂::化湿和胃剂,2,"方歌::[[藿香正气大腹苏]],[[甘桔陈苓术朴俱]]。<br>[[夏曲白芷加姜枣]],[[风寒暑湿岚瘴驱]]<br>###组成::[[大腹皮、白芷、紫苏、茯苓、半夏曲、白术、陈皮、厚朴、苦桔梗、藿香、炙甘草、生姜、大枣]]<br>###主治::[[外感风寒，内伤湿滞]]证。霍乱吐泻，发热恶寒头痛，胸膈满闷，脘腹疼痛，舌苔白腻，脉浮或濡缓。或山岚瘴疟；水土不服<br>###功用::[[解表化湿，理气和中]]","方歌::[[藿香正气大腹苏]],[[甘桔陈苓术朴俱]]。<br>[[夏曲白芷加姜枣]],[[风寒暑湿岚瘴驱]]<br>###组成::[[大腹皮、白芷、紫苏、茯苓、半夏曲、白术、陈皮、厚朴、苦桔梗、藿香、炙甘草、生姜、大枣]]<br>###主治::[[外感风寒，内伤湿滞]]证。霍乱吐泻，发热恶寒头痛，胸膈满闷，脘腹疼痛，舌苔白腻，脉浮或濡缓。或山岚瘴疟；水土不服<br>###功用::[[解表化湿，理气和中]]"
"<div style=""text-align: center; font-size: 24px;""><b>一加减正气散</b></div>",方剂学::各方剂合集::祛湿剂::化湿和胃剂,2,"方歌::[[一加减正霍梗陈]],[[茯皮厚朴与杏仁]]。<br>[[腹皮茵陈曲麦芽]],[[三焦湿郁升降匀]]<br>###组成::[[霍香梗、厚朴、杏仁、茯苓皮、广皮、神曲、麦芽、绵茵陈、大腹皮]]<br>###主治::[[三焦湿郁]]，升降失司，脘连腹胀，大便不爽<br>###功用::[[芳香化浊，行气导滞(化浊利湿，理气和中)]]","方歌::[[一加减正霍梗陈]],[[茯皮厚朴与杏仁]]。<br>[[腹皮茵陈曲麦芽]],[[三焦湿郁升降匀]]<br>###组成::[[霍香梗、厚朴、杏仁、茯苓皮、广皮、神曲、麦芽、绵茵陈、大腹皮]]<br>###主治::[[三焦湿郁]]，升降失司，脘连腹胀，大便不爽<br>###功用::[[芳香化浊，行气导滞(化浊利湿，理气和中)]]"
"<div style=""text-align: center; font-size: 24px;""><b>二加减正气散</b></div>",方剂学::各方剂合集::祛湿剂::化湿和胃剂,2,"方歌::[[二加减正霍梗陈]],[[茯皮厚朴薏苡仁]]。<br>[[防已通草豆黄卷]],[[湿郁三焦痛便溏]]<br>###组成::[[霍香梗、广皮、厚朴、茯苓皮、木防已、大豆黄卷、川通草、薏苡仁]]<br>###主治::[[湿郁三焦]]，脘闷，便溏，身痛，舌白，脉象模糊<br>###功用::[[化浊利湿，行气通络(芳香化浊，利湿通络)]]","方歌::[[二加减正霍梗陈]],[[茯皮厚朴薏苡仁]]。<br>[[防已通草豆黄卷]],[[湿郁三焦痛便溏]]<br>###组成::[[霍香梗、广皮、厚朴、茯苓皮、木防已、大豆黄卷、川通草、薏苡仁]]<br>###主治::[[湿郁三焦]]，脘闷，便溏，身痛，舌白，脉象模糊<br>###功用::[[化浊利湿，行气通络(芳香化浊，利湿通络)]]"
"<div style=""text-align: center; font-size: 24px;""><b>三加减正气散</b></div>",方剂学::各方剂合集::祛湿剂::化湿和胃剂,2,"方歌::[[三加减正霍香陈]],[[茯皮厚朴滑杏仁]]。<br>[[化湿理气兼清热]],[[湿郁化热湿重真]]<br>###组成::[[藿香连梗叶、茯苓皮、厚朴、广皮、杏仁、滑石]]<br>###主治::秽湿着里，舌黄脘闷，气机不宜，久则酿热<br>###功用::[[化湿理气，兼以清热(清热利湿，宣畅气机)]]","方歌::[[三加减正霍香陈]],[[茯皮厚朴滑杏仁]]。<br>[[化湿理气兼清热]],[[湿郁化热湿重真]]<br>###组成::[[藿香连梗叶、茯苓皮、厚朴、广皮、杏仁、滑石]]<br>###主治::秽湿着里，舌黄脘闷，气机不宜，久则酿热<br>###功用::[[化湿理气，兼以清热(清热利湿，宣畅气机)]]"
"<div style=""text-align: center; font-size: 24px;""><b>四加减正气散</b></div>",方剂学::各方剂合集::祛湿剂::化湿和胃剂,2,"方歌::[[四加减正霍梗陈]],[[茯苓厚朴草果仁]]。<br>[[楂肉神曲可消食]],[[寒湿中阻脘痞能]]<br>###组成::[[藿香梗、厚朴、茯苓、广皮、草果、楂肉、神曲]]<br>###主治::秽湿着里，邪阻气分，舌白滑，脉右缓<br>###功用::[[化湿理气，和胃消食(祛湿运脾，消食和胃)]]","方歌::[[四加减正霍梗陈]],[[茯苓厚朴草果仁]]。<br>[[楂肉神曲可消食]],[[寒湿中阻脘痞能]]<br>###组成::[[藿香梗、厚朴、茯苓、广皮、草果、楂肉、神曲]]<br>###主治::秽湿着里，邪阻气分，舌白滑，脉右缓<br>###功用::[[化湿理气，和胃消食(祛湿运脾，消食和胃)]]"
"<div style=""text-align: center; font-size: 24px;""><b>五加减正气散</b></div>",方剂学::各方剂合集::祛湿剂::化湿和胃剂,2,"方歌::[[五加减正霍梗陈]],[[茯苓厚朴腹皮真]]。<br>[[谷芽苍术燥湿脾]],[[行气和胃湿浊甚]]<br>###组成::[[藿香梗、广皮、茯苓块、厚朴、大腹皮、谷芽、苍术]]<br>###主治::秽湿着里，脘闷便泄<br>###功用::[[燥湿运脾，行气和胃(燥湿健脾，行气化浊)]]","方歌::[[五加减正霍梗陈]],[[茯苓厚朴腹皮真]]。<br>[[谷芽苍术燥湿脾]],[[行气和胃湿浊甚]]<br>###组成::[[藿香梗、广皮、茯苓块、厚朴、大腹皮、谷芽、苍术]]<br>###主治::秽湿着里，脘闷便泄<br>###功用::[[燥湿运脾，行气和胃(燥湿健脾，行气化浊)]]"
"<div style=""text-align: center; font-size: 24px;""><b>三仁汤</b></div>",方剂学::各方剂合集::祛湿剂::清热祛湿剂,2,"方歌::[[三仁杏蔻薏苡仁]],[[朴夏白通滑竹伦]]。<br>[[水用甘澜扬百遍]],[[湿温初起法堪遵]]<br>###组成::[[杏仁、飞滑石、白通草、竹叶、白蔻仁、厚朴、生薏仁、半夏]]<br>###主治::[[湿温初起及暑温夹湿之湿重于热证]]。头痛恶寒，身重疼痛，肢体倦怠，面色淡黄，胸闷不饥，午后身热，苔白不渴，脉弦细而濡。<br>###功用::[[宣畅气机，清利湿热]]","方歌::[[三仁杏蔻薏苡仁]],[[朴夏白通滑竹伦]]。<br>[[水用甘澜扬百遍]],[[湿温初起法堪遵]]<br>###组成::[[杏仁、飞滑石、白通草、竹叶、白蔻仁、厚朴、生薏仁、半夏]]<br>###主治::[[湿温初起及暑温夹湿之湿重于热证]]。头痛恶寒，身重疼痛，肢体倦怠，面色淡黄，胸闷不饥，午后身热，苔白不渴，脉弦细而濡。<br>###功用::[[宣畅气机，清利湿热]]"
"<div style=""text-align: center; font-size: 24px;""><b>藿朴夏苓汤</b></div>",方剂学::各方剂合集::祛湿剂::清热祛湿剂,2,"方歌::[[霍朴夏苓杏蔻仁]],[[通草苡仁泽藿梗]]。<br>[[猪苓茯苓夏厚朴]],[[化湿解表湿温分]]<br>###组成::[[杏仁、蔑仁、半夏、厚朴、霍梗、半至、苡仁、通草、茯苓、猪苓泽泻]]<br>###主治::[[湿温初起夹表]]证。症见身热恶寒，肢体倦怠，胸闷口腻，舌苔薄白，脉濡缓<br>###功用::[[化湿解表]]","方歌::[[霍朴夏苓杏蔻仁]],[[通草苡仁泽藿梗]]。<br>[[猪苓茯苓夏厚朴]],[[化湿解表湿温分]]<br>###组成::[[杏仁、蔑仁、半夏、厚朴、霍梗、半至、苡仁、通草、茯苓、猪苓泽泻]]<br>###主治::[[湿温初起夹表]]证。症见身热恶寒，肢体倦怠，胸闷口腻，舌苔薄白，脉濡缓<br>###功用::[[化湿解表]]"
"<div style=""text-align: center; font-size: 24px;""><b>茵陈蒿汤</b></div>",方剂学::各方剂合集::祛湿剂::清热祛湿剂,2,"方歌::[[茵陈蒿汤治阳黄]],[[栀子大黄组成方]]。<br>[[湿热蕴结在肝胆]],[[清热利湿退黄良]]<br>###组成::[[茵陈、栀子、大黄]]<br>###主治::[[湿热黄疸]]。一身面目俱黄，黄色鲜明如橘子色，发热，无汗或但头汗出，口渴欲饮，恶心呕吐，腹微满，小便短赤，大便秘结或不爽，舌苔黄腻，脉滑数或沉数有力<br>###功用::[[清热利湿退黄]]","方歌::[[茵陈蒿汤治阳黄]],[[栀子大黄组成方]]。<br>[[湿热蕴结在肝胆]],[[清热利湿退黄良]]<br>###组成::[[茵陈、栀子、大黄]]<br>###主治::[[湿热黄疸]]。一身面目俱黄，黄色鲜明如橘子色，发热，无汗或但头汗出，口渴欲饮，恶心呕吐，腹微满，小便短赤，大便秘结或不爽，舌苔黄腻，脉滑数或沉数有力<br>###功用::[[清热利湿退黄]]"
"<div style=""text-align: center; font-size: 24px;""><b>二妙散</b></div>",方剂学::各方剂合集::祛湿剂::清热祛湿剂,2,"方歌::[[二妙散中苍柏兼]],[[若云三妙牛膝添]]。<br>[[四妙苡仁再加入]],[[湿热清除痿痹痊]]<br>###组成::[[炒黄柏、炒苍术、姜汁]]<br>###主治::[[湿热下注]]证。筋骨疼痛，或两足痰软无力，或足膝红肿疼痛，或下部湿疮，小便短赤，或带下黄臭，舌苔黄腻。(痿痹、脚气、带下、湿疹)<br>###功用::[[清热燥湿]]","方歌::[[二妙散中苍柏兼]],[[若云三妙牛膝添]]。<br>[[四妙苡仁再加入]],[[湿热清除痿痹痊]]<br>###组成::[[炒黄柏、炒苍术、姜汁]]<br>###主治::[[湿热下注]]证。筋骨疼痛，或两足痰软无力，或足膝红肿疼痛，或下部湿疮，小便短赤，或带下黄臭，舌苔黄腻。(痿痹、脚气、带下、湿疹)<br>###功用::[[清热燥湿]]"
"<div style=""text-align: center; font-size: 24px;""><b>连朴饮</b></div>",方剂学::各方剂合集::祛湿剂::清热祛湿剂,2,"方歌::[[连朴饮内用香鼓]],[[菖蒲半夏焦山栀]]。<br>[[芦根厚朴黄连入]],[[湿热霍乱此方施]]<br>###组成::[[制厚朴、川连、石菖蒲、制半夏、香豉、焦栀芦根]]<br>###主治::[[湿热霍乱]]。上吐下泻，胸脘痞闷，恶心呕吐，口渴不欲多饮，心烦躁扰，小便短赤，泄泻，或霍乱吐泻，舌苔黄腻，脉滑(濡)数<br>###功用::[[清热化湿，理气和中]]","方歌::[[连朴饮内用香鼓]],[[菖蒲半夏焦山栀]]。<br>[[芦根厚朴黄连入]],[[湿热霍乱此方施]]<br>###组成::[[制厚朴、川连、石菖蒲、制半夏、香豉、焦栀芦根]]<br>###主治::[[湿热霍乱]]。上吐下泻，胸脘痞闷，恶心呕吐，口渴不欲多饮，心烦躁扰，小便短赤，泄泻，或霍乱吐泻，舌苔黄腻，脉滑(濡)数<br>###功用::[[清热化湿，理气和中]]"
"<div style=""text-align: center; font-size: 24px;""><b>八正散</b></div>",方剂学::各方剂合集::祛湿剂::清热祛湿剂,2,"方歌::[[八正木通与车前]],[[萹蓄大黄滑石研]]。<br>[[草梢瞿麦兼栀子]],[[煎加灯草热淋蠲]]<br>###组成::[[车前子、瞿麦、萹蓄、滑石、山栀子仁、炙甘草、木通、煨大黄、灯芯草]]<br>###主治::1.[[湿热淋证]]。小便浑赤，溺时涩痛，淋沥不畅，甚或癃闭不通，小腹急满，口燥咽干，舌苔黄腻，脉滑数<br>2.治【*大人、小儿::注:《太平惠民和剂局方》原用本方治“大人、小儿心经邪热，一切蕴毒”，乃取方中木通、山栀子仁、大黄、车前子、灯心等药，皆人心经以清热，并可泻火解毒；同时，还能通利小肠，导湿热下行，又合滑石、萹蓄、瞿麦诸清热利湿之品，增利水通淋之效，通利小肠以导心热下行。故又云:“治小便赤涩，或癃闭不通，及热淋、血淋”*】[[心经邪热]]，一切[[蕴毒]]。<br>###功用::[[清热泻火，利水通淋]]","方歌::[[八正木通与车前]],[[萹蓄大黄滑石研]]。<br>[[草梢瞿麦兼栀子]],[[煎加灯草热淋蠲]]<br>###组成::[[车前子、瞿麦、萹蓄、滑石、山栀子仁、炙甘草、木通、煨大黄、灯芯草]]<br>###主治::1.[[湿热淋证]]。小便浑赤，溺时涩痛，淋沥不畅，甚或癃闭不通，小腹急满，口燥咽干，舌苔黄腻，脉滑数<br>2.治【*大人、小儿::注:《太平惠民和剂局方》原用本方治“大人、小儿心经邪热，一切蕴毒”，乃取方中木通、山栀子仁、大黄、车前子、灯心等药，皆人心经以清热，并可泻火解毒；同时，还能通利小肠，导湿热下行，又合滑石、萹蓄、瞿麦诸清热利湿之品，增利水通淋之效，通利小肠以导心热下行。故又云:“治小便赤涩，或癃闭不通，及热淋、血淋”*】[[心经邪热]]，一切[[蕴毒]]。<br>###功用::[[清热泻火，利水通淋]]"
"<div style=""text-align: center; font-size: 24px;""><b>甘露消毒丹</b></div>",方剂学::各方剂合集::祛湿剂::清热祛湿剂,2,"方歌::[[甘露消毒蔻藿香]],[[茵陈滑石木通菖]]。<br>[[芩翘贝母射干薄]],[[湿温时疫是主方]]<br>###组成::[[「飞滑石」、「绵茵陈」、「淡黄芩」、石菖蒲、川贝母、木通、藿香、射干、连翘、薄荷、白豆寇]]<br>###主治::[[湿温时疫之湿热并重证]]。发热口渴，胸闷腹胀，肢酸倦怠，颐咽肿痛，或身目发黄，小便短赤，或泄泻淋浊，舌苔白腻或黄腻或干黄，脉濡数或滑数(王世雄称本方为“治湿温时疫之主方”)<br>###功用::[[利湿化浊，清热解毒]]","方歌::[[甘露消毒蔻藿香]],[[茵陈滑石木通菖]]。<br>[[芩翘贝母射干薄]],[[湿温时疫是主方]]<br>###组成::[[「飞滑石」、「绵茵陈」、「淡黄芩」、石菖蒲、川贝母、木通、藿香、射干、连翘、薄荷、白豆寇]]<br>###主治::[[湿温时疫之湿热并重证]]。发热口渴，胸闷腹胀，肢酸倦怠，颐咽肿痛，或身目发黄，小便短赤，或泄泻淋浊，舌苔白腻或黄腻或干黄，脉濡数或滑数(王世雄称本方为“治湿温时疫之主方”)<br>###功用::[[利湿化浊，清热解毒]]"
"<div style=""text-align: center; font-size: 24px;""><b>当归拈痛汤</b></div>",方剂学::各方剂合集::祛湿剂::清热祛湿剂,2,"方歌::[[当归拈痛羌防升]],[[猪泽黄芩葛茵陈]]。<br>[[二术知苦人参草]],[[疮疡湿热服皆应]]<br>###组成::[[白术、人参、苦参、升麻、葛根、苍术、防风、知母、泽泻、黄芩、猪苓、当归身、炙甘草、「茵陈」、「羌活」]]<br>###主治::[[湿热相搏，外受风邪]]证。遍身肢节烦痛，或肩背沉重，或脚气肿痛，脚膝生疮，舌苔白腻微黄，脉弦数。<br>###功用::[[利湿清热，疏风止痛]]","方歌::[[当归拈痛羌防升]],[[猪泽黄芩葛茵陈]]。<br>[[二术知苦人参草]],[[疮疡湿热服皆应]]<br>###组成::[[白术、人参、苦参、升麻、葛根、苍术、防风、知母、泽泻、黄芩、猪苓、当归身、炙甘草、「茵陈」、「羌活」]]<br>###主治::[[湿热相搏，外受风邪]]证。遍身肢节烦痛，或肩背沉重，或脚气肿痛，脚膝生疮，舌苔白腻微黄，脉弦数。<br>###功用::[[利湿清热，疏风止痛]]"
"<div style=""text-align: center; font-size: 24px;""><b>五苓散</b></div>",方剂学::各方剂合集::祛湿剂::利水渗湿剂,2,"方歌::[[五苓散治太阳腑]],[[白术泽泻猪苓茯]]。<br>[[桂枝化气兼解表]],[[小便通利水饮除]]<br>###组成::[[猪苓、泽泻、白术、茯苓、桂枝]]<br>###主治::1.[[伤寒太阳膀胱蓄水]]证。小便不利，头痛发热，烦渴欲饮，水入即吐，苔白，脉浮<br>2.[[水湿内停]]。水肿，泄泻，小便不利，以及霍乱吐泻<br>3.[[痰饮内停]]。脐下动悸，吐涎沫而头眩，或短气而咳者<br>###功用::[[利水渗湿，温阳化气]]","方歌::[[五苓散治太阳腑]],[[白术泽泻猪苓茯]]。<br>[[桂枝化气兼解表]],[[小便通利水饮除]]<br>###组成::[[猪苓、泽泻、白术、茯苓、桂枝]]<br>###主治::1.[[伤寒太阳膀胱蓄水]]证。小便不利，头痛发热，烦渴欲饮，水入即吐，苔白，脉浮<br>2.[[水湿内停]]。水肿，泄泻，小便不利，以及霍乱吐泻<br>3.[[痰饮内停]]。脐下动悸，吐涎沫而头眩，或短气而咳者<br>###功用::[[利水渗湿，温阳化气]]"
"<div style=""text-align: center; font-size: 24px;""><b>猪苓汤</b></div>",方剂学::各方剂合集::祛湿剂::利水渗湿剂,2,"方歌::[[猪苓汤用猪茯苓]],[[泽泻阿胶滑石并]]。<br>[[利水养阴兼泻热]],[[水热互结阴伤平]]<br>###组成::[[猪苓、茯苓、泽泻、阿胶、滑石]]<br>###主治::[[水热互结伤阴]]证。小便不利，发热，口渴欲饮，或心烦不寐，或兼有咳嗽，呕恶，下利，舌红苔白或微黄，脉细数。或热淋、血淋，小便涩痛或赤涩，小腹满痛<br>###功用::[[利水渗湿，清热养阴]]","方歌::[[猪苓汤用猪茯苓]],[[泽泻阿胶滑石并]]。<br>[[利水养阴兼泻热]],[[水热互结阴伤平]]<br>###组成::[[猪苓、茯苓、泽泻、阿胶、滑石]]<br>###主治::[[水热互结伤阴]]证。小便不利，发热，口渴欲饮，或心烦不寐，或兼有咳嗽，呕恶，下利，舌红苔白或微黄，脉细数。或热淋、血淋，小便涩痛或赤涩，小腹满痛<br>###功用::[[利水渗湿，清热养阴]]"
"<div style=""text-align: center; font-size: 24px;""><b>防己黄芪汤</b></div>",方剂学::各方剂合集::祛湿剂::利水渗湿剂,2,"方歌::[[防己黄芪金匮方]],[[术甘姜枣共煎尝]]。<br>[[此治气虚风水湿]],[[身重汗出服之良]]<br>###组成::[[防己、黄芪、炒甘草、白术、生姜、大枣]]<br>###主治::[[表虚之风水或风湿]]证。汗出恶风，身重或肿，肢节烦疼，小便不利，舌淡苔白，脉浮<br>###功用::[[益气祛风，健脾利水]]","方歌::[[防己黄芪金匮方]],[[术甘姜枣共煎尝]]。<br>[[此治气虚风水湿]],[[身重汗出服之良]]<br>###组成::[[防己、黄芪、炒甘草、白术、生姜、大枣]]<br>###主治::[[表虚之风水或风湿]]证。汗出恶风，身重或肿，肢节烦疼，小便不利，舌淡苔白，脉浮<br>###功用::[[益气祛风，健脾利水]]"
"<div style=""text-align: center; font-size: 24px;""><b>五皮散</b></div>",方剂学::各方剂合集::祛湿剂::利水渗湿剂,2,"方歌::[[五皮散用五般皮]],[[陈茯姜桑大腹奇]]。<br>[[利水消肿行气湿]],[[水停气滞皮水宜]]<br>###组成::[[生姜皮、桑白皮、陈橘皮、大腹皮、「茯苓皮」]]<br>###主治::[[水停气滞之皮水]]证。头面四肢悉肿，肢体沉重，心腹胀满，上气喘急，小便不利，或妊娠水肿，苔白腻，脉沉缓<br>###功用::[[利水消肿，理气健脾(行气祛湿)]]","方歌::[[五皮散用五般皮]],[[陈茯姜桑大腹奇]]。<br>[[利水消肿行气湿]],[[水停气滞皮水宜]]<br>###组成::[[生姜皮、桑白皮、陈橘皮、大腹皮、「茯苓皮」]]<br>###主治::[[水停气滞之皮水]]证。头面四肢悉肿，肢体沉重，心腹胀满，上气喘急，小便不利，或妊娠水肿，苔白腻，脉沉缓<br>###功用::[[利水消肿，理气健脾(行气祛湿)]]"
"<div style=""text-align: center; font-size: 24px;""><b>防已茯苓汤</b></div>",方剂学::各方剂合集::祛湿剂::利水渗湿剂,2,"方歌::[[防己茯苓芪桂甘]],[[利水消肿气通阳]]。<br>[[卫阳不足皮水证]],[[肢肿聂聂莫彷徨]]<br>###组成::[[防己、黄芪、桂枝、茯苓、甘草]]<br>###主治::[[卫阳不足之皮水]]。症见四肢肿，水气在皮肤中，四肢聂聂动者<br>###功用::[[利水消肿，益气通阳]]","方歌::[[防己茯苓芪桂甘]],[[利水消肿气通阳]]。<br>[[卫阳不足皮水证]],[[肢肿聂聂莫彷徨]]<br>###组成::[[防己、黄芪、桂枝、茯苓、甘草]]<br>###主治::[[卫阳不足之皮水]]。症见四肢肿，水气在皮肤中，四肢聂聂动者<br>###功用::[[利水消肿，益气通阳]]"
"<div style=""text-align: center; font-size: 24px;""><b>真武汤</b></div>",方剂学::各方剂合集::祛湿剂::温化寒湿剂,2,"方歌::[[真武汤壮肾中阳]],[[茯苓术芍附生姜]]。<br>[[阳虚水饮停为患]],[[悸眩喟惕保安康]]<br>###组成::[[茯苓、芍药、白术、生姜、炮附子]]<br>###主治::1.[[【*阳虚水泛::脾肾阳虚，水饮内停证*】]]。小便不利，四肢沉重疼痛，甚则肢体浮肿，腰以下为甚，畏寒肢冷，腹痛下利，或咳，或呕，舌淡胖苔白滑不渴，脉沉细<br>2.太阳病发汗太过，[[阳虚水泛]]。汗出不解，其人仍发热，心下悸，头眩，身瞤动，振振欲擗地<br>###功用::[[温阳利水]]","方歌::[[真武汤壮肾中阳]],[[茯苓术芍附生姜]]。<br>[[阳虚水饮停为患]],[[悸眩喟惕保安康]]<br>###组成::[[茯苓、芍药、白术、生姜、炮附子]]<br>###主治::1.[[【*阳虚水泛::脾肾阳虚，水饮内停证*】]]。小便不利，四肢沉重疼痛，甚则肢体浮肿，腰以下为甚，畏寒肢冷，腹痛下利，或咳，或呕，舌淡胖苔白滑不渴，脉沉细<br>2.太阳病发汗太过，[[阳虚水泛]]。汗出不解，其人仍发热，心下悸，头眩，身瞤动，振振欲擗地<br>###功用::[[温阳利水]]"
"<div style=""text-align: center; font-size: 24px;""><b>苓桂术甘汤</b></div>",方剂学::各方剂合集::祛湿剂::温化寒湿剂,2,"方歌::[[苓桂术甘是经方]],[[中阳不足痰饮猖]]。<br>[[悸眩咳逆胸胁满]],[[温阳化饮功效彰]]<br>###组成::[[茯苓、桂枝、白术、炙甘草]]<br>###主治::[[中阳不足之痰饮病]]。胸胁支满，目眩心悸，或短气而咳，舌苔白滑，脉弦滑<br>###功用::[[温阳化饮，健脾利水(化湿)]]","方歌::[[苓桂术甘是经方]],[[中阳不足痰饮猖]]。<br>[[悸眩咳逆胸胁满]],[[温阳化饮功效彰]]<br>###组成::[[茯苓、桂枝、白术、炙甘草]]<br>###主治::[[中阳不足之痰饮病]]。胸胁支满，目眩心悸，或短气而咳，舌苔白滑，脉弦滑<br>###功用::[[温阳化饮，健脾利水(化湿)]]"
"<div style=""text-align: center; font-size: 24px;""><b>实脾散</b></div>",方剂学::各方剂合集::祛湿剂::温化寒湿剂,2,"方歌::[[实脾苓术与木瓜]],[[甘草木香大腹加]]。<br>[[草果附姜兼厚朴]],[[虚寒阴水效堪夸]]<br>###组成::[[厚朴、白术、木瓜、木香、草果仁、大腹子（即槟榔)、炮附子、白茯苓、炮干姜、炙甘草、生姜、大枣]]<br>###主治::[[脾肾阳虚，水停气滞之阴水]]。身半以下肿甚，胸腹胀满，手足不温，口中不渴，大便溏薄，舌淡苔白腻，脉沉弦而迟<br>###功用::[[温阳健脾，行气利水]]","方歌::[[实脾苓术与木瓜]],[[甘草木香大腹加]]。<br>[[草果附姜兼厚朴]],[[虚寒阴水效堪夸]]<br>###组成::[[厚朴、白术、木瓜、木香、草果仁、大腹子（即槟榔)、炮附子、白茯苓、炮干姜、炙甘草、生姜、大枣]]<br>###主治::[[脾肾阳虚，水停气滞之阴水]]。身半以下肿甚，胸腹胀满，手足不温，口中不渴，大便溏薄，舌淡苔白腻，脉沉弦而迟<br>###功用::[[温阳健脾，行气利水]]"
"<div style=""text-align: center; font-size: 24px;""><b>附子汤</b></div>",方剂学::各方剂合集::祛湿剂::温化寒湿剂,2,"方歌::[[附子参术芍药苓]],[[温经助阳寒湿停]]。<br>[[寒湿内侵身骨痛]],[[恶寒肢冷滑沉清]]<br>###组成::[[炮附子、茯苓、人参、白术、芍药]]<br>###主治::[[少阴阳虚，寒湿内侵]]，背恶寒，身体骨节疼痛，口中和，手足寒，脉沉者。<br>###功用::[[温经助阳，祛寒化湿]]","方歌::[[附子参术芍药苓]],[[温经助阳寒湿停]]。<br>[[寒湿内侵身骨痛]],[[恶寒肢冷滑沉清]]<br>###组成::[[炮附子、茯苓、人参、白术、芍药]]<br>###主治::[[少阴阳虚，寒湿内侵]]，背恶寒，身体骨节疼痛，口中和，手足寒，脉沉者。<br>###功用::[[温经助阳，祛寒化湿]]"
"<div style=""text-align: center; font-size: 24px;""><b>萆薢分清饮</b></div>",方剂学::各方剂合集::祛湿剂::祛湿化浊剂,2,"方歌::[[草藓分清石菖蒲]],[[萆薢乌药益智俱]]。<br>[[或益茯苓盐水服]],[[通心固肾浊精驱]]<br>###组成::[[益智仁、「川草藓」、石菖蒲、乌药]]<br>###主治::[[下焦虚寒之膏淋、白浊]]。小便频数，混浊不清，白如米泔，凝如膏糊，舌淡苔白，脉沉<br>###功用::[[温肾利湿，分清化浊]]","方歌::[[草藓分清石菖蒲]],[[萆薢乌药益智俱]]。<br>[[或益茯苓盐水服]],[[通心固肾浊精驱]]<br>###组成::[[益智仁、「川草藓」、石菖蒲、乌药]]<br>###主治::[[下焦虚寒之膏淋、白浊]]。小便频数，混浊不清，白如米泔，凝如膏糊，舌淡苔白，脉沉<br>###功用::[[温肾利湿，分清化浊]]"
"<div style=""text-align: center; font-size: 24px;""><b>羌活胜湿汤</b></div>",方剂学::各方剂合集::祛湿剂::祛风胜湿剂,2,"方歌::[[羌活胜湿羌独芎]],[[甘蔓藁本与防风]]。<br>[[湿气在表头腰重]],[[祛风胜湿来止痛]]<br>###组成::[[「羌活」、「独活」、藁本、防风、炙甘草、川芎、蔓荆子]]<br>###主治::[[风湿犯表之痹]]证。头痛身重，肩背疼痛不可回顾，或腰脊重痛，难以转侧，苔白，脉浮<br>###功用::[[祛风胜湿止痛]]","方歌::[[羌活胜湿羌独芎]],[[甘蔓藁本与防风]]。<br>[[湿气在表头腰重]],[[祛风胜湿来止痛]]<br>###组成::[[「羌活」、「独活」、藁本、防风、炙甘草、川芎、蔓荆子]]<br>###主治::[[风湿犯表之痹]]证。头痛身重，肩背疼痛不可回顾，或腰脊重痛，难以转侧，苔白，脉浮<br>###功用::[[祛风胜湿止痛]]"
"<div style=""text-align: center; font-size: 24px;""><b>独活寄生汤</b></div>",方剂学::各方剂合集::祛湿剂::祛风胜湿剂,2,"方歌::[[独活寄生艽防辛]],[[芎归地芍桂苓均]]。<br>[[杜仲牛膝人参草]],[[风湿顽痹屈能伸]]<br>###组成::[[「独活」、桑寄生、杜仲、牛膝、细辛、秦艽、茯苓、肉桂心、防风、川芎、人参、甘草、当归、芍药、干地黄]]<br>###主治::[[痹证日久,肝肾两虚,气血不足证]].腰膝疼痛,痿软,枝节曲伸不利,或麻木不仁,畏寒喜温,心悸气短,舌淡苔白,脉细弱.<br>###功用::[[祛风湿，止痹痛，益肝肾，补气血]]","方歌::[[独活寄生艽防辛]],[[芎归地芍桂苓均]]。<br>[[杜仲牛膝人参草]],[[风湿顽痹屈能伸]]<br>###组成::[[「独活」、桑寄生、杜仲、牛膝、细辛、秦艽、茯苓、肉桂心、防风、川芎、人参、甘草、当归、芍药、干地黄]]<br>###主治::[[痹证日久,肝肾两虚,气血不足证]].腰膝疼痛,痿软,枝节曲伸不利,或麻木不仁,畏寒喜温,心悸气短,舌淡苔白,脉细弱.<br>###功用::[[祛风湿，止痹痛，益肝肾，补气血]]"
"<div style=""text-align: center; font-size: 24px;""><b>二陈汤</b></div>",方剂学::各方剂合集::祛痰剂::燥湿化痰剂,2,"方歌::[[二陈汤用半夏陈]],[[苓草姜梅一并存]]。<br>[[燥湿化痰兼理气]],[[湿痰为患此方珍]]<br>###组成::[[半夏、橘红、白茯苓、炙甘草、生姜、乌梅]]<br>###主治::[[湿痰]]证。咳嗽痰多，色白易咯，胸膈痞闷，恶心呕吐，肢体困重，不欲饮食，或头眩心悸，舌苔白滑或腻，脉滑<br>###功用::[[燥湿化痰，理气和中]]","方歌::[[二陈汤用半夏陈]],[[苓草姜梅一并存]]。<br>[[燥湿化痰兼理气]],[[湿痰为患此方珍]]<br>###组成::[[半夏、橘红、白茯苓、炙甘草、生姜、乌梅]]<br>###主治::[[湿痰]]证。咳嗽痰多，色白易咯，胸膈痞闷，恶心呕吐，肢体困重，不欲饮食，或头眩心悸，舌苔白滑或腻，脉滑<br>###功用::[[燥湿化痰，理气和中]]"
"<div style=""text-align: center; font-size: 24px;""><b>温胆汤</b></div>",方剂学::各方剂合集::祛痰剂::燥湿化痰剂,2,"方歌::[[温胆夏茹枳陈助]],[[佐以茯草姜枣煮]]。<br>[[理气化痰利胆胃]],[[胆郁痰扰诸症除]]<br>###组成::[[半夏、竹茹、枳实、陈皮、茯苓、炙甘草、生姜、大枣]]<br>###主治::[[胆胃不和，痰热内扰]]证。胆怯易惊，虚烦不眠，惊悸不宁，或呕吐呃逆，或眩晕，及癫痫等，苔腻微黄，脉弦滑<br>###功用::[[理气化痰，清胆和胃]]","方歌::[[温胆夏茹枳陈助]],[[佐以茯草姜枣煮]]。<br>[[理气化痰利胆胃]],[[胆郁痰扰诸症除]]<br>###组成::[[半夏、竹茹、枳实、陈皮、茯苓、炙甘草、生姜、大枣]]<br>###主治::[[胆胃不和，痰热内扰]]证。胆怯易惊，虚烦不眠，惊悸不宁，或呕吐呃逆，或眩晕，及癫痫等，苔腻微黄，脉弦滑<br>###功用::[[理气化痰，清胆和胃]]"
"<div style=""text-align: center; font-size: 24px;""><b>小半夏汤</b></div>",方剂学::各方剂合集::祛痰剂::燥湿化痰剂,2,"方歌::[[小半夏汤有生姜]],[[化痰降逆基础方]]。<br>[[主治痰饮呕吐证]],[[若加茯苓效力彰]]<br>###组成::[[半夏、生姜]]<br>###主治::[[痰饮呕吐]]。呕吐痰涎，[[口不渴]]，或干呕呃逆，谷不得下，小便自利，舌苔白滑<br>###功用::[[化痰散饮，和胃降逆]]","方歌::[[小半夏汤有生姜]],[[化痰降逆基础方]]。<br>[[主治痰饮呕吐证]],[[若加茯苓效力彰]]<br>###组成::[[半夏、生姜]]<br>###主治::[[痰饮呕吐]]。呕吐痰涎，[[口不渴]]，或干呕呃逆，谷不得下，小便自利，舌苔白滑<br>###功用::[[化痰散饮，和胃降逆]]"
"<div style=""text-align: center; font-size: 24px;""><b>茯苓丸</b></div>",方剂学::各方剂合集::祛痰剂::燥湿化痰剂,2,"方歌::[[指迷茯苓丸最精]],[[风化芒硝枳半并]]。<br>[[臂痛难移脾气阻]],[[停痰伏饮有嘉名]]<br>###组成::[[茯苓、枳壳、「半夏」、风化朴硝]]<br>###主治::[[痰伏中脘，流注经络]]证。两臂酸痛或抽掣，手不得上举，或左右时复转移，或两手麻木，或四肢浮肿，舌苔白腻，脉沉细或弦滑。亦可治咳痰稠黏不爽、胸肮满闷，以及眩晕、梅核气等由顽痰所致者<br>###功用::[[燥湿行气，软坚化痰]]","方歌::[[指迷茯苓丸最精]],[[风化芒硝枳半并]]。<br>[[臂痛难移脾气阻]],[[停痰伏饮有嘉名]]<br>###组成::[[茯苓、枳壳、「半夏」、风化朴硝]]<br>###主治::[[痰伏中脘，流注经络]]证。两臂酸痛或抽掣，手不得上举，或左右时复转移，或两手麻木，或四肢浮肿，舌苔白腻，脉沉细或弦滑。亦可治咳痰稠黏不爽、胸肮满闷，以及眩晕、梅核气等由顽痰所致者<br>###功用::[[燥湿行气，软坚化痰]]"
"<div style=""text-align: center; font-size: 24px;""><b>涤痰汤</b></div>",方剂学::各方剂合集::祛痰剂::燥湿化痰剂,2,"方歌::[[涤痰南星夏橘红]],[[枳实苓茹菖蒲同]]。<br>[[人参甘草生姜服]],[[涤痰开窍痰中风]]<br>###组成::[[南星、姜制半夏、枳实、茯苓、橘红、石菖蒲、人参、竹茹、甘草、生姜]]<br>###主治::[[中风痰迷心窍]]证。症见舌强不能言，喉中痰鸣，辘辘有声，舌苔白腻，脉沉滑或沉缓<br>###功用::[[涤痰开窍]]","方歌::[[涤痰南星夏橘红]],[[枳实苓茹菖蒲同]]。<br>[[人参甘草生姜服]],[[涤痰开窍痰中风]]<br>###组成::[[南星、姜制半夏、枳实、茯苓、橘红、石菖蒲、人参、竹茹、甘草、生姜]]<br>###主治::[[中风痰迷心窍]]证。症见舌强不能言，喉中痰鸣，辘辘有声，舌苔白腻，脉沉滑或沉缓<br>###功用::[[涤痰开窍]]"
"<div style=""text-align: center; font-size: 24px;""><b>导痰汤</b></div>",方剂学::各方剂合集::祛痰剂::燥湿化痰剂,2,"方歌::[[导痰南星夏橘红]],[[枳实赤苓生姜用]]。<br>[[燥湿祛痰行气郁]],[[痰厥晕痞胀头痛]]<br>###组成::[[半夏天、南星、枳实、橘红、赤茯苓、生姜]]<br>###主治::[[痰厥]]证。症见头目眩晕，或痰饮壅盛，胸膈痞塞，胁肋胀满，头痛呕逆，喘急痰嗽，涕唾稠黏，舌苔厚腻，脉滑<br>###功用::[[燥湿祛痰，行气开郁]]","方歌::[[导痰南星夏橘红]],[[枳实赤苓生姜用]]。<br>[[燥湿祛痰行气郁]],[[痰厥晕痞胀头痛]]<br>###组成::[[半夏天、南星、枳实、橘红、赤茯苓、生姜]]<br>###主治::[[痰厥]]证。症见头目眩晕，或痰饮壅盛，胸膈痞塞，胁肋胀满，头痛呕逆，喘急痰嗽，涕唾稠黏，舌苔厚腻，脉滑<br>###功用::[[燥湿祛痰，行气开郁]]"
"<div style=""text-align: center; font-size: 24px;""><b>清气化痰丸</b></div>",方剂学::各方剂合集::祛痰剂::清热化痰剂,2,"方歌::[[清气化痰胆星萎]],[[夏芩杏陈枳实投]]。<br>[[茯苓姜汁糊丸服]],[[痰热咳气皆能疗]]<br>###组成::[[瓜蒌仁、陈皮、黄芩、杏仁、枳实、茯苓、胆南星、制半夏、姜汁]]<br>###主治::[[热痰(咳嗽)证]]。咳嗽，咳痰黄稠，咯之不爽，胸膈痞满，甚则气急呕恶，舌质红，苔黄腻，脉滑数<br>###功用::[[清热化痰，理气止咳]]","方歌::[[清气化痰胆星萎]],[[夏芩杏陈枳实投]]。<br>[[茯苓姜汁糊丸服]],[[痰热咳气皆能疗]]<br>###组成::[[瓜蒌仁、陈皮、黄芩、杏仁、枳实、茯苓、胆南星、制半夏、姜汁]]<br>###主治::[[热痰(咳嗽)证]]。咳嗽，咳痰黄稠，咯之不爽，胸膈痞满，甚则气急呕恶，舌质红，苔黄腻，脉滑数<br>###功用::[[清热化痰，理气止咳]]"
"<div style=""text-align: center; font-size: 24px;""><b>小陷胸汤</b></div>",方剂学::各方剂合集::祛痰剂::清热化痰剂,2,"方歌::[[小陷胸汤连夏萎]],[[宽胸散结涤痰优]]。<br>[[清热涤痰胸散结]],[[痰热互结此能休]]<br>###组成::[[黄连、半夏、瓜蒌实]]<br>###主治::[[痰热互结之小结胸]]证。心下痞满，按之疼痛，或心胸闷痛，或咳吐黄痰质稠，胸脘烦热，舌苔黄腻，脉滑数<br>###功用::[[清热化痰，宽胸散结]]","方歌::[[小陷胸汤连夏萎]],[[宽胸散结涤痰优]]。<br>[[清热涤痰胸散结]],[[痰热互结此能休]]<br>###组成::[[黄连、半夏、瓜蒌实]]<br>###主治::[[痰热互结之小结胸]]证。心下痞满，按之疼痛，或心胸闷痛，或咳吐黄痰质稠，胸脘烦热，舌苔黄腻，脉滑数<br>###功用::[[清热化痰，宽胸散结]]"
"<div style=""text-align: center; font-size: 24px;""><b>滚痰丸</b></div>",方剂学::各方剂合集::祛痰剂::清热化痰剂,2,"方歌::[[滚痰丸是逐痰方]],[[礞石黄芩及大黄]]。<br>[[少佐沉香为引导]],[[实热顽痰一扫光]]<br>###组成::[[大黄片、黄芩、「礞石」、沉香]]<br>###主治::[[实热老痰]]证。癫狂惊悸，或怔忡昏迷，或咳喘痰稠，或胸脘痞闷，或眩晕耳鸣，或绕项结核，或口眼蠕动，或不寐，或梦寐奇怪之状，或骨节猝痛，难以名状，或噎息烦闷，大便秘结，舌苔老黄而厚，脉滑数有力<br>###功用::[[泻火逐痰]]","方歌::[[滚痰丸是逐痰方]],[[礞石黄芩及大黄]]。<br>[[少佐沉香为引导]],[[实热顽痰一扫光]]<br>###组成::[[大黄片、黄芩、「礞石」、沉香]]<br>###主治::[[实热老痰]]证。癫狂惊悸，或怔忡昏迷，或咳喘痰稠，或胸脘痞闷，或眩晕耳鸣，或绕项结核，或口眼蠕动，或不寐，或梦寐奇怪之状，或骨节猝痛，难以名状，或噎息烦闷，大便秘结，舌苔老黄而厚，脉滑数有力<br>###功用::[[泻火逐痰]]"
"<div style=""text-align: center; font-size: 24px;""><b>贝母瓜蒌散</b></div>",方剂学::各方剂合集::祛痰剂::润燥化痰剂,2,"方歌::[[贝母瓜菱臣花粉]],[[橘红茯苓加桔梗]]。<br>[[肺燥有痰痰难略]],[[润肺化痰此方珍]]<br>###组成::[[贝母、瓜蒌花粉、茯苓、橘红、桔梗]]<br>###主治::[[燥痰]]证。咳嗽痰少，黏稠难咯，涩而难出，或咽喉干痛，或口鼻干燥，舌红苔白而干<br>###功用::[[润肺清热，理气化痰]]","方歌::[[贝母瓜菱臣花粉]],[[橘红茯苓加桔梗]]。<br>[[肺燥有痰痰难略]],[[润肺化痰此方珍]]<br>###组成::[[贝母、瓜蒌花粉、茯苓、橘红、桔梗]]<br>###主治::[[燥痰]]证。咳嗽痰少，黏稠难咯，涩而难出，或咽喉干痛，或口鼻干燥，舌红苔白而干<br>###功用::[[润肺清热，理气化痰]]"
"<div style=""text-align: center; font-size: 24px;""><b>三子养亲汤</b></div>",方剂学::各方剂合集::祛痰剂::温化寒晓剂,2,"方歌::[[三子养亲祛痰方]],[[芥苏莱菔共煎汤]]。<br>[[大便实硬加蜂蜜]],[[冬寒更可加生姜]]<br>###组成::[[白芥子、紫苏子、莱菔子]]<br>###主治::[[【*痰壅气逆食滞::寒痰夹食，痰壅气滞*】]]证。咳嗽喘逆，痰多胸痞，食少难消，舌苔白腻，脉滑<br>###功用::[[温肺化痰，降气消食(降气快膈，化痰消食)]]","方歌::[[三子养亲祛痰方]],[[芥苏莱菔共煎汤]]。<br>[[大便实硬加蜂蜜]],[[冬寒更可加生姜]]<br>###组成::[[白芥子、紫苏子、莱菔子]]<br>###主治::[[【*痰壅气逆食滞::寒痰夹食，痰壅气滞*】]]证。咳嗽喘逆，痰多胸痞，食少难消，舌苔白腻，脉滑<br>###功用::[[温肺化痰，降气消食(降气快膈，化痰消食)]]"
"<div style=""text-align: center; font-size: 24px;""><b>苓甘五味姜辛汤</b></div>",方剂学::各方剂合集::祛痰剂::温化寒晓剂,2,"方歌::[[苓甘五味姜辛汤]],[[温肺化饮常用方]]。<br>[[半夏杏仁均可加]],[[寒痰水饮咳嗽康]]<br>###组成::[[茯苓、甘草、「干姜」、细辛、五味子]]<br>###主治::[[寒饮咳嗽]]。咳嗽痰多，清稀色白，或喜唾清涎，胸闷喘逆，舌胖淡，苔白滑，脉弦滑<br>###功用::[[温肺化饮]]","方歌::[[苓甘五味姜辛汤]],[[温肺化饮常用方]]。<br>[[半夏杏仁均可加]],[[寒痰水饮咳嗽康]]<br>###组成::[[茯苓、甘草、「干姜」、细辛、五味子]]<br>###主治::[[寒饮咳嗽]]。咳嗽痰多，清稀色白，或喜唾清涎，胸闷喘逆，舌胖淡，苔白滑，脉弦滑<br>###功用::[[温肺化饮]]"
"<div style=""text-align: center; font-size: 24px;""><b>半夏白术天麻汤</b></div>",方剂学::各方剂合集::祛痰剂::治风化痰剂,2,"方歌::[[半夏白术天麻汤]],[[苓草橘红枣生姜]]。<br>[[眩晕头痛风痰盛]],[[化痰息风复正常]]<br>###组成::[[半夏、天麻、茯苓、橘红、白术、甘草、生姜、大枣]]<br>###主治::[[风痰上扰]]证。眩晕头痛，胸闷呕恶，舌苔白腻，脉弦滑<br>###功用::[[化痰息风，健脾祛湿(燥湿化痰，平肝息风)]]","方歌::[[半夏白术天麻汤]],[[苓草橘红枣生姜]]。<br>[[眩晕头痛风痰盛]],[[化痰息风复正常]]<br>###组成::[[半夏、天麻、茯苓、橘红、白术、甘草、生姜、大枣]]<br>###主治::[[风痰上扰]]证。眩晕头痛，胸闷呕恶，舌苔白腻，脉弦滑<br>###功用::[[化痰息风，健脾祛湿(燥湿化痰，平肝息风)]]"
"<div style=""text-align: center; font-size: 24px;""><b>定痫丸</b></div>",方剂学::各方剂合集::祛痰剂::治风化痰剂,2,"方歌::[[定痫二茯贝天麻]],[[丹麦陈远菖蒲夏]]。<br>[[胆星蚕蝎草竹沥]],[[姜汁琥珀与朱砂]]。<br>[[涤痰息风热定痫]],[[风热痰蕴痫证查]]<br>###组成::[[天麻、川贝母、姜半夏、茯苓、茯神、胆南星、石菖蒲、全蝎、僵蚕、琥珀、陈皮、远志、丹参、麦冬、朱砂、竹沥、姜汁、甘草]]<br>###主治::[[【*痰热痫::风痰蕴热之痫证*】]]证。忽然发作，眩仆倒地，不省高下，目斜口喝，甚则抽搐，痰涎直流，或叫喊作畜声，舌苔白腻微黄，脉弦滑。亦可用于癫狂<br>###功用::[[涤痰息风，清热定痫]]","方歌::[[定痫二茯贝天麻]],[[丹麦陈远菖蒲夏]]。<br>[[胆星蚕蝎草竹沥]],[[姜汁琥珀与朱砂]]。<br>[[涤痰息风热定痫]],[[风热痰蕴痫证查]]<br>###组成::[[天麻、川贝母、姜半夏、茯苓、茯神、胆南星、石菖蒲、全蝎、僵蚕、琥珀、陈皮、远志、丹参、麦冬、朱砂、竹沥、姜汁、甘草]]<br>###主治::[[【*痰热痫::风痰蕴热之痫证*】]]证。忽然发作，眩仆倒地，不省高下，目斜口喝，甚则抽搐，痰涎直流，或叫喊作畜声，舌苔白腻微黄，脉弦滑。亦可用于癫狂<br>###功用::[[涤痰息风，清热定痫]]"
"<div style=""text-align: center; font-size: 24px;""><b>止嗽散</b></div>",方剂学::各方剂合集::祛痰剂::治风化痰剂,2,"方歌::[[止嗽散桔草白前]],[[紫菀荆陈百部研]]。<br>[[止咳化痰兼透表]],[[姜汤调服不用煎]]<br>###组成::[[桔梗、荆芥、「紫菀」、「百部」、白前、炒甘草、陈皮]]<br>###主治::[[风痰咳嗽]]或[[风邪犯肺之咳嗽]]。咳嗽咽痒，咯痰不爽，或微有恶风发热，舌苔薄白，脉浮缓<br>###功用::[[止咳化痰，疏风宣肺]]","方歌::[[止嗽散桔草白前]],[[紫菀荆陈百部研]]。<br>[[止咳化痰兼透表]],[[姜汤调服不用煎]]<br>###组成::[[桔梗、荆芥、「紫菀」、「百部」、白前、炒甘草、陈皮]]<br>###主治::[[风痰咳嗽]]或[[风邪犯肺之咳嗽]]。咳嗽咽痒，咯痰不爽，或微有恶风发热，舌苔薄白，脉浮缓<br>###功用::[[止咳化痰，疏风宣肺]]"
"<div style=""text-align: center; font-size: 24px;""><b>保和丸</b></div>",方剂学::各方剂合集::消导化积剂::消食化滞剂,2,"方歌::[[保和神曲与山楂]],[[陈夏苓翘菔子加]]。<br>[[曲糊为丸麦汤下]],[[消食和胃食积拿]]<br>###组成::[[山楂、神曲、半夏、茯苓、陈皮、连翘、莱菔子]]<br>###主治::[[食积]]证。脘腹痞满胀痛，嗳腐吞酸，恶食呕吐，或大便泄泻，舌苔厚腻，脉滑<br>###功用::[[消食化滞，理气和胃]]","方歌::[[保和神曲与山楂]],[[陈夏苓翘菔子加]]。<br>[[曲糊为丸麦汤下]],[[消食和胃食积拿]]<br>###组成::[[山楂、神曲、半夏、茯苓、陈皮、连翘、莱菔子]]<br>###主治::[[食积]]证。脘腹痞满胀痛，嗳腐吞酸，恶食呕吐，或大便泄泻，舌苔厚腻，脉滑<br>###功用::[[消食化滞，理气和胃]]"
"<div style=""text-align: center; font-size: 24px;""><b>枳实导滞丸</b></div>",方剂学::各方剂合集::消导化积剂::消食化滞剂,2,"方歌::[[枳实导滞用大黄]],[[芩连曲术茯苓囊]]。<br>[[泽泻蒸饼糊丸服]],[[湿热积滞力能攘]]<br>###组成::[[「大黄」、枳实、神曲、茯苓、黄苓、黄连、白术、泽泻]]<br>###主治::[[湿热食积]]证。脘腹胀痛，下痢泄泻，或大便秘结，小便短赤，舌苔黄腻，脉沉有力<br>###功用::[[消食导滞，清热祛湿]]","方歌::[[枳实导滞用大黄]],[[芩连曲术茯苓囊]]。<br>[[泽泻蒸饼糊丸服]],[[湿热积滞力能攘]]<br>###组成::[[「大黄」、枳实、神曲、茯苓、黄苓、黄连、白术、泽泻]]<br>###主治::[[湿热食积]]证。脘腹胀痛，下痢泄泻，或大便秘结，小便短赤，舌苔黄腻，脉沉有力<br>###功用::[[消食导滞，清热祛湿]]"
"<div style=""text-align: center; font-size: 24px;""><b>木香槟榔丸</b></div>",方剂学::各方剂合集::消导化积剂::消食化滞剂,2,"方歌::[[木香槟榔青陈皮]],[[黄连黄柏莪术齐]]。<br>[[大黄牵牛加香附]],[[热滞泻痢皆相宜]]<br>###组成::[[「木香」、「槟榔」、青皮、陈皮、莪术、黄连、黄柏、大黄、香附子、牵牛]]<br>###主治::[[湿热积滞]]证。痢疾，食积。脘腹痞满胀痛，大便秘结，或赤白痢疾，里急后重，舌苔黄腻，脉沉实有力<br>###功用::[[行气导滞，攻积泄热]]","方歌::[[木香槟榔青陈皮]],[[黄连黄柏莪术齐]]。<br>[[大黄牵牛加香附]],[[热滞泻痢皆相宜]]<br>###组成::[[「木香」、「槟榔」、青皮、陈皮、莪术、黄连、黄柏、大黄、香附子、牵牛]]<br>###主治::[[湿热积滞]]证。痢疾，食积。脘腹痞满胀痛，大便秘结，或赤白痢疾，里急后重，舌苔黄腻，脉沉实有力<br>###功用::[[行气导滞，攻积泄热]]"
"<div style=""text-align: center; font-size: 24px;""><b>枳术丸</b></div>",方剂学::各方剂合集::消导化积剂::健脾消食剂(消补兼施),2,"方歌::[[枳术丸是消补方]],[[荷叶烧饭作丸尝]]。<br>[[若加麦芽与神曲]],[[消食化滞力更强]]<br>###组成::[[白术、枳实、荷叶烧饭]]<br>###主治::[[脾虚气滞，饮食停聚]]。胸脘痞满，不思饮食<br>###功用::[[健脾理气，化食消痞(健脾消痞)]]","方歌::[[枳术丸是消补方]],[[荷叶烧饭作丸尝]]。<br>[[若加麦芽与神曲]],[[消食化滞力更强]]<br>###组成::[[白术、枳实、荷叶烧饭]]<br>###主治::[[脾虚气滞，饮食停聚]]。胸脘痞满，不思饮食<br>###功用::[[健脾理气，化食消痞(健脾消痞)]]"
"<div style=""text-align: center; font-size: 24px;""><b>枳术汤</b></div>",方剂学::各方剂合集::消导化积剂::健脾消食剂(消补兼施),2,"方歌::[[枳术汤煮不需荷]],[[行气消痞此方合]]。<br>[[证治气滞水停证]],[[心下坚大如盘呵]]<br>###组成::[[枳实、白术]]<br>###主治::[[气滞水停]]。症见心下坚，大如盘，边如旋盘<br>###功用::[[行气消痞]]","方歌::[[枳术汤煮不需荷]],[[行气消痞此方合]]。<br>[[证治气滞水停证]],[[心下坚大如盘呵]]<br>###组成::[[枳实、白术]]<br>###主治::[[气滞水停]]。症见心下坚，大如盘，边如旋盘<br>###功用::[[行气消痞]]"
"<div style=""text-align: center; font-size: 24px;""><b>健脾丸</b></div>",方剂学::各方剂合集::消导化积剂::健脾消食剂(消补兼施),2,"方歌::[[健脾参术苓草陈]],[[肉蔻香连合砂仁]]。<br>[[楂肉山药曲麦炒]],[[消补兼施此方寻]]<br>###组成::[[白术、木香、黄连、甘草、白茯苓、人参、神曲、陈皮、砂仁、麦芽、山楂、山药、肉豆蔻、米汤]]<br>###主治::[[脾胃虚弱，食积内停]]证。食少难消，脘腹痞闷，大便溏薄，苔腻微黄，脉象虚弱<br>###功用::[[健脾和胃，消食止泻]]","方歌::[[健脾参术苓草陈]],[[肉蔻香连合砂仁]]。<br>[[楂肉山药曲麦炒]],[[消补兼施此方寻]]<br>###组成::[[白术、木香、黄连、甘草、白茯苓、人参、神曲、陈皮、砂仁、麦芽、山楂、山药、肉豆蔻、米汤]]<br>###主治::[[脾胃虚弱，食积内停]]证。食少难消，脘腹痞闷，大便溏薄，苔腻微黄，脉象虚弱<br>###功用::[[健脾和胃，消食止泻]]"
"<div style=""text-align: center; font-size: 24px;""><b>葛花解醒汤</b></div>",方剂学::各方剂合集::消导化积剂::健脾消食剂(消补兼施),2,"方歌::[[葛花解醒泽二苓]],[[砂蔻青陈木香并]]。<br>[[姜曲参术温健脾]],[[分消寒化酒湿灵]]<br>###组成::[[木香、人参、猪苓、白茯苓、橘皮、白术、干生姜、神曲、泽泻、青皮、缩砂仁、白豆蔻仁、「葛花」]]<br>###主治::[[酒积伤脾]]证。(头痛)眩晕呕吐，胸膈痞闷，食少体倦，小便不利，大便泄泻，舌苔腻，脉滑<br>###功用::[[分消酒湿，理气健脾]]","方歌::[[葛花解醒泽二苓]],[[砂蔻青陈木香并]]。<br>[[姜曲参术温健脾]],[[分消寒化酒湿灵]]<br>###组成::[[木香、人参、猪苓、白茯苓、橘皮、白术、干生姜、神曲、泽泻、青皮、缩砂仁、白豆蔻仁、「葛花」]]<br>###主治::[[酒积伤脾]]证。(头痛)眩晕呕吐，胸膈痞闷，食少体倦，小便不利，大便泄泻，舌苔腻，脉滑<br>###功用::[[分消酒湿，理气健脾]]"
"<div style=""text-align: center; font-size: 24px;""><b>鳖甲煎丸</b></div>",方剂学::各方剂合集::消导化积剂::消腐化积剂,2,"方歌::[[鳖甲煎丸疟母方]],[[虚虫鼠妇及蜣螂]]。<br>[[蜂房石韦人参射]],[[桂朴紫葳丹芍姜]]。<br>[[瞿麦柴芩胶半夏]],[[桃仁葶苈和硝黄]]。<br>[[疟缠日久胁下硬]],[[癥消积化保安康]]<br>###组成::[[「鳖甲」、乌扇、黄芩、柴胡、鼠妇、干姜、大黄、芍药、桂枝、葶苈、石韦、厚朴、牡丹、瞿麦、紫葳、半夏、人参、廑虫、阿胶、蜂窠、赤硝、蜣螂、桃仁]]<br>###主治::[[疟母，以及各种癥积]]。症疾日久不愈，胁下痞硬成块；或脘腹癥积，腹中疼痛，肌肉消瘦，饮食减少，时有寒热；或女子月经闭止等，舌黯无华，脉弦细<br>###功用::[[软坚消癥，行气活血，祛湿化痰]]","方歌::[[鳖甲煎丸疟母方]],[[虚虫鼠妇及蜣螂]]。<br>[[蜂房石韦人参射]],[[桂朴紫葳丹芍姜]]。<br>[[瞿麦柴芩胶半夏]],[[桃仁葶苈和硝黄]]。<br>[[疟缠日久胁下硬]],[[癥消积化保安康]]<br>###组成::[[「鳖甲」、乌扇、黄芩、柴胡、鼠妇、干姜、大黄、芍药、桂枝、葶苈、石韦、厚朴、牡丹、瞿麦、紫葳、半夏、人参、廑虫、阿胶、蜂窠、赤硝、蜣螂、桃仁]]<br>###主治::[[疟母，以及各种癥积]]。症疾日久不愈，胁下痞硬成块；或脘腹癥积，腹中疼痛，肌肉消瘦，饮食减少，时有寒热；或女子月经闭止等，舌黯无华，脉弦细<br>###功用::[[软坚消癥，行气活血，祛湿化痰]]"
"<div style=""text-align: center; font-size: 24px;""><b>海藻玉壶汤</b></div>",方剂学::各方剂合集::消导化积剂::消腐化积剂,2,"方歌::[[海藻玉壶带昆布]],[[青陈归芎夏贝母]]。<br>[[连翘独活甘草入]],[[化痰散结瘿瘤除]]<br>###组成::[[海「藻」、贝母、陈皮、「昆布」、青皮、川芎、当归、半夏、连翘、甘草节、独活、「海带」]]<br>###主治::1.[[气滞痰凝之瘿瘤初起]]。瘿瘤初起，漫肿或结块，皮色不变，不痛，不溃，或肿或硬，或赤或不赤，但未破者<br>2.[[亦治石瘿]]。坚硬如石，推之不移，皮色不变<br>###功用::[[化痰软坚，消瘦散结]]","方歌::[[海藻玉壶带昆布]],[[青陈归芎夏贝母]]。<br>[[连翘独活甘草入]],[[化痰散结瘿瘤除]]<br>###组成::[[海「藻」、贝母、陈皮、「昆布」、青皮、川芎、当归、半夏、连翘、甘草节、独活、「海带」]]<br>###主治::1.[[气滞痰凝之瘿瘤初起]]。瘿瘤初起，漫肿或结块，皮色不变，不痛，不溃，或肿或硬，或赤或不赤，但未破者<br>2.[[亦治石瘿]]。坚硬如石，推之不移，皮色不变<br>###功用::[[化痰软坚，消瘦散结]]"
"<div style=""text-align: center; font-size: 24px;""><b>消瘰丸</b></div>",方剂学::各方剂合集::消导化积剂::消腐化积剂,2,"方歌::[[消瘰牡蛎贝玄参]],[[消痰散结并软坚]]。<br>[[肝肾阴虚痰火结]],[[临时加减细斟酌]]<br>###组成::[[玄参、牡蛎、「贝母」]]<br>###主治::[[瘰疬、痰核、瘿瘤]]。颈项结块，或如串珠，咽干，舌红，脉弦滑略数<br>###功用::[[清热化痰，软坚散结]]","方歌::[[消瘰牡蛎贝玄参]],[[消痰散结并软坚]]。<br>[[肝肾阴虚痰火结]],[[临时加减细斟酌]]<br>###组成::[[玄参、牡蛎、「贝母」]]<br>###主治::[[瘰疬、痰核、瘿瘤]]。颈项结块，或如串珠，咽干，舌红，脉弦滑略数<br>###功用::[[清热化痰，软坚散结]]"
"<div style=""text-align: center; font-size: 24px;""><b>乌梅丸</b></div>",方剂学::各方剂合集::驱虫剂,2,"方歌::[[乌梅丸用细辛桂]],[[黄连黄柏及当归]]。<br>[[人参椒姜加附子]],[[温中寓清在安蛔]]<br>###组成::[[乌梅、炮附子、细辛、干姜、黄连、当归、蜀椒、桂枝、人参、黄柏、醋、蜂蜜]]<br>###主治::1.[[寒热错杂，蛔虫上扰之蛔厥]]证。腹痛阵作，手足厥冷，烦闷呕吐，时发时止，得食即吐，甚吐蛔<br>2.[[【*久痢，久泻::是以寒热错杂，正气虚弱之证(多呈脾胃虚寒，肠滑失禁，气血不足而湿热积滞未去之寒热错杂证候)为适宜，暴泻与湿热痢均非本方所宜*】]]。<br>###功用::[[温脏安蛔(止痛)(本方也具酸收涩肠、清热燥湿、温中补虚之功)]]","方歌::[[乌梅丸用细辛桂]],[[黄连黄柏及当归]]。<br>[[人参椒姜加附子]],[[温中寓清在安蛔]]<br>###组成::[[乌梅、炮附子、细辛、干姜、黄连、当归、蜀椒、桂枝、人参、黄柏、醋、蜂蜜]]<br>###主治::1.[[寒热错杂，蛔虫上扰之蛔厥]]证。腹痛阵作，手足厥冷，烦闷呕吐，时发时止，得食即吐，甚吐蛔<br>2.[[【*久痢，久泻::是以寒热错杂，正气虚弱之证(多呈脾胃虚寒，肠滑失禁，气血不足而湿热积滞未去之寒热错杂证候)为适宜，暴泻与湿热痢均非本方所宜*】]]。<br>###功用::[[温脏安蛔(止痛)(本方也具酸收涩肠、清热燥湿、温中补虚之功)]]"
"<div style=""text-align: center; font-size: 24px;""><b>肥儿丸</b></div>",方剂学::各方剂合集::驱虫剂,2,"方歌::[[肥儿丸内用使君]],[[豆蔻香连曲麦槟]]。<br>[[猪胆为丸热水下]],[[虫疳食积一扫清]]<br>###组成::[[神曲、黄连、肉豆寇、麦芽、使君子、槟榔、木香、猪胆汁]]<br>###主治::[[【*小儿虫疳::虫积脾虚内热证*】]]。面黄体瘦，肚腹胀满而痛，发热口臭，大便稀溏，舌苔黄腻<br>###功用::[[杀虫消积，健脾清热]]","方歌::[[肥儿丸内用使君]],[[豆蔻香连曲麦槟]]。<br>[[猪胆为丸热水下]],[[虫疳食积一扫清]]<br>###组成::[[神曲、黄连、肉豆寇、麦芽、使君子、槟榔、木香、猪胆汁]]<br>###主治::[[【*小儿虫疳::虫积脾虚内热证*】]]。面黄体瘦，肚腹胀满而痛，发热口臭，大便稀溏，舌苔黄腻<br>###功用::[[杀虫消积，健脾清热]]"
"<div style=""text-align: center; font-size: 24px;""><b>化虫丸</b></div>",方剂学::各方剂合集::驱虫剂,2,"方歌::[[化虫丸可治诸虫]],[[鹤虱白矾铅粉从]]。<br>[[苦楝皮与槟榔子]],[[每服五丸即见功]]<br>###组成::[[胡粉(即铅粉)、鹤虱、槟榔、苦楝根、白枯矾]]<br>###主治::[[肠道虫积]]证。腹中疼痛，时发时止，往来上下，其痛甚剧，呕吐清水，或吐蛔虫，多食而瘦，面色青黄<br>###功用::[[驱杀肠中诸虫]]","方歌::[[化虫丸可治诸虫]],[[鹤虱白矾铅粉从]]。<br>[[苦楝皮与槟榔子]],[[每服五丸即见功]]<br>###组成::[[胡粉(即铅粉)、鹤虱、槟榔、苦楝根、白枯矾]]<br>###主治::[[肠道虫积]]证。腹中疼痛，时发时止，往来上下，其痛甚剧，呕吐清水，或吐蛔虫，多食而瘦，面色青黄<br>###功用::[[驱杀肠中诸虫]]"
"<div style=""text-align: center; font-size: 24px;""><b>布袋丸</b></div>",方剂学::各方剂合集::驱虫剂,2,"方歌::[[布袋丸内有四君]],[[芜黄芦荟共调匀]]。<br>[[夜明砂与使君子]],[[消疳去虫法可循]]<br>###组成::[[夜明砂、芜黄、使君子、白术、白茯苓、人参、甘草、芦荟]]<br>###主治::[[脾虚虫疳]]。体热面黄，肢细胞大，发焦目黯，舌淡脉弱等<br>###功用::[[杀虫消疳，健脾益气]]","方歌::[[布袋丸内有四君]],[[芜黄芦荟共调匀]]。<br>[[夜明砂与使君子]],[[消疳去虫法可循]]<br>###组成::[[夜明砂、芜黄、使君子、白术、白茯苓、人参、甘草、芦荟]]<br>###主治::[[脾虚虫疳]]。体热面黄，肢细胞大，发焦目黯，舌淡脉弱等<br>###功用::[[杀虫消疳，健脾益气]]"
"<div style=""text-align: center; font-size: 24px;""><b>伐木丸</b></div>",方剂学::各方剂合集::驱虫剂,2,"方歌::[[伐木丸中有绿矾]],[[苍术酒曲醋糊丸]]。<br>[[泻肝益脾消黄肿]],[[钩虫为患效可观]]<br>###组成::[[「苍术」(米泔水浸，同黄酒面曲炒)、黄酒、面曲、皂矾(即绿矾)、醋、酒、米汤]]<br>###主治::[[【*黄肿病::多见于钩虫病*】]]。面色萎黄，浮肿，心悸，气促，肢倦无力<br>###功用::[[消积燥湿，泻肝驱虫]]","方歌::[[伐木丸中有绿矾]],[[苍术酒曲醋糊丸]]。<br>[[泻肝益脾消黄肿]],[[钩虫为患效可观]]<br>###组成::[[「苍术」(米泔水浸，同黄酒面曲炒)、黄酒、面曲、皂矾(即绿矾)、醋、酒、米汤]]<br>###主治::[[【*黄肿病::多见于钩虫病*】]]。面色萎黄，浮肿，心悸，气促，肢倦无力<br>###功用::[[消积燥湿，泻肝驱虫]]"
"<div style=""text-align: center; font-size: 24px;""><b>犀黄丸</b></div>",方剂学::各方剂合集::其他,2,"方歌::[[犀黄丸内用麝香]],[[乳香没药共牛黄]]。<br>[[乳岩流注肠痈等]],[[正气未虚皆可尝]]<br>###组成::[[「犀黄」、麝香、半乳香没药、黄米饭、陈酒]]<br>###主治::[[火郁痰凝，血瘀气滞]]之乳岩、瘰疬、横痃、痰核、流注、肿痛、小肠痈等，见舌红、脉滑数者<br>###功用::[[活血行瘀，解毒消痈，化痰散结]]","方歌::[[犀黄丸内用麝香]],[[乳香没药共牛黄]]。<br>[[乳岩流注肠痈等]],[[正气未虚皆可尝]]<br>###组成::[[「犀黄」、麝香、半乳香没药、黄米饭、陈酒]]<br>###主治::[[火郁痰凝，血瘀气滞]]之乳岩、瘰疬、横痃、痰核、流注、肿痛、小肠痈等，见舌红、脉滑数者<br>###功用::[[活血行瘀，解毒消痈，化痰散结]]"
"<div style=""text-align: center; font-size: 24px;""><b>透脓散</b></div>",方剂学::各方剂合集::其他,2,"方歌::[[透脓散治毒成脓]],[[芪归山甲皂刺芎]]。<br>[[程氏又加银蒡芷]],[[更能速奏溃破功]]<br>###组成::[[「生黄芪」、穿山甲、川芎、当归、皂角刺]]<br>###主治::[[气血两虚，疮痈脓成难溃]]证。疮痈内已成脓，不易外溃，漫肿无头，或痰胀热痛<br>###功用::[[补气养血，托毒溃脓]]","方歌::[[透脓散治毒成脓]],[[芪归山甲皂刺芎]]。<br>[[程氏又加银蒡芷]],[[更能速奏溃破功]]<br>###组成::[[「生黄芪」、穿山甲、川芎、当归、皂角刺]]<br>###主治::[[气血两虚，疮痈脓成难溃]]证。疮痈内已成脓，不易外溃，漫肿无头，或痰胀热痛<br>###功用::[[补气养血，托毒溃脓]]"
"<div style=""text-align: center; font-size: 24px;""><b>小金丹</b></div>",方剂学::各方剂合集::其他,2,"方歌::[[小金丹内麝草乌]],[[灵脂胶香与乳没]]。<br>[[木鳖地龙归墨炭]],[[诸疮肿痛最宜服]]<br>###组成::[[白胶、香草乌、五灵脂、地龙、「木鳖」、乳香、没药、归身、麝香、墨炭、糯米粉]]<br>###主治::[[寒湿痰瘀，阻滞凝结]]。如流注、痰核、瘰疬、乳岩、横痃、贴骨疽、鳝拱头等病。初起皮色不变，硬肿作痛者<br>###功用::[[化痰祛湿，祛瘀通络]]","方歌::[[小金丹内麝草乌]],[[灵脂胶香与乳没]]。<br>[[木鳖地龙归墨炭]],[[诸疮肿痛最宜服]]<br>###组成::[[白胶、香草乌、五灵脂、地龙、「木鳖」、乳香、没药、归身、麝香、墨炭、糯米粉]]<br>###主治::[[寒湿痰瘀，阻滞凝结]]。如流注、痰核、瘰疬、乳岩、横痃、贴骨疽、鳝拱头等病。初起皮色不变，硬肿作痛者<br>###功用::[[化痰祛湿，祛瘀通络]]"
"<div style=""text-align: center; font-size: 24px;""><b>薏苡附子败酱散</b></div>",方剂学::各方剂合集::其他,2,"方歌::[[薏苡附子败酱散]],[[排脓消痛结温阳]]。<br>[[肠痈成脓身无热]],[[甲错腹急按濡软]]<br>###组成::[[薏苡仁、附子、败酱草]]<br>###主治::[[肠痛]]内已成脓，身无热，肌肤甲错，腹皮急，如肿状(如肿胀)，按之濡/软，脉数<br>###功用::[[排脓消肿/排脓消痛，温阳散结]]","方歌::[[薏苡附子败酱散]],[[排脓消痛结温阳]]。<br>[[肠痈成脓身无热]],[[甲错腹急按濡软]]<br>###组成::[[薏苡仁、附子、败酱草]]<br>###主治::[[肠痛]]内已成脓，身无热，肌肤甲错，腹皮急，如肿状(如肿胀)，按之濡/软，脉数<br>###功用::[[排脓消肿/排脓消痛，温阳散结]]"
感冒,中医内科学::各病历史::肺系病证::感冒,1,病名源流::感冒病名最早见于[[北宋《仁斋直指方论》]]。<br>###病位::元·朱震亨明确病位在[[肺]]，治疗分[[辛温解表]]与[[辛凉解表]]两大原则。<br>###分类::清·林佩琴提出[[“时行感冒”]]病名。<br>###病因::清·徐灵胎指出由[[触冒时行邪气]]所致。,沿革::明·张介宾将咳嗽分为[[外感与内伤]]两大类；清·程钟龄提出[[咳嗽治法须分新久虚实]]。
咳嗽,中医内科学::各病历史::肺系病证::咳嗽,1,病名源流::《内经》提出“[[五脏六腑皆令人咳]]，非独肺也”。<br>###分类::明·张介宾分为[[外感与内伤]]两大类。<br>###治疗原则::清·程钟龄提出[[咳嗽治法须分新久虚实]]。<br>###病机::明·王纶强调[[咳因于肺]]，久虚则深入肾脏。,鉴别::明·虞抟《医学正传》区分[[哮以声响名，喘以气息言]]。
哮病,中医内科学::各病历史::肺系病证::哮病,1,病名源流::元·朱震亨首创[[“哮病”]]病名。<br>###核心病机::朱震亨指出“[[专主于痰]]”。<br>###治疗原则::提出“[[未发以扶正气为主，既发以攻邪气为急]]”。,沿革::《内经》称“喘鸣”“喘呼”，张仲景称“[[上气]]”。
喘证,中医内科学::各病历史::肺系病证::喘证,1,病名源流::《内经》称“喘鸣”“喘呼”，张仲景称“[[上气]]”。<br>###病机分类::明·张介宾指出[[实喘在肺，虚喘在肾]]。<br>###治疗原则::清·叶天士提出[[实喘治肺，虚喘治肾]]。,鉴别::辨喘证[[虚实寒热]]，实喘呼吸深长有余，虚喘呼吸短促难续。
肺痈,中医内科学::各病历史::肺系病证::肺痈,2,病名源流::《金匮要略》首提“肺痈”病名。<br>###分期论治::张仲景提出“[[始萌可救，脓成则死]]”。<br>###治法::《金匮要略》以[[葶苈大枣泻肺汤]]治脓未成。<br>###代表方::唐·孙思邈提出[[治肺痈方]]如苇茎汤等。,注意::清·王清任以[[血府逐瘀汤]]治胸痹心痛，活血化瘀。
肺痨,中医内科学::各病历史::肺系病证::肺痨,2,治痨专著::元·葛可久《十药神书》是现存第一部治痨专著。,
肺胀,中医内科学::各病历史::肺系病证::肺胀,2,病名源流::病名首见于[[《内经》]]。<br>###病机::《金匮要略》指出肺胀证候并涉及“[[支饮亦属肺胀范畴]]”。<br>###治疗::清·张璐认为[[肺胀实证居多]]，宜分虚实辨证论治。,治法::清·李用粹《证治汇补》强调[[气散而胀者宜补肺，气逆而胀者宜降气]]。
肺痿,中医内科学::各病历史::肺系病证::肺痿,3,病名源流::《内经》中称为“肺痿”，认为病因是[[肺热叶焦]]。<br>###治则::《金匮要略》提出“[[治肺痿用甘草干姜汤]]”。<br>###注意::清·王清任强调[[癫狂与脑有密切联系]]，创活血化瘀法。,
心悸,中医内科学::各病历史::心系病证::心悸,1,病名源流::《内经》虽无“心悸”之名，但已认识其病因。<br>###分类::张仲景称“[[心动悸]]”“[[心下悸]]”，并提出治则以[[炙甘草汤]]等为代表。<br>###病因病机::元·朱震亨认为病[[责之虚与痰]]。<br>###辨证::明·张介宾认为[[怔忡由阴虚劳损所致]]。,治法::清·王清任以[[血府逐瘀汤]]治胸痹心痛。
胸痹心痛,中医内科学::各病历史::心系病证::胸痹心痛,1,病名源流::[[“胸痹”]]之名始于《内经》。<br>###治法::《金匮要略》明确提出病机为[[阳微阴弦]]，强调[[宣痹通阳]]治法。<br>###代表方::《金匮要略》用[[栝蒌薤白白酒汤]]等。,注意::《续名医类案》首次提到“心衰”。
心衰,中医内科学::各病历史::心系病证::心衰,2,病名源流::“心衰”一词最早见于[[西晋·王叔和《脉经》]]。<br>###病机::张仲景提出“[[心水]]”指代心衰，认为水停、心气虚所致。<br>###治法::《内经》提出“[[开鬼门，洁净府]]”等原则。,分类::明·张介宾将不寐分为[[邪扰、营虚]]两种类型。
不寐,中医内科学::各病历史::心系病证::不寐,1,病名源流::《内经》称“[[不得卧]]”“[[目不瞑]]”。<br>###病因::张仲景补充了[[阴虚火旺及虚劳虚烦]]型不寐。<br>###治法::张仲景首创[[黄连阿胶汤及酸枣仁汤]]。,注意::清·王清任强调[[癫狂与脑有密切联系]]，创活血化瘀法。
癫狂,中医内科学::各病历史::心系病证::癫狂,2,病名源流::《内经》分类[[癫狂]]为“癫疾”“狂疾”。<br>###治法::《素问》提出[[“生铁落饮”]]治狂。<br>###病机::元·朱震亨提出“[[痰迷心窍]]”理论。,代表方::《千金要方》首次提出“[[癫痫]]”或“[[痫]]”病名。
痫病,中医内科学::各病历史::心系病证::痫病,2,病名源流::《内经》称“癫痫”，认为与[[先天因素]]有关。<br>###病机::朱震亨提出“[[无非痰涎壅塞，迷闷孔窍]]”。<br>###治法::主张[[大率行痰为主]]。,分类::陈士铎提出[[呆病成于郁]]及[[呆病成于痰]]两类。
痴呆,中医内科学::各病历史::心系病证::痴呆,2,病名源流::张介宾《景岳全书》提到“[[痴呆]]”病名。<br>###分类::陈士铎提出[[呆病成于郁]]及[[呆病成于痰]]两类。<br>###治法::提出“[[治呆无奇法，治痰即治呆]]”。,注意::清·王清任指出[[灵机记性，不在心在脑]]。
中风,中医内科学::各病历史::心系病证::中风,1,病名源流::《内经》称“[[薄厥]]”“[[偏枯]]”。<br>###病机演变::唐宋以前以“[[外风]]立论”；金元时期以“[[内风]]立论”。<br>###证候分类::张介宾提出“[[中风非风]]”，认为乃[[内伤积损]]所致。,治法::叶天士、王清任等提出[[肝风内动】【气虚血瘀]]等病机及治法。
眩晕,中医内科学::各病历史::心系病证::眩晕,1,病名源流::《内经》称“[[眩冒]]”，病位在肝。<br>###病机::《内经》提出“[[诸风掉眩，皆属于肝]]”。<br>###治法::朱丹溪提出“[[无痰不作眩]]”，主张[[治痰为先]]。,注意::张介宾《景岳全书》提出“[[无虚不能作眩]]”，以[[治虚为主]]。
头痛,中医内科学::各病历史::心系病证::头痛,1,病名源流::病名首载于[[《内经》]]。<br>###分类::李东垣将头痛分为[[外感和内伤]]两大类。<br>###治法::张仲景提到“[[干呕，吐涎沫，头痛者，吴茱萸汤主之]]”。,注意::王肯堂《证治准绳》记载[[头风]]。
呕吐,中医内科学::各病历史::脾胃病证::呕吐,1,病名源流::病名最早见于[[《内经》]]。<br>###治疗禁忌::《金匮要略》指出“[[夫呕家有痈脓，不可治呕]]，脓尽自愈”。<br>###分类::明·张介宾将呕吐分为[[虚实两大类]]。,代表方::孙思邈称“[[凡呕者，多食生姜，此是呕家圣药]]”。
噎膈,中医内科学::各病历史::脾胃病证::噎膈,2,病名源流::病名首见于[[《黄帝内经》]]。<br>###病因::《诸病源候论》指出[[忧、食、劳、思]]等病因。<br>###治疗原则::《济生方》提出“[[调顺阴阳，化痰下气]]”。,病机::清·叶天士指出“[[脘管窄隘]]”是主要病机。
呃逆,中医内科学::各病历史::脾胃病证::呃逆,2,病名源流::《内经》称“[[哕]]”。<br>###治法::《金匮要略》提出“[[哕而腹满，视其前后]]，知何部不利，利之即愈”。,鉴别::《灵枢》称阳痿为“[[阴痿]]”，与[[宗筋弛纵]]相关。
胃痛,中医内科学::各病历史::脾胃病证::胃痛,1,病名源流::病名最早记载于[[《内经》]]，认为与肝、脾有关。<br>###病位::李东垣创立“[[胃脘痛]]”病名，明确与心痛区分。<br>###治法::《医学正传》指出“[[胃脘痛……须辨其证]]，通之则愈”。,注意::明·张介宾主张[[胃痛虚实，莫先辨虚实]]。
痞满,中医内科学::各病历史::脾胃病证::痞满,2,病名源流::《内经》称“[[否]][[满]]”。<br>###分类::《伤寒论》首见“痞满”病名，创[[泻心汤]]治不同痞证。<br>###鉴别::朱震亨《丹溪心法》提出“[[痞者与否同，不通泰也]]”。,辨证::明·张介宾强调[[痞满]]需与[[胀满]]鉴别。
腹痛,中医内科学::各病历史::脾胃病证::腹痛,2,病名源流::最早见于[[《山海经》]]。<br>###病因::《金匮要略》详细论述腹痛[[虚实寒热]]辨证。<br>###治法::张仲景首创[[腹痛开下法]]。,注意::明·王肯堂将腹痛分为[[内伤和外感]]。
泄泻,中医内科学::各病历史::脾胃病证::泄泻,1,病名源流::最早记载于[[《内经》]]，后奠定理论基础。<br>###病因::《金匮要略》提出“[[湿盛则濡泄]]”。<br>###治法::明·张介宾提出[[分利之法是治疗泄泻的原则]]。,注意::李中梓提出[[治泻九法]]。
痢疾,中医内科学::各病历史::脾胃病证::痢疾,1,病名源流::《内经》称“[[肠澼]]”“[[赤沃]]”。<br>###病名演变::张仲景称“[[下利]]”，《诸病源候论》始明确分述。<br>###治法::朱丹溪《丹溪心法》提出[[因湿热为本]]，通用治痢原则。,注意::喻嘉言创“[[逆流挽舟]]”之法。
便秘,中医内科学::各病历史::脾胃病证::便秘,1,病名源流::病名首见于[[《内经》]]，涉及脾胃、小肠、肾。<br>###分类::张仲景将便秘分为[[脾约】【阴结】【阳结]]。<br>###治法::《金匮要略》设[[承气汤]][[麻子仁丸]][[厚朴三物汤]]等。,注意::明·张介宾按[[阴结、阳结]]分类。
胁痛,中医内科学::各病历史::肝胆病证::胁痛,2,病名源流::《内经》即有记载，明确与[[肝胆]]有关。<br>###病机::《诸病源候论》提出主要与[[肝、胆、肾]]有关。<br>###治法::清·李用粹提出“[[治宜伐肝泻火为要]]”。,注意::明·张介宾提出胁痛[[分外感、内伤]]两大类。
黄疸,中医内科学::各病历史::肝胆病证::黄疸,1,病名源流::《内经》即有黄疸病名记载。<br>###核心病机::《金匮要略》提出“[[黄家所得，从湿得之]]”。<br>###分类::《金匮要略》指出“[[黄家所得，从湿得之]]”，并分类。<br>###治疗::《圣济总录》提出[[治黄须分阴阳]]。,代表方::程钟龄创制[[茵陈术附汤]]，今为[[治阴黄代表方]]。
积聚,中医内科学::各病历史::肝胆病证::积聚,2,病名源流::《内经》首提“[[积聚]]”病名。<br>###病机::《难经》区分[[积（五脏所生）]]与[[聚（六腑所成）]]。<br>###治法::《景岳全书》提出“[[初者，病邪初起，正气尚强]]，邪气尚浅”。,注意::《诸病源候论》称[[癥瘕]]，与[[积聚]]相关。
鼓胀,中医内科学::各病历史::肝胆病证::鼓胀,2,病名源流::“[[鼓胀]]”病名首见于[[《内经》]]。<br>###病因::《诸病源候论》首次提出“[[寄生虫致鼓]]”观点。<br>###治法::《备急千金要方》提出[[放腹水]]治法。,注意::清·喻嘉言认为膨胀[[不外水裹、气结、血瘀]]。
瘿病,中医内科学::各病历史::肝胆病证::瘿病,2,病名源流::战国时期《庄子》即有“[[瘿]]”病名。<br>###病因::《诸病源候论》指出与[[情志内伤及水土因素]]有关。<br>###治法::《外科正宗》提出“[[行散气血】【行痰顺气】【活血散坚]]”治法。,注意::李时珍指出[[黄药子]]有[[凉血降火，消瘿解毒]]功效。
疟疾,中医内科学::各病历史::肝胆病证::疟疾,3,代表方::唐·孙思邈《备急千金要方》用[[马鞭草]]治疟。<br>###治法::葛洪《肘后备急方》最早明确提出[[用青蒿治疟]]。,注意::明·张介宾将[[癃闭与淋证]]分开论治。
水肿,中医内科学::各病历史::肾系病证::水肿,1,病名源流::《内经》认识到病因为[[劳汗当风】【客邪饮食]]等。<br>###病机::《金匮要略》分为[[风水、皮水、正水、石水]]四型。<br>###治法::提出“[[诸有水者，腰以下肿当利小便，腰以上肿当发汗]]”。,注意::明·李中梓提出[[三纲病机学说]]。
淋证,中医内科学::各病历史::肾系病证::淋证,1,病名源流::《素问》称本病为“[[淋]]”。<br>###分类::《诸病源候论》将淋证分为[[石、劳、气、血、膏、寒、热]]七种。<br>###核心病机::隋·巢元方指出“[[诸淋者，由肾虚而膀胱热故也]]”。,代表方::《外台秘要》记载[[治淋方]]。
尿浊,中医内科学::各病历史::肾系病证::尿浊,3,定义::《临证指南医案》指出“[[大凡溺为则淋，不溺为浊]]”。<br>###鉴别::[[淋证与尿浊]]鉴别：淋证有排尿涩痛，尿浊无痛。,注意::尿浊病名在《内经》未明确记载。
癃闭,中医内科学::各病历史::肾系病证::癃闭,1,病名源流::《内经》中有“[[癃闭]]”病名。<br>###病因::《诸病源候论》认为“[[小便不通，由膀胱与肾俱有热故也]]”。<br>###治法::《千金要方》中载有[[导尿术]]。,注意::明·张介宾将[[癃闭与淋证]]分开论治。
关格,中医内科学::各病历史::肾系病证::关格,2,定义::《灵枢》称阳痿为“[[阴痿]]”，与[[宗筋弛纵]]相关。<br>###治疗::明·张介宾提出“[[阴痿]]”病名，按[[虚实论治]]。,注意::唐·王焘《外台秘要》指出阳痿[[与肝关系密切]]。
阳痿,中医内科学::各病历史::肾系病证::阳痿,2,病名源流::《灵枢》称“[[阴痿]]”，《素问》称“[[宗筋弛纵]]”。<br>###治法::明·周之干提出“[[阳痿]]”病名，治疗以[[温肾壮阳为主]]。<br>###注意::清·韩善徵提出[[阳痿以虚实论治]]，反对滥用燥烈温补。,代表方::明·张介宾创制[[右归丸]]温补肾阳。
郁证,中医内科学::各病历史::气血津液病证::郁证,1,病名源流::《内经》已有“[[郁]]”的概念。<br>###分类::《丹溪心法》提出[[气、血、火、食、湿、痰]]六郁论。<br>###治法::虞抟《医学正传》首次将[[郁证]]独立命名。,代表方::张仲景用[[甘麦大枣汤]]治脏躁。
血证,中医内科学::各病历史::气血津液病证::血证,1,病名源流::明·赵献可提出“[[血脱必先益气]]”。<br>###治疗三要::缪希雍提出[[止血、消瘀、宁血、补血]]治血四法。<br>###注意::清·王清任强调[[即行血而不宜止血]]。,代表方::唐容川《血证论》是[[首部论述血证的专著]]。
痰饮,中医内科学::各病历史::气血津液病证::痰饮,2,病名源流::张仲景《金匮要略》提出[[广义与狭义]]之分。<br>###治法::提出“[[温药和之]]”治疗原则。<br>###分类::《仁斋直指方》首先将[[饮与痰]]概念作明确区分。,注意::清·叶天士提出[[外饮治脾，内饮治肾]]。
消渴,中医内科学::各病历史::气血津液病证::消渴,1,病名源流::《素问·奇病论》首先提出“[[消渴]]”之名。<br>###病机::《金匮要略》认为[[胃热、肾虚]]是主要病机。<br>###分类::《诸病源候论》指出[[消渴病易发痈疽和水肿]]。,注意::《古今录验》指出“[[渴而饮水多，小便数，无脂，似麸片甜者，皆消渴病也]]”。
自汗盗汗,中医内科学::各病历史::气血津液病证::自汗盗汗,2,定义::《内经》指出[[汗液为血液所化]]。<br>###分类::陈无择《三因极一病证方论》将自汗、盗汗鉴别。<br>###治法::清·王清任提出[[自汗属气虚]]，[[盗汗属阴虚]]。,注意::叶天士提出“[[阳虚自汗，治宜补气以卫外；阴虚盗汗，治当补阴以营内]]”。
内伤发热,中医内科学::各病历史::气血津液病证::内伤发热,2,理论源流::《内经》有[[内伤发热]]记载，提出“[[阴虚生热]]”。<br>###治法::《金匮要略》提出“[[小建中汤]]”治阴虚虚热。<br>###代表医家::李东垣提出[[甘温除大热]]法。,注意::张介宾提出[[内伤发热]]的论点及治法。
厥证,中医内科学::各病历史::气血津液病证::厥证,2,分类::《内经》分[[两类]]：[[突然昏倒，不省人事]]；[[肢体和手足逆冷]]。<br>###病机::张仲景认为[[阴阳气不相顺接]]。,注意::《内经》中厥证涉及病机广泛。
虚劳,中医内科学::各病历史::气血津液病证::虚劳,2,源流::《内经》提出“[[虚则补之]]”等治则。<br>###分类::《难经》提出“[[五损]]”立论。<br>###治法::《金匮要略》首提“[[虚劳]]”病名。,代表方::《济生方》提出“[[补脾不如补肾]]”。
癌病,中医内科学::各病历史::气血津液病证::癌病,2,病名源流::《黄帝内经》中有“[[瘤]]”等记载。<br>###病因::《仁斋直指方》将“[[癌]]”作为痛毒五发之一。<br>###治法::李东垣主张“[[治癌当以胃气为本]]”。,注意::《丹溪心法》提出[[治痰法]]，化痰散结治疗癌病。
痹证,中医内科学::各病历史::肢体经络病证::痹证,1,病名源流::《内经》设“痹”专篇，据病因分[[风、寒、湿]]三痹。<br>###分类::王肯堂将痹分为[[行痹、痛痹、着痹、热痹、痿痹]]。<br>###治法::《金匮要略》用[[桂枝芍药知母汤]]治关节疼痛。,注意::叶天士主张用[[活血化瘀]]及[[虫类药]]。
痉证,中医内科学::各病历史::肢体经络病证::痉证,2,源流::《金匮要略》辨析痉病[[表实和表虚]]。<br>###注意::《诸病源候论》提出[[外感致痉]]及[[产后血虚]]等病因。,注意::《金匮要略》继承《内经》痉病理论并发展。
痿证,中医内科学::各病历史::肢体经络病证::痿证,2,病名源流::战国时期《庄子》有“[[瘿]]”病名。<br>###病机::《诸病源候论》指出主要[[病因为情志内伤]]。<br>###治法::《丹溪心法》提出[[泻南补北]]治痿。,注意::《外科正宗》提出[[行散气血】【行痰顺气】【活血散坚]]。
感冒病因与发病机制,中医内科学::肺系病证::感冒::概述,1,外感病因::以[[风邪]]为主因，常夹[[寒、热、暑、湿、燥]]等六淫邪气。<br>###时行疫毒::[[非时之气夹时行疫毒]]伤人，致病性强，易引起广泛流行。<br>###发病关键::发病与否及轻重，关键取决于[[卫气之强弱]]与[[感邪之轻重]]。,季节性特点::冬春多风寒、风热；夏季多夹暑湿；秋季多夹燥；梅雨季节多夹湿邪。
感冒病机与病位,中医内科学::肺系病证::感冒::概述,1,基本病机::[[邪犯肺卫]]，卫表不和，肺失宣肃。<br>###主要病位::病位在[[肺卫]]。<br>###病性特点::多为[[表证、实证]]，但可有寒热之异，虚证亦属常见。,演变过程::若外邪不解，可内传他脏，引发[[肺痨、肺胀]]等变证。
感冒辨证要点,中医内科学::肺系病证::感冒::概述,1,辨虚实::实证病程短，[[恶寒发热、身痛]]明显；虚证病程长，反复感冒，伴有[[气虚、阴血虚、阳虚]]等表现。<br>###辨寒热湿::风寒见[[恶寒重发热轻、流清涕]]；风热见[[发热重恶寒轻、流黄浊涕]]；暑湿见[[身热不扬、头昏重、胸闷]]。<br>###辨兼夹::需辨兼夹[[湿、夹暑、夹食、夹燥]]等不同病因。,辨顺逆::需判断病势顺逆，特别注意与[[时行感冒]]鉴别。
感冒治则与治法,中医内科学::肺系病证::感冒::概述,1,总治则::[[解表达邪]]，使邪从外解。<br>###风寒治法::治以[[辛温解表]]，宣肺散寒。<br>###风热治法::治以[[辛凉解表]]，清肺透邪。<br>###暑湿治法::治以[[清暑祛湿解表]]。<br>###虚证治法::气虚者[[益气解表]]；阴虚者[[滋阴解表]]；阳虚者[[助阳解表]]；血虚者[[养血解表]]。,用药禁忌::忌用[[敛补之品]]，以免闭门留寇。<br>###治疗原则::表虚伏邪者当[[扶正与解表并用]]。
风寒束表证,中医内科学::肺系病证::感冒::外感,1,主症::恶寒重、发热轻、无汗、头痛、鼻塞、[[流清涕]]、肢节酸疼。<br>###兼症::咳嗽、咳痰稀薄色白、口不渴。<br>###舌脉::舌苔薄白而润，脉浮或浮紧。<br>###治法::[[辛温解表，宣肺散寒]]。<br>###代表方::[[荆防达表汤]]或[[荆防败毒散]]。<br>###常用加减::若表寒里热（寒包火），可用[[麻杏甘石汤]]。,病机::风寒外束，卫阳被郁，肺气不宣。
风热犯表证,中医内科学::肺系病证::感冒::外感,1,主症::发热重、恶寒轻、有汗、头痛、[[咽喉红肿疼痛]]、鼻塞流黄浊涕。<br>###兼症::咳嗽、痰黄或白、口干欲饮。<br>###舌脉::舌苔薄白微黄，舌边尖红，脉浮数。<br>###治法::[[辛凉解表，清肺透邪]]。<br>###代表方::[[银翘散]]或[[葱豉桔梗汤]]。,病机::风热犯表，热郁肌腠，卫表失和，肺失清肃。
暑湿伤表证,中医内科学::肺系病证::感冒::外感,1,主症::身热、微恶风、汗少、[[肢体酸重]]、头昏重胀痛。<br>###兼症::心烦口渴，胸闷泛恶，小便短赤，大便溏泄。<br>###舌脉::舌苔黄腻，脉濡数。<br>###治法::[[清暑祛湿解表]]。<br>###代表方::[[新加香薷饮]]。<br>###常用加减::若小便短赤，可用[[六一散]]；若暑湿伤表，可用[[鸡苏散]]。,病机::暑湿伤表，湿困中焦，气机不畅。
气虚感冒,中医内科学::肺系病证::感冒::体虚,2,主症::恶寒较甚、发热、无汗或自汗、[[头痛鼻塞、神疲体弱]]。<br>###兼症::咳嗽、咳痰无力、气短懒言、反复易感。<br>###舌脉::舌淡苔白，脉浮而无力。<br>###治法::[[益气解表，调和营卫]]。<br>###代表方::[[参苏饮]]。<br>###常用加减::平素易感者，可常服[[玉屏风散]]调治。,病机::正气亏虚，卫外不固，外邪乘虚侵袭。
阴虚感冒,中医内科学::肺系病证::感冒::体虚,2,主症::身热、微恶风寒、少汗、[[头晕心烦]]。<br>###兼症::干咳少痰、舌红少苔。<br>###舌脉::舌红少苔，脉细数。<br>###治法::[[滋阴解表]]。<br>###代表方::[[加减葳蕤汤]]。,病机::阴津亏虚，阴虚生热，外感风邪。
阳虚感冒,中医内科学::肺系病证::感冒::体虚,2,主症::恶寒重、发热轻、无汗、头痛身痛、[[面色白]]。<br>###兼症::语声低微、四肢不温。<br>###舌脉::舌质淡胖，苔白，脉沉细无力。<br>###治法::[[助阳解表]]。<br>###代表方::[[麻黄附子细辛汤]]或[[再造散]]。,病机::阳虚外感，卫阳不足，寒邪外袭。
血虚感冒,中医内科学::肺系病证::感冒::体虚,2,主症::身热、微寒、头痛、少汗或无汗、[[面色不华、唇甲色白]]。<br>###兼症::心悸头晕。<br>###舌脉::舌淡苔白，脉细弱。<br>###治法::[[养血解表]]。<br>###代表方::[[葱白七味饮]]或[[四物汤]]。,病机::血虚失养，营卫不和，外感风邪。
感冒预后与预防调摄,中医内科学::肺系病证::感冒::概述,2,预后::一般[[预后良好]]，病程较短，易治愈。<br>###预防原则::[[虚邪贼风，避之有时]]，加强锻炼。<br>###调护要点::生活起居规律，适时增减衣物，室内通风。<br>###饮食注意::忌食[[肥甘厚味及辛辣]]之品，饮食清淡，多饮温水。,预防方法::可常揉按迎香穴，食醋熏蒸消毒，夏季用鲜藿香、佩兰泡茶。
感冒临证备要,中医内科学::肺系病证::感冒::概述,2,重视程度::[[时行感冒]]病情重、传染性强，应重视并迅速隔离。<br>###煎服方法::[[解表剂]]不宜久煎，煮沸后[[5~10分钟]]即可，取其气以宣发散邪。<br>###药后护理::服后宜饮热粥，覆被取[[微汗]]，汗后忌当风。<br>###特殊人群::老年、婴幼儿及素体虚弱者易感且病情易加重。,寒热并存治法::若寒热不显，表闭不解，可选用[[辛凉与辛温合用]]法，如麻杏甘石汤、大青龙汤。
咳嗽概述,中医内科学::肺系病证::咳嗽::概述,1,定义::[[肺失宣降，肺气上逆]]作声，咳吐痰液。<br>###区别::有[[声无痰为咳]]，[[有痰无声为嗽]]，临床多并见。<br>###病位::主要在[[肺]]，与肝、脾、肾相关。<br>###基本病机::[[邪犯于肺，肺失宣肃，肺气上逆]]。<br>###主要病因::外感（六淫邪气）与内伤（饮食、情志、肺脏自病）。,转归::外感咳嗽易愈；内伤咳嗽反复难愈，可发展为[[肺胀、肺痨]]。
咳嗽辨证要点与治则,中医内科学::肺系病证::咳嗽::概述,1,辨证总纲::需辨[[外感与内伤]]。<br>###外感特点::多为实证，起病急，病程短，伴[[表证]]。<br>###内伤特点::多为虚证或虚实夹杂，起病缓，病程长，伴[[脏腑功能失调]]。<br>###治则::[[分清邪正虚实]]，[[标本兼治]]，祛邪止咳（治肺）与扶正补虚（治肝脾肾）并举。,禁忌::外感咳嗽忌用[[敛肺止咳]]，以免[[闭门留寇]]。
咳嗽临证备要,中医内科学::肺系病证::咳嗽::概述,2,治疗原则::[[止嗽治肺]]，但需注重病因治疗，不可见咳止咳。<br>###治上::治肺（宣肺、清肺、降肺）。<br>###治中::治脾（健脾化痰、培补肺气）。<br>###治下::治肾（益肾、补肾）。<br>###用药禁忌::外感忌[[收敛镇咳药]]；内伤痰多忌[[纯补与早施酸收]]。,预防::避风寒，节饮食，戒烟酒，增强体质。
风寒袭肺证,中医内科学::肺系病证::咳嗽::外感咳嗽,1,主症::咳嗽声重，气急，咽痒，咳痰稀薄色白。<br>###兼症::鼻塞，流清涕，头痛，肢体酸楚，恶寒发热，无汗。<br>###舌脉::舌苔薄白，脉浮或浮紧。<br>###治法::[[疏风散寒，宣肺止咳]]。<br>###代表方::[[三拗汤]]合[[止嗽散]]。<br>###常用加减::若表寒里热（寒包火），可用[[麻杏甘石汤]]或[[小青龙汤]]。,病机::风寒外束，肺气壅遏，宣降失常。
风热犯肺证,中医内科学::肺系病证::咳嗽::外感咳嗽,1,主症::咳嗽频剧，气粗或咳声嘶哑，喉燥咽痛，咳痰不爽，痰黏稠或黄。<br>###兼症::咳时汗出，鼻流黄涕，口渴，头痛，恶风，身热。<br>###舌脉::舌苔薄黄，脉浮数或浮滑。<br>###治法::[[疏风清热，宣肺止咳]]。<br>###代表方::[[桑菊饮]]。<br>###常用加减::若夏令夹暑湿，可用[[桑菊饮]]合[[六一散]]。,病机::风热犯肺，肺失清肃，热灼津液成痰。
风燥伤肺证,中医内科学::肺系病证::咳嗽::外感咳嗽,2,主症::干咳，连声作呛，喉痒，咽喉干痛，唇鼻干燥，无痰或少痰。<br>###兼症::痰中带血丝，初起伴鼻塞、头痛、微寒、身热。<br>###舌脉::舌质红干而少津，苔薄白或薄黄，脉浮数或小数。<br>###治法::[[疏风清肺，润燥止咳]]。<br>###代表方::[[桑杏汤]]（温燥）或[[清燥救肺汤]]（凉燥）。,病机::风燥伤肺，肺津耗伤，肺失润降。
痰湿蕴肺证,中医内科学::肺系病证::咳嗽::内伤咳嗽,1,主症::咳嗽反复发作，咳声重浊，痰多，因痰而嗽。<br>###兼症::痰黏腻或稠厚成块，色白或带灰色，每于晨起或食后加重，胸闷脘痞，呕恶食少，体倦，大便时溏。<br>###舌脉::舌苔白腻，脉象濡滑。<br>###治法::[[燥湿化痰，理气止咳]]。<br>###代表方::[[二陈平胃散]]合[[三子养亲汤]]。,病机::脾失健运，痰湿内生，上渍于肺，肺失宣降。<br>###加减::若痰湿蕴肺并兼有食滞，可用[[六君子丸]]或[[杏苏二陈丸]]。
痰热郁肺证,中医内科学::肺系病证::咳嗽::内伤咳嗽,1,主症::咳嗽，气息粗促，或喉中有痰声，痰多质黏厚或稠黄。<br>###兼症::咳吐不爽，或有热腥味，咯血，胸胁胀满，咳时引痛，面赤，身热，口干欲饮。<br>###舌脉::舌质红，舌苔薄黄腻，脉滑数。<br>###治法::[[清热化痰，肃肺止咳]]。<br>###代表方::[[清金化痰汤]]。,病机::痰热壅肺，肺失肃降。
肝火犯肺证,中医内科学::肺系病证::咳嗽::内伤咳嗽,2,主症::上气咳逆阵作，咳时面赤，咽干口苦，常感痰滞咽喉而咯之难出。<br>###兼症::量少质黏，胸胁胀痛，咳时引痛，症状随情绪波动而增减。<br>###舌脉::舌红或舌边红，舌苔薄黄少津，脉弦数。<br>###治法::[[清肺泻肝，顺气降火]]。<br>###代表方::[[黛蛤散]]合[[加减泻白散]]。,病机::肝气郁结化火，木火刑金，肺失清肃。<br>###加减::十版教材主方为[[黛蛤散合黄芩泻白散]]。
肺阴亏耗证,中医内科学::肺系病证::咳嗽::内伤咳嗽,2,主症::干咳，咳声短促，痰少黏白，或痰中带血丝。<br>###兼症::声音逐渐嘶哑，口干咽燥，或午后潮热，颧红，盗汗，日渐消瘦，神疲。<br>###舌脉::舌质红少苔，脉细数。<br>###治法::[[滋阴润肺，化痰止咳]]。<br>###代表方::[[沙参麦冬汤]]。,病机::肺阴亏虚，虚热内生，肺失滋润，虚火灼金。
哮病概述,中医内科学::肺系病证::哮病::概述,1,定义::哮病是一种[[发作性痰鸣气喘]]疾患，以[[喉中哮鸣有声，呼吸气促困难]]，甚至喘息不能平卧为特征。<br>###基本病机::[[宿痰伏肺]]，遇诱因引触，痰阻气道，肺失肃降。<br>###病位::主要在[[肺]]，与（肝、脾、肾）密切相关。<br>###病理因素::以[[痰]]为主。<br>###病因::外邪侵袭、饮食不当、情志刺激、体虚病后。,病机特点::发作期以邪实为主，缓解期以正虚为主。<br>###严重转归::若反复发作，可发展为[[肺胀]]；若持续发作，可导致[[喘脱]]危候。
哮病辨证要点与治则,中医内科学::肺系病证::哮病::概述,1,辨证要点::辨发作期与缓解期；辨寒热；辨虚实。<br>###发作期治则::治以[[攻邪为主]]，[[祛痰利气]]。<br>###缓解期治则::治以[[扶正为主]]，[[补肺、健脾、益肾]]。<br>###总治则::[[发时治标，平时治本]]。,治疗禁忌::若攻之太过，有[[未致日甚而危者]]，故当以[[元气为念]]。
哮病临证备要,中医内科学::肺系病证::哮病::概述,2,寒热虚实转化::注意寒热虚实之间的[[兼夹与转化]]。<br>###病久治则::新病多实，久病多虚；[[治时治标，平时治本]]。<br>###治法创新::重视[[虫类祛风通络药]]的应用。<br>###鉴别诊断::需与[[喘证]]鉴别，注意[[哮病喘脱危证]]的防治。,缓解期治疗::强调[[扶正固本]]，酌情使用[[补肺健脾益肾]]等法。
哮病预防调摄,中医内科学::肺系病证::哮病::概述,2,日常防护::注意保暖，避免寒冷空气及刺激性气体。<br>###生活方式::适当体育锻炼，劳逸适当，避免过度疲劳。<br>###饮食禁忌::[[忌食肥甘油腻、辛辣甘甜]]，避免生痰生火。<br>###情志调节::保持心情舒畅，避免不良情绪。<br>###预防用药::平时可服用[[玉屏风散】【肾气丸]]等调护正气。,减少发作::避免接触[[过敏原]]，慎防感冒。
冷哮证,中医内科学::肺系病证::哮病::发作期,1,主症::喉中哮鸣如水鸡声，呼吸急促，喘憋气逆，胸膈满闷如塞。<br>###兼症::咳不甚，痰少咯吐不爽，色白而多泡沫，口不渴或渴喜热饮，形寒怕冷。<br>###舌脉::舌苔白滑，脉弦紧或浮紧。<br>###治法::[[宣肺散寒，化痰平喘]]。<br>###代表方::[[射干麻黄汤]]或[[小青龙汤]]。<br>###常用加减::若痰壅喘急不得平卧，可用[[苏子降气汤]]或[[紫金丹]]。,病机::寒痰伏肺，遇寒触发，痰阻气道，肺失宣降。
热哮证,中医内科学::肺系病证::哮病::发作期,1,主症::喉中哮鸣如吼，喘而气粗息涌，胸高胁胀，咳呛阵作。<br>###兼症::咳痰色黄或白，黏浊稠厚，排吐不利，口苦，口渴喜饮，汗出，面赤，或有身热。<br>###舌脉::舌苔黄腻，质红，脉滑数或弦滑。<br>###治法::[[清热宣肺，化痰定喘]]。<br>###代表方::[[定喘汤]]或[[越婢加半夏汤]]。<br>###常用加减::若久病热盛伤阴，可用[[麦门冬汤]]。,病机::痰热伏肺，肺失清肃，痰气搏结，壅塞气道。
寒包热哮证,中医内科学::肺系病证::哮病::发作期,2,主症::喉中哮鸣有声，胸膈烦闷，呼吸急促，喘咳气逆。<br>###兼症::咳痰不爽，痰黏色黄，或黄白相兼，烦躁，发热，恶寒，无汗，身痛，口干欲饮。<br>###舌脉::舌苔白腻罩黄，舌尖边红，脉弦紧。<br>###治法::[[解表散寒，清化痰热]]。<br>###代表方::[[小青龙加石膏汤]]或[[厚朴麻黄汤]]。,病机::外寒内热，寒邪束表，痰热内郁，肺气壅逆。
风痰哮证,中医内科学::肺系病证::哮病::发作期,2,主症::喉中痰涎壅盛，声如拽锯，喘急胸满，但坐不得卧。<br>###兼症::咳痰黏腻难出，或为白色泡沫痰液，起病多急，发前自觉鼻、咽、眼、耳发痒，喷嚏，鼻塞，流涕，胸部憋塞。<br>###舌脉::舌苔厚浊，脉滑实。<br>###治法::[[祛风涤痰，降气利窍，平喘]]。<br>###代表方::[[三子养亲汤]]。<br>###常用加减::若痰壅喘急，可用[[控涎丹]]。,病机::风痰壅肺，气道阻塞，肺气上逆。
虚哮证,中医内科学::肺系病证::哮病::发作期,2,主症::喉中哮鸣如鼾，声低，气短息促，动则喘甚。<br>###兼症::发作频繁，甚至持续喘哮，口唇、爪甲青紫，咳痰无力。<br>###舌脉::舌质淡或偏红，脉沉细或细数。<br>###治法::[[补肺纳肾，降气化痰]]。<br>###代表方::[[平喘固本汤]]。,病机::肺肾两虚，气不摄纳，痰饮内伏。
喘脱危证,中医内科学::肺系病证::哮病::发作期,1,主症::哮病反复发作，喘息鼻扇，张口抬肩，气短息促。<br>###兼症::烦躁，昏蒙，面青，四肢厥冷，汗出如油。<br>###舌脉::脉细数不清，或浮大无根，舌质青黯，苔腻或滑。<br>###治法::[[补肺纳肾，扶正固脱]]。<br>###代表方::[[回阳急救汤]]合[[生脉饮]]。<br>###常用加减::若喘脱危证，可用[[黑锡丹]]。,病机::肺肾气绝，心阳欲脱，阴阳离决。
肺脾气虚证,中医内科学::肺系病证::哮病::缓解期,2,主症::气短声低，喉中时有轻度哮鸣，痰多质稀，色白。<br>###兼症::自汗，怕风，常易感冒，倦怠乏力，食少便溏。<br>###舌脉::舌质淡，苔白，脉濡软。<br>###治法::[[健脾益气，补土生金]]。<br>###代表方::[[六君子汤]]。<br>###常用加减::若中虚哮哮，可用[[补中益气汤]]合[[三子养亲汤]]。,病机::肺气不足，卫外不固，脾失健运，痰湿内生。
肺肾两虚证,中医内科学::肺系病证::哮病::缓解期,2,主症::短气息促，动则为甚，吸气不利，咳痰质黏起沫。<br>###兼症::脑转耳鸣，腰酸腿软，心慌，不耐劳累，或五心烦热，颧红，口干。<br>###舌脉::舌质红少苔，脉细数；或畏寒肢冷，面色苍白，舌苔淡白，质胖，脉沉细。<br>###治法::[[补肺益肾]]。<br>###代表方::[[生脉地黄汤]]合[[金水六君煎]]。,病机::肺肾两虚，摄纳无权，气不归元。
肺虚证,中医内科学::肺系病证::哮病::缓解期,2,主症::喘促气短，语声低微，面色白，自汗畏风。<br>###兼症::常易感冒，或喉中常有轻度哮鸣声，咳痰清稀色白。<br>###舌脉::舌淡苔白，脉细弱或虚大。<br>###治法::[[补肺益气固卫]]。<br>###代表方::[[玉屏风散]]。<br>###常用加减::若气阴两虚，可用[[生脉散]]。,病机::肺气虚弱，卫外不固，营卫不和。
脾虚证,中医内科学::肺系病证::哮病::缓解期,2,主症::倦怠无力，食少便溏，面色萎黄无华。<br>###兼症::痰多而黏，咳吐不爽，胸脘满闷，恶心纳呆，或食油腻后诱发。<br>###舌脉::舌质淡，苔白滑或腻，脉细弱或细软。<br>###治法::[[健脾益气化痰]]。<br>###代表方::[[六君子汤]]。<br>###常用加减::若中虚哮哮，可用[[补中益气汤]]合[[三子养亲汤]]。,病机::脾虚失运，痰湿内生，上渍于肺。
肾虚证,中医内科学::肺系病证::哮病::缓解期,2,主症::平素短气息促，动则为甚，吸气不利，咳痰质黏起沫。<br>###兼症::脑转耳鸣，腰酸腿软，心慌，不耐劳累，或五心烦热，颧红，口干。<br>###舌脉::舌质红少苔，脉细数；或畏寒肢冷，面色苍白，舌苔淡白。<br>###治法::[[补肾摄纳]]。<br>###代表方::[[金匮肾气丸]]或[[七味都气丸]]。<br>###常用加减::若肾虚不纳，可用[[参蛤散]]。,病机::肾气亏虚，摄纳无权，气不归元。
喘证概述,中医内科学::肺系病证::喘证,1,定义::喘证是以[[呼吸困难]]，甚则[[张口抬肩，鼻翼扇动，不能平卧]]为主要临床表现的病证。<br>###基本病机::[[肺气上逆]]。<br>###病位::主要在[[肺和肾]]，涉及肝脾。<br>###病性::有[[虚实之分]]。实喘在肺，虚喘在肾。<br>###病因::外邪侵袭、饮食不当、情志所伤、劳欲久病。,严重转归::严重阶段可导致[[喘脱]]，表现为[[肺气欲竭，心肾阳衰]]。
喘证辨证要点与治则,中医内科学::肺系病证::喘证,1,辨证要点::首当分清[[虚实]]。<br>###实喘特征::呼吸深长有余，呼出为快，气粗声高，伴有痰鸣咳嗽，脉数有力，病势多急。<br>###虚喘特征::呼吸短促难续，深吸为快，气怯声低，少有痰鸣咳嗽，脉象微弱或浮大中空，病势徐缓。<br>###治则::[[分清虚实寒热正]]，按具体分清主次，积极治疗原发病。<br>###实喘治法::治在肺，以[[祛邪利气]]为主。<br>###虚喘治法::治在肺、肾，以[[培补摄纳]]为主。,虚实夹杂::当分清主次，权衡标本，适当处理。
喘证临证备要,中医内科学::肺系病证::喘证,2,寒热转化::注意[[寒热转化]]。<br>###虚实夹杂::掌握[[虚实夹杂]]的证治，如上盛下虚、水凌心肺等。<br>###虚喘治疗::重治肾，扶正辨阴阳。<br>###喘脱救治::需[[密切观察，及时救治]]。,预后::实喘易治；虚喘难复，反复发作，可发展为[[肺胀]]。
喘证转归与预防调摄,中医内科学::肺系病证::喘证,2,实喘预后::由于邪气壅阻，[[祛邪利肺则愈]]，易治。<br>###虚喘预后::为气失摄纳，根本不固，补之未必即效，[[易反复发作]]。<br>###预防调摄::慎风寒，节饮食，戒烟酒，远房事，调情志，加强锻炼。,生活注意::起居有常，避免过度疲劳，及时治疗原发病。
风寒壅肺证,中医内科学::肺系病证::喘证::实喘,1,主症::喘息咳逆，呼吸急促，胸部胀闷，痰多稀薄而带泡沫。<br>###兼症::色白质黏，常有头痛，恶寒，或有发热，口不渴，无汗。<br>###舌脉::舌苔薄白而滑，脉浮紧。<br>###治法::[[宣肺散寒]]。<br>###代表方::[[麻黄汤]]合[[华盖散]]。<br>###常用加减::若得汗而喘不平，可用[[桂枝加厚朴杏子汤]]；若寒饮伏肺，可用[[小青龙汤]]。,病机::风寒外束，肺气壅遏，宣降失常。
表寒肺热证,中医内科学::肺系病证::喘证::实喘,1,主症::喘逆上气，胸胀或痛，息粗，鼻扇，咳而不爽。<br>###兼症::吐痰稠粘，伴形寒，身热，烦闷，身痛，有汗或无汗，口渴。<br>###舌脉::舌苔薄白或黄，舌红，脉浮数或滑。<br>###治法::[[解表清里，化痰平喘]]。<br>###代表方::[[麻杏甘石汤]]。,病机::寒邪束表，热郁于肺，肺气上逆。
痰热郁肺证,中医内科学::肺系病证::喘证::实喘,1,主症::喘咳气涌，胸部胀痛，痰多质黏色黄，或夹有血色。<br>###兼症::胸中烦闷，身热，有汗，渴喜冷饮，面赤，咽干，尿赤，便秘。<br>###舌脉::舌红，舌苔薄黄或腻，脉滑数。<br>###治法::[[清热化痰，宣肺平喘]]。<br>###代表方::[[桑白皮汤]]。,病机::痰热壅肺，肺失清肃，肺气上逆。
痰浊阻肺证,中医内科学::肺系病证::喘证::实喘,1,主症::喘而胸满闷塞，甚则胸盈仰息，咳嗽，痰多黏腻色白。<br>###兼症::咯吐不利，兼有呕恶，食少，口黏不渴。<br>###舌脉::舌苔白腻，脉滑或濡。<br>###治法::[[祛痰降逆，宣肺平喘]]。<br>###代表方::[[二陈汤]]合[[三子养亲汤]]。,病机::痰浊壅肺，肺气不降。
肺气郁痹证,中医内科学::肺系病证::喘证::实喘,2,主症::每遇情志刺激而诱发，突然呼吸短促，息粗气憋。<br>###兼症::胸闷胸痛，咽中如窒，但喉中痰鸣不著，平素常多忧思抑郁，失眠，心悸。<br>###舌脉::舌苔薄，脉弦。<br>###治法::[[开郁降气平喘]]。<br>###代表方::[[五磨饮子]]。<br>###常用加减::若肝郁气滞，可用[[逍遥散]]合[[六磨汤]]。,病机::肝郁气滞，气机不利，肺气上逆。
水凌心肺证,中医内科学::肺系病证::喘证::实喘,2,主症::喘咳气逆，倚息难于平卧，咳痰稀白。<br>###兼症::心悸，全身浮肿，尿少，怯寒肢冷，面唇青紫，舌胖暗，或有瘀斑。<br>###舌脉::舌苔白滑，脉沉细或涩。<br>###治法::[[温阳利水，泻肺平喘]]。<br>###代表方::[[真武汤]]合[[葶苈大枣泻肺汤]]。<br>###常用加减::若阳虚水停，可用[[五皮饮]]。,病机::心肾阳虚，水气内停，上凌心肺。
肺气虚耗证,中医内科学::肺系病证::喘证::虚喘,1,主症::喘促短气，气怯声低，喉有鼾声，咳声低弱。<br>###兼症::痰吐稀薄，自汗畏风，极易感冒。<br>###舌脉::舌质淡红或有苔剥，脉软弱或细数。<br>###治法::[[补肺益气养阴]]。<br>###代表方::[[生脉散]]合[[补肺汤]]。<br>###常用加减::若肺气虚耗，可用[[玉屏风散]]或[[补中益气汤]]；若肺脾气虚，可用[[六君子汤]]合[[补肺汤]]。,病机::肺气亏虚，气失所主，宣降失常。
肾虚不纳证,中医内科学::肺系病证::喘证::虚喘,1,主症::喘促日久，动则喘甚，呼多吸少，气不得续。<br>###兼症::形神疲惫，跗肿，汗出肢冷，面青唇紫，舌淡苔白或黑润，脉微细或沉弱。<br>###舌脉::舌淡，苔白，脉沉细。<br>###治法::[[补肾纳气]]。<br>###代表方::[[金匮肾气丸]]合[[参蛤散]]。<br>###常用加减::若肾阴虚，可用[[七味都气丸]]合[[生脉散]]；若上实下虚，可用[[苏子降气汤]]；若阳虚饮停，可用[[真武汤]]。,病机::肾气亏虚，摄纳无权，气不归元。
正虚喘脱证,中医内科学::肺系病证::喘证::虚喘,1,主症::喘逆剧甚，张口抬肩，鼻扇气促，端坐不能平卧。<br>###兼症::稍动则咳喘欲绝，心慌动悸，烦躁不安，面青唇紫，汗出如珠，肢冷。<br>###舌脉::舌淡无华或少苔，脉浮大无根，或见歇止，或模糊不清。<br>###治法::[[扶阳固脱，镇摄肾气]]。<br>###代表方::[[参附汤]]送服[[黑锡丹]]配合蛤蚧粉。,病机::肺气欲竭，心肾阳衰。
肺痈概述,中医内科学::肺系病证::肺痈::概述,1,定义::肺痈是肺叶生疮、形成脓疡的病证。以[[咳嗽、胸痛、发热、咯吐腥臭浊痰]]，甚则脓血相兼为主要表现。<br>###基本病机::[[热伤肺气，蒸液成痰，热壅血瘀，血败肉腐]]。<br>###病位::病位在[[肺]]。,注意::主症中需重点关注[[咳嗽咳血]]。
肺痈病因,中医内科学::肺系病证::肺痈::概述,1,外感::感受[[风热]]或风寒袭肺，郁而化热。<br>###内因::[[痰热素盛]]，或原有肺系疾病。<br>###诱因::宿有痰热壅肺，复加风热，[[内外合邪]]。,病机关键::致病最重要内因是[[感受外邪，内犯于肺]]。
肺痈病理演变,中医内科学::肺系病证::肺痈::概述,1,分期::分为[[初期、成痈期、溃脓期、恢复期]]四期。<br>###初期::[[卫肺同病]]，热伤肺气。<br>###成痈期::[[热盛血瘀]]。<br>###溃脓期::[[血败肉腐]]。<br>###恢复期::[[脓溃毒尽]]，阴伤气耗。,病性::主要表现邪盛的[[实热证候]]，溃脓后转为虚实夹杂。
肺痈辨证要点,中医内科学::肺系病证::肺痈::概述,1,辨病期::根据临床表现，辨别属于[[初期、成痈期、溃脓期、恢复期]]。<br>###辨顺逆::溃脓期是[[病情顺逆的转折点]]。<br>###顺证::溃后声音清朗，脓血稀而渐少，腥臭味转淡，饮食知味，胸胁稍痛。<br>###逆证::溃后音哑无力，脓血如败卤，腥臭异常，气喘，鼻扇，胸痛，坐卧不安。,病性归纳::初起及成痈期以[[邪盛正实]]为主；溃脓期虚实夹杂；恢复期以[[阴伤气耗]]为主。
肺痈治则,中医内科学::肺系病证::肺痈::概述,1,总治则::[[清热解毒，化瘀排脓]]。<br>###初期::[[解表清肺]]。<br>###成痈期::[[清肺化瘀消痈]]。<br>###溃脓期::[[排脓解毒]]。<br>###恢复期::[[养阴补肺]]。,排脓关键::溃脓期是治疗成败的关键，应[[重视“有脓必排”]]的原则。
肺痈转归预后,中医内科学::肺系病证::肺痈::概述,2,顺证转归::溃后声音清朗，脓血稀而渐少，胸胁稍痛，[[热退，饮食知味]]，预后良好。<br>###逆证转归::溃后音哑无力，脓血腥臭，气喘，胸痛，[[坐卧不安，饮食少进]]，预后较差。<br>###恶化::可转为[[肺叶腐败之恶候]]。,预后判断::凡属肺虚或易感外邪者，应注意寒温适度，起居有节。
肺痈预防调摄,中医内科学::肺系病证::肺痈::概述,2,饮食调护::饮食宜清淡，忌油腻厚味。可常用[[薏米煨粥食]]或[[鲜芦根煎汤代茶]]。<br>###护理要点::应做到安静卧床，每日观察记录体温及咳痰的色、质、量、味。<br>###体位引流::在溃脓后可根据病位，取适当体位以[[利脓痰排出]]。,禁忌::戒烟酒及辛辣食物，以防助湿生痰。
肺痈临证备要,中医内科学::肺系病证::肺痈::概述,2,排脓关键::脓液是否排出是[[成败关键]]，桔梗为[[排脓主药]]。<br>###防止咯血::若大量咳血，应警惕[[血块阻塞气道]]或[[血随血脱]]的危象。<br>###治疗禁忌::慎温补，宜通腑，不可滥[[用温补保肺药]]。<br>###外科指征::慢性者（病程3月以上）内科治疗脓腔仍存在，有手术指征者，可转外科治疗。,用药注意::禁用[[敛补之品]]，以免闭门留寇。
初期证,中医内科学::肺系病证::肺痈::证型,2,主症::恶寒发热，咳嗽，咯白色黏痰，痰量日渐增多，胸痛。<br>###兼症::咳则痛甚，呼吸不利，口干鼻燥。<br>###舌脉::舌苔薄黄，脉浮数而滑。<br>###治法::[[疏风散热，清肺化痰]]。<br>###代表方::[[银翘散]]。,病机::风热外袭，卫表不和，肺失清肃。
成痈期证,中医内科学::肺系病证::肺痈::证型,2,主症::身热转甚，时时振寒，继则壮热，汗出烦躁，咳嗽气急，胸满作痛。<br>###兼症::转侧不利，咳吐浊痰，呈黄绿色，自觉喉间有腥味。<br>###舌脉::舌苔黄腻，脉滑数。<br>###治法::[[清肺解毒，化瘀消痈]]。<br>###代表方::[[《千金》苇茎汤]]合[[如金解毒散]]。<br>###常用加减::若热毒瘀结，咳脓浊痰，腥臭严重，可合用[[犀黄丸]]。,病机::热毒壅肺，血瘀成痈。
溃脓期证,中医内科学::肺系病证::肺痈::证型,2,主症::咳吐大量脓血痰，或如米粥，腥臭异常，有时咯血，胸中烦满而痛。<br>###兼症::甚则气喘不能卧，身热面赤，烦渴喜饮。<br>###舌脉::舌质红，苔黄腻，脉滑数或数实。<br>###治法::[[排脓解毒]]。<br>###代表方::[[加味桔梗汤]]。<br>###常用加减::若形证俱实，咳吐腥臭脓痰，胸满胀，喘不得卧，可用[[桔梗白散]]。,病机::热盛肉腐，脓毒内溃。
恢复期证,中医内科学::肺系病证::肺痈::证型,2,主症::身热渐退，咳嗽减轻，咳吐脓痰渐少，臭味亦淡，痰液转为清稀。<br>###兼症::食纳好转，或有胸胁隐痛，难以久卧，气短，自汗盗汗，心烦，口燥咽干。<br>###舌脉::舌质红或淡红，苔少，脉细或细数无力。<br>###治法::[[清养补肺]]。<br>###代表方::[[沙参清肺汤]]合[[竹叶石膏汤]]。<br>###常用加减::若邪恋正虚，可用[[桔梗杏仁煎]]。,病机::脓毒已去，阴伤气耗，正虚邪恋。
肺痨概述,中医内科学::肺系病证::肺痨::概述,1,定义::肺痨是一种具有[[传染性]]的慢性虚弱性疾病，以[[咳嗽、咳血、潮热、盗汗、身体逐渐消瘦]]为特征。<br>###发病原因::外因为[[感染痨虫]]；内因为[[正气虚弱]]（禀赋不足、酒色劳倦、病后失调）。<br>###基本病机::病机主要为[[痨虫蚀肺，阴虚]]。病位主要在[[肺]]，可累及脾、肾、心、肝。,性质::[[阴虚火旺]]是主要病机，且可导致气阴两虚，甚则阴阳俱虚。
肺痨辨证要点,中医内科学::肺系病证::肺痨::概述,1,辨病性::肺痨以[[阴虚]]为主，肺阴虚为病之始，继则可见[[阴虚火旺]]或[[气阴两虚]]。<br>###辨病位::初起病在[[肺]]，久则延及[[脾肾]]，严重者及[[心]]。<br>###辨顺逆::顺证为正气未衰，胃气未伤，无大热、咯血、盗汗；[[逆证为正气衰败，胃气大伤]]，出现大热、盗汗、咯血、声嘶、水肿等。,注意::十版教材强调需辨病变部位、轻重、顺逆。
肺痨治则,中医内科学::肺系病证::肺痨::概述,1,总治则::[[补虚培元，抗痨杀虫]]。<br>###分治::一则[[滋阴润肺]]为主，二则[[补脾助肺]]，三则[[兼顾虚实夹杂]]。<br>###禁忌::切忌[[禁用燥烈、苦寒、升散、攻伐]]等易耗气伤阴之品。,注意::治疗时要重视[[补脾助肺]]，培土生金。
肺阴亏损证（初期）,中医内科学::肺系病证::肺痨::证型,1,主症::干咳，咳声短促，少痰或痰中带有血丝，色鲜红。<br>###兼症::午后手足心热，或见少量盗汗，皮肤干灼，口干咽燥。<br>###舌脉::舌红苔薄少津，脉细数。<br>###治法::[[滋阴润肺]]。<br>###代表方::[[月华丸]]。,病机::肺阴亏虚，虚热内生，肺失滋润。
虚火灼肺证（中期）,中医内科学::肺系病证::肺痨::证型,1,主症::呛咳气急，痰少质黏，或吐痰黄稠量多，时时咯血，血色鲜红。<br>###兼症::午后潮热，五心烦热，颧红，盗汗，口渴，心烦，失眠，急躁易怒。<br>###舌脉::舌干而红，苔薄黄而剥，脉细数。<br>###治法::[[滋阴降火]]。<br>###代表方::[[百合固金汤]]合[[秦艽鳖甲散]]。,病机::肺肾阴伤，水亏火旺，灼伤肺络。
气阴耗伤证（中后期）,中医内科学::肺系病证::肺痨::证型,2,主症::咳嗽无力，气短声低，咳痰清稀色白，量较多，偶或夹血。<br>###兼症::午后潮热，自汗，盗汗，纳少神疲，便溏。<br>###舌脉::舌质光淡，边有齿印，苔薄，脉细弱而数。<br>###治法::[[益气养阴]]。<br>###代表方::[[保真汤]]或[[参苓白术散]]。,病机::肺脾两虚，气阴两伤，清阳不升。
阴阳虚损证（晚期）,中医内科学::肺系病证::肺痨::证型,2,主症::咳逆喘息少气，痰中或夹血丝，血色黯淡，潮热，自汗，盗汗。<br>###兼症::声嘶失音，心慌，唇紫，肢冷，形寒，或见五更泄泻。<br>###舌脉::舌质光红少津，或淡胖，脉微细而数，或虚大无力。<br>###治法::[[滋阴补阳]]。<br>###代表方::[[补天大造丸]]。,病机::肺肾阴阳两虚，五脏俱损，气不摄纳。
肺胀概述,中医内科学::肺系病证::肺胀::概述,1,定义::肺胀是多种慢性肺系疾病反复发作，迁延不愈，导致[[肺气胀满，不能敛降]]的病证。临床以[[胸部膨满，憋闷如塞，喘息上气，咳嗽痰多]]等为主要表现。<br>###病因::久病肺虚、感受外邪、年老体虚。<br>###基本病机::[[肺、脾、肾、心]]等脏气亏虚，[[痰浊、水饮、瘀血]]交互为患。,特点::本病[[本虚标实]]，症状轻重不一。
肺胀辨证要点,中医内科学::肺系病证::肺胀::概述,1,辨标本::发作时偏于[[标实]]（痰浊、瘀血、水饮）；平时偏于[[本虚]]（气虚、阴虚、阳虚）。<br>###辨脏腑::早期以[[肺、脾]]为主，后期以[[肺、脾、肾]]为主，甚至及[[心]]。<br>###辨轻重::轻证气促、咳嗽、咯痰；[[重证见喘脱、神昏、出血、痉厥]]。,注意::十版教材强调需辨标本、脏腑、轻重。
肺胀治则,中医内科学::肺系病证::肺胀::概述,1,总治则::[[扶正祛邪]]。<br>###标实治则::祛邪利气，如[[化痰、降逆、活血、利水]]。<br>###本虚治则::扶正为主，根据气（阳）、阴虚的不同，分别治以[[补养心肺、健脾益肾]]等。<br>###危候救治::正气欲脱时，应[[扶正固脱，救阴回阳]]。,注意::祛邪与扶正各有主次之分，一般相辅相为用。
肺胀转归与预防,中医内科学::肺系病证::肺胀::概述,2,转归::本病多积渐而成，[[病程缠绵，反复发作]]，进行性加重，老年患者尤甚。<br>###危候::若不及时控制，可出现[[喘脱、神昏、痉厥、出血]]等危重证候。<br>###预防::积极治疗原发病，防止感冒，[[戒烟]]，加强锻炼。,注意::感染外邪是导致急性发作和病情加重的主要诱因。
痰浊壅肺证,中医内科学::肺系病证::肺胀::证型,1,主症::胸满，咳嗽痰多，色白黏腻或呈泡沫状，短气喘息。<br>###兼症::稍劳即著，畏风易汗，脘痞纳少，倦怠乏力。<br>###舌脉::舌暗，苔薄腻或浊腻，脉小滑。<br>###治法::[[化痰降气，健脾益肺]]。<br>###代表方::[[苏子降气汤]]合[[三子养亲汤]]。<br>###常用加减::若痰浊内盛，可加[[小青龙汤]]；若寒饮伏肺，可加[[小青龙加石膏汤]]。,病机::肺虚脾弱，痰浊内生，上壅于肺，肺失宣降。
痰热郁肺证,中医内科学::肺系病证::肺胀::证型,1,主症::咳逆，喘息气粗，胸满，痰黄或白，黏稠难咯。<br>###兼症::烦躁，目胀睛突，或伴身热，微恶寒，口渴欲饮，溲赤，便干。<br>###舌脉::舌边尖红，苔黄或黄腻，脉数或滑数。<br>###治法::[[清肺化痰，降逆平喘]]。<br>###代表方::[[越婢加半夏汤]]或[[桑白皮汤]]。<br>###常用加减::若痰热壅肺，可加[[小青龙加石膏汤]]。,病机::痰热内蕴，肺失清肃，肺气上逆。
痰蒙神窍证,中医内科学::肺系病证::肺胀::证型,1,主症::神志恍惚，表情淡漠，谵妄，烦躁不安，撮空理线，嗜睡。<br>###兼症::或昏迷，伴肢体颤动，抽搐，咳逆喘促，咯痰不爽。<br>###舌脉::舌质暗红或淡紫，苔白腻或黄腻，脉细滑数。<br>###治法::[[涤痰，开窍，息风]]。<br>###代表方::[[涤痰汤]]合[[安宫牛黄丸]]或[[至宝丹]]。,病机::痰浊蒙蔽清窍，或夹肝风内动。
阳虚水泛证,中医内科学::肺系病证::肺胀::证型,1,主症::胸部膨满，喘咳不能平卧，咳痰清稀，心悸，面浮，下肢浮肿。<br>###兼症::甚则一身悉肿，腹部胀满有水，脘痞，纳差，尿少。<br>###舌脉::舌质胖，苔白滑，脉沉细或结代。<br>###治法::[[温肾健脾，化饮利水]]。<br>###代表方::[[真武汤]]合[[五苓散]]。,病机::脾肾阳虚，水湿内停，上凌心肺。
肺肾气虚证,中医内科学::肺系病证::肺胀::证型,1,主症::呼吸浅短难续，甚则张口抬肩，倚息不能平卧，咳嗽，痰白如沫。<br>###兼症::咯吐不利，胸闷心慌，声低气怯，形寒汗出，或腰膝酸软。<br>###舌脉::舌淡或黯紫，脉沉细数无力，或有结代。<br>###治法::[[补肺纳肾，降气平喘]]。<br>###代表方::[[平喘固本汤]]合[[补肺汤]]。<br>###常用加减::若肾气虚，可加[[补虚汤]]合[[参蛤散]]。,病机::肺肾两虚，摄纳无权，气不归元。
外寒内饮证,中医内科学::肺系病证::肺胀::证型,2,主症::咳逆喘满不得卧，气短气急，咳痰白稀，呈泡沫状，胸部膨满。<br>###兼症::恶寒，周身酸楚，或有口干不欲饮。<br>###舌脉::面色青暗，舌体胖大，质暗淡，苔白滑，脉浮紧。<br>###治法::[[温肺散寒，降逆涤痰]]。<br>###代表方::[[小青龙汤]]。<br>###常用加减::若外寒内饮，咳喘上气，可用[[射干麻黄汤]]。,病机::外寒束表，内饮停肺，肺气不宣。
痰瘀阻肺证,中医内科学::肺系病证::肺胀::证型,2,主症::咳嗽痰多，色白或呈泡沫状，喉间痰鸣，喘息不能平卧。<br>###兼症::胸部膨满，憋闷如塞，面色灰白而暗，唇甲发绀。<br>###舌脉::舌质暗或紫，舌下瘀筋增粗，苔腻或浊腻，脉弦滑。<br>###治法::[[涤痰祛瘀，泻肺平喘]]。<br>###代表方::[[葶苈大枣泻肺汤]]合[[桂枝茯苓丸]]。,病机::痰瘀互结，阻塞肺络，肺气壅逆。
肺脾两虚证,中医内科学::肺系病证::肺胀::证型,2,主症::咳嗽，痰白泡沫状，少食乏力，自汗怕风，面色少华。<br>###兼症::腹胀，便溏。<br>###舌脉::舌体胖大，齿痕，质淡，苔白，脉细或缓弱。<br>###治法::[[补肺健脾，降气化痰]]。<br>###代表方::[[六君子汤]]合[[玉屏风散]]。,病机::肺脾两虚，卫外不固，运化失健。
肺痿概述,中医内科学::肺系病证::肺痿::概述,1,定义::肺痿是[[肺叶痿弱不用]]的慢性虚损性疾病，以[[长期反复咳吐浊唾涎沫]]为主症。<br>###病因::久病损肺、误治津伤、外感六淫、情志失调。<br>###基本病机::[[肺脏虚损，津气大伤]]，致肺叶枯萎。<br>###病性::以[[本虚标实]]为主，本虚包括[[气虚、阴虚、津伤]]，标实为[[痰瘀阻络]]。,注意::病理演变主要分为[[肺燥津伤]]（虚热肺痿）和[[肺气虚冷]]（虚寒肺痿）两型。
肺痿辨证要点,中医内科学::肺系病证::肺痿::概述,1,辨虚热::[[肺津干枯]]，阴伤火旺，症见咳嗽吐涎沫，质黏稠，咳声不扬，气急喘逆，口干咽燥。<br>###辨虚寒::[[肺气虚冷]]，阳气衰微，症见吐涎沫，质清稀量多，短气乏力，形寒食少。<br>###病位::病位在[[肺]]，但与[[脾、胃、肾]]密切相关。,注意::十版教材指出虚热、虚寒两证可相互转化。
肺痿治则,中医内科学::肺系病证::肺痿::概述,1,总治则::[[补肺生津]]。<br>###虚热证治法::[[清热、生津]]。<br>###虚寒证治法::[[温肺益气，而摄涎沫]]。<br>###注意事项::治疗中[[注意保护津液]]，重视调养脾胃。,禁忌::禁用[[峻剂攻逐痰涎]]，以防虚虚实实之戒。
虚热证,中医内科学::肺系病证::肺痿::证型,1,主症::咳吐浊唾涎沫，其质较黏稠，或咳痰带血丝。<br>###兼症::咳声不扬，气急喘促，口渴咽燥，午后潮热，形体消瘦，皮毛干枯。<br>###舌脉::舌红而干，脉虚数。<br>###治法::[[滋阴清热，润肺生津]]。<br>###代表方::[[麦门冬汤]]合[[清燥救肺汤]]。,病机::肺阴亏耗，虚热内炽，肺失濡润。
虚寒证,中医内科学::肺系病证::肺痿::证型,1,主症::咳吐涎沫，其质清稀量多，不渴，短气不足以息。<br>###兼症::头眩，神疲乏力，食少，形寒，小便数，或遗尿。<br>###舌脉::舌质淡，脉虚弱。<br>###治法::[[温肺益气]]。<br>###代表方::[[甘草干姜汤]]或[[生姜甘草汤]]。,病机::肺气虚冷，不化津液，津反为涎。
胸痹心痛概述,中医内科学::心系病证::胸痹心痛::概述,1,定义::胸痹心痛是以[[胸部闷痛]]，甚则[[胸痛彻背，喘息不得卧]]为主症的一种疾病。<br>###基本病机::[[心脉痹阻]]。<br>###病位::病位在心，涉及肝、肺、脾、肾等脏。<br>###病性::[[本虚标实，虚实夹杂]]。本虚为气虚、阴虚、阳虚；标实为寒凝、血瘀、气滞、痰浊。,特点::轻者仅感胸闷疼痛，呼吸欠畅；重者则有胸痛，甚则胸痛彻背，背痛彻心。
胸痹心痛病因病机,中医内科学::心系病证::胸痹心痛::概述,1,病因::寒邪内侵、情志失节、年迈体虚、饮食失调、劳倦内伤。<br>###主要病机::[[心脉痹阻]]。<br>###演变::阴寒凝滞→血瘀、痰浊、气滞→阳损及阴，阴损及阳→阴阳俱损。<br>###危候::若心阳阻遏，心气不足，鼓动无力，可见[[心动悸，脉结代]]；若心肾阳虚，水邪泛滥，可见[[喘咳，肢肿]]等。,病理演变::病理变化可因实致虚，或因虚致实。
胸痹心痛辨证要点与治则,中医内科学::心系病证::胸痹心痛::概述,1,辨证要点::辨[[标本虚实]]；辨[[病情轻重]]。<br>###治则::[[先治其标，后治其本，先祛邪后扶正]]。<br>###标实治法::当泻，针对气滞、血瘀、寒凝、痰浊，用[[理气、活血、温通、化痰]]等法。<br>###本虚治法::当补，[[益气养阴，温阳补虚]]。,注意::辨清证候重危顺逆，若见厥脱先兆，先投益气固脱之品。
胸痹心痛转归与预防,中医内科学::心系病证::胸痹心痛::概述,2,转归::病情较轻者可治愈；若失治误治，病情发展可成为[[真心痛]]。<br>###预防调摄::重视精神调摄，避免过于激动或喜怒忧思；饮食清淡，少食肥甘厚味；注意劳逸结合。<br>###发作期护理::患者应立即[[卧床休息]]，保证充足的睡眠。,注意::戒烟酒等刺激之品，保持大便通畅。
胸痹心痛临证备要,中医内科学::心系病证::胸痹心痛::概述,2,治疗原则::胸痹治疗以[[通为补，通补结合]]。<br>###通法::芳香温通法、宣痹通阳法、活血通络法。<br>###补法::补气血、温肾阳、补肾阴。<br>###活血化瘀::在活血化瘀药中伍以[[益气、养阴、化痰、理气]]之品，辨证配伍用药。<br>###芳香温通::寒邪内闭是导致胸痹发作的重要病机，宜用芳香走窜、行气止痛类中药。,注意::辨清虚实寒热，权衡用药，不可一味活血或温补。
心血瘀阻证,中医内科学::心系病证::胸痹心痛::证型,1,主症::心胸疼痛，如刺如绞，痛有定处，入夜尤甚。<br>###兼症::甚则心痛彻背，背痛彻心，或痛引肩背，伴有胸闷。<br>###舌脉::舌质紫暗，有瘀斑，苔薄，脉弦涩。<br>###治法::[[活血化瘀，通脉止痛]]。<br>###代表方::[[血府逐瘀汤]]。<br>###常用加减::若气虚血瘀，可用[[人参养荣汤]]合[[桃红四物汤]]；若血瘀轻证，可用[[丹参饮]]。,病机::瘀血内停，心脉不通。
气滞心胸证,中医内科学::心系病证::胸痹心痛::证型,2,主症::心胸满闷，隐痛阵发，时欲太息。<br>###兼症::遇情志不遂时容易诱发或加重，或兼有脘腹胀闷，得嗳气或矢气则舒。<br>###舌脉::舌苔薄或薄腻，脉弦细。<br>###治法::[[疏肝理气，活血通络]]。<br>###代表方::[[柴胡疏肝散]]。<br>###常用加减::若气滞血瘀，可用[[失笑散]]或[[丹栀逍遥散]]。,病机::肝气郁结，气滞心胸，血行不畅。
痰浊闭阻证,中医内科学::心系病证::胸痹心痛::证型,2,主症::胸闷重而心痛轻，痰多气短，肢体沉重。<br>###兼症::形体肥胖，遇阴雨天易发作或加重，伴有倦怠乏力，纳呆便溏。<br>###舌脉::舌体胖大且边有齿痕，苔浊腻或白滑，脉滑。<br>###治法::[[通阳泄浊，豁痰宣痹]]。<br>###代表方::[[栝蒌薤白半夏汤]]合[[涤痰汤]]。<br>###常用加减::若痰浊郁而化热，可用[[黄连温胆汤]]。,病机::痰浊内阻，胸阳不展。
寒凝心脉证,中医内科学::心系病证::胸痹心痛::证型,1,主症::猝然心痛如绞，心痛彻背，喘不得卧。<br>###兼症::形寒，手足不温，冷汗自出，胸闷气短，心悸。<br>###舌脉::舌苔薄白，脉沉紧或沉细。<br>###治法::[[辛温散寒，宣通心阳]]。<br>###代表方::[[枳实薤白桂枝汤]]合[[当归四逆汤]]。<br>###常用加减::若阴寒极盛，胸痹重证，可用[[乌头赤石脂丸]]；若痛剧而四肢不温，可用[[苏合香丸]]。,病机::寒邪凝滞，心脉不通。
气阴两虚证,中医内科学::心系病证::胸痹心痛::证型,1,主症::心胸隐痛，时作时休，心悸气短，动则益甚。<br>###兼症::伴倦怠乏力，声息低微，口干，大便微结。<br>###舌脉::舌质淡红，舌体胖且边有齿痕，苔薄白，脉虚细缓或结代。<br>###治法::[[益气养阴，活血通脉]]。<br>###代表方::[[生脉散]]合[[人参养荣汤]]。<br>###常用加减::若气虚血瘀，可用[[炙甘草汤]]。,病机::气阴两虚，心脉失养。
心肾阴虚证,中医内科学::心系病证::胸痹心痛::证型,1,主症::心痛憋闷，心悸盗汗，虚烦不寐，腰膝酸软。<br>###兼症::头晕耳鸣，口干便秘。<br>###舌脉::舌红少津，苔薄或剥，脉细数或促代。<br>###治法::[[滋阴清火，养心和络]]。<br>###代表方::[[天王补心丹]]合[[炙甘草汤]]。<br>###常用加减::若阴虚火旺，可用[[酸枣仁汤]]合[[左归饮]]。,病机::心肾阴虚，虚火上扰，心脉失养。
心肾阳虚证,中医内科学::心系病证::胸痹心痛::证型,1,主症::心悸而痛，胸闷气短，动则更甚，自汗。<br>###兼症::神倦怯寒，四肢欠温或肿胀，面色白。<br>###舌脉::舌质淡胖，边有齿痕，苔白或腻，脉沉细迟。<br>###治法::[[温补阳气，振奋心阳]]。<br>###代表方::[[参附汤]]合[[右归饮]]。<br>###常用加减::若肾阳虚衰，水饮泛滥，可用[[真武汤]]。,病机::心肾阳虚，胸阳不振，气机痹阻。
正虚阳脱证,中医内科学::心系病证::胸痹心痛::证型,1,主症::心胸绞痛，胸中憋闷或有窒息感，喘促不宁，心慌。<br>###兼症::面色苍白，大汗淋漓，烦躁不安或表情淡漠，重则神志昏迷，四肢厥冷，口唇青紫。<br>###舌脉::脉疾数无力或脉微欲绝。<br>###治法::[[回阳救逆，益气固脱]]。<br>###代表方::[[四逆加人参汤]]。<br>###常用加减::若阴竭阳亡，可用[[生脉散]]合[[独参汤]]。,病机::阳气欲脱，心脉痹阻。
心悸概述,中医内科学::心系病证::心悸::概述,1,定义::心悸是病人自觉[[心中悸动，惊惕不安]]，甚则不能自主的一种病证。<br>###病因::体虚劳倦、七情所伤、感受外邪、药食不当。<br>###基本病机::[[气血阴阳亏虚]]，心失所养，或[[邪扰心神]]，心神不宁。<br>###病位::病位在心，与肝、脾、肾、肺四脏有关。,特点::临床一般多呈发作性，每因情志波动或劳累过度而发作。
心悸辨证要点与治则,中医内科学::心系病证::心悸::概述,1,辨证要点::辨[[病性虚实]]；辨[[本脏与他脏疾病]]；还需辨[[脉象变化]]。<br>###治则::[[分虚实论治]]。<br>###虚证治法::补气、养血、滋阴、温阳。<br>###实证治法::祛痰、化饮、清火、行瘀。,注意::可酌情配合安神宁心或镇心之法。
心悸转归与预防调摄,中医内科学::心系病证::心悸::概述,2,转归::主要取决于本虚标实的程度、邪实轻重、损伤多少。<br>###预后::预后较差者可出现[[喘促、水肿、胸痹心痛、厥证、脱证]]等变证。<br>###预防调摄::居住环境宜安静，注意生活规律，避免情志刺激及思虑过度。<br>###饮食注意::虚证患者注意加强营养；痰浊盛者忌食肥甘。,注意::严重心悸当及时运用中西医两法加以处理。
心悸临证备要,中医内科学::心系病证::心悸::概述,2,中药治疗::在辨证论治基础上酌情加用[[抗心律失常作用的中草药]]。<br>###功能性心律失常::多为肝气郁结所致，辨证加入[[疏肝解郁]]之品。<br>###慢性病治疗::根据“久病必虚”“久病入络”的理论，心悸日久当[[补益与通络并用]]。<br>###危急重症::严重心悸时应及时运用[[中西医两法]]加以处理。,注意::注意辨证与辨病相结合。
心虚胆怯证,中医内科学::心系病证::心悸::证型,1,主症::心悸不宁，善惊易恐，坐卧不安，少寐多梦而易惊醒。<br>###兼症::闻声响则惊，食少纳呆。<br>###舌脉::舌苔薄白，脉细略数或细弦。<br>###治法::[[镇惊定志，养心安神]]。<br>###代表方::[[安神定志丸]]。<br>###常用加减::若心胆虚怯，可用[[黄连温胆汤]]。,病机::心胆气虚，心神不宁。
心血不足证,中医内科学::心系病证::心悸::证型,1,主症::心悸气短，头晕目眩，失眠健忘，面色无华。<br>###兼症::倦怠乏力，纳呆食少。<br>###舌脉::舌淡红，脉细弱。<br>###治法::[[补血养心，益气安神]]。<br>###代表方::[[归脾汤]]。<br>###常用加减::若气阴两虚，可用[[炙甘草汤]]合[[生脉散]]。,病机::心血亏虚，心失所养。
阴虚火旺证,中医内科学::心系病证::心悸::证型,1,主症::心悸易惊，心烦失眠，五心烦热，口干。<br>###兼症::盗汗，思虑劳心则症状加重。<br>###舌脉::舌红少津，苔少或无，脉细数。<br>###治法::[[滋阴清火，养心安神]]。<br>###代表方::[[天王补心丹]]合[[朱砂安神丸]]。<br>###常用加减::若阴虚火旺，可用[[知柏地黄丸]]。,病机::肾阴不足，水不济火，心火内炽。
心阳不振证,中医内科学::心系病证::心悸::证型,1,主症::心悸不安，胸闷气短，动则尤甚。<br>###兼症::面色苍白，形寒肢冷。<br>###舌脉::舌淡苔白，脉虚弱或沉细无力。<br>###治法::[[温补心阳，安神定悸]]。<br>###代表方::[[桂枝甘草龙骨牡蛎汤]]合[[参附汤]]。<br>###常用加减::若心阳不振，可用[[独参汤]]或[[黑锡丹]]。,病机::心阳虚衰，心神失养。
水饮凌心证,中医内科学::心系病证::心悸::证型,2,主症::心悸眩晕，胸闷痞满，渴不欲饮，小便短少。<br>###兼症::或下肢浮肿，形寒肢冷，伴恶心，呕吐，流涎。<br>###舌脉::舌淡胖，脉弦滑或沉细而滑。<br>###治法::[[振奋心阳，化气利水，宁心安神]]。<br>###代表方::[[苓桂术甘汤]]。<br>###常用加减::若肾阳虚衰，不能制水，可用[[真武汤]]。,病机::脾肾阳虚，水饮内停，上凌于心。
瘀阻心脉证,中医内科学::心系病证::心悸::证型,2,主症::心悸不安，胸闷不舒，心痛时作。<br>###兼症::痛如针刺，唇甲青紫。<br>###舌脉::舌质紫暗或有瘀斑，脉涩或结代。<br>###治法::[[活血化瘀，理气通络]]。<br>###代表方::[[桃仁红花煎]]。<br>###常用加减::若血瘀轻证，可用[[桃仁红花煎]]合[[桂枝甘草汤]]。,病机::瘀血阻滞心脉，心失所养。
痰火扰心证,中医内科学::心系病证::心悸::证型,2,主症::心悸时发时止，受惊易作，胸闷烦躁，失眠多梦。<br>###兼症::口干苦，大便秘结，小便短赤。<br>###舌脉::舌红，苔黄腻，脉弦滑。<br>###治法::[[清热化痰，宁心安神]]。<br>###代表方::[[黄连温胆汤]]。,病机::痰火内扰，心神不安。
邪毒犯心证,中医内科学::心系病证::心悸::证型,2,主症::心悸，胸闷，气短，左胸隐痛，发热。<br>###兼症::恶寒，咳嗽，神疲乏力，口干渴。<br>###舌脉::舌质红，少津，苔薄黄，脉细数或结代。<br>###治法::[[清热解毒，益气养阴]]。<br>###代表方::[[银翘散]]合[[生脉散]]。,病机::外感邪毒，内舍于心，心脉受损。
心衰定义与病因,中医内科学::心系病证::心衰::概述,1,定义::心衰是以[[心悸、气短、肢体水肿]]为主症的病证，多继发于胸痹心痛、心悸等病，为多种慢性心系疾病[[反复发作，迁延不愈]]的终末期阶段。<br>###病因::久病伤劳、感受外邪、情志失调、劳倦内伤、禀赋异常。,发病特点::病情轻重不一，轻者仅见气短、乏力、倦怠；重者见喘促、不得平卧、咯吐痰涎、尿少肢肿等。
心衰病机,中医内科学::心系病证::心衰::概述,1,基本病机::[[心阳不足，心阳亏虚]]。<br>###病理因素::主要病理产物为[[痰饮、水饮]]。<br>###病位::心，涉及肺、脾、肾、肝。<br>###分期病机::早期心气虚，运血无力，瘀血内停；中期心气不复，瘀血日久，气阴两虚；晚期气虚及阳，瘀血甚，水气泛滥。,病性::本病为[[本虚标实]]，虚实夹杂。本虚以气虚、阳虚、气阴两虚为主，标实以瘀血、痰浊、水饮为主。
心衰辨证要点与治则,中医内科学::心系病证::心衰::概述,1,辨证要点::辨[[轻重缓急]]；辨[[标本虚实]]。<br>###总治则::[[权衡缓急，补虚泻实]]。<br>###分期治法::急性加重期多表现本虚不支，标实邪盛，治以[[益气养阴、温阳、活血化瘀]]；稳定期多表现标实不甚，治以[[益气、养阴、温阳]]。,注意::扶正与祛邪并重，或补攻兼施。
心衰转归与预防调摄,中医内科学::心系病证::心衰::概述,2,转归::心衰预后一般较差，重在预防。若出现喘促、大汗淋漓、四肢厥冷、脉微欲绝，属[[心阳欲脱]]之危重证候，宜中西医结合急救。<br>###预防调摄::调摄精神，避免诱因，注意保暖，劳逸适度，避免过度疲劳。饮食清淡，忌过食咸味及膏粱之品。,运动建议::轻度心衰可适当进行康复运动训练；重度应严格限制下床活动。
心衰临证备要,中医内科学::心系病证::心衰::概述,2,益气活血::[[益气活血法贯穿始终]]，是心衰治疗的关键。<br>###扶正养阴::重视[[扶正养阴]]，兼顾阴津是心阳得复的前提。<br>###通补兼施::可酌加桂枝、香加皮等[[辛香温通]]之品。,分期辨治::心衰早期识别是防止病情恶化的关键，应常规应用益气活血法。
气虚血瘀证,中医内科学::心系病证::心衰::证型,1,主症::胸闷气短，喘息心悸，活动后诱发或加重。<br>###兼症::神疲乏力，倦怠懒言，自汗，面色晦暗，或见胸痛。<br>###舌脉::舌质淡胖或有瘀斑，脉沉细或涩、结、代。<br>###治法::[[益气活血]]。<br>###代表方::[[保元汤]]合[[血府逐瘀汤]]。<br>###常用加减::若兼瘀血重证，可用[[桃红饮]]。<br>###加减附方::[[小陷胸汤、黄连温胆汤、膈下逐瘀汤、防己黄芪汤、五苓散]]。,病机::气虚运血无力，瘀血阻滞心脉。
气阴两虚证,中医内科学::心系病证::心衰::证型,1,主症::胸闷气短，喘息，心悸，动则加剧，肢体乏力。<br>###兼症::口干咽燥，小便短赤，五心烦热，潮热盗汗。<br>###舌脉::舌红少苔或少津，脉细数无力或结、代。<br>###治法::[[益气养阴]]。<br>###代表方::[[生脉散]]合[[血府逐瘀汤]]。<br>###常用加减::若阴虚火旺，可用[[当归补血汤]]合[[五味消毒饮]]。<br>###加减附方::[[当归补血汤】【五味消毒饮】【炙甘草汤】【生脉散】【二至丸】【清金化痰汤】【越婢加半夏汤]]。,病机::气阴两虚，心脉失养，虚热内扰。
阳虚水泛证,中医内科学::心系病证::心衰::证型,1,主症::心悸，喘息不得卧，面浮肢肿，下肢尤甚。<br>###兼症::尿少，神疲乏力，畏寒肢冷，腹胀便溏。<br>###舌脉::舌质淡胖有齿痕或有瘀点，苔白滑，脉沉细或结、代。<br>###治法::[[益气温阳，活血利水]]。<br>###代表方::[[真武汤]]合[[葶苈大枣泻肺汤]]。<br>###常用加减::若气虚阳微，可用[[参附汤]]。<br>###加减附方::[[参附汤】【五苓散】【防己黄芪汤】【鳖甲煎丸]]。,病机::肾阳虚衰，水气内停，上凌心肺。
痰饮阻肺证,中医内科学::心系病证::心衰::证型,2,主症::心悸气急，喘促不能平卧，痰多色白如泡。<br>###兼症::咳嗽，胸闷脘痞，腹胀，肢肿。<br>###舌脉::舌质紫暗，苔白厚腻，脉弦滑或滑数。<br>###治法::[[化痰逐饮活血]]。<br>###代表方::[[苓桂术甘汤]]合[[葶苈大枣泻肺汤]]。<br>###常用加减::若痰热壅肺，可用[[清金化痰汤]]。<br>###加减附方::[[清金化痰汤、千金苇茎汤、小青龙汤]]。,病机::脾失健运，痰饮内停，上渍于肺，肺气壅逆。
喘脱危证（阴竭阳脱）,中医内科学::心系病证::心衰::证型,1,主症::喘悸不休，不能平卧，面色晦暗，烦躁不安。<br>###兼症::大汗淋漓，四肢厥冷，尿少或无尿，神志模糊。<br>###舌脉::舌淡胖而紫，脉沉细欲绝或浮大无根。<br>###治法::[[回阳固脱]]。<br>###代表方::[[四逆加人参汤]]。<br>###常用加减::若属阴竭阳脱，可用[[参附注射液]]。<br>###加减附方::[[麻黄附子细辛汤】【参附注射液]]。,病机::心肾阳虚，气化无权，阴竭阳脱。
不寐定义与病因,中医内科学::心系病证::不寐::概述,1,定义::不寐又称失眠，是以[[经常不能获得正常睡眠]]为特征的病证，表现为睡眠时间、深度不足，轻者入睡困难或寐而不酣，重者彻夜不寐。<br>###病因::饮食不节、情志失常、劳逸失调、病后体虚。,特点::不寐的原因很多，思虑劳倦、内伤心脾、阴不交阳、心肾不交等均可导致。
不寐病机与辨证要点,中医内科学::心系病证::不寐::概述,1,基本病机::[[阳盛阴衰，阴阳失交]]。阴虚不能纳阳，阳虚不能入阴。<br>###病位::在心，与肝、脾、肾有关。<br>###辨证要点::首分[[虚实]]，次辨[[病位]]，再辨[[病情轻重]]。<br>###虚实特征::虚证多属阴血不足，心失所养；实证多为邪热扰心。,病性::有虚实之分，实证多因肝郁化火、痰热内扰；虚证多因心脾两虚、心肾不交等。
不寐治则与转归,中医内科学::心系病证::不寐::概述,1,治则::[[补虚泻实，调整阴阳]]。<br>###实证治法::清心泻火，清火化痰，清肝泻热。<br>###虚证治法::补益心脾，滋阴降火，益气镇惊安神。<br>###转归::病情不一，预后各异。若痰热扰心证加重，或有成狂或癫之势；心胆气虚证日久不愈，亦有成癫之虑。,注意::在辨证基础上佐以安神之品，调整阴阳气血。
不寐预防调摄与临证备要,中医内科学::心系病证::不寐::概述,2,预防调摄::重视精神调摄，避免不良情绪刺激；生活规律，加强体育锻炼；晚餐宜清淡，睡前不饮兴奋性饮料。<br>###临证备要::注意[[调节脏腑气血阴阳的平衡]]；在辨证基础上，根据不寐虚实的不同，加用重镇安神或养血安神之品。<br>###顽固性失眠::可从[[瘀血]]论治，以血府逐瘀汤为主方。,注意::必要时进行心理治疗。
肝火扰心证,中医内科学::心系病证::不寐::证型,1,主症::不寐多梦，甚则彻夜不眠，急躁易怒。<br>###兼症::头晕头胀，目赤耳鸣，口干而苦，便秘溲赤。<br>###舌脉::舌红苔黄，脉弦而数。<br>###治法::[[疏肝泻火，镇心安神]]。<br>###代表方::[[龙胆泻肝汤]]。<br>###常用加减::若肝火扰心重证，可用[[当归龙荟丸]]。,病机::肝郁化火，上扰心神。
痰热扰心证,中医内科学::心系病证::不寐::证型,1,主症::心烦不寐，胸闷脘痞，泛恶嗳气。<br>###兼症::口苦，头重，目眩。<br>###舌脉::舌偏红，苔黄腻，脉滑数。<br>###治法::[[清热化痰，和中安神]]。<br>###代表方::[[黄连温胆汤]]。<br>###常用加减::若痰热便秘，可用[[礞石滚痰丸]]；若脾胃不和，可用[[半夏秫米汤]]或[[保和丸]]。,病机::痰热内扰，胃气不和，上扰心神。
心脾两虚证,中医内科学::心系病证::不寐::证型,1,主症::不寐多梦易醒，心悸健忘，神疲食少。<br>###兼症::头晕目眩，四肢倦怠，腹胀便溏。<br>###舌脉::舌淡苔白，脉细无力。<br>###治法::[[补益心脾，养血安神]]。<br>###代表方::[[归脾汤]]。,病机::脾虚气血生化乏源，血不养心，心神失养。
心肾不交证,中医内科学::心系病证::不寐::证型,1,主症::心烦不寐，入睡困难，心悸多梦。<br>###兼症::伴腰膝酸软，头晕耳鸣，潮热盗汗，五心烦热，咽干少津。<br>###舌脉::舌红少苔，脉细数。<br>###治法::[[滋阴降火，交通心肾]]。<br>###代表方::[[六味地黄丸]]合[[交泰丸]]。<br>###常用加减::若心阴不足，可用[[天王补心丹]]；若心火亢盛，可用[[朱砂安神丸]]或[[黄连阿胶汤]]。,病机::肾阴不足，不能上济于心，心火独亢。
心胆气虚证,中医内科学::心系病证::不寐::证型,2,主症::不寐，多噩梦，易于惊醒。<br>###兼症::触事易惊，终日惕惕，胆怯心悸，伴气短自汗，倦怠乏力。<br>###舌脉::舌淡，脉弦细。<br>###治法::[[益气镇惊，安神定志]]。<br>###代表方::[[安神定志丸]]合[[酸枣仁汤]]。<br>###常用加减::若心胆气虚，可用[[归脾汤]]或[[琥珀多寐丸]]。,病机::心胆气虚，神魂不安。
多寐定义与病机,中医内科学::心系病证::多寐::概述,1,定义::多寐是以[[不分昼夜，时时欲睡，呼之即醒，醒后复睡]]为主要表现的病证，也称“嗜睡”“多卧”“嗜眠”。<br>###基本病机::[[湿、浊、痰、瘀困阻阳气]]，心阳不振；或[[阳气虚弱，心神失荣]]。<br>###病位::在心、脾、肾。<br>###病性::[[本虚标实]]。本虚为心、脾、肾阳气虚弱；标实为湿邪、痰浊、瘀血阻滞脉道。,病理演变::若脾气虚弱，运化失司，水津停聚而成痰浊，痰浊、瘀血内阻，可进一步耗伤气血，损伤阳气。
多寐辨证要点与治则,中医内科学::心系病证::多寐::概述,1,辨证要点::主要区分[[虚实]]。<br>###治则::治疗上以[[补虚泻实为原则]]。<br>###实证治法::湿者当[[祛湿]]，瘀者当[[活血]]。<br>###虚证治法::气虚者当[[健脾]]，阳虚者当[[温肾]]。,注意::本病重者，或见于热性或慢性疾病过程中出现的嗜睡，每为病情严重的预兆，不属本文讨论范围。
湿盛困脾证,中医内科学::心系病证::多寐::证型,2,主症::头蒙如裹，昏昏嗜睡，肢体沉重。<br>###兼症::伴伴浮肿，胸脘痞满，纳少泛恶。<br>###舌脉::舌苔白腻，脉濡。<br>###治法::[[燥湿健脾，醒神开窍]]。<br>###代表方::[[平胃散]]。,病机::湿邪困阻中焦，清阳不升，脑窍失荣。
瘀血阻滞证,中医内科学::心系病证::多寐::证型,2,主症::神倦嗜睡，头痛头晕。<br>###兼症::病程较久，或有外伤史。<br>###舌脉::脉涩，舌质紫暗或有瘀斑。<br>###治法::[[活血通络]]。<br>###代表方::[[通窍活血汤]]。,病机::瘀血阻络，气血不通，脑窍失养。
脾气虚弱证,中医内科学::心系病证::多寐::证型,2,主症::嗜睡多卧，倦怠乏力，饭后尤甚。<br>###兼症::伴纳少便溏，面色萎黄。<br>###舌脉::舌淡苔白，脉虚弱。<br>###治法::[[健脾益气]]。<br>###代表方::[[香砂六君子汤]]。<br>###常用加减::若脾虚下陷，可用[[补中益气汤]]；若脾虚湿困，可用[[六君子汤]]。,病机::中气不足，脾失健运，清阳不升。
阳气虚衰证,中医内科学::心系病证::多寐::证型,2,主症::心神昏浊，倦怠嗜卧，精神疲乏懒言。<br>###兼症::畏寒肢冷，面色白，健忘。<br>###舌脉::舌淡苔薄，脉沉细无力。<br>###治法::[[益气温阳]]。<br>###代表方::[[附子理中丸]]合[[人参益气汤]]。<br>###常用加减::若中阳不足，可用[[理中丸]]。,病机::肾阳不足，温煦失职，脑失充养。
头痛定义与病因,中医内科学::脑系病证::头痛::概述,1,定义::头痛是指以[[自觉头部疼痛]]为主要临床表现的病证，可单独出现或见于多种疾病过程中。<br>###病因::外感六淫（以风邪为主）、情志失调、先天不足、肾精亏损、饮食劳倦、外伤久病入络。<br>###基本病机::[[不通则痛，不荣则痛]]。,内伤头痛病因::发病原因与肝脾肾三脏功能失调有关。
头痛辨证要点,中医内科学::脑系病证::头痛::概述,1,辨外感与内伤::外感头痛起病急、病程短、痛势剧烈，为实证；[[内伤头痛起病缓、病程长、痛势绵绵]]，为虚证或虚实夹杂。<br>###辨头痛性质::风寒头痛[[连项背]]；风热头痛[[胀痛]]；风湿头痛[[如裹]]；痰湿头痛[[沉重]]；肝火头痛[[跳痛]]；瘀血头痛[[刺痛]]。<br>###辨经络::太阳头痛在后头部；阳明头痛在前额；少阳头痛在两侧；厥阴头痛在巅顶。,辨证关键::辨头痛之久暂、虚实、性质、寒热。
头痛治则,中医内科学::脑系病证::头痛::概述,1,外感治法::[[实证风邪为主]]，疏散风寒、清热、祛湿。<br>###内伤治法::[[虚者养气血或滋阴养肾]]，[[实者平肝、化痰、行瘀]]。<br>###引经药::太阳头痛用[[羌活、蔓荆子、川芎]]；阳明头痛用[[葛根、白芷、知母]]；少阳头痛用[[柴胡、黄芩、川芎]]；厥阴头痛用[[吴茱萸、藁本]]。,注意::虚实夹杂者酌情兼顾并治。
头痛转归与预防调摄,中医内科学::脑系病证::头痛::概述,2,转归::外感头痛多起病急，预后较好；若伴颈项强直、呕吐频频，为[[病情危重]]；内伤头痛反复发作，经治疗后多可好转。<br>###预防调摄::治疗诱因，避免精神刺激，注意休息，头部保健按摩。,注意::头痛伴眩晕、肢体麻痹者，当预防中风。
头痛临证备要,中医内科学::脑系病证::头痛::概述,2,排除真头痛::真头痛起病危暴，病情危急，[[若不及时救治可迅速死亡]]。<br>###偏头痛治疗::偏头痛因肝阳偏亢，肝经风火上扰，治以[[平肝清热，息风通络]]。<br>###雷头风::以头痛如雷鸣、头面起核为特点，可用[[清震汤]]。<br>###祛风药配伍::外感头痛应重视[[配伍风药]]；内伤头痛应重视[[活血化瘀]]。,注意::虫类药可用于久痛入络者。
风寒头痛,中医内科学::脑系病证::头痛::外感头痛,1,主症::头痛连及项背，疼痛剧烈，常拘挛收紧。<br>###兼症::恶风寒，遇风尤剧，口不渴。<br>###舌脉::舌苔薄白，脉浮紧。<br>###治法::[[疏风散寒止痛]]。<br>###代表方::[[川芎茶调散]]。<br>###常用加减::若寒邪犯厥阴经，巅顶痛，可用[[吴茱萸汤]]；若寒邪客少阴经，足寒逆，可用[[麻黄附子细辛汤]]。<br>###加减附方::[[吴茱萸汤】【麻黄附子细辛汤]]。,病机::风寒外束，清阳被遏，经络阻滞。
风热头痛,中医内科学::脑系病证::头痛::外感头痛,1,主症::头痛而胀，甚则头痛如裂，发热或恶风。<br>###兼症::面红目赤，口渴喜饮，大便不畅或便秘。<br>###舌脉::舌尖红，苔薄黄，脉浮数。<br>###治法::[[疏风清热和络止痛]]。<br>###代表方::[[芎芷石膏汤]]。<br>###常用加减::若大便秘结，腑气不通，可用[[黄连上清丸]]。<br>###加减附方::[[黄连上清丸]]。,病机::风热上扰，清窍不利。
风湿头痛,中医内科学::脑系病证::头痛::外感头痛,1,主症::头痛如裹，肢体困重，胸闷纳呆。<br>###兼症::大便溏薄。<br>###舌脉::舌苔白腻，脉濡。<br>###治法::[[祛风胜湿，通窍止痛]]。<br>###代表方::[[羌活胜湿汤]]。<br>###常用加减::若夏季感受暑湿，可用[[黄连香薷饮]]。<br>###加减附方::[[黄连香薷饮]]。,病机::风湿上蒙，清阳不升。
肝阳头痛,中医内科学::脑系病证::头痛::内伤头痛,1,主症::头昏胀痛，两侧为重，心烦易怒。<br>###兼症::夜寐不宁，口苦面红，或兼胁痛。<br>###舌脉::舌红苔黄，脉弦数。<br>###治法::[[平肝潜阳，息风止痛]]。<br>###代表方::[[天麻钩藤饮]]。<br>###常用加减::若肝阳上亢，可用[[当归龙荟丸]]；若肝肾阴虚，肝阳上亢，可用[[杞菊地黄丸]]。<br>###加减附方::[[当归龙荟丸】【大定风珠】【杞菊地黄丸]]。,病机::肝阳上亢，风阳上扰。
痰浊头痛,中医内科学::脑系病证::头痛::内伤头痛,1,主症::头痛昏蒙，胸脘满闷，纳呆呕恶。<br>###兼症::舌苔白腻，脉滑或弦滑。<br>###治法::[[健脾燥湿，化痰降逆]]。<br>###代表方::[[半夏白术天麻汤]]。<br>###常用加减::若痰湿久郁化热，可用[[黄连温胆汤]]；若痰浊内盛，可用[[苓桂术甘汤]]。<br>###加减附方::[[黄连温胆汤】【苓桂术甘汤]]。,病机::痰浊中阻，清阳不升。
瘀血头痛,中医内科学::脑系病证::头痛::内伤头痛,1,主症::头痛经久不愈，痛处固定不移，痛如锥刺。<br>###兼症::或有头部外伤史。<br>###舌脉::舌质紫暗，或有瘀斑，苔薄白，脉细或涩。<br>###治法::[[活血化瘀，通窍止痛]]。<br>###代表方::[[通窍活血汤]]。,病机::瘀血阻滞脑络，不通则痛。
气虚头痛,中医内科学::脑系病证::头痛::内伤头痛,2,主症::头痛隐隐，时发时止，遇劳加重。<br>###兼症::纳食减少，气短懒言。<br>###舌脉::舌淡苔薄白，脉细弱。<br>###治法::[[健脾益气升清]]。<br>###代表方::[[益气聪明汤]]。<br>###常用加减::若中气不足，清阳不升，可用[[补中益气汤]]。<br>###加减附方::[[人参养荣汤】【补中益气汤]]。,病机::中气不足，清阳不升，脑窍失养。
血虚头痛,中医内科学::脑系病证::头痛::内伤头痛,2,主症::头痛隐隐，时时昏晕，心悸失眠。<br>###兼症::面色少华，神疲乏力。<br>###舌脉::舌质淡，苔薄白，脉细弱。<br>###治法::[[滋阴养血，和络止痛]]。<br>###代表方::[[加味四物汤]]。,病机::营血亏虚，脑失濡养。
气血亏虚头痛,中医内科学::脑系病证::头痛::内伤头痛,2,主症::头痛绵绵，两目畏光，午后更甚。<br>###兼症::神疲乏力，面色白，心悸少寐。<br>###舌脉::舌淡苔薄，脉弱。<br>###治法::[[益气养血，活络止痛]]。<br>###代表方::[[八珍汤]]。,病机::气血两虚，脑窍失养。
肾虚头痛,中医内科学::脑系病证::头痛::内伤头痛,2,主症::头痛且空，眩晕耳鸣，腰膝酸软。<br>###兼症::神疲乏力，滑精带下。<br>###舌脉::舌红少苔，脉细无力。<br>###治法::[[养阴补肾，填精生髓]]。<br>###代表方::[[大补元煎]]。<br>###常用加减::若肾阴亏虚，虚火上炎，可用[[知柏地黄丸]]；若肾阳不足，畏寒肢冷，可用[[右归丸]]或[[金匮肾气丸]]。<br>###加减附方::[[知柏地黄丸】【右归丸】【金匮肾气丸】【杞菊地黄丸】【麻黄附子细辛汤]]。,病机::肾精不足，髓海空虚。
眩晕定义与病因,中医内科学::脑系病证::眩晕::概述,1,定义::眩指眼花或眼前发黑，晕指头晕或感觉自身或外界景物旋转，两者常同时并见，故统称为“眩晕”。<br>###病因::外感六淫、情志不遂、年老体虚、饮食不节、跌仆损伤。<br>###基本病机::[[虚者髓海不足或气血亏虚，清窍失养]]；[[实者风火痰瘀扰乱清空]]。,特点::轻者闭目可止，重者如坐车船，旋转不定，不能站立。
眩晕辨证要点,中医内科学::脑系病证::眩晕::概述,1,辨脏腑::肝阳上亢多兼头胀痛、口苦；脾虚多兼纳呆乏力、面色白；肾精不足多兼腰酸腿软、耳鸣。<br>###辨标本虚实::实证病程短，发作剧烈；[[虚证病程长，反复发作]]，遇劳即发。<br>###辨轻重缓急::轻者用药稍事休息即解；[[重者眩晕不剧，但有发生中风、厥证之虞]]。,病位::病位在脑窍，病变脏腑与肝脾肾相关。
眩晕治则,中医内科学::脑系病证::眩晕::概述,1,总治则::[[补虚泻实，调整阴阳]]。<br>###虚证治法::滋养肝肾，补益气血，填精生髓。<br>###实证治法::平肝潜阳，清肝泻火，化痰行瘀。,注意::病理转归中，各证候间可相互兼夹或转化。
眩晕预防调摄与临证备要,中医内科学::脑系病证::眩晕::概述,2,预防调摄::注意饮食有节，避免烟酒；保持心情舒畅；适当锻炼，避免脑力体力过劳。<br>###临证备要::从肝论治，选择平肝、柔肝、养肝、清肝诸法；警惕[[眩晕乃中风之先兆]]。,注意::部分患者可配合手法治疗。
肝阳上亢证,中医内科学::脑系病证::眩晕::证型,1,主症::眩晕耳鸣，头目胀痛，口苦，失眠多梦。<br>###兼症::每因烦劳或恼怒而加剧，甚则仆倒，颜面潮红，急躁易怒。<br>###舌脉::舌红苔黄，脉弦或数。<br>###治法::[[平肝潜阳，清火息风]]。<br>###代表方::[[天麻钩藤饮]]。<br>###常用加减::若肝火上炎，可用[[当归龙荟丸]]；若阴虚阳亢，可用[[杞菊地黄丸]]。<br>###加减附方::[[当归龙荟丸】【大定风珠】【杞菊地黄丸]]。,病机::肝阳上亢，风阳上扰清窍。
痰湿中阻证,中医内科学::脑系病证::眩晕::证型,1,主症::眩晕，头重昏蒙，伴视物旋转，胸闷恶心。<br>###兼症::呕吐痰涎，食少多寐。<br>###舌脉::舌苔白腻，脉濡滑或滑。<br>###治法::[[燥湿化痰，健脾和胃]]。<br>###代表方::[[半夏白术天麻汤]]。<br>###常用加减::若痰湿郁久化热，可用[[黄连温胆汤]]；若痰浊内盛，可用[[苓桂术甘汤]]。<br>###加减附方::[[黄连温胆汤】【苓桂术甘汤】【泽泻汤]]。,病机::痰浊中阻，清阳不升，浊阴不降。
瘀血阻窍证,中医内科学::脑系病证::眩晕::证型,2,主症::眩晕，头痛，痛有定处。<br>###兼症::兼见健忘失眠，心悸，精神不振，耳鸣耳聋。<br>###舌脉::舌质紫暗，有瘀斑，脉涩或细涩。<br>###治法::[[祛瘀生新，活血通窍]]。<br>###代表方::[[通窍活血汤]]。,病机::瘀血阻络，脑窍失养。
气血亏虚证,中医内科学::脑系病证::眩晕::证型,1,主症::眩晕动则加剧，劳累即发，面色白。<br>###兼症::神疲乏力，倦怠懒言，唇甲不华，发色不泽，心悸少寐。<br>###舌脉::舌淡苔薄白，脉细弱。<br>###治法::[[补益气血，调养心脾]]。<br>###代表方::[[归脾汤]]。<br>###常用加减::若中气不足，可用[[补中益气汤]]。<br>###加减附方::[[补中益气汤]]。,病机::气血亏虚，清阳不升，脑窍失养。
肾精不足证,中医内科学::脑系病证::眩晕::证型,1,主症::眩晕日久不愈，精神萎靡，腰膝酸软。<br>###兼症::少寐多梦健忘，两目干涩，视力减退，或遗精滑泄，耳鸣齿摇。<br>###舌脉::舌红少苔，脉细数；或面色白，形寒肢冷，舌淡嫩苔白，脉弱尺甚。<br>###治法::[[滋补肝肾，益精养阴填髓]]。<br>###代表方::[[左归丸]]。<br>###常用加减::若肾阴亏虚，虚火上炎，可用[[知柏地黄丸]]；若肾阳不足，畏寒肢冷，可用[[右归丸]]。<br>###加减附方::[[知柏地黄丸】【右归丸】【杞菊地黄丸】【大定风珠】【左归饮】【金匮肾气丸]]。,病机::肾精不足，髓海空虚，脑窍失养。
中风定义与病因病机,中医内科学::脑系病证::中风::概述,1,定义::中风是以[[猝然昏仆，不省人事，半身不遂，口眼歪斜，语言不利]]为主症的病证。<br>###病因::内伤积损、劳倦过度、饮食不节、情志所伤、气虚邪中。<br>###基本病机::[[阴阳失调，气血逆乱]]。<br>###病位::病位在脑，与心、肝、脾、肾密切相关。<br>###病性::[[本虚标实]]。本虚为肝肾阴虚、气血亏虚；标实为风、火、痰、气、瘀。,病理因素::风、火、痰、瘀。<br>###病理基础::[[肝肾阴虚]]。
中风辨证要点与治则,中医内科学::脑系病证::中风::概述,1,辨病期::急性期、恢复期、后遗症期。<br>###辨中经络与中脏腑::中经络者半身不遂、口眼歪斜、语言不利，但[[意识清楚]]；中脏腑者[[神志昏蒙]]。<br>###辨闭证与脱证::闭证属实，牙关紧闭、两手握固；[[脱证属虚，目合口开、手撒肢冷]]。<br>###总治则::辨中经络、中脏腑、后遗症而采取相应治疗方法。<br>###中经络治法::[[平肝息风，化痰祛瘀通络]]。<br>###中脏腑治法::闭证宜开窍醒神；[[脱证宜救阴回阳固脱]]。,预防::重视先兆症状（眩晕、肢麻、肉瞤）。
中风转归与预防调摄,中医内科学::脑系病证::中风::概述,2,转归::中经络轻者预后较好；中脏腑者神志由昏迷转清醒，预后较好；若出现顽固性呃逆、呕血、便血、躁动不安，则[[预后较差]]。<br>###预防调摄::重视先兆症状，及时治疗；注意生活调摄，戒烟酒；加强功能锻炼。,护理::急性期患者应安静卧床，避免随意搬动体位；注意口腔清洁。
风痰入络证,中医内科学::脑系病证::中风::中经络,1,主症::肌肤不仁，突然发生口眼歪斜，语言不利，半身不遂。<br>###兼症::头晕目眩，舌强语謇，手足麻木。<br>###舌脉::舌苔白腻，脉浮滑。<br>###治法::[[息风化痰，活血通络]]。<br>###代表方::[[半夏白术天麻汤]]合[[桃仁红花煎]]。<br>###加减附方::[[真方白丸子】【半夏白术天麻汤]]。,病机::风痰阻络，气血痹阻。
风阳上扰证,中医内科学::脑系病证::中风::中经络,1,主症::半身不遂，肌肤不仁，口舌歪斜，言语謇涩。<br>###兼症::平素头晕头痛，耳鸣目眩，面红目赤，口苦咽干。<br>###舌脉::舌质红或红绛，苔薄黄，脉弦有力。<br>###治法::[[清肝泻火，息风潜阳]]。<br>###代表方::[[天麻钩藤饮]]。<br>###加减附方::[[镇肝熄风汤]]。,病机::肝阳化风，风阳上扰，横窜经络。
阴虚风动证,中医内科学::脑系病证::中风::中经络,1,主症::半身不遂，一侧手足沉重麻木，口舌歪斜，舌强语謇。<br>###兼症::平素头晕耳鸣，腰酸腿软，急躁易怒，少寐多梦。<br>###舌脉::舌质红或暗红，苔少或无，脉细弦或细数。<br>###治法::[[滋养肝肾，潜阳息风]]。<br>###代表方::[[镇肝熄风汤]]。,病机::肝肾阴虚，风阳内动。
痰热腑实证,中医内科学::脑系病证::中风::中脏腑闭证,1,主症::素有头痛眩晕，心烦易怒，突然发病，半身不遂，口舌歪斜。<br>###兼症::舌强语謇或不语，神识欠清，肢体强急，痰多而黏，伴腹胀，便秘。<br>###舌脉::舌质暗红，或有瘀点瘀斑，苔黄腻，脉弦滑或弦涩。<br>###治法::[[通腑泄热，息风化痰]]。<br>###代表方::[[桃仁承气汤]]或[[星蒌承气汤]]。,病机::痰热壅滞，腑气不通，风阳上扰。
痰火瘀闭证,中医内科学::脑系病证::中风::中脏腑闭证,1,主症::突然昏仆，不省人事，牙关紧闭，口噤不开，两手握固。<br>###兼症::面赤身热，气粗口臭，躁扰不宁。<br>###舌脉::舌苔黄腻，脉弦滑而数。<br>###治法::[[息风清火，豁痰开窍]]。<br>###代表方::[[羚角钩藤汤]]合[[至宝丹]]或[[安宫牛黄丸]]。<br>###加减附方::[[羚羊角汤】【紫雪丹】【清宫汤]]。,病机::肝阳暴亢，痰火内闭，蒙蔽清窍。
痰浊瘀闭证,中医内科学::脑系病证::中风::中脏腑闭证,1,主症::突然昏仆，不省人事，牙关紧闭，口噤不开，两手握固。<br>###兼症::面白唇暗，静卧不烦，四肢不温，痰涎壅盛。<br>###舌脉::舌苔白腻，脉沉滑缓。<br>###治法::[[化痰息风，宣郁开窍]]。<br>###代表方::[[涤痰汤]]合[[苏合香丸]]。<br>###加减附方::[[参附汤】【白通加猪胆汁汤]]。,病机::痰浊内蒙，清窍被阻。
阴竭阳亡证,中医内科学::脑系病证::中风::中脏腑脱证,1,主症::突然昏仆，不省人事，目合口张，鼻鼾息微。<br>###兼症::手撒肢冷，汗多，大小便自遗，肢体软瘫。<br>###舌脉::舌痿，脉细弱或脉微欲绝。<br>###治法::[[回阳救逆，益气固脱]]。<br>###代表方::[[参附汤]]合[[生脉散]]。<br>###加减附方::[[地黄饮子]]。,病机::元气衰微，阴竭阳脱。
风痰瘀阻证,中医内科学::脑系病证::中风::恢复期,2,主症::口眼歪斜，舌强语謇或失语，半身不遂。<br>###兼症::肢体麻木。<br>###舌脉::舌质紫暗，苔滑腻，脉弦滑。<br>###治法::[[搜风化痰，行瘀通络]]。<br>###代表方::[[解语丹]]。<br>###加减附方::[[温胆汤】【四物汤]]。,病机::风痰内扰，瘀血阻络。
气虚络瘀证,中医内科学::脑系病证::中风::恢复期,2,主症::肢体偏枯不用，肢软无力，面色萎黄。<br>###兼症::舌质淡紫或有瘀斑，苔薄白，脉细涩或细弱。<br>###治法::[[益气养血，化瘀通络]]。<br>###代表方::[[补阳还五汤]]。<br>###加减附方::[[圣愈汤】【补阳还五汤]]。,病机::气虚血瘀，经络失养。
肝肾亏虚证,中医内科学::脑系病证::中风::恢复期,2,主症::半身不遂，患肢僵硬，拘挛变形，舌强不语。<br>###兼症::或偏瘫，肢体肌肉萎缩。<br>###舌脉::舌红脉细，或舌淡红，脉沉细。<br>###治法::[[滋养肝肾]]。<br>###代表方::[[左归丸]]合[[地黄饮子]]。<br>###加减附方::[[地黄饮子]]。,病机::肝肾亏虚，筋骨失养。
痴呆定义与病因病机,中医内科学::脑系病证::痴呆::概述,1,定义::痴呆是以[[髓减脑消，神机失用]]导致的一种神志异常疾病，以[[呆傻愚笨、智力低下]]为主要临床表现。<br>###病因::先天不足、后天失养、久病积损、情志所伤。<br>###基本病机::[[髓减脑消，神机失用]]。<br>###核心病机::[[肾虚]]是核心病机。<br>###病性::[[本虚标实]]。本虚为髓海不足、脾肾亏虚、气血亏虚；标实为痰浊、瘀血、心肝火旺。,病位::病位在脑，与心肝脾肾相关。
痴呆辨证要点与治则,中医内科学::脑系病证::痴呆::概述,1,辨证要点::识病期、分缓急、辨虚实。<br>###总治则::[[补虚泻实]]。<br>###本虚治法::补肾填精、健脾益气、滋阴养血。<br>###标实治法::化痰、祛瘀、清火。,治疗原则::平台期以补肾为主；波动期以治痰为主；下滑期以清热解毒为主。
痴呆转归与预防调摄,中医内科学::脑系病证::痴呆::概述,2,转归::病程较长。实证患者早期有效治疗，病情可改善；虚证患者长期积极治疗可改善。虚实夹杂者病程较长，疗效欠佳。<br>###预防调摄::重视精神调摄、智能训练、调节饮食；积极查明病因，及时治疗。<br>###护理::轻症患者训练与锻炼；重症患者注意生活照顾，防止意外。,注意::痴呆常合并中风、眩晕，预后较差。
痴呆临证备要,中医内科学::脑系病证::痴呆::概述,2,补肾重肾::肾虚是核心病机，治疗应补肾，注重缓补。<br>###化痰活血::[[痰多病多，久病多瘀]]，痰瘀贯穿本病始终，应化痰活血。<br>###芳香开窍::重在开窍醒神，多用[[石菖蒲、远志]]等。,注意::治疗时需合理使用祛风药。
髓海不足证,中医内科学::脑系病证::痴呆::证型,1,主症::智能减退，神情呆钝，词不达意，头晕耳鸣。<br>###兼症::懈惰思卧，齿枯发焦，腰酸骨软，步履艰难。<br>###舌脉::舌瘦色淡，苔薄白，脉沉细弱。<br>###治法::[[补肾填精，益髓养神]]。<br>###代表方::[[七福饮]]。<br>###加减附方::[[知柏地黄丸】【清心滚痰丸】【河车大造丸]]。,病机::肾精亏虚，髓海空虚。
脾肾两虚证,中医内科学::脑系病证::痴呆::证型,1,主症::表情呆滞，沉默寡言，记忆减退，口齿含糊。<br>###兼症::腰膝酸软，肌肉萎缩，食少纳呆，气短懒言。<br>###舌脉::舌质淡白，舌体胖大，苔白，脉沉细弱。<br>###治法::[[补肾健脾，益气生精]]。<br>###代表方::[[还少丹]]。<br>###加减附方::[[归脾汤】【金匮肾气丸】【知柏地黄丸】【转呆丹]]。,病机::脾肾两虚，精血不足，脑失充养。
气血亏虚证,中医内科学::脑系病证::痴呆::证型,1,主症::呆滞善忘，倦怠嗜卧，神思恍惚，失认失算。<br>###兼症::少气懒言，口齿含糊，词不达意，心悸失眠。<br>###舌脉::舌淡胖边有齿痕，苔薄白，脉细弱。<br>###治法::[[益气养血，安神宁志]]。<br>###代表方::[[归脾汤]]。,病机::气血亏虚，心脾两虚，神失所养。
痰浊蒙窍证,中医内科学::脑系病证::痴呆::证型,1,主症::表情呆钝，智力衰退，或哭笑无常，喃喃自语。<br>###兼症::终日无语，呆若木鸡，不思饮食，脘腹胀痛，痞满不适，口多涎沫。<br>###舌脉::舌质淡，苔白腻，脉滑。<br>###治法::[[健脾化浊，豁痰开窍]]。<br>###代表方::[[洗心汤]]。<br>###加减附方::[[涤痰汤】【清心滚痰丸】【转呆丹]]。,病机::痰浊上蒙，清窍不利。
瘀血内阻证,中医内科学::脑系病证::痴呆::证型,1,主症::表情迟钝，语言不利，善忘，易惊恐。<br>###兼症::思维异常，行为古怪，伴肌肤甲错，口干不欲饮。<br>###舌脉::舌质紫暗或有瘀点瘀斑，脉细涩。<br>###治法::[[活血化瘀，开窍健脑]]。<br>###代表方::[[通窍活血汤]]。,病机::瘀血阻窍，脑络不通。
心肝火旺证,中医内科学::脑系病证::痴呆::证型,1,主症::急躁易怒，烦躁不安，妄闻妄见，妄行妄为。<br>###兼症::或举止异常，失眠多梦，眩晕头痛，口干咽干。<br>###舌脉::舌红或绛，苔黄或黄腻，脉弦滑或弦数。<br>###治法::[[清心平肝，安神定志]]。<br>###代表方::[[天麻钩藤饮]]。<br>###加减附方::[[牛黄清心丸]]。,病机::心肝火旺，上扰神明。
热毒内盛证,中医内科学::脑系病证::痴呆::证型,1,主症::无欲无语，迷蒙昏睡，不识人物。<br>###兼症::神呆遗尿，二便失禁，肢体僵硬。<br>###舌脉::舌红绛少苔，苔黄腻或腐秽厚积，脉数。<br>###治法::[[清热解毒，通络达邪]]。<br>###代表方::[[黄连解毒汤]]。,病机::热毒内盛，耗伤气血，扰乱神明。
癫狂定义与病因,中医内科学::脑系病证::癫狂::概述,1,定义::癫与狂都是精神失常的疾患。[[癫证]]以精神抑郁、表情淡漠、沉默痴呆、语无伦次、静而多喜为特征；[[狂证]]以精神亢奋、狂躁不安、喧扰不宁、骂詈打人、动而多怒为特征。<br>###病因::情志所伤、饮食不节、禀赋不足。<br>###基本病机::[[脏腑功能失调或阴阳失于平衡]]导致气滞、痰结、火郁、血瘀。,病理因素::以气、痰、火、瘀为主，以气郁为先。
癫狂辨证要点与治则,中医内科学::脑系病证::癫狂::概述,1,辨证要点::首辨癫狂；次辨病性虚实；再辨病情轻重。<br>###总治则::[[调整阴阳，以平为期]]。<br>###初期治法::以[[理气解郁、泻火豁痰、化瘀通窍]]为主。<br>###后期治法::以[[补益心脾、滋阴养血、调整阴阳]]为主。,注意::治疗全程应重视精神护理。
癫狂预后转归与预防调摄,中医内科学::脑系病证::癫狂::概述,2,转归::早期诊断、及时治疗者预后较好；若失治误治或反复发作，病情往往加重。<br>###预防调摄::注意精神调摄，避免精神刺激；对重症患者应加强监护，防止意外。<br>###临证备要::注重先兆症状的发现，如性情突变、失眠、沉默寡言等；熟练掌握涌吐逐痰法、活血化瘀法、开窍法的应用。,注意::痫病与癫狂不同，但均可由情志诱发。
痰气郁结证,中医内科学::脑系病证::癫狂::癫证,1,主症::精神抑郁，表情淡漠，沉默痴呆，时时太息，言语无序。<br>###兼症::或喃喃自语，多疑多虑，喜怒无常，秽洁不分。<br>###舌脉::舌苔白腻而白，脉弦滑。<br>###治法::[[疏肝解郁，化痰醒神]]。<br>###代表方::[[逍遥散]]合[[涤痰汤]]。<br>###加减附方::[[逍遥散合顺气导痰汤】【控涎丹】【三圣散】【苏合香丸】【温胆汤】【至宝丹]]。,病机::肝气郁结，痰浊内阻，蒙蔽心窍。
心脾两虚证,中医内科学::脑系病证::癫狂::癫证,2,主症::神思恍惚，魂梦颠倒，心悸易惊，善悲欲哭。<br>###兼症::肢体困乏，饮食锐减，言语无序。<br>###舌脉::舌淡苔白，脉细弱无力。<br>###治法::[[健脾益气，解郁安神]]。<br>###代表方::[[养心汤]]合[[越鞠丸]]。<br>###加减附方::[[甘麦大枣汤]]。,病机::心脾两虚，气血不足，神失所养。
痰火扰神证,中医内科学::脑系病证::癫狂::狂证,1,主症::起病先有性情急躁，头痛失眠，两目怒视，面红目赤。<br>###兼症::突然狂乱无知，骂詈号叫，不避亲疏，逾垣上屋。<br>###舌脉::舌质红绛，苔多黄腻或黄燥而垢，脉弦滑数。<br>###治法::[[镇心涤痰，清肝泻火]]。<br>###代表方::[[生铁落饮]]。<br>###加减附方::[[礞石滚痰丸】【安宫牛黄丸】【当归龙荟丸】【加减承气汤】【龙虎丸】【温胆汤】【朱砂安神丸]]。,病机::五志化火，炼液成痰，痰火上扰，神机逆乱。
痰热瘀结证,中医内科学::脑系病证::癫狂::狂证,2,主症::癫狂日久不愈，面色晦滞而秽，情绪躁扰不安，多言无序。<br>###兼症::恼怒不休，甚至登高而歌，弃衣而走，妄见妄闻。<br>###舌脉::舌质紫暗，有瘀斑，少苔或薄黄苔干，脉弦细或细涩。<br>###治法::[[豁痰化瘀，调畅气血]]。<br>###代表方::[[癫狂梦醒汤]]。<br>###加减附方::[[血府逐瘀汤】【大黄蜇虫丸】【白金丸】【温胆汤】【朱砂安神丸]]。,病机::痰热瘀结，气滞血瘀，神机被扰。
火盛伤阴证,中医内科学::脑系病证::癫狂::狂证,2,主症::狂证久延，时作时止，势已较缓，妄言妄为。<br>###兼症::呼之已能自制，但有疲惫之象，烦躁不眠，形瘦面红。<br>###舌脉::舌尖红无苔，有剥裂，脉细数。<br>###治法::[[滋阴降火，安神定志]]。<br>###代表方::[[二阴煎]]合[[琥珀养心丹]]。<br>###加减附方::[[朱砂安神丸】【孔圣枕中丹】【二阴煎】【千金定志丸]]。,病机::火盛日久，耗伤阴液，心神失养。
痫病定义与病因病机,中医内科学::脑系病证::痫病::概述,1,定义::痫病是因脏腑功能失调，气机逆乱，元神失控所致的一种[[反复发作性神志异常]]的疾病，以[[精神恍惚，甚则突然仆倒，不知人事，两目上视，口吐涎沫，四肢抽搐]]为主要表现。<br>###病因::禀赋异常、情志失调、饮食不节、脑部外伤、其他病后（如中风、温疫、中毒）。<br>###基本病机::[[气机逆乱，元神失控]]。<br>###主要病理因素::[[风火痰瘀]]，尤以[[痰邪作祟]]为根本。,病理基础::主要病理基础为[[肝肾精血亏损]]。
痫病辨证要点与治则,中医内科学::脑系病证::痫病::概述,1,辨证要点::辨病情轻重（发作持续时间长短、间隔时间久暂）；辨病性虚实；辨阳痫与阴痫。<br>###总治则::[[分清标本虚实，轻重缓急]]。<br>###发作期治法::以[[开窍醒神定痫]]为标。<br>###休止期治法::以[[祛邪补虚治本]]为本。,治疗目的::控制再发作。
痫病转归与预防调摄,中医内科学::脑系病证::痫病::概述,2,转归::本病易反复发作，病程多长，多数难愈；若发作频繁、时间越长、病情重者，发作期易出现[[痰阻窒息]]等危候。<br>###预防调摄::孕期加强保健；发作期加强护理；休止期调节饮食、情志；避免高危作业。,临证备要::遵循“[[间者并行，甚者独行]]”原则；运用辛热开破法、芳香开窍药与虫类药。
阳痫证,中医内科学::脑系病证::痫病::发作期,1,主症::病发前多有眩晕，头痛而胀，胸闷乏力，喜欠伸等先兆。<br>###兼症::突然仆倒，不省人事，面色口唇青紫苍白，牙关紧闭，两目上视，四肢抽搐，口吐白沫。<br>###舌脉::舌红苔黄或黄腻，脉弦数或弦滑。<br>###治法::[[开窍醒神，息风涤痰定痫]]。<br>###代表方::[[黄连解毒汤]]合[[定痫丸]]。<br>###加减附方::[[安宫牛黄丸】【紫雪丹]]。,病机::肝阳暴张，风火痰热上扰，蒙蔽清窍。
阴痫证,中医内科学::脑系病证::痫病::发作期,1,主症::突然昏仆，不省人事，面色晦暗，手足清冷，肢体拘急。<br>###兼症::或抽搐时作，口吐涎沫，或仅表现为呆木无知，不闻不见，不动不语。<br>###舌脉::舌淡苔白腻，脉多沉细或沉迟。<br>###治法::[[开窍醒神，温化痰涎定痫]]。<br>###代表方::[[五生饮]]合[[二陈汤]]。,病机::肝风夹痰，痰浊内闭，清窍被阻。
肝火痰热证,中医内科学::脑系病证::痫病::休止期,2,主症::平素情绪急躁，每因情志抑郁而诱发痫病。<br>###兼症::痫止后，仍烦躁不安，心烦失眠，口苦咽干，便秘溲黄。<br>###舌脉::舌红，苔黄，脉弦数。<br>###治法::[[清肝泻火，化痰宁心]]。<br>###代表方::[[龙胆泻肝汤]]合[[涤痰汤]]。<br>###加减附方::[[竹沥达痰丸]]。,病机::肝火内盛，炼液成痰，痰火交结，内扰心神。
瘀阻脑络证,中医内科学::脑系病证::痫病::休止期,2,主症::继发于脑颅外伤、中风病、产伤、颅内感染性疾病后遗症等。<br>###兼症::平素头晕头痛，痛有定处，常伴单侧肢体抽搐。<br>###舌脉::舌质紫暗或有瘀斑，苔薄白，脉涩或沉弦。<br>###治法::[[活血化瘀，息风定痫]]。<br>###代表方::[[通窍活血汤]]。,病机::瘀血内停，阻于脑络，神机失用。
脾虚痰盛证,中医内科学::脑系病证::痫病::休止期,2,主症::平素倦怠乏力，身体瘦弱，胸闷或恶心泛呕。<br>###兼症::纳差便溏，四肢不温。<br>###舌脉::舌淡苔白腻，脉濡或弦细。<br>###治法::[[健脾化痰]]。<br>###代表方::[[六君子汤]]。<br>###加减附方::[[归脾汤】【河车大造丸]]。,病机::脾虚失运，痰浊内生，上蒙清窍。
肝肾阴虚证,中医内科学::脑系病证::痫病::休止期,2,主症::痫病频发，神思恍惚，面色晦暗，头晕目眩。<br>###兼症::两目干涩，耳轮焦枯不泽，失眠健忘，腰膝酸软。<br>###舌脉::舌红，苔薄白少津，脉沉细而数。<br>###治法::[[补益肝肾，潜阳安神]]。<br>###代表方::[[左归丸]]合[[天王补心丹]]。<br>###加减附方::[[河车大造丸】【甘麦大枣汤]]。,病机::肝肾阴亏，水不涵木，风阳内动。
胃痛定义与病因,中医内科学::脾胃病证::胃痛::概述,1,定义::胃痛又称胃脘痛，是指[[胃脘部近心窝处疼痛]]为主症的病证。<br>###病因::外邪犯胃、饮食伤胃、情志不畅、体虚久病。<br>###基本病机::[[胃气郁滞，胃失和降，不通则痛]]；[[胃失濡养，不荣则痛]]。<br>###病位::在胃，与肝、脾相关。,病理因素::气滞为主，兼见食积、寒凝、热郁、湿阻、血瘀。
胃痛辨证要点与治则,中医内科学::脾胃病证::胃痛::概述,1,辨证要点::辨虚实；辨寒热；辨气滞血瘀；辨兼夹证。<br>###实证特征::多疼痛较剧，拒按，脉实。<br>###虚证特征::多疼痛徐缓，喜按，脉虚。<br>###总治则::[[理气和胃止痛]]。<br>###治法::疏肝理气、活血通络、清热祛湿、健脾益胃。,广义通法::广义理解“通”字，寒者散寒即通，食者消食即通，气滞理气即通，热者泄热即通，血瘀化瘀即通，阴虚者养阴即通。
胃痛预后转归与预防调摄,中医内科学::脾胃病证::胃痛::概述,2,转归::急性胃痛多实证，治疗及调护及时可治愈；久病可由实转虚，虚实夹杂，反复发作。<br>###危候::若治疗不当，可发展为[[出血、穿孔、胃痛剧烈拒按、厥脱、癥积、噎膈]]等变证。<br>###预防调摄::饮食规律，忌暴饮暴食及生冷、辛辣、浓茶、咖啡；保持精神愉快，避免忧思恼怒；劳逸结合。,调护::慢性胃痛坚持长期服药，重视饮食调养。
胃痛临证备要,中医内科学::脾胃病证::胃痛::概述,2,治肝以安胃::木旺克土，治以疏肝理气为主；土虚木乘，治以健脾益气为主；肝胃郁热，疏肝清热。<br>###忌刚用柔::[[辛香热燥之药]]不可多用，尤其肝胃郁热、胃阴不足者，应养阴清热、柔肝疏肝。<br>###活血化瘀::久病入络，久病必瘀，在活血化瘀基础上配合其他方药。<br>###防癌变::中年以上患者，胃痛经久不愈，消痩无力，贫血，需防止恶性病变。,用药注意::理气药、活血化瘀药、清解郁热药、健脾养胃药灵活运用。
寒邪客胃证,中医内科学::脾胃病证::胃痛::实证,1,主症::胃痛暴作，恶寒喜暖，得温痛减，遇寒加重。<br>###兼症::口淡不渴，或喜热饮。<br>###舌脉::舌淡苔薄白，脉弦紧。<br>###治法::[[温胃散寒，行气止痛]]。<br>###代表方::[[良附丸]]。<br>###加减附方::[[香苏散】【半夏泻心汤】【香苏散】【半夏泻心汤】【寒挟食滞]]。,病机::寒凝胃脘，气机阻滞。
饮食伤胃证,中医内科学::脾胃病证::胃痛::实证,1,主症::胃脘疼痛，胀满拒按，嗳腐吞酸，或呕吐不消化食物。<br>###兼症::味腐臭，吐后痛减，不思饮食，大便不爽。<br>###舌脉::舌苔厚腻，脉滑。<br>###治法::[[消食导滞，和胃止痛]]。<br>###代表方::[[保和丸]]。<br>###加减附方::[[小承气汤】【枳实导滞丸】【大承气汤]]。,病机::食积内停，胃气壅滞。
肝气郁结证,中医内科学::脾胃病证::胃痛::实证,1,主症::胃脘胀痛，连及两胁，遇烦恼则痛作或痛甚。<br>###兼症::嗳气频作，大便不畅。<br>###舌脉::舌苔多薄白，脉弦。<br>###治法::[[疏肝理气，和胃止痛]]。<br>###代表方::[[柴胡疏肝散]]。<br>###加减附方::[[丹栀逍遥散】【左金丸]]。,病机::肝气郁结，横逆犯胃。
肝胃郁热证,中医内科学::脾胃病证::胃痛::实证,1,主症::胃脘灼痛，痛势急迫，烦躁易怒，泛酸嘈杂。<br>###兼症::口干口苦，舌红苔黄。<br>###舌脉::舌红苔黄，脉弦或数。<br>###治法::[[疏肝泄热，和胃止痛]]。<br>###代表方::[[化肝煎]]。<br>###加减附方::[[丹栀逍遥散】【左金丸]]。,病机::肝郁化热，热灼胃腑。
湿热中阻证,中医内科学::脾胃病证::胃痛::实证,1,主症::胃脘疼痛，痛势急迫，脘闷灼热，纳呆恶心。<br>###兼症::口苦，渴不欲饮，小便色黄，大便不畅。<br>###舌脉::舌红，苔黄腻，脉滑数。<br>###治法::[[清热化湿，理气和胃]]。<br>###代表方::[[清中汤]]。<br>###加减附方::[[大黄黄连泻心汤]]。,病机::湿热内蕴，中焦气滞。
瘀血停胃证,中医内科学::脾胃病证::胃痛::实证,1,主症::胃脘疼痛，如针刺，似刀割，痛有定处，按之痛甚。<br>###兼症::痛时持久，食后加剧，入夜尤甚，或见吐血黑便。<br>###舌脉::舌质紫暗或有瘀斑，脉涩。<br>###治法::[[化瘀通络，理气和胃]]。<br>###代表方::[[失笑散]]合[[丹参饮]]。<br>###加减附方::[[黄土汤】【归脾汤】【调营敛肝汤]]。,病机::瘀血内停，胃络痹阻。
胃阴不足证,中医内科学::脾胃病证::胃痛::虚证,1,主症::胃脘隐隐灼痛，似饥而不欲食。<br>###兼症::口燥咽干，五心烦热，消瘦乏力，口渴思饮，大便干结。<br>###舌脉::舌红少津，或光剥无苔，脉细数。<br>###治法::[[养阴益胃，和中止痛]]。<br>###代表方::[[一贯煎]]合[[芍药甘草汤]]或[[益胃汤]]。<br>###加减附方::[[左金丸]]。,病机::胃阴亏虚，胃失濡养。
脾胃虚寒证,中医内科学::脾胃病证::胃痛::虚证,1,主症::胃痛隐隐，绵绵不休，喜温喜按，空腹痛甚，得食则缓。<br>###兼症::劳累或受凉后发作或加重，泛吐清水，神疲纳呆，四肢倦怠。<br>###舌脉::舌淡苔白，脉虚弱或迟缓。<br>###治法::[[温中健脾，和胃止痛]]。<br>###代表方::[[黄芪建中汤]]。<br>###加减附方::[[理中丸】【大建中汤】【附子理中丸】【香砂六君子汤】【苓桂术甘汤】【甘草泻心汤]]。,病机::脾胃虚寒，中阳不运，胃失温养。
痞满定义与病因病机,中医内科学::脾胃病证::痞满::概述,1,定义::痞满是指[[中焦气机不利，脾胃升降失职]]，以[[脘腹满闷不舒]]为主症的病证。<br>###病因::感受外邪、内伤饮食、情志失调、体虚久病。<br>###基本病机::[[中焦气机不利，脾胃升降失职]]。<br>###主要病机::外邪、积滞、痰湿、气滞、体虚。<br>###病性::[[虚实两端]]。实为食积、痰湿、外邪、气滞；虚为脾胃虚弱。,病位::在胃，与肝、脾关系密切。
痞满辨证要点与治则,中医内科学::脾胃病证::痞满::概述,1,辨证要点::首辨虚实；次辨寒热；辨在经（气）与在络（血）；辨痞与胀满。<br>###总治则::[[调理脾胃升降，行气除痞消满]]。<br>###实证治法::行气消痞，如消食导滞、除湿化痰、理气解郁、清热祛湿。<br>###虚证治法::补益脾胃，如健脾益气、养阴益胃。,用药注意::注意“升、降、通、燥”四字的运用。
痞满转归与预防调摄,中医内科学::脾胃病证::痞满::概述,2,转归::一般预后良好，多能治愈。若久病不愈，可发展为[[吐血、便血、癥积、积聚、噎膈]]等变证。<br>###预防调摄::饮食有节，忌暴饮暴食及生冷粗硬之品；慎用或少用热性药物；注意精神调摄；起居适寒温。,临证备要::重视醒脾健脾，调畅气机；治痞宜顾及胃阴。
外寒内滞证,中医内科学::脾胃病证::痞满::实痞,2,主症::脘腹痞闷，不思饮食，呕恶嗳气。<br>###兼症::恶寒发热，头痛无汗，身体疼痛。<br>###舌脉::舌苔薄白或白腻，脉浮紧或濡。<br>###治法::[[理气和中，疏风散寒]]。<br>###代表方::[[香苏散]]。,病机::寒邪外束，内滞中焦，气机不畅。
饮食内停证,中医内科学::脾胃病证::痞满::实痞,1,主症::脘腹痞闷而胀，进食尤甚，拒按，嗳腐吞酸。<br>###兼症::恶食呕恶，大便不调，矢气频作。<br>###舌脉::舌苔厚腻，脉滑。<br>###治法::[[消食和胃，行气消痞]]。<br>###代表方::[[保和丸]]。<br>###加减附方::[[枳实导滞丸】【枳实消痞丸]]。,病机::食积中阻，胃气壅滞。
痰湿中阻证,中医内科学::脾胃病证::痞满::实痞,1,主症::脘腹痞塞不舒，胸膈满闷，头晕目眩。<br>###兼症::身重困倦，呕恶纳呆，口淡不渴，小便不利。<br>###舌脉::舌苔白腻，脉沉滑。<br>###治法::[[除湿化痰，理气和中]]。<br>###代表方::[[二陈平胃散]]合[[三汤]]或[[平胃散]]。<br>###加减附方::[[半夏厚朴汤】【五苓散】【黄连温胆汤】【旋覆代赭汤]]。,病机::痰湿内停，中焦气机受阻。
湿热阻胃证,中医内科学::脾胃病证::痞满::实痞,1,主症::脘腹痞闷，或嘈杂不舒，恶心呕吐，口干不欲饮。<br>###兼症::口苦，纳少，舌红苔黄腻，脉滑数。<br>###治法::[[清热化湿，和胃消痞]]。<br>###代表方::[[泻心汤]]合[[连朴饮]]。<br>###加减附方::[[大黄黄连泻心汤】【左金丸]]。,病机::湿热内蕴，中焦气滞。
寒热错杂证,中医内科学::脾胃病证::痞满::实痞,2,主症::心下痞满，纳呆呕恶，嗳气不爽。<br>###兼症::肠鸣下利，舌淡苔腻，脉濡或滑。<br>###治法::[[辛开苦降，寒热平调]]。<br>###代表方::[[半夏泻心汤]]。,病机::寒热互结，中焦痞塞。
肝胃不和证,中医内科学::脾胃病证::痞满::实痞,2,主症::脘腹痞闷，胸胁胀满，心烦易怒，善太息。<br>###兼症::呕恶嗳气，或吐苦水，大便不爽。<br>###舌脉::舌质淡红，苔薄白，脉弦。<br>###治法::[[疏肝解郁，和胃消痞]]。<br>###代表方::[[越鞠丸]]合[[枳术丸]]。<br>###加减附方::[[左金丸】【五磨饮子】【小柴胡汤]]。,病机::肝气郁结，横逆犯胃，气机痞塞。
脾胃虚弱证,中医内科学::脾胃病证::痞满::虚痞,1,主症::脘腹满闷，时轻时重，喜温喜按，纳呆便溏。<br>###兼症::神疲乏力，少气懒言，语声低微。<br>###舌脉::舌质淡，苔薄白，脉细弱。<br>###治法::[[补气健脾，升清降浊]]。<br>###代表方::[[补中益气汤]]。<br>###加减附方::[[理中丸】【香砂六君子汤]]。,病机::脾胃虚弱，升降失常。
胃阴不足证,中医内科学::脾胃病证::痞满::虚痞,2,主症::脘腹痞闷，嘈杂，饥不欲食，恶心嗳气。<br>###兼症::口燥咽干，大便秘结。<br>###舌脉::舌红少苔，脉细数。<br>###治法::[[养阴益胃，调中消痞]]。<br>###代表方::[[益胃汤]]。,病机::胃阴亏虚，濡养失职，和降失常。
呕吐定义与病因病机,中医内科学::脾胃病证::呕吐::概述,1,定义::呕吐是指[[胃失和降，气逆于上]]，迫使胃中之物从口吐出的病证。<br>###基本病机::[[胃失和降，胃气上逆]]。<br>###病位::在胃，与肝、脾关系密切。<br>###病因::外邪犯胃（风寒暑湿燥火）、饮食不节、情志失调、禀体脾胃虚弱。,病性::有[[虚实之分]]。实者因外邪、食滞、痰饮、肝气；虚者因气虚、阴虚、阳虚。
呕吐辨证要点与治则,中医内科学::脾胃病证::呕吐::概述,1,辨证要点::首辨虚实；次辨呕吐特点。<br>###实呕特点::病程短，来势急，吐物较多，[[吐后即感舒适]]，治疗及时预后好。<br>###虚呕特点::病程长，来势徐，吐物较少，[[倦怠乏力]]，反复发作，较难治愈。<br>###总治则::[[和胃降逆止呕]]。<br>###虚实论治::偏实者以祛邪为主，偏虚者以扶正为主。,治法::根据标本虚实进行辨治，如解表、消食、化痰、理气、健运脾胃、益气、温阳、养阴。
呕吐转归与预防调摄,中医内科学::脾胃病证::呕吐::概述,2,转归::暴病呕吐多邪实，治疗及时预后好；久病、大病中呕吐，需警惕[[阴阳损及，真元欲脱]]。<br>###预防调摄::饮食有节，忌生冷肥甘、辛辣刺激之品；保持心情舒畅；急性发作应卧床休息。<br>###护理::重症、昏迷者应[[侧卧]]，防止呕吐物吸入气道；服止呕药宜少量频服。,临证备要::切忌见吐止吐；合理运用下法；呕家忌甘；半夏为止呕主药。
外邪犯胃证,中医内科学::脾胃病证::呕吐::实证,1,主症::突然呕吐，频频泛恶，胸脘满闷。<br>###兼症::伴有恶寒发热，头身疼痛。<br>###舌脉::舌苔白腻，脉濡。<br>###治法::[[疏邪解表，化浊和中]]。<br>###代表方::[[藿香正气散]]。<br>###加减附方::[[玉枢丹]]。,病机::外邪犯胃，胃失和降，浊气上逆。
饮食停滞证,中医内科学::脾胃病证::呕吐::实证,1,主症::呕吐酸腐，或吐出未消化食物，脘腹胀满，嗳气厌食。<br>###兼症::大便或溏或结。<br>###舌脉::舌苔厚腻，脉滑实有力。<br>###治法::[[消食化滞，和胃降逆]]。<br>###代表方::[[保和丸]]。<br>###加减附方::[[烧盐方】【小承气汤】【大黄甘草汤合橘皮竹茹汤】【竹茹汤]]。,病机::食积内停，胃气壅滞，上逆作呕。
痰饮内阻证,中医内科学::脾胃病证::呕吐::实证,1,主症::呕吐清水痰涎，或胃部如囊裹水，脘闷不食。<br>###兼症::头眩，心悸。<br>###舌脉::舌苔白滑而腻，脉沉弦滑。<br>###治法::[[温中化饮，和胃降逆]]。<br>###代表方::[[小半夏汤]]合[[苓桂术甘汤]]。<br>###加减附方::[[黄连温胆汤]]。,病机::脾失健运，水饮内停，胃气上逆。
肝气犯胃证,中医内科学::脾胃病证::呕吐::实证,1,主症::呕吐吞酸，或干呕泛恶，嗳气频繁，胸胁胀痛。<br>###兼症::每遇情志失调而发作加重。<br>###舌脉::舌边红，苔薄腻，脉弦。<br>###治法::[[疏肝理气，和胃降逆]]。<br>###代表方::[[四七汤]]或[[半夏厚朴汤]]。<br>###加减附方::[[柴胡疏肝散】【黄连温胆汤合左金丸]]。,病机::肝气郁结，横逆犯胃，胃失和降。
脾胃气虚证,中医内科学::脾胃病证::呕吐::虚证,2,主症::食欲不振，食入难化，脘部痞闷，大便不畅。<br>###兼症::舌苔白滑，脉象虚弦。<br>###舌脉::舌苔白滑，脉象虚弦。<br>###治法::[[健脾益气，和胃降逆]]。<br>###代表方::[[香砂六君子汤]]。,病机::脾胃虚弱，运化失常，胃气失和。
脾胃虚寒证,中医内科学::脾胃病证::呕吐::虚证,2,主症::饮食稍多即吐，时作时止，食少难化，胸脘痞闷。<br>###兼症::不思饮食，面色㿠白，倦怠乏力，四肢不温，大便溏薄。<br>###舌脉::舌质淡，苔薄白，脉濡弱或沉。<br>###治法::[[温中健脾，和胃降逆]]。<br>###代表方::[[理中汤]]。<br>###加减附方::[[来复丹]]。,病机::中阳不振，胃气不降。
胃阴不足证,中医内科学::脾胃病证::呕吐::虚证,2,主症::呕吐反复发作，或时作干呕，恶心。<br>###兼症::饥而不欲食，胃脘嘈杂，口燥咽干。<br>###舌脉::舌红少津，脉细数。<br>###治法::[[滋养胃阴，降逆止呕]]。<br>###代表方::[[麦门冬汤]]。,病机::胃阴亏虚，濡养失职，和降失常。
噎膈定义与病因病机,中医内科学::脾胃病证::噎膈::概述,1,定义::噎即噎塞，指吞咽时[[哽噎不顺]]；膈为格拒，指[[饮食不下]]。两者先后出现。<br>###基本病机::[[气、痰、瘀交结]]，阻隔食道、胃脘。<br>###病位::在食道，属胃所主，与肝脾肾密切相关。<br>###病因::饮食不节、七情内伤、久病年老。,病性::[[本虚标实]]。初期标实（气、痰、瘀），中期虚实夹杂，晚期本虚（阴液枯竭）。
噎膈辨证要点与治则,中医内科学::脾胃病证::噎膈::概述,1,辨证要点::辨病性虚实；辨病邪偏重；辨病变预后。<br>###总治则::[[分清标本虚实，主次兼顾]]。<br>###初期治法::重在治标，以[[理气、化痰、消瘀]]为主。<br>###后期治法::重在治本，以[[滋阴润燥，补气温阳]]为主。,治疗注意::治疗全程应时刻以顺护津液及胃气为中心。
噎膈转归与预防调摄,中医内科学::脾胃病证::噎膈::概述,2,转归::初期治疗得当，可治愈；发展至噎膈阶段，治疗困难；晚期阴津枯竭，[[预后极差]]。<br>###预防调摄::改善生活习惯，戒烟酒，忌食酸菜、泡菜；及时治疗食管慢性疾病；饮食宜清淡、易消化。<br>###护理::饮食以清淡、易消化为主，避免辛辣刺激。,临证备要::辨清气、痰、瘀孰主孰次；早检查，早诊断；祛邪应重痰气热毒结；治疗勿伤胃损。
痰气交阻证,中医内科学::脾胃病证::噎膈::证型,1,主症::吞咽梗阻，胸膈痞满，甚则疼痛。<br>###兼症::情志舒畅时可稍减轻，情志抑郁则加重，嗳气呃逆，呕吐痰涎。<br>###舌脉::舌质红，苔薄腻，脉弦滑。<br>###治法::[[开郁化痰，润燥降气]]。<br>###代表方::[[启膈散]]。<br>###加减附方::[[旋覆代赭汤】【玉枢丹】【参赭培气汤】【四七汤】【温胆汤】【增液承气汤】【增液汤]]。,病机::肝气郁结，痰湿交阻，胃气不降。
津亏热结证,中医内科学::脾胃病证::噎膈::证型,1,主症::吞咽梗涩而痛，食入复出，甚则水饮难进。<br>###兼症::心烦口干，胃脘灼热，五心烦热，形体消瘦。<br>###舌脉::舌质光红，干裂少津，脉细数。<br>###治法::[[滋阴清热（滋阴养血）润燥生津]]。<br>###代表方::[[沙参麦冬汤]]。<br>###加减附方::[[五汁安中饮】【竹叶石膏汤】【大黄甘草汤]]。,病机::胃热炽盛，耗伤阴液，食道失润。
瘀血内结证,中医内科学::脾胃病证::噎膈::证型,1,主症::饮食难下，或虽下而复吐出，胸膈疼痛。<br>###兼症::固着不移，肌肤枯燥，形体消瘦。<br>###舌脉::舌质紫暗，脉细涩。<br>###治法::[[滋阴养血，破血行瘀]]。<br>###代表方::[[通幽汤]]。<br>###加减附方::[[云南白药】【玉枢丹】【麦门冬汤】【血府逐瘀汤]]。,病机::瘀血内阻，胃气不降，食道闭阻。
气虚阳微证,中医内科学::脾胃病证::噎膈::证型,1,主症::水饮不下，泛吐多量黏液白沫，面浮足肿。<br>###兼症::面色白，形寒气短，精神疲惫，腹胀。<br>###舌脉::舌质淡，苔白，脉细弱。<br>###治法::[[温补脾肾，益气回阳]]。<br>###代表方::[[补气运脾汤]]。<br>###加减附方::[[理中汤】【右归丸】【补中益气汤】【十全大补汤]]。,病机::脾肾阳虚，气不化津，中气衰败。
泄泻定义与病因病机,中医内科学::脾胃病证::泄泻::概述,1,定义::泄泻是以[[排便次数增多，粪质稀溏]]，或完谷不化，甚至泻出如水样为主要表现的病证。<br>###病因::感受外邪、饮食所伤、情志失调、劳倦伤脾、久病年老。<br>###基本病机::[[脾虚湿盛]]，运化失职，水湿不化，肠道清浊不分。<br>###病位::主要在脾、胃、大肠、小肠，与肝、肾密切相关。,病性::有虚实之分，急性暴泻多实，慢性久泻多虚。
泄泻辨证要点与治则,中医内科学::脾胃病证::泄泻::概述,2,辨证要点::辨轻重缓急；辨寒热虚实；辨证候特征（外感、伤食、肝郁、脾胃虚弱、肾阳虚衰）。<br>###总治则::[[运脾化湿]]。<br>###实证治法::暴泻以湿盛为主，重在[[化湿]]，佐以分利。<br>###虚证治法::久泻以脾虚为主，当以[[健脾]]为要。,注意事项::不可骤用补涩，以免闭门留寇；不可分利太过。
泄泻转归与预防调摄,中医内科学::脾胃病证::泄泻::概述,2,转归::急性暴泻若治疗不当，可转为慢性；久泻伤及肾阳，可转为[[命门火衰之五更泄泻]]。<br>###预防调摄::加强锻炼；注意饮食卫生，忌生冷、肥甘；生活起居规律。,临证备要::注意风药的运用；虚实夹杂者宜寒热并用；顽固性久泻可采用[[化瘀法]]。
寒湿内盛证,中医内科学::脾胃病证::泄泻::暴泻,1,主症::泄泻清稀，甚则如水样，脘闷食少。<br>###兼症::腹痛肠鸣，或兼外感风寒，恶寒发热，头痛，肢体酸痛。<br>###舌脉::舌苔白或白腻，脉濡缓。<br>###治法::[[芳香化湿，解表散寒]]。<br>###代表方::[[藿香正气散]]。<br>###加减附方::[[胃苓汤】【理中丸]]。,病机::寒湿困脾，清浊不分。
湿热伤中证,中医内科学::脾胃病证::泄泻::暴泻,1,主症::泄泻腹痛，泻下急迫，或泻而不爽，粪色黄褐，气味臭秽。<br>###兼症::烦热口渴，小便短黄。<br>###舌脉::舌质红，苔黄腻，脉滑数或濡数。<br>###治法::[[清热燥湿，分利止泻]]。<br>###代表方::[[葛根芩连汤]]。<br>###加减附方::[[六一散】【平胃散】【黄连香薷饮】【新加香薷饮]]。,病机::湿热蕴结，传化失常。
食滞胃肠证,中医内科学::脾胃病证::泄泻::暴泻,1,主症::腹痛肠鸣，泻下粪便臭如败卵，泻后痛减。<br>###兼症::脘腹胀满，嗳腐酸臭，不思饮食。<br>###舌脉::舌苔垢浊或厚腻，脉滑。<br>###治法::[[消食导滞，和中止泻]]。<br>###代表方::[[保和丸]]。<br>###加减附方::[[枳实导滞丸]]。,病机::食积内停，阻滞肠胃，传化失常。
肝气乘脾证,中医内科学::脾胃病证::泄泻::久泻,1,主症::泄泻肠鸣，腹痛攻窜，矢气频作。<br>###兼症::胸胁胀闷，嗳气食少，每因抑郁恼怒或情绪紧张而诱发。<br>###舌脉::舌淡红，脉弦。<br>###治法::[[抑肝扶脾]]。<br>###代表方::[[痛泻要方]]。<br>###加减附方::[[参苓白术散】【逍遥散]]。,病机::肝气郁结，横逆犯脾，脾失健运。
脾胃虚弱证,中医内科学::脾胃病证::泄泻::久泻,1,主症::大便时溏时泻，迁延反复，食少。<br>###兼症::食后脘闷不舒，稍进油腻食物则大便次数增加，面色萎黄，神疲倦怠。<br>###舌脉::舌质淡，苔白，脉细弱。<br>###治法::[[健脾益气，化湿止泻]]。<br>###代表方::[[参苓白术散]]。<br>###加减附方::[[补中益气汤】【升阳益胃汤】【益胃汤】【黄芪建中汤]]。,病机::脾胃虚弱，运化失职，水湿内停。
肾阳虚衰证,中医内科学::脾胃病证::泄泻::久泻,1,主症::黎明前脐腹作痛，肠鸣即泻，完谷不化。<br>###兼症::腹部喜暖，形寒肢冷，腰膝酸软。<br>###舌脉::舌淡苔白，脉沉细。<br>###治法::[[温肾健脾，固涩止泻]]。<br>###代表方::[[四神丸]]。<br>###加减附方::[[补中益气汤】【真人养脏汤】【桃花汤】【乌梅丸】【桂枝汤】【附子理中汤]]。,病机::肾阳不足，命门火衰，脾失温煦。
泄泻与痢疾鉴别,中医内科学::脾胃病证::泄泻::鉴别诊断,2,病位::泄泻与痢疾病位均在[[肠胃]]，但泄泻病位在脾，痢疾病位在肠。<br>###症状区别::泄泻以大便稀溏、次数增多为主，[[无赤白脓血便]]；痢疾以大便次数多而量少，排[[赤白脓血便]]为主。<br>###病机区别::泄泻多为脾虚湿盛；痢疾多为湿热疫毒、气血阻滞。<br>###预后::一般认为[[先泻后痢病情加重]]，[[先痢后泻病情减轻]]。,注意::两者在一定条件下可以互相转化。
腹痛定义与病因病机,中医内科学::脾胃病证::腹痛::概述,1,定义::腹痛是指[[胃脘以下、耻骨毛际以上部位疼痛]]为主症的病证。<br>###病因::外感时邪、饮食不节、情志失调、禀赋不足、跌仆损伤。<br>###基本病机::[[气机阻滞，经脉痹阻]]或[[经脉失养]]。<br>###病位::腹部，与肝、胆、脾、肾、膀胱、大小肠、胞宫等脏腑相关。,病性::有寒热虚实之分。初病多实，久病多虚，或虚实夹杂。
腹痛辨证要点与治则,中医内科学::脾胃病证::腹痛::概述,2,辨证要点::辨虚实；辨寒热；辨气血；辨部位。<br>###总治则::[[通法]]。审因论治，实者祛邪导滞，虚者温中补虚。<br>###通法具体运用::寒者热之，热者清之，虚者补之，实者泻之。,临证备要::灵活运用温通之法；清热通腑法须辨证准确；不可过用附子、乌头等峻烈之品。
寒邪内阻证,中医内科学::脾胃病证::腹痛::证型,1,主症::腹痛拘急，遇寒痛甚，得温痛减。<br>###兼症::口淡不渴，形寒肢冷，小便清长，大便溏薄或秘结。<br>###舌脉::舌质淡，苔白腻，脉沉紧。<br>###治法::[[散寒温里，理气止痛]]。<br>###代表方::[[良附丸]]合[[正气天香散]]。<br>###加减附方::[[通脉四逆汤】【暖肝煎】【乌头桂枝汤】【附子粳米汤】【大黄附子汤]]。,病机::寒邪凝滞，经脉闭阻。
湿热壅滞证,中医内科学::脾胃病证::腹痛::证型,1,主症::腹痛拒按，烦渴引饮，大便秘结。<br>###兼症::或溏滞不爽，潮热汗出，小便短黄。<br>###舌脉::舌质红，苔黄燥或黄腻，脉滑数。<br>###治法::[[泄热通腑，行气导滞]]。<br>###代表方::[[大承气汤]]。<br>###加减附方::[[大柴胡汤]]。,病机::湿热内结，腑气不通。
饮食积滞证,中医内科学::脾胃病证::腹痛::证型,1,主症::脘腹胀满，疼痛拒按，嗳腐吞酸。<br>###兼症::厌食呕恶，痛而欲泻，泻后痛减。<br>###舌脉::舌苔厚腻，脉滑。<br>###治法::[[消食导滞，行气止痛]]。<br>###代表方::[[枳实导滞丸]]。<br>###加减附方::[[保和丸]]。,病机::食积内停，气机壅滞。
肝郁气滞证,中医内科学::脾胃病证::腹痛::证型,1,主症::腹痛胀闷，痛无定处，痛引少腹。<br>###兼症::或兼痛窜两胁，时作时止，得嗳气或矢气则舒。<br>###舌脉::舌质红，苔薄白，脉弦。<br>###治法::[[疏肝解郁，理气止痛]]。<br>###代表方::[[柴胡疏肝散]]。<br>###加减附方::[[痛泻要方】【天台乌药散]]。,病机::肝气郁结，气机不畅。
瘀血内停证,中医内科学::脾胃病证::腹痛::证型,2,主症::腹痛较剧，痛如针刺，痛处固定，甚则腹部包块。<br>###兼症::经久不愈，舌质紫暗，脉细涩。<br>###治法::[[活血化瘀，和络止痛]]。<br>###代表方::[[少腹逐瘀汤]]。<br>###加减附方::[[桃核承气汤】【膈下逐瘀汤]]。,病机::瘀血内停，阻滞脉络。
中虚脏寒证,中医内科学::脾胃病证::腹痛::证型,1,主症::腹痛绵绵，时作时止，喜温喜按。<br>###兼症::饥饿劳累后加重，得食休息后减轻，形寒肢冷，神疲乏力，气短懒言。<br>###舌脉::舌质淡，苔薄白，脉沉细。<br>###治法::[[温中补虚，缓急止痛]]。<br>###代表方::[[小建中汤]]。<br>###加减附方::[[大建中汤】【附子理中汤】【温脾汤】【补中益气汤】【乌梅丸]]。,病机::中阳不足，虚寒内生，失于温养。
呃逆定义与病因病机,中医内科学::脾胃病证::呃逆::概述,1,定义::呃逆是指[[胃气上逆动膈]]，以[[喉间呃呃连声，声短而频，难以自制]]为主要表现的病证。<br>###病因::外邪犯胃、饮食不节、情志不遂、正气亏虚。<br>###基本病机::[[胃失和降，膈间气机不利]]。<br>###病位::在膈，病变关键在胃，与肺、肝、脾、肾有关。,病性::有虚实之分。实证多因寒、火、气滞、痰阻；虚证多因脾胃阳虚、胃阴耗伤。
呃逆辨证要点与治则,中医内科学::脾胃病证::呃逆::概述,2,辨证要点::分清是生理还是病理；分清虚实寒热。<br>###总治则::[[理气和胃，降逆止呃]]。<br>###实呃治法::祛寒、清热、补虚、泻实。<br>###虚呃治法::健脾益气、益胃养阴。,注意::危重病证出现呃逆，为胃气衰败之象，预后多不良。
胃中寒冷证,中医内科学::脾胃病证::呃逆::证型,1,主症::呃声沉缓有力，或冷声，胸膈及胃脘不舒，得热则减。<br>###兼症::遇寒更甚，进食减少，喜食热饮，口淡不渴。<br>###舌脉::舌苔白润，脉迟缓。<br>###治法::[[温中散寒，降逆止呃]]。<br>###代表方::[[丁香散]]。<br>###加减附方::[[丁香柿蒂散】【橘皮汤]]。,病机::寒邪阻遏，胃气不降。
胃火上逆证,中医内科学::脾胃病证::呃逆::证型,1,主症::呃声洪亮有力，冲逆而出，口臭烦渴。<br>###兼症::多喜冷饮，脘腹满闷，大便秘结，小便短赤。<br>###舌脉::舌苔黄燥，脉滑数。<br>###治法::[[清胃泄热，降逆止呃]]。<br>###代表方::[[竹叶石膏汤]]。<br>###加减附方::[[小承气汤】【凉膈散]]。,病机::胃热炽盛，上冲膈间。
气机郁滞证,中医内科学::脾胃病证::呃逆::证型,2,主症::呃逆连声，常因情志不畅而诱发或加重。<br>###兼症::胸胁满闷，脘腹胀满，嗳气纳减，肠鸣矢气。<br>###舌脉::舌苔薄白，脉弦。<br>###治法::[[顺气解郁，和胃降逆]]。<br>###代表方::[[五磨饮子]]。<br>###加减附方::[[旋覆代赭汤】【血府逐瘀汤]]。,病机::肝气郁结，横逆犯胃，胃气上逆。
脾胃阳虚证,中医内科学::脾胃病证::呃逆::证型,2,主症::呃声低长无力，气不得续，泛吐清水。<br>###兼症::脘腹不舒，喜温喜按，面色㿠白，手足不温，食少乏力。<br>###舌脉::舌质淡，苔薄白，脉细弱。<br>###治法::[[温补脾胃，降逆止呃]]。<br>###代表方::[[理中丸]]合[[吴茱萸、丁香、柿蒂]]。<br>###加减附方::[[补中益气汤】【金匮肾气丸]]。,病机::脾胃阳虚，气机不降。
胃阴不足证,中医内科学::脾胃病证::呃逆::证型,2,主症::呃声短促而不得续，口干咽燥。<br>###兼症::烦躁不安，不思饮食，或食后饱胀。<br>###舌脉::舌质红，苔少而干，脉细数。<br>###治法::[[养胃生津，降逆止呃]]。<br>###代表方::[[益胃汤]]合[[橘皮竹茹汤]]。,病机::胃阴耗伤，失于濡润，虚热上冲。
痢疾定义与病因,中医内科学::脾胃病证::痢疾::概述,1,定义::痢疾是由于[[邪蕴肠腑，气血凝滞，传导失司]]所致，以[[腹痛，里急后重，下痢赤白脓血]]为主症的疾病。<br>###病因::外感时邪疫毒（湿热、暑湿、寒湿）、内伤饮食（饮食不节、不洁）。<br>###基本病机::[[邪蕴肠腑，气血凝滞，传导失司]]，脂络受损成痈。<br>###病位::在[[肠]]，与脾胃关系密切，可涉及肾。,病性::有[[虚实寒热]]之分。急性多实，慢性多虚。
痢疾辨证要点与治则,中医内科学::脾胃病证::痢疾::概述,1,辨证要点::辨久暴（急性暴痢多实，慢性久痢多虚）；辨寒热（脓血鲜红、黏稠、腥臭为热；赤白晦暗、清稀无臭为寒）；辨伤气伤血（赤多白少重血分，白多赤少重气分）。<br>###总治则::[[调气和血，消积导滞]]。<br>###治法要点::热痢清之，寒痢温之，初痢实则通之，久痢虚则补之，[[顾护胃气]]贯穿始终。,用药注意::忌用过早补涩、峻下攻伐、分利小便。
痢疾转归与预防调摄,中医内科学::脾胃病证::痢疾::概述,2,转归::转归取决于[[患者正气强弱及邪毒深浅]]。能食者为顺，不能食者危重。<br>###预防调摄::注意饮食卫生，忌食生冷不洁及肥甘厚味；起居有常，避风寒；流行季节可预防性服药。<br>###临证备要::[[噤口痢]]重症需中西医结合救治；[[灌肠疗法]]可用于下痢脓血者；久痢宜调理脾胃。,禁忌::切忌过用苦寒、过早补涩。
湿热痢,中医内科学::脾胃病证::痢疾::证型,1,主症::腹痛，里急后重，下痢赤白脓血，或赤多白少，或纯下赤痢。<br>###兼症::黏稠如胶冻，腥臭，肛门灼热，小便短赤，或恶寒发热，头身重痛。<br>###舌脉::舌苔黄腻，脉滑数。<br>###治法::[[清热化湿解毒，调气行血导滞]]。<br>###代表方::[[芍药汤]]。<br>###加减附方::[[白头翁汤】【活人败毒散】【香连丸】【葛根芩连汤】【枳实导滞丸]]。,病机::湿热内蕴，气血阻滞，伤及肠络。
疫毒痢,中医内科学::脾胃病证::痢疾::证型,1,主症::起病急骤，病势凶险，痢下鲜紫脓血，腹痛剧烈，里急后重。<br>###兼症::壮热口渴，头痛烦躁，或神昏谵语，甚则痉厥、抽搐，面色苍白，四肢厥冷。<br>###舌脉::舌质红绛，苔黄燥，脉滑数或微欲绝。<br>###治法::[[清热解毒，凉血除积]]。<br>###代表方::[[白头翁汤]]合[[芍药汤]]。<br>###加减附方::[[大承气汤】【神犀丹】【紫雪丹】【犀角地黄汤】【参附汤】【独参汤]]。,病机::疫毒壅盛，热入营血，蒙蔽清窍。
寒湿痢,中医内科学::脾胃病证::痢疾::证型,2,主症::腹痛拘急，里急后重，下痢赤白黏冻，或纯为白冻。<br>###兼症::头身困重，脘腹胀满，口淡乏味，舌苔白腻。<br>###舌脉::舌质淡，苔白腻，脉濡缓。<br>###治法::[[温化寒湿，调气和血]]。<br>###代表方::[[不换金正气散]]或[[胃苓汤]]。<br>###加减附方::[[荆防败毒散]]。,病机::寒湿内盛，阻滞肠腑。
阴虚痢,中医内科学::脾胃病证::痢疾::证型,2,主症::痢下赤白，日久不愈，脓血黏稠，或下鲜血，痢下灼痛。<br>###兼症::虚坐努责，食少，心烦口干，至夜转剧。<br>###舌脉::舌红绛少津，苔少或光剥，脉细数。<br>###治法::[[养阴和营，清肠止痢]]。<br>###代表方::[[黄连阿胶汤]]合[[驻车丸]]。<br>###加减附方::[[黄连阿胶汤]]。,病机::阴血亏虚，湿热留滞。
虚寒痢,中医内科学::脾胃病证::痢疾::证型,2,主症::痢久不愈，痢下赤白清稀，无腥臭，甚则滑脱不禁。<br>###兼症::腹部隐痛，喜按喜温，四肢不温，食少神疲，腰膝酸软。<br>###舌脉::舌淡苔薄白，脉沉细而弱。<br>###治法::[[温补脾胃，收涩固脱]]。<br>###代表方::[[桃花汤]]合[[真人养脏汤]]。<br>###加减附方::[[附子理中汤】【补中益气汤】【四神丸]]。,病机::脾肾阳虚，关门不固。
休息痢,中医内科学::脾胃病证::痢疾::证型,2,主症::下痢时发时止，迁延不愈，常因饮食不当、受凉、劳累而发。<br>###兼症::发时大便次数增多，夹有脓血或赤白黏冻，腹痛里急，食少神疲，倦怠嗜卧。<br>###舌脉::舌质淡苔腻，脉濡软或虚数。<br>###治法::[[温中清肠，调气化滞]]。<br>###代表方::[[连理汤]]。<br>###加减附方::[[温脾汤】【乌梅丸】【少腹逐瘀汤】【补中益气汤]]。,病机::正虚邪恋，寒热错杂。
便秘定义与病因,中医内科学::脾胃病证::便秘::概述,1,定义::便秘是指[[大肠传导失常]]，导致大便秘结，排便周期延长，或粪质干结，排出艰难，或粪质不硬，虽有意但便而不畅的病证。<br>###病因::饮食不节、情志失调、年老体虚、感受外邪、素体阳盛。<br>###基本病机::[[大肠传导失常]]。<br>###病位::主要在[[大肠]]，与肺、脾、胃、肝、肾有关。,病性::有[[虚实]]两个方面。热秘、冷秘、气秘属实；气血阴阳亏虚属虚。
便秘辨证要点与治则,中医内科学::脾胃病证::便秘::概述,2,辨证要点::辨虚实（实者包括热、冷、气；虚者包括气、血、阴、阳）；辨寒热（热秘、冷秘）。<br>###总治则::[[通下为主]]，根据虚实寒热辨证施治。<br>###实证治法::泻热、温散、理气。<br>###虚证治法::益气、养血、滋阴、温阳。,用药注意::不可单一使用泻下药，应辨证选方，以通为用。
便秘转归与预防调摄,中医内科学::脾胃病证::便秘::概述,2,转归::长期便秘可导致[[腹胀、食欲减退、嗳气、头痛、眩晕、失眠]]。严重可诱发[[肛裂、痔疮、疝气]]，甚至诱发[[胸痹、中风]]。<br>###预防调摄::饮食宜清淡，多食粗粮果蔬，忌辛辣刺激；规律作息，避免久坐；精神调摄，保持心情舒畅；体虚者避免过度用力。,临证备要::通下法须辨证选用寒下、温下、润下；久用泻下药会产生耐药性，需逐渐减量；外治法如灌肠可用于老年体虚者。
热秘,中医内科学::脾胃病证::便秘::实秘,1,主症::大便干结，腹胀腹痛。<br>###兼症::口干口臭，面红心烦，或有身热，小便短赤。<br>###舌脉::舌红，苔黄燥，脉滑数。<br>###治法::[[泻热导滞，润肠通便]]。<br>###代表方::[[麻子仁丸]]。<br>###加减附方::[[增液汤】【更衣丸】【当归龙荟丸]]。,病机::热盛伤津，肠腑燥结。
冷秘,中医内科学::脾胃病证::便秘::实秘,1,主症::大便艰涩，腹痛拘急，胀满拒按。<br>###兼症::胁下偏痛，手足不温，呃逆呕吐。<br>###舌脉::舌苔白腻，脉弦紧。<br>###治法::[[温里散寒，通便止痛]]。<br>###代表方::[[温脾汤]]合[[半硫丸]]或[[大黄附子汤]]。<br>###加减附方::[[三物备急丸]]。,病机::阴寒内凝，阳气不运，传导失司。
气秘,中医内科学::脾胃病证::便秘::实秘,1,主症::大便干结，或不甚干结，欲便不得出，或便而不爽。<br>###兼症::肠鸣矢气，腹中胀痛，嗳气频作，纳食减少，胸胁痞满。<br>###舌脉::舌苔薄腻，脉弦。<br>###治法::[[顺气导滞，降逆通便]]。<br>###代表方::[[六磨汤]]。<br>###加减附方::[[苏子降气汤]]。,病机::肝气郁结，气机壅滞。
气虚秘,中医内科学::脾胃病证::便秘::虚秘,1,主症::大便并不干硬，虽有便意，但排便困难。<br>###兼症::用力努挣则汗出短气，便后乏力，面白神疲，肢倦懒言。<br>###舌脉::舌淡苔白，脉弱。<br>###治法::[[益气润肠]]。<br>###代表方::[[黄芪汤]]。<br>###加减附方::[[补中益气汤】【生脉散】【大补元煎]]。,病机::肺脾气虚，大肠传导无力。
血虚秘,中医内科学::脾胃病证::便秘::虚秘,1,主症::大便干结，面色无华，头晕目眩。<br>###兼症::心悸气短，健忘。<br>###舌脉::舌淡，脉细。<br>###治法::[[养血滋阴，润燥通便]]。<br>###代表方::[[润肠丸]]。<br>###加减附方::[[五仁丸]]。,病机::血虚津少，肠道失润。
阴虚秘,中医内科学::脾胃病证::便秘::虚秘,1,主症::大便干结，如羊屎状，形体消瘦。<br>###兼症::头晕耳鸣，两颧红赤，心烦少眠，潮热盗汗，腰膝酸软。<br>###舌脉::舌红少苔，脉细数。<br>###治法::[[滋阴增液，润肠通便]]。<br>###代表方::[[增液汤]]。<br>###加减附方::[[益胃汤】【六味地黄丸】【增液承气汤]]。,病机::肾阴亏损，肠道失润。
阳虚秘,中医内科学::脾胃病证::便秘::虚秘,1,主症::大便干或不干，排出困难，小便清长。<br>###兼症::面色㿠白，四肢不温，腹中冷痛，或腰膝酸软。<br>###舌脉::舌淡苔白，脉沉迟。<br>###治法::[[补肾温阳，润肠通便]]。<br>###代表方::[[济川煎]]。<br>###加减附方::[[半硫丸]]。,病机::肾阳不足，温煦无权，肠腑虚寒。
热证（肝胃郁热）,中医内科学::脾胃病证::吐酸::证型,1,主症::吞酸时作，嗳腐气秽，胃脘胀闷。<br>###兼症::两胁胀满，时有呛咳，心烦易怒，口干口苦，咽干口渴。<br>###舌脉::舌红，苔黄，脉弦数。<br>###治法::[[清泄肝火，和胃降逆]]。<br>###代表方::[[左金丸]]。,病机::肝郁化热，胃气上逆。
寒证（脾胃阳虚）,中医内科学::脾胃病证::吐酸::证型,1,主症::吐酸时作，嗳气酸腐，胸脘胀闷。<br>###兼症::喜唾涎沫，饮食喜热，四肢不温，大便溏泄。<br>###舌脉::舌淡苔白，脉沉迟。<br>###治法::[[温中散寒，宽胸下气，和胃制酸]]。<br>###代表方::[[香砂六君子汤]]。,病机::脾胃虚寒，气机不降。
胃热（痰热）证,中医内科学::脾胃病证::嘈杂::证型,2,主症::嘈杂而兼恶心吞酸，口渴喜冷。<br>###兼症::口臭心烦，脘闷痰多，多食易饥，或似饥非饥。<br>###舌脉::舌质红，苔黄干，脉滑数。<br>###治法::[[清热化痰，降逆和中]]。<br>###代表方::[[黄连温胆汤]]。,病机::痰热内蕴，胃失和降。
胃热（气血不足）证,中医内科学::脾胃病证::嘈杂::证型,2,主症::嘈杂而兼面白唇淡，头晕心悸。<br>###兼症::失眠多梦。<br>###舌脉::舌质淡，脉细弱。<br>###治法::[[益气养血，健脾和胃]]。<br>###代表方::[[归脾汤]]。<br>###加减附方::[[益胃汤]]。,病机::气血亏虚，胃失濡养。
胃虚（脾胃虚弱）证,中医内科学::脾胃病证::嘈杂::证型,2,主症::嘈杂时作时止，口淡无味。<br>###兼症::食后脘胀，体倦乏力，不思饮食。<br>###舌脉::舌质淡，脉虚。<br>###治法::[[益气健脾，调畅气机]]。<br>###代表方::[[四君子汤]]。<br>###加减附方::[[益胃汤]]。,病机::脾胃虚弱，运化失职。
脾胃虚寒证,中医内科学::脾胃病证::反胃::证型,1,主症::食后脘腹胀满，朝食暮吐，暮食朝吐，宿谷不化。<br>###兼症::吐后则舒，神疲乏力，面色少华，手足不温，大便溏薄。<br>###舌脉::舌淡，苔白滑，脉细缓无力。<br>###治法::[[温中健脾，降气和胃]]。<br>###代表方::[[丁香透膈汤]]。<br>###加减附方::[[大半夏汤】【旋覆代赭汤】【附子理中丸]]。,病机::脾胃虚寒，饮食不化，积而反出。
脾肾阳虚证,中医内科学::脾胃病证::反胃::证型,1,主症::食后脘腹胀满，朝食暮吐，暮食朝吐，吐出宿食不化。<br>###兼症::或吐多量清稀水液，神疲乏力，腰膝酸软，眩晕耳鸣，大便溏薄，畏寒肢冷。<br>###舌脉::舌淡，苔白，脉沉细无力。<br>###治法::[[健脾温肾，和胃降逆]]。<br>###代表方::[[桂附理中汤]]。,病机::脾肾阳虚，失于温化，胃气不降。
吐酸定义与病因病机,中医内科学::脾胃病证::吐酸::概述,1,定义::吐酸是指[[胃中酸水上泛]]，又称泛酸。凡随咽下称为吞酸，随则吐出者称为吐酸。<br>###基本病机::以[[肝气横逆、邪犯肺胃、气机失和]]为基本病机。<br>###病性::有[[寒热之分]]，以热证多见。热者多由肝郁化热；寒者多由脾胃虚弱。<br>###临床定位::常与胃痛、呕吐等兼见，辨证论治可参照胃痛进行。,病位::病位在胃，与肝、肺相关。
吐酸治疗原则,中医内科学::脾胃病证::吐酸::概述,1,总治则::吐酸的治疗主要在[[调理脾胃，益气补血]]。<br>###分治::热证（肝胃郁热）治以[[清泄肝火，和胃降逆]]；寒证（脾胃阳虚）治以[[温中散寒，宽胸下气，和胃制酸]]。,方药::热证代表方为[[左金丸]]；寒证代表方为[[香砂六君子汤]]。
嘈杂定义与病因病机,中医内科学::脾胃病证::嘈杂::概述,1,定义::嘈杂是指[[胃中空虚，似饥非饥，似辣非辣，似痛非痛，莫可名状，时作时止]]的病证。<br>###病因::多与饮食不节、情志不和、脾胃虚弱等因素有关。<br>###辨证要点::嘈杂有[[胃热、胃虚]]之不同，临床可见胃痛、痞满等兼夹证。,治则::临床辨证论治可参照胃痛、痞等进行。
嘈杂分证论治,中医内科学::脾胃病证::嘈杂::概述,1,胃热（痰热）证::主症：嘈杂而兼恶心吞酸，口渴喜冷，口臭心烦；治法：[[清热化痰，降逆和中]]；代表方：[[黄连温胆汤]]。<br>###胃热（气血不足）证::主症：嘈杂而兼面白唇淡，头晕心悸，失眠多梦；治法：[[益气养血，健脾和胃]]；代表方：[[归脾汤]]。<br>###胃虚（脾胃虚弱）证::主症：嘈杂时作时止，口淡无味，食后脘胀，体倦乏力；治法：[[益气健脾，调畅气机]]；代表方：[[四君子汤]]。,注意::若胃阴不足，饥不欲食，大便干结，可酌加[[益胃汤]]。
反胃定义与病因病机,中医内科学::脾胃病证::反胃::概述,1,定义::反胃是指[[食入胃，宿食不化，经过良久，由胃反出]]之病。临床特征是[[朝食暮吐，暮食朝吐]]。<br>###基本病机::[[胃失和降，胃气上逆]]。<br>###病因::饮食不当、忧思愁虑。<br>###病性::早期实证多；后期虚证多，可见阴虚、阳虚、瘀毒等。,治则::治以[[温中健脾，降逆和胃]]为主，日久不愈需警惕癌变可能。
反胃转归与预后,中医内科学::脾胃病证::反胃::概述,2,转归::反胃之证，可由胃痛、痞满、泛酸等证演变而来。一般起病缓慢，变化亦慢。<br>###预后::年高体弱者，发病之时已是脾肾两亏，全身日见衰弱，预后多不良。<br>###预防调摄::调节饮食，戒烟酒刺激之品；保持心情舒畅；饮食宜清淡流质；中老年患者一旦出现反胃，应注意排除癌肿可能。,护理::患者呕吐之时，应扶助患者以利吐出。药汁宜浓缩，空腹服。
胁痛定义与病因病机,中医内科学::肝胆病证::胁痛::概述,1,定义::胁痛是指以[[一侧或两侧胁肋部疼痛]]为主要表现的病证。<br>###基本病机::[[肝络失和]]。<br>###病位::主要在[[肝胆]]，与脾胃、肾相关。<br>###病因::情志不遂、跌仆损伤、饮食所伤、外感湿热、劳欲久病。,病性::有虚实之分，以实多见。实证多为气滞、血瘀、湿热；虚证多为阴血不足，肝络失养。
胁痛辨证要点与治则,中医内科学::肝胆病证::胁痛::概述,1,辨证要点::辨在气在血：胀痛多属气滞，刺痛多属血瘀；辨属虚属实：实证病程短、痛势急、拒按；虚证病程长、痛势缓、喜按。<br>###总治则::[[疏肝和络止痛]]。<br>###实证治法::以[[祛邪疏通]]为主，理气、活血、清热、利湿。<br>###虚证治法::以[[扶正柔肝]]为主，滋阴、养血、柔肝。,注意::实证用药不宜过于峻猛，以免伤正；虚证活血化瘀等祛邪药用量不宜过大。
胁痛转归与预防调摄,中医内科学::肝胆病证::胁痛::概述,2,转归::胁痛可演变为[[黄疸、积聚、鼓胀]]等证。若湿热羁留，可发展为黄疸；若气滞血瘀日久，可转为积聚。<br>###预防调摄::调摄情志，保持心情舒畅；忌酒、辛辣肥甘；起居有常，劳逸结合。,临证备要::治胁痛宜疏肝柔肝并举，不可过用辛燥；注意辨证与辨病结合；胆道疾病需配合通腑、化石、排石之品。
肝郁气滞证,中医内科学::肝胆病证::胁痛::证型,1,主症::胁肋胀痛，走窜不定，甚则引及胸背肩臂。<br>###兼症::疼痛每因情志变化而增减，胸闷腹胀，嗳气频作，得嗳气而胀痛稍舒，纳少口苦。<br>###舌脉::舌苔薄白，脉弦。<br>###治法::[[疏肝理气]]。<br>###代表方::[[柴胡疏肝散]]。<br>###加减附方::[[逍遥散】【金铃子散]]。,病机::肝气郁结，气机不畅。
邪郁少阳证,中医内科学::肝胆病证::胁痛::证型,1,主症::胸胁苦满疼痛，兼寒热往来。<br>###兼症::口苦咽干，头痛目眩，心烦喜呕。<br>###舌脉::舌苔薄白或微黄，脉弦。<br>###治法::[[和解少阳]]。<br>###代表方::[[小柴胡汤]]。<br>###加减附方::[[大柴胡汤]]。,病机::邪犯少阳，枢机不利。
肝胆湿热证,中医内科学::肝胆病证::胁痛::证型,1,主症::胁肋胀痛或灼热疼痛，口苦口黏。<br>###兼症::胸闷纳呆，恶心呕吐，厌食油腻，小便黄赤，大便不爽，或兼有身热恶寒。<br>###舌脉::舌红苔黄腻，脉弦滑数。<br>###治法::[[清热利湿]]。<br>###代表方::[[龙胆泻肝汤]]。<br>###加减附方::[[乌梅丸】【硝石矾石散]]。,病机::湿热内蕴，肝胆疏泄不利。
瘀血阻络证,中医内科学::肝胆病证::胁痛::证型,1,主症::胁肋刺痛，痛有定处，痛处拒按，入夜痛甚。<br>###兼症::胁肋下或见癥块。<br>###舌脉::舌质紫暗，脉象沉涩。<br>###治法::[[祛瘀通络]]。<br>###代表方::[[复元活血汤]]或[[血府逐瘀汤]]。<br>###加减附方::[[鳖甲煎丸】【旋覆花汤]]。,病机::瘀血内停，阻滞肝络。
虚证（肝失所养）,中医内科学::肝胆病证::胁痛::证型,2,主症::胁肋隐痛，悠悠不休，遇劳加重。<br>###兼症::口干咽燥，心中烦热，头晕目眩。<br>###舌脉::舌红少苔，脉细弦而数。<br>###治法::[[养阴柔肝]]。<br>###代表方::[[一贯煎]]。,病机::肝阴不足，肝络失养。
黄疸定义与病因病机,中医内科学::肝胆病证::黄疸::概述,1,定义::黄疸是指[[目黄、身黄、小便黄]]为主症的病证，其中[[目睛黄染]]尤为重要。<br>###病因::外感湿热疫毒、内伤饮食劳倦、病后续发、脾胃虚寒、砂石虫体阻滞。<br>###基本病机::[[湿邪困遏脾胃，壅塞肝胆，胆汁泛滥]]。<br>###病位::在脾胃、肝胆。,病性::有[[阳黄、阴黄、急黄]]之分。阳黄多湿热，阴黄多寒湿，急黄多疫毒。
黄疸辨证要点与治则,中医内科学::肝胆病证::黄疸::概述,1,辨证要点::辨阳黄与阴黄（阳黄黄色鲜明，阴黄黄色晦暗）；辨阳黄湿热轻重；辨阴黄虚实。<br>###总治则::[[化湿邪，利小便]]。<br>###阳黄治法::清热利湿为主，通利二便。<br>###阴黄治法::健脾温化为主，温阳利湿。,急黄治法::清热解毒，凉营开窍。<br>###中后期治法::重在[[健脾疏肝，活血化瘀]]。
黄疸转归与预防调摄,中医内科学::肝胆病证::黄疸::概述,2,转归::阳黄一般病程短，预后好；急黄病情凶险，可危及生命；阴黄病程缠绵，预后多不良。<br>###预防调摄::饮食有节，忌辛辣肥甘；避免滥用药物；注意隔离，防止传染。,临证备要::除需辨阴阳，尚应进行有关理化检查；注意病程阶段性变化；大黄为退黄专药；慎用活血化瘀之品。
热重于湿证,中医内科学::肝胆病证::黄疸::阳黄,1,主症::身目俱黄，黄色鲜明，发热口渴。<br>###兼症::或见心中懊恼，腹部胀闷，口干而苦，恶心呕吐，小便短少黄赤，大便秘结。<br>###舌脉::舌苔黄腻，脉弦数或滑数。<br>###治法::[[清热利湿，凉血退黄]]。<br>###代表方::[[茵陈蒿汤]]。<br>###加减附方::[[大柴胡汤】【乌梅丸]]。,病机::湿热熏蒸，困遏脾胃，胆汁外溢。
湿重于热证,中医内科学::肝胆病证::黄疸::阳黄,1,主症::身目俱黄，黄色不及前者鲜明，头身重困，脘闷痞满。<br>###兼症::食欲减退，恶心呕吐，腹胀或大便溏垢。<br>###舌脉::舌苔厚腻微黄，脉象濡数或濡缓。<br>###治法::[[利湿化浊，运脾退黄]]。<br>###代表方::[[茵陈五苓散]]合[[甘露消毒丹]]。<br>###加减附方::[[麻黄连翘赤小豆汤】【栀子柏皮汤】【大黄硝石汤]]。,病机::湿热伏邪，困阻中焦，胆汁不循常道。
胆腑郁热证,中医内科学::肝胆病证::黄疸::阳黄,1,主症::身目发黄，黄色鲜明，上腹、右胁胀闷疼痛，牵引肩背。<br>###兼症::身热不退，或寒热往来，口苦咽干，呕吐呃逆，尿黄赤，大便秘。<br>###舌脉::舌红苔黄，脉弦滑数。<br>###治法::[[疏肝泄热，利胆退黄]]。<br>###代表方::[[大柴胡汤]]。,病机::湿热砂石郁滞，脾胃不和，肝胆失疏。
疫毒炽盛证（急黄）,中医内科学::肝胆病证::黄疸::阳黄,1,主症::发病急骤，黄疸迅速加深，其色如金。<br>###兼症::皮肤瘙痒，高热口渴，胁痛腹满，神昏谵语，烦躁抽搐，或见衄血、便血。<br>###舌脉::舌质红绛，苔黄褐而干燥，脉弦滑或数。<br>###治法::[[清热解毒，凉血开窍]]。<br>###代表方::[[千金犀角散]]或[[犀角地黄汤]]。<br>###加减附方::[[安宫牛黄丸】【紫雪丹】【羚羊角粉]]。,病机::湿热疫毒炽盛，深入营血，内陷心肝。
寒湿阻遏证,中医内科学::肝胆病证::黄疸::阴黄,1,主症::身目俱黄，黄色晦暗，或如烟熏。<br>###兼症::脘腹痞胀，纳谷减少，大便不实，神疲畏寒，口淡不渴。<br>###舌脉::舌淡苔白腻，脉濡缓或沉迟。<br>###治法::[[温中化湿，健脾和胃]]。<br>###代表方::[[茵陈术附汤]]。<br>###加减附方::[[硝石矾石散]]。,病机::中阳不振，寒湿留滞，肝胆失疏。
脾虚湿滞证,中医内科学::肝胆病证::黄疸::阴黄,1,主症::面目及肌肤淡黄，甚则晦暗不泽，肢软乏力。<br>###兼症::心悸气短，大便溏薄。<br>###舌脉::舌质淡苔薄白，脉濡细。<br>###治法::[[健脾养血，利湿退黄]]。<br>###代表方::[[黄芪建中汤]]。,病机::黄疸日久，脾虚血亏，湿滞留。
湿热留恋证,中医内科学::肝胆病证::黄疸::消退后,2,主症::脘痞腹胀，胁肋隐痛，饮食减少。<br>###兼症::口中干苦，小便黄赤。<br>###舌脉::舌苔白腻或黄腻，脉濡数。<br>###治法::[[清热利湿]]。<br>###代表方::[[茵陈四苓散]]。,病机::湿热留恋，余邪未清。
肝脾不调证,中医内科学::肝胆病证::黄疸::消退后,2,主症::脘腹痞闷，肢倦乏力，胁肋隐痛不适。<br>###兼症::饮食欠香，大便不调。<br>###舌脉::舌苔薄白，脉细弦。<br>###治法::[[调和肝脾，理气助运]]。<br>###代表方::[[柴胡疏肝散]]或[[归芍六君子汤]]。,病机::肝脾不调，疏泄失职。
气滞血瘀证,中医内科学::肝胆病证::黄疸::消退后,2,主症::胁下结块，隐痛、刺痛不适，胸胁胀闷。<br>###兼症::面颈部见有赤丝红纹。<br>###舌脉::舌有紫斑或紫点，脉涩。<br>###治法::[[疏肝理气，活血化瘀]]。<br>###代表方::[[逍遥散]]合[[鳖甲煎丸]]。<br>###加减附方::[[香砂六君子汤]]。,病机::气滞血瘀，积块留着。
黄胖定义与病因病机,中医内科学::肝胆病证::黄疸::鉴别,2,定义::黄胖是由[[肠道寄生虫与食积所致]]，以[[面部黄胖、肿大]]为特征的病证。<br>###病因病机::虫积食滞导致脾土虚弱，水谷不能化生精微而生气血，气血衰少，肌肤失养。<br>###治疗原则::以[[调理脾胃，益气补血]]为主。,主要症见::好食易饥，倦怠乏力，肤色萎黄，面足浮肿。
萎黄定义与病因病机,中医内科学::肝胆病证::黄疸::鉴别,2,定义::萎黄是指以[[两目不黄，周身肌肤呈淡黄色，干萎无光泽]]为特征的病证。<br>###病因::虫积食滞导致脾土虚弱，水谷不能化生精微而生气血，气血衰少，肌肤失养。<br>###病因病机::虫积食滞导致脾土虚弱，水谷不能化生精微而生气血，气血衰少，肌肤失养。<br>###临床表现::倦怠乏力，眩晕耳鸣，心悸少寐，大便溏薄，舌淡苔薄，脉象濡细。,注意::与黄疸不同，萎黄的主要症状为两目不黄。
积聚定义与病因病机,中医内科学::肝胆病证::积聚::概述,1,定义::[[积聚]]是腹内结块或痛或胀的病证。[[积证]]有形，结块固定不移，痛有定处，病在血分，属脏病；[[聚证]]无形，包块聚散无常，痛无定处，病在气分，属腑病。<br>###病因::情志失调、饮食所伤、外邪侵袭（寒湿、热邪等）、病后续发（黄疸、胁痛、疟疾等）。<br>###基本病机::[[气机阻滞，瘀血内结]]。聚证以气滞为主，积证以血瘀为主。<br>###病位::主要在[[肝、脾]]。,病性::积证多属血分，聚证多属气分。积聚的病性有虚实之分，初期多实，后期多虚。
积聚辨证要点与治则,中医内科学::肝胆病证::积聚::概述,1,辨证要点::辨初、中、末三期；辨病位（肝、脾、胃肠）；辨标本缓急；辨虚实（初病多实，中病多虚实夹杂，末期多虚）。<br>###总治则::积证治在血分，以[[活血化瘀，软坚散结]]为基本治法；聚证治在气分，以[[疏肝理气，行气消聚]]为基本治法。<br>###治疗禁忌::积证治疗要遵循“[[衰其大半而止]]”的原则，注意顾护正气。,注意::聚证虽有形可征，但正气未衰；积证则需根据病期决定攻补比例。
积聚转归与预防调摄,中医内科学::肝胆病证::积聚::概述,2,转归::聚证一般病程短，预后较好。若日久不愈，可由气入血，转为积证。积证病程长，预后较差，可演变为[[黄疸、鼓胀、出血、昏迷]]等危候。<br>###预防调摄::重视情志调摄，保持心情舒畅；饮食有节，劳逸适度；积极治疗原发病。,临证备要::攻伐药物不可过用；正确把握攻补关系；必要时可选用软坚或虫类药破瘀消积。
肝气郁结证,中医内科学::肝胆病证::积聚::聚证,1,主症::腹中结块柔软，时聚时散，攻窜胀痛。<br>###兼症::脘胁胀闷不适，常随情志波动。<br>###舌脉::舌苔薄，脉弦。<br>###治法::[[疏肝解郁，行气散结]]。<br>###代表方::[[逍遥散]]。<br>###加减附方::[[木香顺气散】【左金丸]]。,病机::肝气郁结，气机不畅，聚而不散。
食滞痰阻证,中医内科学::肝胆病证::积聚::聚证,1,主症::腹胀或痛，腹部时有条索状物聚起。<br>###兼症::按之胀痛更甚，便秘，纳呆，脘闷不舒。<br>###舌脉::舌苔腻，脉弦滑。<br>###治法::[[理气化痰，导滞散结]]。<br>###代表方::[[六磨汤]]。<br>###加减附方::[[枳实导滞丸】【木香槟榔丸】【平胃散】【乌梅丸]]。,病机::食滞内停，痰阻气机，结聚不散。
气滞血阻证,中医内科学::肝胆病证::积聚::积证,1,主症::腹部积块质软不坚，固定不移，胀痛不适。<br>###兼症::舌暗苔薄，脉弦。<br>###治法::[[理气消积，活血散瘀]]。<br>###代表方::[[柴胡疏肝散]]合[[失笑散]]。<br>###加减附方::[[金铃子散】【大七气汤]]。,病机::气滞血阻，脉络不畅，积而成块。
瘀血内结证,中医内科学::肝胆病证::积聚::积证,1,主症::腹部积块明显，质地较硬，固定不移，隐痛或刺痛。<br>###兼症::形体消瘦，面色晦暗黧黑，面颈胸背或有血痣赤缕。<br>###舌脉::舌质紫或有瘀斑瘀点，脉细涩。<br>###治法::[[祛瘀软坚，兼调脾胃]]。<br>###代表方::[[膈下逐瘀汤]]合[[六君子汤]]。<br>###加减附方::[[鳖甲煎丸]]。,病机::瘀血内结，阻滞脉络，积块形成。
正虚瘀结证,中医内科学::肝胆病证::积聚::积证,1,主症::久病体弱，积块坚硬，隐痛或剧痛。<br>###兼症::饮食大减，神倦乏力，面色萎黄或黧黑，形脱骨立。<br>###舌脉::舌质淡紫或无苔，脉细数或弦细。<br>###治法::[[补益气血，活血化瘀]]。<br>###代表方::[[八珍汤]]合[[化积丸]]。<br>###加减附方::[[人参、太子参、黄芪]]。,病机::气血亏虚，瘀血内结，正气衰败。
鼓胀定义与病因病机,中医内科学::肝胆病证::鼓胀::概述,1,定义::鼓胀是指[[肝病日久，肝脾肾功能失调，气滞、血瘀、水停腹中]]所致的一类病证。临床以[[腹大胀满，绷急如鼓，皮色苍黄，脉络显露]]为特征。<br>###病因::酒食不节、情志刺激、虫毒感染（血吸虫）、病后续发（黄疸、积聚、久泻久痢）。<br>###基本病理变化::[[肝脾肾受损，气滞、血瘀、水停腹中]]。<br>###病位::主要在[[肝、脾、肾]]。,病性::[[本虚标实]]。本虚为肝、脾、肾亏虚；标实为气、血、水互结。
鼓胀辨证要点与治则,中医内科学::肝胆病证::鼓胀::概述,1,辨证要点::辨病期（早期气滞，中期水湿，晚期瘀血、脾肾阳虚）；辨病位；辨虚实；辨危候（出血、神昏、痉厥）。<br>###总治则::[[攻补兼施，补虚不忘实，泻实不忘虚]]。<br>###标实治法::行气、活血、利水。<br>###本虚治法::温补脾肾、滋养肝肾。,注意::鼓胀后期需警惕[[黄疸、出血、神昏、痉厥]]等危候。
鼓胀转归与预防调摄,中医内科学::肝胆病证::鼓胀::概述,2,转归::病情复杂，易反复，预后较差。晚期易出现出血、昏迷、痉厥等危候。<br>###预防调摄::调摄情绪，避免劳累；注意饮食，低盐饮食；积极治疗原发病。,临证备要::正确使用逐水法；注意攻补兼施；鼓胀易反复，应坚持治疗。
气滞湿阻证,中医内科学::肝胆病证::鼓胀::证型,1,主症::腹胀按之不坚，胁下胀满或疼痛。<br>###兼症::饮食减少，食后胀甚，得嗳气、矢气稍减，小便短少。<br>###舌脉::舌苔白腻，脉弦。<br>###治法::[[疏肝理气，运脾利湿]]。<br>###代表方::[[柴胡疏肝散]]合[[胃苓汤]]。<br>###加减附方::[[胃苓汤]]。,病机::肝气郁滞，脾运失健，水湿内停。
水湿困脾证,中医内科学::肝胆病证::鼓胀::证型,1,主症::腹大胀满，按之如囊裹水，甚则颜面微浮。<br>###兼症::下肢浮肿，脘腹痞胀，得热则舒，精神困倦，怯寒懒动，小便少。<br>###舌脉::舌苔白腻，脉缓。<br>###治法::[[温中健脾，行气利水]]。<br>###代表方::[[实脾饮]]。,病机::脾阳不振，水湿停聚。
湿热蕴结证,中医内科学::肝胆病证::鼓胀::证型,1,主症::腹大坚满，脘腹胀急，烦热口苦，渴不欲饮。<br>###兼症::或有面目、皮肤发黄，小便赤涩，大便秘结或溏垢。<br>###舌脉::舌边尖红，苔黄腻或兼灰黑，脉弦数。<br>###治法::[[清热利湿，攻下逐水]]。<br>###代表方::[[中满分消丸]]合[[茵陈蒿汤]]。<br>###加减附方::[[舟车丸]]。,病机::湿热壅盛，气机不利，水湿内停。
肝脾血瘀证,中医内科学::肝胆病证::鼓胀::证型,1,主症::脘腹坚满，青筋显露，胁下癥积，痛如针刺。<br>###兼症::面色晦暗黧黑，面颈胸臂出现血痣或蟹爪纹，口干不欲饮。<br>###舌脉::舌质紫暗或有紫斑，脉细涩。<br>###治法::[[活血化瘀，行气利水]]。<br>###代表方::[[调营饮]]。<br>###加减附方::[[八珍汤】【人参养荣丸】【大黄蛰虫丸】【鳖甲煎丸]]。,病机::瘀血内停，阻滞肝络，水气内结。
脾肾阳虚证,中医内科学::肝胆病证::鼓胀::证型,1,主症::腹大胀满，形似蛙腹，朝宽暮急，面色苍黄。<br>###兼症::或呈㿠白，脘闷纳呆，神倦怯寒，肢冷浮肿，小便短少不利。<br>###舌脉::舌体胖，质淡，脉沉细无力。<br>###治法::[[温补脾肾，化气利水]]。<br>###代表方::[[附子理苓汤]]或[[济生肾气丸]]。<br>###加减附方::[[济生肾气丸]]。,病机::脾肾阳虚，水湿内停，气化不利。
肝肾阴虚证,中医内科学::肝胆病证::鼓胀::证型,1,主症::腹大胀满，或见青筋暴露，面色晦滞。<br>###兼症::唇紫，口干而燥，心烦失眠，时或鼻衄，牙龈出血，小便短少。<br>###舌脉::舌质红绛少津，脉细数。<br>###治法::[[滋肾柔肝，养阴利水]]。<br>###代表方::[[六味地黄丸]]合[[一贯煎]]。<br>###加减附方::[[膈下逐瘀汤]]。,病机::肝肾阴虚，血脉瘀阻，水湿停留。
鼓胀变证（出血）,中医内科学::肝胆病证::鼓胀::变证,1,主症::轻者可见牙龈出血、鼻衄或皮肤瘀斑；重者病变突变，[[大量呕血或便血]]。<br>###兼症::面色苍白，烦躁不安，舌红苔黄，脉弦数。<br>###治法::[[泻火解毒，凉血止血]]。<br>###代表方::[[犀角地黄汤]]。<br>###加减附方::[[参附龙牡汤]]。,病机::热毒炽盛，灼伤血络，或瘀血内停，血不归经。
鼓胀变证（神昏）,中医内科学::肝胆病证::鼓胀::变证,1,主症::神志昏迷，烦躁不安，或嗜睡。<br>###兼症::口中臭秽，发热，小便赤涩，大便不通。<br>###舌脉::舌质红绛，苔黄燥，脉细数。<br>###治法::[[清热解毒，醒脑开窍]]。<br>###代表方::[[清营汤]]合[[安宫牛黄丸]]。<br>###加减附方::[[紫雪丹】【至宝丹]]。,病机::热毒上扰神明，或痰湿蒙蔽心窍。
瘿病定义与病因病机,中医内科学::肝胆病证::瘿病::概述,1,定义::瘿病是由于[[情志内伤、饮食及水土失宜]]等，以致气滞、痰凝、血瘀壅结颈前所引起的，以[[颈前喉结两旁结块肿大]]为主要临床特征的疾病。<br>###病因::情志内伤、饮食及水土失宜、体质因素（女性、素体阴虚者易患）。<br>###基本病机::[[气滞、痰凝、血瘀壅结颈前]]。<br>###病位::主要在[[肝脾]]，与心有关。<br>###病性::实证居多，久则由实致虚，见气虚、阴虚或虚实夹杂。,病理因素::气滞、痰凝、血瘀。<br>###转归::若肿块在短期内迅速增大，质地坚硬，结节高低不平者，可能恶变，预后不佳。
瘿病辨证要点与治则,中医内科学::肝胆病证::瘿病::概述,1,辨证要点::辨在气在血（气分：颈前肿块光滑，柔软；血分：肿块质地较硬，表面高低不平）；辨火旺与阴伤（火旺：烦热，急躁易怒，眼球突出；阴虚：心悸不宁，心烦少寐，手颤）。<br>###总治则::[[理气化痰，消瘿散结]]。<br>###分治::瘿肿质地较硬及有结节者，配合活血化瘀；火郁阴伤而表现阴虚火旺者，以滋阴降火为主。,治疗注意::根据不同病机施予相应治法，酸甘化阴，注意顾护气阴。
瘿病转归与预防调摄,中医内科学::肝胆病证::瘿病::概述,2,转归::若治疗及时，大多预后较好；肿块较大者不易完全消散；若肿块坚硬、结节高低不平，近期增大迅速，可能恶变，预后不良。<br>###预防调摄::保持精神愉快，防止情志内伤；针对水土因素调节饮食；在容易发生瘿病的地区，可经常食用海带，及采用碘化食盐预防。,临证备要::谨慎应用含碘药物；黄药子具有消瘦散结、凉血降火作用，但有[[小毒]]，长期服用对肝脏损害较大，用量一般不宜超过10g。
气郁痰阻证,中医内科学::肝胆病证::瘿病::证型,1,主症::颈前喉结两旁结块肿大，质软不痛。<br>###兼症::颈部觉胀，胸闷，喜太息，或兼胸胁窜痛，病情常随情志波动。<br>###舌脉::舌苔薄白，脉弦。<br>###治法::[[理气舒郁，化痰消瘿]]。<br>###代表方::[[四海舒郁丸]]。<br>###加减附方::[[五海瘿瘤丸】【消瘿气瘿丸]]。,病机::气机郁滞，痰浊凝结。
痰结血瘀证,中医内科学::肝胆病证::瘿病::证型,1,主症::颈前喉结两旁结块肿大，按之较硬或有结节。<br>###兼症::肿块经久未消，胸闷，纳差。<br>###舌脉::舌质暗或紫，苔薄白或白腻，脉弦或涩。<br>###治法::[[理气活血，化痰消瘿]]。<br>###代表方::[[海藻玉壶汤]]。,病机::痰气交阻，血脉瘀滞。
肝火旺盛证,中医内科学::肝胆病证::瘿病::证型,1,主症::颈前喉结两旁轻度或中度肿大，一般柔软光滑。<br>###兼症::烦热，容易出汗，性情急躁易怒，眼球突出，手指颤抖，面部烘热，口苦。<br>###舌脉::舌质红苔黄，脉弦数。<br>###治法::[[清肝泻火，消瘿散结]]。<br>###代表方::[[栀子清肝汤]]合[[消瘿丸]]。<br>###加减附方::[[藻药散】【二冬汤合消瘿丸]]。,病机::肝郁化火，火旺伤阴。
心肝阴虚证,中医内科学::肝胆病证::瘿病::证型,1,主症::颈前喉结两旁结块或大或小，质软，病起较缓。<br>###兼症::心悸不宁，心烦少寐，易出汗，手指颤动，眼干，目眩，倦怠乏力。<br>###舌脉::舌红少苔，舌体颤动，脉弦细数。<br>###治法::[[滋阴降火，宁心柔肝]]。<br>###代表方::[[天王补心丹]]或[[一贯煎]]。,病机::心肝阴虚，虚火内扰。
疟疾定义与病因病机,中医内科学::肝胆病证::疟疾::概述,1,定义::疟疾是感受[[疟邪]]，邪伏半表半里，出入营卫之间，邪正交争，引起的以[[寒战、壮热、头痛、汗出、休作有时]]为临床特征的一类疾病。<br>###病因::感受疟邪，因正气抗邪能力下降有关；诱发因素为外感风寒、暑湿（多见）、饮食劳倦。<br>###主要病机::[[感邪之后，邪伏半表半里，出入营卫之间，邪正交争]]。<br>###病位::总属[[少阳]]。,转归::疟疾预后与邪势之轻重、病位之深浅、正气之强弱有关。可出现面目一身俱黄，或见神昏谵语，或成为瘕块、积聚。
疟疾辨证要点与治则,中医内科学::肝胆病证::疟疾::概述,1,辨证要点::疟疾的辨证应根据病情轻重、寒热偏盛、正气盛衰及病程久暂，区分为[[正疟、温疟、寒疟、瘴疟、劳疟]]。<br>###总治则::[[祛邪截疟]]。<br>###分治::温疟兼清，寒疟兼温，瘴疟宜解毒除瘴，劳疟则以扶正为主，佐以截疟。如属疟母，又当祛瘀化痰、软坚。,治法::疟疾发作时，寒战、高热、头痛、汗出，休作有时。
正疟,中医内科学::肝胆病证::疟疾::证型,1,主症::发作症状比较典型，常先有呵欠乏力，继则寒战鼓颔，寒罢则内外皆热，头痛面赤。<br>###兼症::口渴引饮，终则遍身汗出，热退身凉。<br>###舌脉::舌红，苔薄白或黄腻，脉弦。<br>###治法::[[祛邪截疟，和解表里]]。<br>###代表方::[[柴胡截疟饮]]或[[截疟七宝饮]]。,病机::疟邪伏于半表半里，邪正交争。
温疟,中医内科学::肝胆病证::疟疾::证型,1,主症::发作时热多寒少，汗出不畅。<br>###兼症::头痛，骨节酸痛，口渴引饮，便秘尿赤。<br>###舌脉::舌红苔黄，脉弦数。<br>###治法::[[清热解表，和解祛邪]]。<br>###代表方::[[白虎加桂枝汤]]或[[白虎加人参汤]]。<br>###加减附方::[[白虎加桂枝汤】（外邪束表）；[[白虎加人参汤】（热势较甚，津气两伤）】。,病机::素体阳盛，复感疟邪，或暑热内蕴。
寒疟,中医内科学::肝胆病证::疟疾::证型,1,主症::发作时热少寒多，休作有时。<br>###兼症::口不渴，胸闷脘痞，神疲体倦。<br>###舌脉::舌苔白腻，脉弦。<br>###治法::[[和解表里，温阳达邪]]。<br>###代表方::[[柴胡桂枝干姜汤]]合[[截疟七宝饮]]。,病机::素体阳虚，复感疟邪，或寒湿内盛。
瘴疟（热瘴）,中医内科学::肝胆病证::疟疾::证型,1,主症::热甚寒微，或壮热不寒，头痛，肢体烦痛。<br>###兼症::面红目赤，烦渴饮冷，便秘，尿热赤，甚则神昏谵语。<br>###舌脉::舌红绛，苔黄腻或垢黑，脉洪数或弦数。<br>###治法::[[解毒除瘴，清热保津]]。<br>###代表方::[[清瘴汤]]。<br>###加减附方::[[紫雪丹】【至宝丹]]（神昏谵语者）。,病机::瘴毒内盛，热入营血，蒙蔽心窍。
瘴疟（冷瘴）,中医内科学::肝胆病证::疟疾::证型,1,主症::寒甚热微，或但寒不热，或呕吐腹泻。<br>###兼症::甚则嗜睡不语，神志昏蒙。<br>###舌脉::舌苔厚腻色白，脉弦。<br>###治法::[[解毒除瘴，芳化湿浊]]。<br>###代表方::[[加味不换金正气散]]。<br>###加减附方::[[苏合香丸】【玉枢丹]]（嗜睡昏蒙者）。,病机::瘴毒内盛，寒湿内困。
劳疟,中医内科学::肝胆病证::疟疾::证型,1,主症::疟疾迁延日久，每遇劳累易发。<br>###兼症::发时寒热较轻，面色萎黄，倦怠乏力，短气懒言，纳少自汗。<br>###舌脉::舌质淡，脉细弱。<br>###治法::[[益气养血，扶正祛邪]]。<br>###代表方::[[何人饮]]。,病机::久疟不愈，气血两虚。
疟母,中医内科学::肝胆病证::疟疾::证型,1,主症::久疟不愈，痰浊瘀血互结，左胁下形成痞块。<br>###治法::[[软坚散结，祛瘀化痰]]。<br>###代表方::[[鳖甲煎丸]]。<br>###加减附方::[[八珍汤】【十全大补汤]]（兼有气血亏虚者）。,病机::疟邪久留，气血瘀滞。
鼓胀变证（黄疸）,中医内科学::肝胆病证::鼓胀::变证,1,主症::身目黄染如金。<br>###兼症::倦怠乏力，烦躁不宁，纳食欠佳或不想食，恶心厌油，肝区胀痛，腹部膨隆，双下肢水肿，尿少如浓茶，大便溏。<br>###舌脉::舌暗红，苔黄腻，脉弦滑。<br>###治法::[[清热解毒，利湿退黄]]。<br>###代表方::[[甘露消毒丹]]。,病机::湿热蕴结，胆汁外溢。
水肿定义与病因病机,中医内科学::肾系病证::水肿::概述,1,定义::水肿是由于多种原因导致[[体内水液潴留，泛滥肌肤]]，引起以[[眼睑、头面、四肢、腹背甚至全身浮肿]]为主要临床表现的病证。<br>###病因::风邪袭表、疮毒内陷、外感水湿、饮食不节、禀赋不足、久病劳倦。<br>###基本病机::[[肺失通调，脾失转输，肾失开阖，三焦气化不利]]。<br>###病位::在肺、脾、肾，以肾为本。<br>###病性::有阴阳之别，当区分虚实寒热。阳水表实热；阴水虚寒或本虚标实。,病理因素::风邪、水湿、疮毒、瘀血。<br>###变证::眩晕、心悸、喘脱、癃闭、关格。
水肿辨证要点与治则,中医内科学::肾系病证::水肿::概述,1,辨证要点::辨阳水与阴水；辨标本虚实；辨病邪性质；辨病位。<br>###总治则::[[发汗、利尿、泻下逐水]]。<br>###阳水治法::以祛邪为主，发汗、利水或攻逐，配合清热解毒、理气化湿。<br>###阴水治法::以扶正为主，健脾温肾，同时配以利水、养阴、活血、祛瘀。,临证备要::攻下逐水法宜慎用，不可过用伤正；晚期水肿慎用峻下逐水药；重视活血化瘀利水法。
水肿转归与预防调摄,中医内科学::肾系病证::水肿::概述,2,转归::阳水若及时治疗，预后良好；阴水多由脏腑亏虚，病情缠绵难愈，后期可影响到心，出现喘脱、关格等危重证候。<br>###预防调摄::避免各种诱因，注意保暖；饮食清淡，忌食辛辣；加强护理，记录出入量，保持皮肤干燥。,注意::水肿病患者应限制盐摄入，重症者绝对卧床休息。
风水相搏证,中医内科学::肾系病证::水肿::阳水,1,主症::眼睑浮肿，继则四肢及全身皆肿，来势迅速。<br>###兼症::多有恶寒发热，肢节酸楚，小便不利等。<br>###舌脉::舌苔薄白，脉浮滑或浮紧。<br>###治法::[[疏风清热，宣肺行水]]。<br>###代表方::[[越婢加术汤]]。<br>###加减附方::[[防己黄芪汤]]（汗出恶风，卫阳已虚者）。,病机::风邪袭表，肺失宣降，水湿内停。
湿毒浸淫证,中医内科学::肾系病证::水肿::阳水,1,主症::眼睑浮肿，延及全身，皮肤光亮，尿少色赤。<br>###兼症::身发疮痍，甚则溃烂，恶风发热。<br>###舌脉::舌质红，苔薄黄，脉浮数或滑数。<br>###治法::[[宣肺解毒，利湿消肿]]。<br>###代表方::[[麻黄连翘赤小豆汤]]合[[五味消毒饮]]。,病机::湿毒内侵，肺失通调，水湿泛滥。
水湿浸渍证,中医内科学::肾系病证::水肿::阳水,1,主症::全身水肿，下肢明显，按之没指，小便短少。<br>###兼症::身体困重，胸闷，纳呆，泛恶。<br>###舌脉::舌苔白腻，脉沉缓。<br>###治法::[[运脾化湿，通阳利水]]。<br>###代表方::[[五皮饮]]合[[胃苓汤]]。,病机::水湿内停，脾为湿困，健运失司。
湿热壅盛证,中医内科学::肾系病证::水肿::阳水,1,主症::遍体浮肿，皮肤绷急光亮，胸脘痞闷。<br>###兼症::烦热口渴，小便短赤，或大便秘结。<br>###舌脉::舌红，苔黄腻，脉滑数。<br>###治法::[[分利湿热，疏理气机]]。<br>###代表方::[[疏凿饮子]]。<br>###加减附方::[[己椒苈黄丸】【猪苓汤]]（水湿日久化热者）。,病机::湿热壅盛，三焦气机不利。
脾阳虚衰证,中医内科学::肾系病证::水肿::阴水,1,主症::身肿日久，腰以下为甚，按之凹陷不易恢复。<br>###兼症::脘腹胀闷，纳减便溏，面色不华，神疲乏力，四肢倦怠，小便短少。<br>###舌脉::舌质淡，苔白腻或白滑，脉沉缓或沉弱。<br>###治法::[[健脾温阳利水]]。<br>###代表方::[[实脾饮]]。<br>###加减附方::[[参苓白术散]]（脾虚湿盛，饮食不化者）。,病机::脾阳不振，水湿内停。
肾阳衰微证,中医内科学::肾系病证::水肿::阴水,1,主症::水肿反复消长不已，面浮身肿，腰以下为甚，按之凹陷不起。<br>###兼症::尿量减少或反多，腰酸冷痛，四肢厥冷，怯寒神疲，面色㿠白。<br>###舌脉::舌质淡胖，苔白，脉沉细或沉迟无力。<br>###治法::[[温肾助阳，化气行水]]。<br>###代表方::[[济生肾气丸]]合[[真武汤]]。<br>###加减附方::[[右归丸】【左归丸】【五苓散】【越婢汤]]。,病机::肾阳衰微，气化不利，水湿泛滥。
瘀水互结证,中医内科学::肾系病证::水肿::阴水,1,主症::水肿日久不退，肿势轻重不一，四肢或全身浮肿。<br>###兼症::皮肤瘀斑，腰部刺痛，或伴血尿。<br>###舌脉::舌紫暗，苔白，脉沉细涩。<br>###治法::[[活血祛瘀，化气行水]]。<br>###代表方::[[桃红四物汤]]合[[五苓散]]。<br>###加减附方::[[济生肾气丸]]（脾肾亏虚者）。,病机::瘀血内停，水湿内聚。
水肿变证:肾元虚衰 浊毒内停 胃失和降证,中医内科学::肾系病证::水肿::变证,1,主症::恶心呕吐，或有呃逆，不思纳食。<br>###兼症::脘腹痞满，口有尿味，小便短少，甚或二便不通。<br>###舌脉::舌苔浊腻，脉细滑。<br>###治法::[[通腑泄浊，和胃降逆]]。<br>###代表方::[[黄连温胆汤]]加大黄、石菖蒲，或用升降散。,病机::肾元衰败，浊毒内停，胃气上逆。
水肿变证:水凌心肺 阳气衰微证,中医内科学::肾系病证::水肿::变证,1,主症::心悸胸闷，喘促难卧，咳吐清涎。<br>###兼症::手足肿甚，舌质淡胖，脉沉细而数。<br>###治法::[[温阳补肾，泄浊利水]]。<br>###代表方::[[真武汤]]合[[葶苈大枣泻肺汤]]或合[[黑锡丹]]。,病机::阳虚水泛，水气上凌心肺。
水肿变证:阴血亏虚 虚风扰动证,中医内科学::肾系病证::水肿::变证,1,主症::头晕头痛，步履飘浮，肢体微颤。<br>###兼症::或见抽搐掣痛。<br>###舌脉::舌红少苔，脉细数。<br>###治法::[[息风潜阳，补元固本]]。<br>###代表方::[[大补元煎]]合[[羚角钩藤汤]]。,病机::肾精内竭，肝风内动。
水肿变证:浊毒伤血 络破血溢证,中医内科学::肾系病证::水肿::变证,1,主症::皮肤发斑，齿衄、尿血、便血等。<br>###治法::[[清热解毒，凉血止血]]。<br>###代表方::[[大黄黄连泻心汤]]合[[犀角地黄汤]]。,病机::浊毒内盛，损伤血络。
水肿变证:邪毒内闭 神机失用证,中医内科学::肾系病证::水肿::变证,1,主症::神志淡漠，反应迟钝，或躁扰不宁。<br>###兼症::甚则神昏谵语，面色晦滞，泛恶口臭，二便不通，肌衄牙宣。<br>###舌脉::舌红绛，苔黄燥，脉细数。<br>###治法::[[清热解毒，通窍泄浊]]。<br>###代表方::[[安宫牛黄丸]]或[[紫雪丹]]口服，大黄等药灌肠。,病机::浊毒内闭，蒙蔽清窍。
淋证定义与病因病机,中医内科学::肾系病证::淋证::概述,1,定义::淋证是以[[小便频数，淋沥刺痛，欲出未尽，小腹拘急，或痛引腰腹]]为主症的病证。<br>###病因::外感湿热、饮食不节、情志失调、禀赋不足、劳伤久病。<br>###基本病理变化::[[湿热蕴结下焦，肾与膀胱气化不利]]。<br>###病位::在膀胱、肾，与肝脾相关。<br>###病性::实者可见热盛伤络，虚者可见脾肾两虚。,病理因素::湿热。<br>###分类::热淋、气淋、血淋、石淋、膏淋、劳淋。
淋证辨证要点与治则,中医内科学::肾系病证::淋证::概述,1,辨证要点::首辨六淋主症；次辨虚实。<br>###总治则::[[实则清利，虚则补益]]。<br>###实证治法::清热利湿、凉血止血、通淋排石、分清泄浊、理气疏导。<br>###虚证治法::健脾益气、补虚益肾。,临证备要::辨轻重缓急，重标本虚实；重视淋证并发证，急则治标；老年体虚者注意补益脾肾。
淋证转归与预防调摄,中医内科学::肾系病证::淋证::概述,2,转归::淋证初起病情轻，一般预后良好；若处理不当，可致热毒入营血，出现高热神昏；若久淋不愈，脾肾两虚，可转为水肿、癃闭、关格。<br>###预防调摄::注意外阴清洁，不憋尿；患病后注意休息，饮食清淡，忌肥甘辛辣酒醇之品。,注意::房事后排尿，防止秽浊之邪从下阴侵入。
热淋,中医内科学::肾系病证::淋证::证型,1,主症::小便频数短涩，灼热刺痛，溺色黄赤。<br>###兼症::少腹拘急胀痛，或有寒热，口苦，呕恶，或有腰痛拒按。<br>###舌脉::舌苔黄腻，脉滑数。<br>###治法::[[清热利湿通淋]]。<br>###代表方::[[八正散]]。<br>###加减附方::[[黄连解毒汤】【五味消毒饮]]。,病机::湿热蕴结下焦，膀胱气化不利。
石淋,中医内科学::肾系病证::淋证::证型,1,主症::尿中夹砂石，排尿涩痛，或排尿时突然中断。<br>###兼症::尿道窘迫疼痛，少腹拘急，往往突发，一侧腰腹绞痛难忍，甚则牵及外阴。<br>###舌脉::舌红，苔薄黄，脉弦或带数。<br>###治法::[[清热利湿，排石通淋]]。<br>###代表方::[[石韦散]]。<br>###加减附方::[[补中益气汤】【六味地黄丸]]（石淋兼气虚者）。,病机::湿热蕴结，煎熬尿液，结成砂石。
血淋,中医内科学::肾系病证::淋证::证型,1,主症::小便热涩刺痛，尿色深红，或夹有血块。<br>###兼症::疼痛满急加剧，或见心烦。<br>###舌脉::舌尖红，苔黄，脉滑数。<br>###治法::[[清热通淋，凉血止血]]。<br>###代表方::[[小蓟饮子]]。<br>###加减附方::[[知柏地黄丸】【归脾汤]]（虚证者）。,病机::湿热下注，灼伤血络。
气淋,中医内科学::肾系病证::淋证::证型,1,主症::郁怒之后，小便涩滞，淋沥不畅。<br>###兼症::少腹胀满疼痛。<br>###舌脉::舌苔薄白，脉弦。<br>###治法::[[理气疏导，通淋利尿]]。<br>###代表方::[[沉香散]]。<br>###加减附方::[[补中益气汤]]（虚证气淋）。,病机::气机郁滞，膀胱气化不利。
膏淋,中医内科学::肾系病证::淋证::证型,1,主症::小便浑浊如米泔水，或上有浮油，置之沉淀，或伴有絮状凝块物。<br>###兼症::或混有血液、血块，尿道热涩疼痛，尿时阻塞不畅。<br>###舌脉::舌红，苔黄腻，脉濡数。<br>###治法::[[清热利湿，分清泄浊]]。<br>###代表方::[[程氏萆薢分清饮]]。<br>###加减附方::[[膏淋汤】【补中益气汤】【七味都气丸】【金匮肾气丸]]（虚证膏淋）。,病机::湿热下注，膀胱气化不利，脂液不约。
劳淋,中医内科学::肾系病证::淋证::证型,1,主症::小便不甚赤涩，溺痛不甚，但淋沥不已，时作时止。<br>###兼症::遇劳即发，腰膝酸软，神疲乏力。<br>###舌脉::舌质淡，脉细弱。<br>###治法::[[补脾益肾]]。<br>###代表方::[[无比山药丸]]。<br>###加减附方::[[补中益气汤】【知柏地黄丸】【右归丸]]。,病机::脾肾两虚，湿热留恋，膀胱气化无力。
癃闭定义与病因病机,中医内科学::肾系病证::癃闭::概述,1,定义::癃闭是以[[小便量少，排尿困难]]，甚则[[小便闭塞不通]]为主症的病证。癃为小便不畅，点滴而短少，病势较缓；闭为小便闭塞，点滴不通，病势较急。<br>###病因::外邪侵袭、饮食不节、情志失调、尿路阻塞、体虚久病、药毒所伤。<br>###基本病机::[[肾与膀胱气化功能失调]]，尿液生成或排泄障碍。<br>###病位::在肾与膀胱，与肺、脾、肝、三焦密切相关。,病理因素::湿热、热毒、气滞、痰瘀。<br>###病性::分虚实。实证多为湿热、热毒、气滞、痰瘀；虚证多为脾肾气虚、中气下陷、肾阳衰虚、阴亏。<br>###变证::喘证、心悸、关格、呕吐、神昏厥。
癃闭辨证要点与治则,中医内科学::肾系病证::癃闭::概述,1,辨证要点::辨虚实；辨病之缓急轻重（癃转闭为轻，闭转癃为重）；辨膀胱有尿与无尿。<br>###总治则::遵循[[腑以通为用]]的原则。<br>###实证治法::[[清利、散结、化瘀]]。<br>###虚证治法::[[补脾肾、助气化]]。,临证备要::急则治标，缓则治本；下病上治，提壶揭盖法。
癃闭转归与预防调摄,中医内科学::肾系病证::癃闭::概述,2,转归::病情轻浅者预后良好。若失治误治，可由“癃”转“闭”，甚至出现[[喘证、心悸、关格、水肿、呕吐、神昏]]等危候。<br>###预防调摄::消除外邪及湿热内生因素；避免紧张焦虑；积极治疗淋证、水肿等原发病。<br>###护理::水蓄膀胱者应严格导尿护理，保持会阴部卫生。,注意::导尿时应严格执行操作规范，避免外邪入侵。
膀胱湿热证,中医内科学::肾系病证::癃闭::实证,1,主症::小便点滴不通，或量极少而短赤灼热。<br>###兼症::小腹胀满，口苦口黏，或口渴不欲饮，或大便不畅。<br>###舌脉::舌质红，苔黄腻，脉数。<br>###治法::[[清利湿热，通利小便]]。<br>###代表方::[[八正散]]。<br>###加减附方::[[导赤散】（心烦、口舌生疮）；[[滋肾通关丸】（湿热久恋下焦，肾阴虚）；[[黄连温胆汤】（湿热蕴结三焦，气化不利）】。,病机::湿热下注，膀胱气化不利。
肺热壅盛证,中医内科学::肾系病证::癃闭::实证,1,主症::小便不畅或点滴不通。<br>###兼症::咽干，烦渴欲饮，呼吸急促，或有咳嗽。<br>###舌脉::舌红，苔薄黄，脉数。<br>###治法::[[清泄肺热，通利水道]]。<br>###代表方::[[清肺饮]]。<br>###加减附方::[[八正散】（尿赤灼热，小腹胀满）】。,病机::肺热壅盛，失于肃降，水道不通。
肝郁气滞证,中医内科学::肾系病证::癃闭::实证,1,主症::小便不通或通而不爽。<br>###兼症::情志抑郁，或多烦善怒，胁腹胀满。<br>###舌脉::舌红，苔薄黄，脉弦。<br>###治法::[[疏利气机，通利小便]]。<br>###代表方::[[沉香散]]。<br>###加减附方::[[六磨汤】（肝郁气滞较重者）；[[济生肾气丸】（脾虚及肾）】。,病机::肝气郁结，气机不畅，膀胱气化不利。
浊瘀阻塞证,中医内科学::肾系病证::癃闭::实证,1,主症::小便点滴而下，或尿如细线。<br>###兼症::甚则阻塞不通，小腹胀满疼痛。<br>###舌脉::舌紫暗，或有瘀点，脉涩。<br>###治法::[[行瘀散结，通利水道]]。<br>###代表方::[[代抵当丸]]。,病机::瘀血败精，阻塞尿路。
脾气不升证,中医内科学::肾系病证::癃闭::虚证,1,主症::小腹坠胀，时欲小便而不得出，或量少而不畅。<br>###兼症::神疲乏力，食欲不振，气短而语声低微。<br>###舌脉::舌淡，苔薄白，脉细弱。<br>###治法::[[升清降浊，化气行水]]。<br>###代表方::[[补中益气汤]]合[[春泽汤]]。<br>###加减附方::[[参苓白术散】（气虚及阴，气阴两虚）】。,病机::中气不足，清阳不升，浊阴不降。
肾阳衰惫证,中医内科学::肾系病证::癃闭::虚证,1,主症::小便不通或点滴不爽，排出无力。<br>###兼症::面色㿠白，神气怯弱，畏寒肢冷，腰膝酸冷无力。<br>###舌脉::舌淡胖，苔薄白，脉沉细或弱。<br>###治法::[[温补肾阳，化气利水]]。<br>###代表方::[[济生肾气丸]]。<br>###加减附方::[[香茸丸】（老人精血俱亏）；[[温脾汤合吴茱萸汤】（肾阳衰惫，浊阴内盛）】。,病机::肾阳不足，气化无权，水湿内停。
肾阴亏耗证,中医内科学::肾系病证::癃闭::虚证,1,主症::小便量少或全无。<br>###兼症::口燥咽干，腰膝酸软，烦躁不安，潮热盗汗，头晕耳鸣。<br>###舌脉::舌红少苔，脉细数。<br>###治法::[[滋补肾阴，育阴利水]]。<br>###代表方::[[六味地黄丸]]合[[猪苓汤]]。<br>###加减附方::[[滋肾通关丸】（阴虚及气，以利小便）】。,病机::肾阴亏虚，津液枯竭，膀胱气化不利。
关格定义与病因病机,中医内科学::肾系病证::关格::概述,1,定义::关格是以[[脾肾虚衰，气化不利，浊邪壅塞三焦]]，导致[[小便不通与呕吐并见]]为临床特征的危重病证。<br>###病因::久病伤肾（水肿、淋证、癃闭）、外邪侵袭、饮食所伤、劳欲过度。<br>###基本病机::[[脾肾衰惫，气化不利，湿浊毒邪内蕴三焦]]。<br>###病位::在脾（胃）、肾（膀胱），尤以肾为关键，涉及肺、肝、心等。<br>###病性::[[本虚标实]]。本虚为脾肾阴阳衰惫，标实为湿浊毒邪内盛。,病理因素::湿浊、瘀毒。<br>###变证::喘脱、昏仆、惊厥、中风。
关格辨证要点与治则,中医内科学::肾系病证::关格::概述,1,辨证要点::分清本虚标实（辨脾肾阳虚还是肝肾阴虚）；辨明病位（脾、肾、肝、心、肺）。<br>###总治则::遵循[[治主当缓，治客当急]]。<br>###治法::[[攻补兼施，标本兼顾]]。早期以补为先，兼化浊利水；晚期补泻并重。,治疗禁忌::忌用峻下利尿。<br>###临证备要::合理运用中药保留灌肠法；大黄在关格治疗中的应用。
关格转归与预防调摄,中医内科学::肾系病证::关格::概述,2,转归::极易产生[[喘脱、昏仆、惊厥、中风]]等险恶之证。肾阳衰竭可引起心悸、胸痹；阴损及阳可见眩晕、抽搐。<br>###预防调摄::注意冷热，预防感冒；饮食调理，忌食生冷、牛羊肉等；绝对卧床休息。,护理::注意口腔卫生，保持皮肤清洁。
脾肾阳虚湿浊内蕴证,中医内科学::肾系病证::关格::证型,1,主症::小便短少，色清，甚则尿闭。<br>###兼症::面色晦滞，形寒肢冷，神疲乏力，浮肿腰以下为主，纳差腹胀，泛恶呕吐，大便溏薄。<br>###舌脉::舌淡体胖，边有齿印，苔白腻，脉沉细。<br>###治法::[[温补脾肾，化湿降浊]]。<br>###代表方::[[温脾汤]]合[[吴茱萸汤]]。<br>###加减附方::[[小青龙汤】（痰湿壅肺）；[[己椒苈黄丸】（水气凌心者）；[[滋肾通关丸】（尿少或小便不通）】。,病机::脾肾阳虚，湿浊内蕴，浊邪上逆。
肝肾阴虚肝风内动证,中医内科学::肾系病证::关格::证型,1,主症::小便短少，呕恶频作。<br>###兼症::头晕头痛，面部烘热，腰膝酸软，手足抽搐。<br>###舌脉::舌红，苔黄腻，脉弦细。<br>###治法::[[滋补肝肾，平肝息风]]。<br>###代表方::[[杞菊地黄丸]]合[[羚角钩藤汤]]。<br>###加减附方::[[犀角地黄汤】【清营汤】【至宝丹】【紫雪丹]]（浊邪入营动血者）。,病机::肝肾阴虚，肝阳上亢，虚风内动。
肾气衰微邪陷心包证,中医内科学::肾系病证::关格::证型,1,主症::无尿或少尿，全身浮肿，面白唇暗，四肢厥冷。<br>###兼症::口中尿臭，神志昏蒙，循衣摸床。<br>###舌脉::舌卷缩短，苔白腻或灰黑，脉沉细欲绝。<br>###治法::[[温阳固脱，豁痰开窍]]。<br>###代表方::[[急用参附汤]]合[[苏合香丸]]，继用[[涤痰汤]]。<br>###加减附方::[[参附龙牡汤】（心阳欲脱）；[[紫雪丹】（狂躁痉厥）；[[生脉散】（气阴耗竭）】。,病机::肾气衰微，浊毒内盛，蒙蔽心窍。
阳痿定义与病因病机,中医内科学::肾系病证::阳痿::概述,1,定义::阳痿是指成年男子性交时，由于[[阴茎痿软不举]]，或举而不坚，或坚而不久，无法进行正常性生活的病证。<br>###病因::劳伤久病、情志失调、饮食不节、外邪侵袭、禀赋不足、房劳过度。<br>###基本病机::[[肝、肾、心、脾受损]]，气血阴阳亏虚，阴络失荣，或肝郁湿阻，经络失畅导致宗筋不用而成。<br>###病位::在[[宗筋]]，与肝、肾、心、脾有关。,病理因素::气滞、湿热、寒湿、痰浊、血瘀。<br>###病性::有虚实之分，多虚实夹杂。
阳痿辨证要点与治则,中医内科学::肾系病证::阳痿::概述,1,辨证要点::辨虚实（标实者分气滞、湿热；本虚者辨气血阴阳）；辨脏腑（与肝、脾、肾、心相关）；辨寒热。<br>###总治则::[[补肾疏肝，健脾益气，行气活血]]。<br>###实者治法::疏肝、清利、活血、通络。<br>###虚者治法::温肾、补心、健脾。,治疗注意::重在调补脾胃；本病多与郁相关，解郁安神亦重要。
阳痿转归与预防调摄,中医内科学::肾系病证::阳痿::概述,2,转归::预后一般较好。若纵欲或思虑过度导致命门火衰，或病理因素不去，预后欠佳。<br>###预防调摄::节制性欲，怡情养性；不过食肥甘酒醇；积极治疗原发病；加强锻炼。,临证备要::重视心理治疗；不可过于温补；综合治疗。
命门火衰证,中医内科学::肾系病证::阳痿::证型,1,主症::阳事不举，或举而不坚，精薄清冷。<br>###兼症::神疲倦怠，畏寒肢冷，面色㿠白，头晕耳鸣，腰膝酸软，夜尿清长。<br>###舌脉::舌淡胖，苔薄白，脉沉细。<br>###治法::[[温肾壮阳]]。<br>###代表方::[[赞育丸]]。<br>###加减附方::[[还少丹】（阴阳两虚者）；[[左归丸】（火衰不甚，精血薄弱者）】。,病机::命门火衰，肾阳不足，宗筋失温。
心脾亏虚证,中医内科学::肾系病证::阳痿::证型,1,主症::阳痿不举，心悸失眠，神疲乏力。<br>###兼症::面色萎黄，食少纳呆，腹胀便溏。<br>###舌脉::舌淡，苔薄白，脉细弱。<br>###治法::[[补益心脾]]。<br>###代表方::[[归脾汤]]。,病机::心脾两虚，气血不足，宗筋失养。
肝郁气滞证,中医内科学::肾系病证::阳痿::证型,1,主症::阳事不起，或起而不坚。<br>###兼症::心情抑郁，胸胁胀痛，脘闷不适，食少便溏。<br>###舌脉::舌苔薄白，脉弦。<br>###治法::[[疏肝解郁，行气起痿]]。<br>###代表方::[[柴胡疏肝散]]。<br>###加减附方::[[逍遥散]]。,病机::肝气郁结，气机不畅，宗筋失于条达。
惊恐伤肾证,中医内科学::肾系病证::阳痿::证型,2,主症::阳痿不振，心悸易惊。<br>###兼症::胆怯多疑，夜多噩梦，常有被惊吓史。<br>###舌脉::舌苔薄白，脉弦细。<br>###治法::[[益肾宁神壮胆]]。<br>###代表方::[[启阳娱心丹]]。,病机::惊恐伤肾，肾气不固。
湿热下注证,中医内科学::肾系病证::阳痿::证型,1,主症::阴茎痿软，阴囊潮湿，瘙痒腥臭。<br>###兼症::睾丸坠胀作痛，小便赤涩灼痛，胁胀腹痛，肢体困倦，泛恶口苦。<br>###舌脉::舌红苔黄腻，脉滑数。<br>###治法::[[清利湿热]]。<br>###代表方::[[龙胆泻肝汤]]。<br>###加减附方::[[右归丸】【平胃散】【知柏地黄丸]]（湿盛困遏脾肾阳气者）。,病机::湿热下注，宗筋弛纵。
遗精定义与病因病机,中医内科学::肾系病证::遗精::概述,1,定义::遗精是指[[不因性生活而精液遗泄]]的病证。有梦而遗称“梦遗”；无梦而遗，甚至清醒时精液流出称“滑精”。<br>###病因::劳心太过、欲念不遂、饮食不节、恣情纵欲。<br>###基本病机::[[肾气不固]]，或热扰精室，而致肾失封藏，精关不固。<br>###病位::在肾，与心、肝、脾三脏密切相关。,病理因素::湿与火。<br>###病性::分虚实，以虚证多见。
遗精辨证要点与治则,中医内科学::肾系病证::遗精::概述,1,辨证要点::辨虚实（新病多实，久病多虚）；辨脏腑（心、肾、肝、脾）；辨阴阳。<br>###总治则::[[实则清利，虚则补涩]]。<br>###实证治法::清心泻火、清热利湿。<br>###虚证治法::滋阴温肾、调补心脾、固涩精关。,治疗注意::久病入络者，可佐以活血通络。
君相火旺证,中医内科学::肾系病证::遗精::证型,1,主症::少寐多梦，梦则遗精，阳事易举，心中烦热。<br>###兼症::头晕目眩，口苦胁痛，小便短赤。<br>###舌脉::舌红，苔薄黄，脉弦数。<br>###治法::[[清心泄肝，清心安神，滋阴清热]]。<br>###代表方::[[黄连清心饮]]合[[三才封髓丹]]。<br>###加减附方::[[天王补心丹】【知柏地黄丸】【大补阴丸】【安神定志丸]]（心肾不交、相火妄动者）。,病机::君相火旺，火扰精室。
湿热下注证,中医内科学::肾系病证::遗精::证型,1,主症::遗精时作，小溲黄赤，热涩不畅。<br>###兼症::口苦而腻。<br>###舌脉::舌质红，苔黄腻，脉濡数或滑数。<br>###治法::[[清热利湿]]。<br>###代表方::[[程氏萆薢分清饮]]。<br>###加减附方::[[龙胆泻肝汤】【苍术二陈汤]]（湿盛困脾，兼有口苦厌食者）。,病机::湿热下注，扰动精室。
劳伤心脾证,中医内科学::肾系病证::遗精::证型,1,主症::劳则遗精，失眠健忘。<br>###兼症::心悸不宁，面色萎黄，神疲乏力，纳差便溏，腹胀。<br>###舌脉::舌淡苔薄，脉细弱。<br>###治法::[[调补心脾，益气摄精]]。<br>###代表方::[[妙香散]]。<br>###加减附方::[[补中益气汤】（中气下陷明显者）；[[归脾汤】（心脾气血两虚显著者）】。,病机::劳伤心脾，气不摄精。
肾气不固证,中医内科学::肾系病证::遗精::证型,1,主症::多为无梦而遗，甚则滑泄不禁，精液清稀而冷。<br>###兼症::形寒肢冷，面色㿠白，头昏目眩，腰膝酸软，阳痿早泄，夜尿清长。<br>###舌脉::舌淡胖，苔白滑，脉沉细。<br>###治法::[[补肾固精]]。<br>###代表方::[[金锁固精丸]]。<br>###加减附方::[[右归丸】（阴损及阳、阴阳两虚者）；[[左归丸】（阴虚为主，相火不旺者）】。,病机::肾气亏虚，封藏失职。
尿浊定义与病因病机,中医内科学::肾系病证::尿浊::概述,1,定义::尿浊是以[[小便浑浊，白如泔浆】，尿时无涩痛不利感】为主症的疾患。<br>###基本病机::[[湿热下注，脾肾亏虚]]。<br>###病性::初起多实，久病多虚。<br>###辨证要点::辨病性（赤者湿热伤血分，白者湿热伤气分）；察病程。,病因::多由过食肥甘油腻食物，脾失健运，酿湿生热，或某些疾病（如血丝虫病）病后，湿热余邪未清，蕴结下焦所致。
尿浊治则与预后,中医内科学::肾系病证::尿浊::概述,2,总治则::初起以湿热为多，属实证，治宜[[清热利湿]]；病久则脾肾亏虚，治宜[[培补脾肾，固摄下元]]。<br>###转归::本病一般预后良好。但部分患者迁延不愈，转为慢性，可演变为癥瘕等证。<br>###预防调摄::避免劳欲过度，多饮水，忌食肥甘辛辣之品。,治法::虚实夹杂者，应标本兼顾。
湿热下注证,中医内科学::肾系病证::尿浊::证型,1,主症::小便浑浊，色白或黄或红，或夹凝块，上有浮油。<br>###兼症::或伴血块，尿道有灼热感，口苦。<br>###舌脉::舌质红，苔黄腻，脉濡数。<br>###治法::[[清热利湿，分清泄浊]]。<br>###代表方::[[程氏萆薢分清饮]]。,病机::湿热下注，清浊不分。
脾虚气陷证,中医内科学::肾系病证::尿浊::证型,1,主症::尿浊反复发作，日久不愈，状如白浆。<br>###兼症::小腹坠胀，神倦无力，面色无华，劳累后发作或加重。<br>###舌脉::舌淡苔白，脉虚软。<br>###治法::[[健脾益气，升清固摄]]。<br>###代表方::[[补中益气汤]]或[[苍术难名丹]]。,病机::脾虚气陷，清阳不升，精微下注。
肾虚不固证,中医内科学::肾系病证::尿浊::证型,1,主症::尿浊日久不愈，小便乳白如脂膏。<br>###兼症::精神萎靡，消瘦无力，头晕耳鸣，腰膝酸软。<br>###舌脉::肾阴虚者偏见烦热，口干，舌红，脉细数；肾阳虚者兼见面白，形寒肢冷，舌质淡红，脉沉细。<br>###治法::[[偏肾阴虚者：滋阴益肾]]；[[偏肾阳虚者：温肾固摄]]。<br>###代表方::[[偏肾阴虚者：知柏地黄丸、二至丸]]；[[偏肾阳虚者：鹿茸补涩丸]]。,病机::肾元亏虚，封藏失职。
早泄定义与病因病机,中医内科学::肾系病证::早泄::概述,1,定义::早泄是指[[性交时射精过早，甚至未交即泄或乍交即泄]]，以致不能进行正常性交的一种病证。<br>###病因::情志内伤、湿热侵袭、纵欲过度、久病体虚。<br>###基本病机::[[精关封藏失职]]。<br>###病位::责之于心、肝、肾。,病性::临床以虚多实少，或本虚标实证候表现为主者多见。
早泄治疗原则,中医内科学::肾系病证::早泄::概述,1,总治则::虚证以补脾肾为主，或滋阴降火，或温肾益气，或补益心脾，佐以固涩；实证以清热利湿为主，慎用补涩。,禁忌::忌苦寒太过，中病即止，以防伤正。
肝经湿热证,中医内科学::肾系病证::早泄::证型,1,主症::早泄，阴茎易举。<br>###兼症::伴口苦咽干，胸闷胁痛，阴囊湿痒，小便黄浊。<br>###舌脉::舌红，苔黄腻，脉弦滑而数。<br>###治法::[[清泄肝经湿热]]。<br>###代表方::[[龙胆泻肝汤]]。,病机::湿热下注，扰动精室。
心脾两虚证,中医内科学::肾系病证::早泄::证型,1,主症::早泄，心悸怔忡，健忘多梦。<br>###兼症::食少，腹胀便溏，神疲乏力。<br>###舌脉::舌淡，脉细弱。<br>###治法::[[补益心脾]]。<br>###代表方::[[归脾汤]]。<br>###加减附方::[[生脉散]]（心阴不足，合生脉散）。,病机::心脾两虚，气不摄精。
相火妄动证,中医内科学::肾系病证::早泄::证型,1,主症::早泄，阳事易举，腰膝酸软。<br>###兼症::五心烦热，潮热盗汗。<br>###舌脉::舌红少苔，脉细数。<br>###治法::[[滋阴降火]]。<br>###代表方::[[知柏地黄丸]]。,病机::肾阴不足，相火妄动。
肾气不固证,中医内科学::肾系病证::早泄::证型,1,主症::早泄遗精，性欲减退，腰膝酸软。<br>###兼症::小便清长，夜尿多，面色㿠白。<br>###舌脉::舌淡苔白，脉沉弱。<br>###治法::[[益肾固精]]。<br>###代表方::[[金匮肾气丸]]。<br>###加减附方::[[赞育丹]]（早泄而精子清冷者）。,病机::肾气不固，精关失约。
郁证定义与病因病机,中医内科学::气血津液病证::郁证::概述,1,定义::郁证是由于[[情志所伤，肝气郁结]]等引起以[[心情抑郁、情绪不宁、易怒善哭]]等为主要临床表现的病证。<br>###病因::情志内伤、体质因素（脏气易郁）。<br>###基本病机::[[情志所伤，肝气郁结导致肝失疏泄，脾失健运，心失所养]]。<br>###病位::在肝，可涉及心、脾、肾。<br>###病性::初病因气滞而挟痰湿、食积、热郁，以六郁邪实为主；久病由气及血、由实转虚。,病理因素::气、血、火、食、湿、痰。
郁证辨证要点与治则,中医内科学::气血津液病证::郁证::概述,1,辨证要点::辨六郁及主次；辨脏腑；辨虚实。<br>###总治则::[[理气开郁，调畅气机，怡情易性]]。<br>###实证治法::理气开郁，并根据兼有血瘀、化火、痰结、湿滞分别采用活血、降火、化痰、祛湿。<br>###虚证治法::补益心脾，滋阴养血。,注意::早期常用疏肝理气解郁法，用药注意忌刚用柔。
郁证转归与预防调摄,中医内科学::气血津液病证::郁证::概述,2,转归::一般预后良好；若情志原因不除，常复发；可发展为[[癫狂]]。<br>###预防调摄::精神调护，避免忧思郁怒；多参加文体活动；医务人员应深入了解病情，增强信心。,临证备要::用药不宜峻猛；注意理气而不耗气，活血而不破血；对失眠、神志异常可结合针刺治疗。
肝气郁结证,中医内科学::气血津液病证::郁证::证型,1,主症::精神抑郁，情绪不宁，善太息。<br>###兼症::或见胁肋胀痛，痛无定处，脘闷嗳气，腹胀纳呆，呕吐，大便不调，女子月事不行。<br>###舌脉::舌苔薄白或薄腻，脉弦。<br>###治法::[[疏肝解郁，理气畅中]]。<br>###代表方::[[柴胡疏肝散]]。<br>###加减附方::[[越鞠丸]]（气血痰火等六郁互结）。,病机::肝气郁结，气机不畅。
气郁化火证,中医内科学::气血津液病证::郁证::证型,1,主症::性情急躁易怒，胸胁胀满。<br>###兼症::口苦咽干，头痛，目赤，耳鸣，或嘈杂吞酸，大便秘结。<br>###舌脉::舌质红，苔黄，脉弦数。<br>###治法::[[疏肝解郁，清肝泻火]]。<br>###代表方::[[丹栀逍遥散]]。<br>###加减附方::[[滋水清肝饮】（阴虚火旺）；[[左金丸】（肝火犯胃）】。,病机::肝郁化火，火热上扰。
痰气郁结证,中医内科学::气血津液病证::郁证::证型,1,主症::精神抑郁，胸部闷塞，胁肋胀满。<br>###兼症::咽中如有异物梗阻，吞之不下，咯之不出（梅核气）。<br>###舌脉::舌苔白腻，脉弦滑。<br>###治法::[[行气开郁，化痰散结]]。<br>###代表方::[[半夏厚朴汤]]。<br>###加减附方::[[温胆汤】（痰郁化热，兼呕恶、口苦、苔黄腻）】。,病机::痰气郁结，阻滞咽喉。
心神失养证（脏躁）,中医内科学::气血津液病证::郁证::证型,1,主症::精神恍惚，心神不宁，多疑易惊。<br>###兼症::喜悲善哭，时欠伸，或手舞足蹈，骂詈躁扰。<br>###舌脉::舌质淡，苔薄白，脉弦细。<br>###治法::[[甘润缓急，养心安神]]。<br>###代表方::[[甘麦大枣汤]]。<br>###加减附方::[[五磨饮子】（喘促气逆者）】。,病机::忧思伤神，心失所养。
心脾两虚证,中医内科学::气血津液病证::郁证::证型,1,主症::心悸胆怯，多思善疑，失眠健忘。<br>###兼症::面色无华，头晕神疲，食欲不振。<br>###舌脉::舌质淡，舌苔薄白，脉细弱。<br>###治法::[[健脾养心，补益气血]]。<br>###代表方::[[归脾汤]]。,病机::心脾两虚，气血不足，心神失养。
心肾阴虚证,中医内科学::气血津液病证::郁证::证型,1,主症::虚烦少寐，惊悸多梦，头晕耳鸣。<br>###兼症::健忘，腰膝酸软，五心烦热，盗汗，口干咽燥。<br>###舌脉::舌微红，少苔或无苔，脉细数。<br>###治法::[[滋养心肾]]。<br>###代表方::[[天王补心丹]]合[[六味地黄丸]]。<br>###加减附方::[[交泰丸]]（心肾不交而见心烦失眠、多梦遗精）。,病机::心肾阴虚，虚热内扰。
阴虚火旺证,中医内科学::气血津液病证::郁证::证型,1,主症::眩晕，心悸，少寐，心烦易怒。<br>###兼症::或遗精腰酸，妇女月经不调。<br>###舌脉::舌质红，脉弦细而数。<br>###治法::[[滋阴清热，镇心安神]]。<br>###代表方::[[滋水清肝饮]]。,病机::肝肾阴虚，虚火内扰。
血证定义与病因病机,中医内科学::气血津液病证::血证::概述,1,定义::血证是指[[血液不循常道]]，或上溢于口鼻诸窍，或下泄于前后二阴，或渗出于肌肤所形成的一类出血性疾患。<br>###病因::感受外邪、饮食不节、情志失调、劳倦过度、体虚久病、热病。<br>###基本病机::[[火热熏灼，迫血妄行]]；[[气虚不摄，血溢脉外]]。<br>###病位::鼻衄在肺、胃、肝；齿衄在胃、肾；咳血在肺；吐血在胃、肝；便血在胃、肠；尿血在膀胱、肾；紫斑在皮肤。,病性::有虚实之分，实证多因火热，虚证多因气虚、阴虚。<br>###治疗大法::止血、消瘀、宁血、补血。
血证辨证要点与治则,中医内科学::气血津液病证::血证::概述,1,辨证要点::辨病证不同（出血部位）；辨脏腑病变之异；辨证候虚实。<br>###总治则::[[治火、治气、治血]]。<br>###治火::实火当清热泻火，虚火当滋阴降火。<br>###治气::实火当清气降气，虚证当补气益气。<br>###治血::选用凉血止血、收敛止血、祛瘀止血。,转归::预后与出血量、部位、兼症有关。大量出血可致血脱危候。
血证预防调摄与临证备要,中医内科学::气血津液病证::血证::概述,2,预防调摄::饮食清淡，避免辛辣肥甘；情绪稳定，避免激动；严密观察病情变化，防止大出血。<br>###临证备要::治血三要法：止血、消瘀、宁血；辨证辨病互参；急性上消化道大出血宜首选大黄。<br>###鼻衄用药::发热与热毒是鼻衄主因，[[清热凉血]]是常法。,注意::止血药应用时，不宜过量或过早收涩，以防留瘀。
热邪犯肺证,中医内科学::气血津液病证::血证::鼻衄,1,主症::鼻燥衄血，血色鲜红，口干咽燥。<br>###兼症::或兼有身热、恶风、头痛、咳嗽、痰少等。<br>###舌脉::舌质红，苔薄黄，脉数。<br>###治法::[[清泄肺热，凉血止血]]。<br>###代表方::[[桑菊饮]]。,病机::肺经热盛，循经上攻鼻窍。
胃热炽盛证,中医内科学::气血津液病证::血证::鼻衄,1,主症::鼻衄，或兼齿衄，血色鲜红，口渴欲饮。<br>###兼症::鼻干，口臭秽臭，烦躁，便秘。<br>###舌脉::舌红，苔黄，脉数。<br>###治法::[[清胃泻火，凉血止血]]。<br>###代表方::[[玉女煎]]。,病机::胃火炽盛，循经上炎。
肝火上炎证,中医内科学::气血津液病证::血证::鼻衄,1,主症::鼻衄，头痛，目眩，耳鸣，烦躁易怒。<br>###兼症::两目红赤，口苦。<br>###舌脉::舌红，苔黄，脉弦数。<br>###治法::[[清肝泻火，凉血止血]]。<br>###代表方::[[龙胆泻肝汤]]。,病机::肝火上炎，迫血妄行。
气血亏虚证,中医内科学::气血津液病证::血证::鼻衄,2,主症::鼻衄，或兼齿衄、肌衄，神疲乏力，面色㿠白，头晕耳鸣。<br>###兼症::心悸，夜寐不宁。<br>###舌脉::舌质淡，脉细无力。<br>###治法::[[补气摄血]]。<br>###代表方::[[归脾汤]]。,病机::气血亏虚，气不摄血。
胃火炽盛证,中医内科学::气血津液病证::血证::齿衄,1,主症::齿衄，血色鲜红，齿龈红肿疼痛。<br>###兼症::头痛，口臭，舌红，苔黄，脉洪数。<br>###治法::[[清胃泻火，凉血止血]]。<br>###代表方::[[加味清胃散]]合[[泻心汤]]。,病机::胃火炽盛，循经上攻。
阴虚火旺证,中医内科学::气血津液病证::血证::齿衄,1,主症::齿衄，血色淡红，起病较缓。<br>###兼症::常因受热及烦劳而诱发，齿摇不坚。<br>###舌脉::舌质红，苔少，脉细数。<br>###治法::[[滋阴降火，凉血止血]]。<br>###代表方::[[六味地黄丸]]合[[茜根散]]。<br>###加减附方::[[滋水清肝饮】【知柏地黄丸]]（阴虚火旺证）。,病机::肾阴不足，虚火上炎。
燥热伤肺证,中医内科学::气血津液病证::血证::咳血,1,主症::喉痒咳嗽，痰中带血，口干鼻燥。<br>###兼症::或有身热。<br>###舌脉::舌质红，少津，苔薄黄，脉数。<br>###治法::[[清热润肺，宁络止血]]。<br>###代表方::[[桑杏汤]]。,病机::燥热伤肺，肺络受损。
肝火犯肺证,中医内科学::气血津液病证::血证::咳血,1,主症::咳嗽阵作，痰中带血或纯血鲜红。<br>###兼症::胸胁胀痛，烦躁易怒，口苦。<br>###舌脉::舌质红，苔薄黄，脉弦数。<br>###治法::[[清肝泻肺，凉血止血]]。<br>###代表方::[[泻白散]]合[[黛蛤散]]。<br>###加减附方::[[犀角地黄汤】【三七粉]]（咳血量多，纯血鲜红）。,病机::肝火犯肺，灼伤肺络。
阴虚肺热证,中医内科学::气血津液病证::血证::咳血,1,主症::咳嗽痰少，痰中带血，或反复咳血，血色鲜红。<br>###兼症::口干咽燥，颧红，潮热盗汗。<br>###舌脉::舌质红，脉细数。<br>###治法::[[滋阴润肺，宁络止血]]。<br>###代表方::[[百合固金汤]]。<br>###加减附方::[[十灰散]]。,病机::阴虚肺燥，虚火灼络。
胃热壅盛证,中医内科学::气血津液病证::血证::吐血,1,主症::脘腹胀闷，嘈杂不适，甚则作痛，吐血色红或紫黯。<br>###兼症::常夹有食物残渣，口臭，便秘。<br>###舌脉::舌红，苔黄腻，脉滑数。<br>###治法::[[清胃泻火，化瘀止血]]。<br>###代表方::[[泻心汤]]合[[十灰散]]。,病机::胃热炽盛，灼伤胃络。
肝火犯胃证,中医内科学::气血津液病证::血证::吐血,1,主症::吐血色红或紫黯，口苦胁痛。<br>###兼症::心烦易怒，寐少梦多。<br>###舌脉::舌质红绛，脉弦数。<br>###治法::[[泻肝清胃，凉血止血]]。<br>###代表方::[[龙胆泻肝汤]]。,病机::肝火横逆，灼伤胃络。
气虚血溢证,中医内科学::气血津液病证::血证::吐血,2,主症::吐血缠绵不止，时轻时重，血色暗淡。<br>###兼症::神疲乏力，心悸气短，面色苍白。<br>###舌脉::舌质淡，脉细弱。<br>###治法::[[健脾益气，摄血]]。<br>###代表方::[[归脾汤]]。<br>###加减附方::[[柏叶汤】【独参汤】【理中丸]]。,病机::气虚不能摄血。
肠道湿热证,中医内科学::气血津液病证::血证::便血,1,主症::便血色红黏稠，大便不畅或稀溏。<br>###兼症::或有腹痛，口苦。<br>###舌脉::舌质红，苔黄腻，脉濡数。<br>###治法::[[清热化湿，凉血止血]]。<br>###代表方::[[地榆散]]合[[槐角丸]]。<br>###加减附方::[[槐花散】（肠风）；[[地榆散】（脏毒）；[[清脏汤】【脏连丸】（便血日久，湿热未尽，营阴已亏）】。,病机::湿热蕴结肠道，损伤肠络。
热灼胃络证,中医内科学::气血津液病证::血证::便血,1,主症::便色如柏油，或稀或稠。<br>###兼症::常有饮食伤胃史，伴胃脘疼痛，口苦。<br>###舌脉::舌淡红，苔薄黄，脉弦细。<br>###治法::[[清胃止血]]。<br>###代表方::[[泻心汤]]合[[十灰散]]。,病机::热伤胃络，血溢胃肠。
气虚不摄证,中医内科学::气血津液病证::血证::便血,2,主症::便血色红或紫黯，食少，体倦。<br>###兼症::面色萎黄，心悸，少寐。<br>###舌脉::舌淡，脉细。<br>###治法::[[益气摄血]]。<br>###代表方::[[归脾汤]]。,病机::气不摄血，血溢肠道。
脾胃虚寒证,中医内科学::气血津液病证::血证::便血,2,主症::便血紫黯，甚则黑色。<br>###兼症::腹部隐痛，喜热饮，面色不华，神倦懒言。<br>###舌脉::舌质淡，脉细。<br>###治法::[[健脾温中，养血止血]]。<br>###代表方::[[黄土汤]]。<br>###加减附方::[[补中益气汤]]（便血日久不止，肛门下坠）。,病机::脾胃虚寒，统摄无权。
下焦湿热证,中医内科学::气血津液病证::血证::尿血,1,主症::小便黄赤灼热，尿血鲜红。<br>###兼症::心烦口渴，面赤口疮，夜寐不安。<br>###舌脉::舌质红，脉数。<br>###治法::[[清热利湿，凉血止血]]。<br>###代表方::[[小蓟饮子]]。,病机::湿热下注，灼伤膀胱血络。
肾虚火旺证,中医内科学::气血津液病证::血证::尿血,1,主症::小便短赤带血，头晕耳鸣。<br>###兼症::神疲，颧红潮热，腰膝酸软。<br>###舌脉::舌质红，脉细数。<br>###治法::[[滋阴降火，凉血止血]]。<br>###代表方::[[知柏地黄丸]]。,病机::肾阴亏虚，虚火内灼。
脾不统血证,中医内科学::气血津液病证::血证::尿血,2,主症::久病尿血，甚或兼见齿衄、肌衄，食少体倦乏力。<br>###兼症::气短声低，面色不华。<br>###舌脉::舌质淡，脉细弱。<br>###治法::[[补中健脾，益气摄血]]。<br>###代表方::[[归脾汤]]。<br>###加减附方::[[补中益气汤]]（气虚下陷，小腹坠胀）。,病机::脾虚统摄无权。
肾气不固证,中医内科学::气血津液病证::血证::尿血,2,主症::久病尿血，血色淡红。<br>###兼症::头晕耳鸣，精神困惫，腰脊酸痛。<br>###舌脉::舌质淡，脉沉弱。<br>###治法::[[补益肾气，固摄止血]]。<br>###代表方::[[无比山药丸]]。,病机::肾气不固，封藏失职。
血热妄行证,中医内科学::气血津液病证::血证::紫斑,1,主症::皮肤出现青紫斑点或斑块，或伴有鼻衄、齿衄、便血、尿血。<br>###兼症::或发热口渴，便秘。<br>###舌脉::舌红苔黄，脉弦数。<br>###治法::[[清热解毒，凉血止血]]。<br>###代表方::[[犀角地黄汤]]合[[十灰散]]。<br>###加减附方::[[清营汤]]（热盛迫血证）。,病机::热毒炽盛，迫血妄行。
阴虚火旺证,中医内科学::气血津液病证::血证::紫斑,1,主症::皮肤出现青紫斑点或斑块，时发时止。<br>###兼症::常伴鼻衄、齿衄，颧红，心烦，口渴，手足心热，潮热盗汗。<br>###舌脉::舌质红，苔少，脉细数。<br>###治法::[[滋阴降火，宁络止血]]。<br>###代表方::[[茜根散]]。<br>###加减附方::[[六味地黄丸]]（肾阴亏虚火热不甚）。,病机::阴虚火旺，灼伤血络。
气不摄血证,中医内科学::气血津液病证::血证::紫斑,2,主症::反复发生肌衄，久病不愈，神疲乏力。<br>###兼症::头晕目眩，面色苍白或萎黄，食欲不振。<br>###舌脉::舌质淡，脉细弱。<br>###治法::[[补气摄血]]。<br>###代表方::[[归脾汤]]。,病机::气虚不能摄血。
痰饮定义与病因病机,中医内科学::气血津液病证::痰饮::概述,1,定义::痰饮是指[[体内水液输布运化失常]]，停积于某些部位的一类病证。分为[[痰饮、悬饮、溢饮、支饮]]四饮。<br>###病因::外感寒湿、饮食不当、劳欲体虚。<br>###基本病机::[[三焦气化失职，肺脾肾三脏的气化功能失调]]。<br>###病位::在三焦，与肺、脾、肾功能失调最为密切。,病性::有虚有实，总属阳虚阴盛，本虚标实。
痰饮辨证要点与治则,中医内科学::气血津液病证::痰饮::概述,1,辨证要点::首辨饮停部位（四饮）；次辨标本主次（标本虚实）；辨病邪兼夹；辨预后转归。<br>###总治则::[[温化]]。《金匮要略》指出“[[病痰饮者，当以温药和之]]”。<br>###分治::水饮壅盛者应祛饮以治标；阳虚者应温阳以治本；正虚者补之。,注意事项::饮邪内伏或久留，正气不复，病情缠绵难愈。重者可因阳气衰微导致亡阳脱。
痰饮转归与预防调摄,中医内科学::气血津液病证::痰饮::概述,2,转归::早期及时治疗，预后良好。若饮邪内伏，正气不复，可致病情缠绵。重者可因阳气衰微，导致[[亡阳暴脱]]。<br>###预防调摄::避风寒，注意保暖；饮食宜清淡，忌食肥甘生冷；戒烟酒；注意劳逸适度。<br>###临证备要::注意证候转归，痰饮可演变为肺病、肺病及肾、肺病及脾等。,注意::重视“痰”与“饮”的区别，及“无形之痰”的致病特点。
脾阳虚弱证,中医内科学::气血津液病证::痰饮::痰饮,1,主症::胸胁支满，心下痞闷，胃中有振水音。<br>###兼症::脘腹喜温畏冷，泛吐清水痰涎，饮入易吐，口渴不欲饮，头晕目眩，心悸气短，食少，大便或溏。<br>###舌脉::舌苔白滑，脉弦细而滑。<br>###治法::[[温脾化饮]]。<br>###代表方::[[苓桂术甘汤]]合[[小半夏加茯苓汤]]。,病机::脾阳不足，饮停肠胃。
饮留肠胃证,中医内科学::气血津液病证::痰饮::痰饮,1,主症::心下坚满或痛，利后反快，虽利，心下续坚满。<br>###兼症::或水走肠间，沥沥有声，腹满，便秘，口舌干燥。<br>###舌脉::舌苔腻，色白或黄，脉沉弦或伏。<br>###治法::[[攻下逐饮]]。<br>###代表方::[[甘遂半夏汤]]或[[己椒苈黄丸]]。<br>###加减附方::[[甘遂半夏汤】（攻补兼施，因势利导）；[[己椒苈黄丸】（苦辛宣泄，前后分清，适用于饮在肠间，郁热化热）】。,病机::饮邪留于肠胃，气机阻滞。
邪犯胸肺证,中医内科学::气血津液病证::痰饮::悬饮,1,主症::寒热往来，身热起伏，汗少，或发热不恶寒。<br>###兼症::有汗而热不解，咳嗽，痰少，气急，胸胁刺痛，呼吸、转侧疼痛加重。<br>###舌脉::心下痞硬，干呕，口苦，舌苔薄白或黄，脉弦数。<br>###治法::[[和解宣利]]。<br>###代表方::[[柴胡半夏汤]]。<br>###加减附方::[[麻杏甘石汤]]（热盛有汗，咳喘气粗）。,病机::邪犯胸肺，枢机不利，饮停胸胁。
饮停胸胁证,中医内科学::气血津液病证::痰饮::悬饮,1,主症::胸胁疼痛，咳唾引痛，痛势较前减轻，而呼吸困难加重。<br>###兼症::咳逆气喘，息促不能平卧，或仅能偏卧于停饮的一侧，病侧肋间胀满，甚则可见病侧胸廓隆起。<br>###舌脉::舌苔白，脉沉弦或弦滑。<br>###治法::[[泻肺祛饮]]。<br>###代表方::[[椒目瓜蒌汤]]合[[十枣汤]]或[[控涎丹]]。,病机::饮停胸胁，阻碍气机。
络气不和证,中医内科学::气血津液病证::痰饮::悬饮,1,主症::胸胁疼痛，如灼如刺，胸闷不舒，呼吸不畅。<br>###兼症::或有闷咳，甚则迁延，经久不已，阴雨更甚，可见病侧胸廓变形。<br>###舌脉::舌苔薄，质黯，脉弦。<br>###治法::[[理气和络]]。<br>###代表方::[[香附旋覆花汤]]。,病机::饮邪久留，气机不利，络脉痹阻。
阴虚内热证,中医内科学::气血津液病证::痰饮::悬饮,1,主症::咳呛时作，咯吐少量黏痰，口干咽燥。<br>###兼症::或午后潮热，颧红，心烦，手足心热，盗汗，或伴胸胁闷痛，病久不复，形体消瘦。<br>###舌脉::舌质偏红，少苔，脉细数。<br>###治法::[[滋阴清热]]。<br>###代表方::[[沙参麦冬汤]]合[[泻白散]]。,病机::饮邪化热，灼伤肺阴。
表寒里饮证,中医内科学::气血津液病证::痰饮::溢饮,1,主症::身体沉重而疼痛，甚则肢体浮肿。<br>###兼症::恶寒，无汗，或有咳嗽，痰多白沫，胸闷，干呕，口不渴。<br>###舌脉::舌苔白，脉弦紧。<br>###治法::[[发表化饮]]。<br>###代表方::[[小青龙汤]]。<br>###加减附方::[[大青龙汤]]（表寒之象不显著）。,病机::外感风寒，水饮内停，溢于四肢。
寒饮伏肺证,中医内科学::气血津液病证::痰饮::支饮,1,主症::咳逆喘满不得卧，痰吐白沫量多。<br>###兼症::经久不愈，天冷受寒加重，甚则引起面浮跗肿。或平素伏而不作，遇寒即发。<br>###舌脉::舌苔白滑或白腻，脉弦紧。<br>###治法::[[宣肺化饮]]。<br>###代表方::[[小青龙汤]]。<br>###加减附方::[[葶苈大枣泻肺汤】（痰饮壅盛，肺气壅滞）；[[木防己汤】（邪实正虚，饮郁化热）】。,病机::饮邪伏肺，外寒引动。
脾肾阳虚证,中医内科学::气血津液病证::痰饮::支饮,1,主症::喘促动则为甚，心悸，气短，或咳而气怯，痰多。<br>###兼症::食少，胸闷，怯寒肢冷，神疲，小腹拘急不仁，脐下动悸，小便不利，足跗浮肿，或吐涎沫。<br>###舌脉::舌体胖大，质淡，苔白润，脉沉细而滑。<br>###治法::[[温补脾肾，以化水饮]]。<br>###代表方::[[金匮肾气丸]]合[[苓桂术甘汤]]。<br>###加减附方::[[五苓散]]（脐下悸，吐涎沫，头目昏眩）。,病机::脾肾阳虚，水饮不化，上凌心肺。
消渴定义与病因病机,中医内科学::气血津液病证::消渴::概述,1,定义::消渴是以[[多饮、多食、多尿、乏力、消瘦]]，或尿有甜味为主要表现的病证。<br>###病因::禀赋不足、饮食失节、情志失调、劳欲过度。<br>###基本病机::[[阴虚燥热]]。阴虚为本，燥热为标。<br>###病位::肺、胃、肾，以肾为关键。,病性::本虚标实，阴虚与燥热互见。久病可致气阴两虚、阴阳俱虚。
消渴辨证要点与治则,中医内科学::气血津液病证::消渴::概述,1,辨证要点::辨病位（上消、中消、下消）；辨标本（阴虚与燥热的主次）；辨并发症。<br>###总治则::[[清热润燥，养阴生津]]。<br>###上消治法::[[润其肺，兼清其胃]]。<br>###中消治法::[[清其胃，兼滋其肾]]。<br>###下消治法::[[滋其肾，兼补其肺]]。<br>###并发症治法::选用[[活血化瘀、祛痰通络、滋阴补阳、清热解毒、健脾益气、温补肾阳]]等法。,临证备要::重视“三多”和消瘦程度判断病情；现代研究认为瘀血是主要病理基础。
消渴转归与预防调摄,中医内科学::气血津液病证::消渴::概述,2,转归::坚持治疗、饮食规律，预后较好。失治误治可发生多种并发症，如[[白内障、雀盲、耳聋、疮疖痈疽、中风偏瘫、水肿、厥证]]等。<br>###预防调摄::节制饮食，忌食肥甘及辛辣；戒烟酒；调摄情志，避免精神紧张。,注意::若出现烦渴头痛、呼吸深快、恶心呕吐等，可发生[[昏厥]]危候。
肺热津伤证,中医内科学::气血津液病证::消渴::上消,1,主症::口渴多饮，口舌干燥，尿频量多。<br>###兼症::烦热多汗。<br>###舌脉::舌边尖红，苔薄黄，脉洪数。<br>###治法::[[清热润肺，生津止渴]]。<br>###代表方::[[消渴方]]。<br>###加减附方::[[玉泉丸】（肺热津亏，气阴两伤）；[[二冬汤】（肺肾津亏）】。,病机::肺热津伤，燥热伤津，不能敷布水液。
胃热炽盛证,中医内科学::气血津液病证::消渴::中消,1,主症::多食易饥，口渴，尿多。<br>###兼症::形体消瘦，大便干燥。<br>###舌脉::舌苔黄，脉滑实有力。<br>###治法::[[清胃泻火，养阴增液]]。<br>###代表方::[[玉女煎]]或[[白虎加人参汤]]。<br>###加减附方::[[增液承气汤】（大便秘结）；[[黄连解毒汤】（热毒炽盛）；[[竹叶石膏汤】（气阴两伤）】。,病机::胃火炽盛，消谷善饥，耗伤津液。
气阴亏虚证,中医内科学::气血津液病证::消渴::中消,1,主症::口渴引饮，能食与便溏并见，或饮食减少。<br>###兼症::精神不振，四肢乏力，体瘦。<br>###舌脉::舌质淡红，苔白而干，脉弱。<br>###治法::[[益气健脾，生津止渴]]。<br>###代表方::[[七味白术散]]或[[生脉散]]。,病机::脾虚气弱，运化失职，津液不布。
肾阴亏虚证,中医内科学::气血津液病证::消渴::下消,1,主症::尿频量多，混浊如脂膏，或尿甜。<br>###兼症::腰膝酸软，乏力，头晕耳鸣，口干唇燥，皮肤干燥，瘙痒。<br>###舌脉::舌红，苔少，脉细数。<br>###治法::[[滋阴固肾]]。<br>###代表方::[[六味地黄丸]]。<br>###加减附方::[[生脉散】（烦渴头痛，脉红舌干，阴伤阳浮）；[[参附龙牡汤】（阴竭阳亡）；[[知柏地黄丸】（阴虚火旺）】。,病机::肾阴亏虚，固摄无权，精微下注。
阴阳两虚证,中医内科学::气血津液病证::消渴::下消,1,主症::小便频数，混浊如膏，甚至饮一溲一。<br>###兼症::面容憔悴，耳轮干枯，腰膝酸软，四肢欠温，畏寒肢冷，阳痿或月经不调。<br>###舌脉::舌淡，苔白而干，脉沉细无力。<br>###治法::[[滋阴温阳，补肾固涩]]。<br>###代表方::[[金匮肾气丸]]。<br>###加减附方::[[鹿茸丸】（阴阳气血俱虚）】。,病机::肾阴亏虚，阴损及阳，阴阳两虚。
白内障、雀盲、耳聋,中医内科学::气血津液病证::消渴::并发症,3,病机::肾精亏虚，精血不足，不能上承耳目。<br>###治法::[[滋补肝肾，益精补血]]。<br>###代表方::[[杞菊地黄丸、明目地黄丸、羊肝丸]]。,注意::为消渴病常见的并发症，应早期治疗。
疮毒痈疽,中医内科学::气血津液病证::消渴::并发症,3,病机::燥热内结，营阴被灼，脉络瘀阻，蕴毒成脓。<br>###治法::[[清热解毒，消散痈肿]]。恢复期重视托毒生肌。<br>###代表方::[[五味消毒饮]]合[[仙方活命饮]]。,注意::消渴病易并发痈疽，应积极治疗。
肢体麻木,中医内科学::气血津液病证::消渴::并发症,3,病机::气血两虚，脉络痹阻。<br>###治法::[[益气养血，活血通络]]。<br>###代表方::[[黄芪六一汤]]合[[四物汤]]或[[黄芪六一汤合犀黄丸]]。,注意::为消渴病常见的血管神经并发症。
自汗盗汗定义与病因病机,中医内科学::气血津液病证::自汗盗汗::概述,1,定义::自汗盗汗是指[[阴阳失调，腠理不固]]而致汗液外泄失常的病证。[[白昼时时汗出，动辄益甚者]]为自汗；[[寐中汗出，醒来自止者]]为盗汗。<br>###病因::病后体虚、表虚受风、情志失调、嗜食辛辣。<br>###基本病机::[[阴阳失调，腠理不固，营卫不和，汗液外泄失常]]。<br>###病位::在卫表肌肤，涉及肺、肝、心、脾、胃、肾。<br>###病性::有虚实之分，虚多实少，可相互转化。,病理因素::肺气不足或营卫不和（卫外失司）；阴虚火旺或邪热郁蒸（迫津外泄）。<br>###临证备要::辨别气虚、阴虚、血瘀，重视活血化瘀的应用。
自汗盗汗辨证要点与治则,中医内科学::气血津液病证::自汗盗汗::概述,1,辨证要点::辨自汗、盗汗；辨伴随症状；辨汗出部位。<br>###总治则::[[虚证：益气养阴，固表敛汗]]；[[实证：清肝泄热，化湿和营]]。<br>###虚证治法::益气固表、滋阴降火、养血补心。<br>###实证治法::清肝泄热、化湿和营。,注意::自汗、盗汗均以腠理不固、津液外泄为共同病变，可酌加固涩敛汗之品。
自汗盗汗转归与预防调摄,中医内科学::气血津液病证::自汗盗汗::概述,2,转归::单纯出现的自汗、盗汗，一般预后较好；继发于其他疾病者，病情往往较重。<br>###预防调摄::加强体育锻炼，避免劳欲过度；忌食辛辣厚味；汗出之时避风寒。<br>###护理::汗出后及时用干毛巾擦干，保持衣服、卧具干燥清洁。,临证备要::汗证多与心悸、失眠、眩晕、耳鸣等病证同时并见，应整体调治。
肺卫不固证,中医内科学::气血津液病证::自汗盗汗::证型,1,主症::汗出恶风，稍劳汗出尤甚，或表现半身、某一局部出汗。<br>###兼症::易于感冒，体倦乏力，周身酸楚，面色少华。<br>###舌脉::脉细弱，苔薄白。<br>###治法::[[益气固表]]。<br>###代表方::[[桂枝加黄芪汤]]或[[玉屏风散]]。<br>###加减附方::[[甘麦大枣汤】（半身或局部出汗）；[[桂枝汤】（汗出恶风，周身酸楚）】。,病机::肺气亏虚，卫外不固。
心血不足证,中医内科学::气血津液病证::自汗盗汗::证型,1,主症::自汗或盗汗，心悸怔忡，失眠多梦。<br>###兼症::神疲气短，面色不华。<br>###舌脉::舌质淡，苔薄白，脉细。<br>###治法::[[养血补心]]。<br>###代表方::[[归脾汤]]。,病机::心血不足，心失所养，汗液外泄。
阴虚火旺证,中医内科学::气血津液病证::自汗盗汗::证型,1,主症::夜寐盗汗，或有自汗，五心烦热，或兼午后潮热。<br>###兼症::两颧色红，口渴。<br>###舌脉::舌红少苔，脉细数。<br>###治法::[[滋阴降火]]。<br>###代表方::[[当归六黄汤]]。<br>###加减附方::[[麦味地黄丸】（肾阴亏虚之盗汗）】。,病机::阴虚火旺，迫津外泄。
邪热郁蒸证,中医内科学::气血津液病证::自汗盗汗::证型,1,主症::蒸蒸汗出，汗液易使衣服黄染。<br>###兼症::面赤烘热，烦躁，口苦，小便色黄。<br>###舌脉::舌苔薄黄，脉弦数。<br>###治法::[[清肝泄热，化湿和营]]。<br>###代表方::[[龙胆泻肝汤]]。<br>###加减附方::[[四妙丸】（湿热内蕴，热势不盛）；[[竹叶石膏汤】（胃火上攻）】。,病机::肝火湿热，郁蒸于内，迫津外泄。
内伤发热定义与病因病机,中医内科学::气血津液病证::内伤发热::概述,1,定义::内伤发热是指起以内伤为病因，[[脏腑功能失调，气血阴阳失衡]]所导致的发热。<br>###病因::久病体虚、饮食劳倦、情志失调、外伤出血。<br>###基本病机::[[脏腑功能失调，阴阳失衡]]。<br>###病性::分虚实两类，实者为气、血、湿等郁结，虚者为气血阴阳亏虚。,特点::一般起病较缓，病程较长，热势轻重不一，以低热为多。
内伤发热辨证要点与治则,中医内科学::气血津液病证::内伤发热::概述,1,辨证要点::辨虚实；辨病情轻重。<br>###总治则::根据虚实不同，采取相应治法。<br>###实证治法::解郁、活血、除湿、清热。<br>###虚证治法::益气、养血、滋阴、温阳。,临证备要::中医治疗内伤发热有其特色，以补虚为主，兼顾清解。<br>###甘温除热法::甘温除热法源于《内经》，创于李东垣，为中医治疗气虚发热的有效方法。
内伤发热转归与预防调摄,中医内科学::气血津液病证::内伤发热::概述,2,转归::病情不重者预后较好；病情复杂严重者预后一般较差。<br>###预防调摄::注意休息，保持乐观情绪；饮食宜清淡，富于营养；注意保暖、避风。,注意::内伤发热常伴有自汗、盗汗，应注意避免外感。
阴虚发热证,中医内科学::气血津液病证::内伤发热::虚证,1,主症::午后潮热或夜间发热，不欲近衣。<br>###兼症::手足心热，烦躁，少寐多梦，颧红盗汗，口干咽燥。<br>###舌脉::舌质红，或有裂纹，苔少甚至无苔，脉细数。<br>###治法::[[滋阴清热]]。<br>###代表方::[[清骨散]]。<br>###加减附方::[[知柏地黄丸]]（阴虚火旺者）。,病机::阴液亏虚，虚火内生。
血虚发热证,中医内科学::气血津液病证::内伤发热::虚证,1,主症::发热，热势多为低热，头晕眼花。<br>###兼症::身倦乏力，心悸不宁，面白少华，唇甲色淡。<br>###舌脉::舌质淡，脉细弱。<br>###治法::[[益气养血]]。<br>###代表方::[[归脾汤]]。<br>###加减附方::[[四物汤】（血虚神倦）；[[当归补血汤】（血虚发热基础方）】。,病机::血虚失养，阴血不足，虚阳外浮。
气虚发热证,中医内科学::气血津液病证::内伤发热::虚证,1,主症::发热，热势或低或高，常在劳累后发作或加剧。<br>###兼症::伴头痛，头晕，倦怠乏力，气短懒言，自汗，易于感冒，食少便溏。<br>###舌脉::舌质淡，苔薄白，脉细弱。<br>###治法::[[益气健脾，甘温除热]]。<br>###代表方::[[补中益气汤]]。,病机::中气不足，阴火内生。
阳虚发热证,中医内科学::气血津液病证::内伤发热::虚证,2,主症::发热而欲近衣，形寒怯冷，四肢不温。<br>###兼症::少气懒言，头晕嗜卧，腰膝酸软，纳少便溏。<br>###舌脉::舌质淡胖，或有齿痕，苔白润，脉沉细而弱。<br>###治法::[[温补阳气，引火归原]]。<br>###代表方::[[金匮肾气丸]]。,病机::肾阳亏虚，虚阳外越。
气郁发热证,中医内科学::气血津液病证::内伤发热::实证,1,主症::发热多为低热或潮热，热势常随情绪波动而起伏。<br>###兼症::精神抑郁，胁肋胀满，烦躁易怒，口干而苦，纳食减少。<br>###舌脉::舌红，苔黄，脉弦数。<br>###治法::[[疏肝理气，解郁泄热]]。<br>###代表方::[[丹栀逍遥散]]。<br>###加减附方::[[滋水清肝饮】（素体阴虚兼有肝郁）】。,病机::肝气郁结，郁而化火。
痰湿郁热证,中医内科学::气血津液病证::内伤发热::实证,1,主症::低热，午后热甚，胸闷身重。<br>###兼症::脘痞，烦热，不思饮食，渴不欲饮，呕恶，大便稀薄或黏滞不爽。<br>###舌脉::舌苔白腻或黄腻，脉濡数。<br>###治法::[[燥湿化痰，清热和中]]或[[宣化畅中，利湿清热]]。<br>###代表方::[[黄连温胆汤]]合[[中和汤]]或[[三仁汤]]。<br>###加减附方::[[茵陈蒿汤】（湿热熏蒸肝胆）】。,病机::痰湿内蕴，郁而化热。
血瘀发热证,中医内科学::气血津液病证::内伤发热::实证,1,主症::午后或夜晚发热，或自觉身体某些部位发热。<br>###兼症::口燥咽干，但不多饮，肢体或躯干有固定痛处或肿块，甚或肌肤甲错，面色萎黄或晦暗。<br>###舌脉::舌质青紫或有瘀点、瘀斑，脉弦或涩。<br>###治法::[[活血化瘀]]。<br>###代表方::[[血府逐瘀汤]]。,病机::瘀血内停，郁而化热。
虚劳定义与病因病机,中医内科学::气血津液病证::虚劳::概述,1,定义::虚劳又称虚损，是以[[脏腑亏损，气血阴阳虚衰，久虚不复成劳]]为主要病机的多种慢性虚弱性疾病的总称。<br>###病因::禀赋不足、烦劳过度、饮食不节、大病久病、失治误治。<br>###基本病机::[[脏腑亏损，气血阴阳虚衰，久虚不复成劳]]。<br>###病位::病变涉及五脏，尤以脾肾为主。<br>###病性::以本虚为主，表现气血阴阳亏损。,重点::气虚以肺脾为主；血虚以心肝为主；阴虚以肾肝肺为主；阳虚以脾肾为主。
虚劳辨证要点与治则,中医内科学::气血津液病证::虚劳::概述,1,辨证要点::辨五脏气血阴阳亏虚；辨证候的标本主次；辨有无兼夹病证；辨病势顺逆及轻重。<br>###总治则::[[补益]]。<br>###治法::根据气血阴阳亏虚及五脏病位不同选用益气、养血、滋阴、温阳等。<br>###治疗注意事项::重视补益脾肾，顾护脾胃；视气血阴阳关系选用配伍。,临证备要::补血需配补气；注重阴阳互根；注重五脏阴阳的关联性；重视虚中夹实。
虚劳转归与预防调摄,中医内科学::气血津液病证::虚劳::概述,2,转归::虚劳转归关键在于体质强弱、脾肾盛衰及是否及时调治。预后较差可致神疲、肉脱骨痿、食少泄泻等。<br>###预防调摄::消除致病因素；慎起居，适寒温，避免外邪；饮食有节，戒烟酒；劳逸适度。<br>###护理::保持情绪稳定，舒畅乐观。,注意::虚劳患者切忌滥用大温大补之品。
肺气虚证,中医内科学::气血津液病证::虚劳::气虚,1,主症::咳嗽无力，痰液清稀，短气不足以息，动则益甚。<br>###兼症::少气懒言，自汗乏力，声音低怯，时寒时热，平素易于感冒，面色㿠白或萎黄。<br>###舌脉::舌淡，脉虚无力。<br>###治法::[[补益肺气，益卫固表]]。<br>###代表方::[[补肺汤]]。<br>###加减附方::[[薯蓣丸】（气虚卫弱）】。,病机::肺气虚损，宣降失常，卫外不固。
心气虚证,中医内科学::气血津液病证::虚劳::气虚,1,主症::心悸怔忡，胸闷气短，劳则尤甚。<br>###兼症::面色淡白或㿠白，神疲体倦，自汗。<br>###舌脉::舌淡苔白，脉虚细。<br>###治法::[[益气养心，宁心安神]]。<br>###代表方::[[七福饮]]。,病机::心气不足，心脉失养。
脾气虚证,中医内科学::气血津液病证::虚劳::气虚,1,主症::纳少腹胀，食后尤甚，倦怠乏力。<br>###兼症::大便溏薄，面色萎黄。<br>###舌脉::舌淡苔白，脉弱。<br>###治法::[[健脾益气]]。<br>###代表方::[[加味四君子汤]]。<br>###加减附方::[[补中益气汤】（气虚下陷）】。,病机::脾虚失运，中气不足。
肾气虚证,中医内科学::气血津液病证::虚劳::气虚,1,主症::腰膝酸软，面白神疲，听力减退，小便频数而清。<br>###兼症::或尿后余沥不尽，或尿频尿多，女子白带清稀。<br>###舌脉::舌淡苔白，脉沉弱。<br>###治法::[[补肾益气]]。<br>###代表方::[[大补元煎]]。,病机::肾气不固，封藏失职。
心血虚证,中医内科学::气血津液病证::虚劳::血虚,1,主症::心悸怔忡，眩晕健忘，失眠多梦。<br>###兼症::面色淡白不华，口唇色淡。<br>###舌脉::舌淡苔白，脉细弱。<br>###治法::[[养血宁心，安神定志]]。<br>###代表方::[[养心汤]]。<br>###加减附方::[[归脾汤】（心脾两虚）】。,病机::心血不足，心脉失养。
肝血虚证,中医内科学::气血津液病证::虚劳::血虚,1,主症::眩晕耳鸣，视力减退，面白无华，胁痛。<br>###兼症::肢体麻木，筋脉拘急，或筋惕肉瞤，妇女月经不调甚则闭经。<br>###舌脉::舌淡苔白，脉弦细。<br>###治法::[[补血养肝，柔筋明目]]。<br>###代表方::[[四物汤]]。<br>###加减附方::[[大黄蜇虫丸】（干血痨）】。,病机::肝血不足，血不养筋。
肺阴虚证,中医内科学::气血津液病证::虚劳::阴虚,1,主症::干咳或痰少而黏，咽干甚或失音。<br>###兼症::咳血，潮热盗汗，颧红，甚则痰中带血，声嘶。<br>###舌脉::舌红少津，脉细数。<br>###治法::[[润肺止咳，清热养阴]]。<br>###代表方::[[沙参麦冬汤]]。,病机::肺阴亏虚，虚热内生。
心阴虚证,中医内科学::气血津液病证::虚劳::阴虚,1,主症::心悸，失眠，烦躁，潮热，盗汗。<br>###兼症::或口舌生疮，面色潮红。<br>###舌脉::舌红少津，脉细数。<br>###治法::[[滋阴清热，养心安神]]。<br>###代表方::[[天王补心丹]]。,病机::心阴不足，虚火内扰。
脾胃阴虚证,中医内科学::气血津液病证::虚劳::阴虚,1,主症::口干唇燥，不思饮食，脘部灼热隐痛。<br>###兼症::大便秘结，甚则干呕，呃逆，面色潮红。<br>###舌脉::舌干少苔或无苔，脉细数。<br>###治法::[[养阴和胃]]。<br>###代表方::[[益胃汤]]。,病机::胃阴不足，津液失濡。
肝阴虚证,中医内科学::气血津液病证::虚劳::阴虚,1,主症::头痛，眩晕，耳鸣，目干畏光。<br>###兼症::视物不明，急躁易怒，或肢体麻木，筋惕肉瞤。<br>###舌脉::舌红，苔少，脉细数。<br>###治法::[[滋阴养肝，养血柔肝]]。<br>###代表方::[[补肝汤]]。<br>###加减附方::[[一贯煎】（肝阴虚以胁痛为主要表现）】。,病机::肝阴不足，肝阳上亢。
肾阴虚证,中医内科学::气血津液病证::虚劳::阴虚,1,主症::眩晕耳鸣，腰膝酸软，甚则耳聋足痿。<br>###兼症::失眠多梦，男子遗精，女子经少或经闭，颧红，口干咽燥。<br>###舌脉::舌红少津，脉沉细数。<br>###治法::[[滋补肾阴，潜阳填髓]]。<br>###代表方::[[左归丸]]。<br>###加减附方::[[知柏地黄丸】（阴虚火旺）】。,病机::肾阴不足，髓海空虚，虚火上炎。
心阳虚证,中医内科学::气血津液病证::虚劳::阳虚,1,主症::心悸自汗，神倦嗜卧，心胸憋闷疼痛。<br>###兼症::形寒肢冷，面色苍白。<br>###舌脉::舌淡或紫黯，脉细弱或沉迟。<br>###治法::[[温通心阳，健脾益气]]。<br>###代表方::[[保元汤]]。<br>###加减附方::[[拯阳理劳汤]]（五版主方）。,病机::心阳不足，心脉失温。
脾阳虚证,中医内科学::气血津液病证::虚劳::阳虚,1,主症::腹胀纳少，面色萎黄，食少形寒。<br>###兼症::神倦乏力，少气懒言，大便溏薄，肠鸣腹痛。<br>###舌脉::舌淡苔白，脉弱。<br>###治法::[[益气健脾，温阳祛寒]]。<br>###代表方::[[附子理中汤]]。,病机::脾阳不足，中焦虚寒，运化失职。
肾阳虚证,中医内科学::气血津液病证::虚劳::阳虚,1,主症::腰背酸痛，男子遗精阳痿，或女子宫冷不孕。<br>###兼症::多尿或不禁，面色㿠白，畏寒肢冷，下利清谷。<br>###舌脉::舌质淡胖，有齿痕，苔白，脉沉细。<br>###治法::[[温补肾阳，滋养精血]]。<br>###代表方::[[右归丸]]。<br>###加减附方::[[拯阳理劳汤合右归饮】（肾阳虚）；[[四神丸】（命门火衰所致五更泄泻）；[[金锁固精丸】（遗精）；[[五苓散】（阳虚水泛）】。,病机::肾阳不足，命门火衰。
肥胖定义与病因病机,中医内科学::气血津液病证::肥胖::概述,1,定义::肥胖是由于[[过食、缺乏体力活动]]等多种原因导致体内脂膏堆积过多，使体重超过一定范围，或伴有头晕乏力、神疲懒言、少动气短等症状的一种病证。<br>###病因::年老体弱、饮食不节、劳逸失调、情志所伤、先天禀赋。<br>###基本病机::[[阳气虚衰，痰湿偏盛]]。<br>###病位::在脾和肌肉，与肾气虚衰关系密切，亦与心、肺功能失调有关。<br>###病性::有虚实之分，总体是[[实多虚少]]。,病理因素::痰湿、膏脂、瘀血。<br>###转化::肥胖可转化为消渴、头痛、眩晕、胸痹、中风等。
肥胖辨证要点与治则,中医内科学::气血津液病证::肥胖::概述,1,辨证要点::辨虚实；辨脏腑病位；辨标本。<br>###总治则::[[补虚泻实]]。<br>###实证治法::[[祛湿化痰法]]。<br>###虚证治法::[[补虚健脾益气]]。,治则::补虚常健脾益气；泻实常清胃降浊，祛湿化痰。
胃热炽盛证,中医内科学::气血津液病证::肥胖::证型,1,主症::多食，消谷善饥，形体肥胖，脘腹胀满。<br>###兼症::面色红润，心烦头昏，口干口苦，胃脘灼痛，嘈杂，得食则缓。<br>###舌脉::舌红苔黄腻，脉弦滑。<br>###治法::[[清胃泻火，佐以消导]]。<br>###代表方::[[小承气汤]]合[[白虎汤]]或[[保和丸]]。<br>###加减附方::[[更衣丸】（肝火便秘）；[[枳实导滞丸】【木香槟榔丸】（食积化热）；[[防风通圣散】（风热积滞）】。,病机::胃火炽盛，腐熟太过，耗伤津液。
痰湿内盛证,中医内科学::气血津液病证::肥胖::证型,1,主症::形盛体胖，身体重着，肢体困倦。<br>###兼症::或伴脘痞胸满，或伴头晕，口干不欲饮，大便稀溏或多日不排。<br>###舌脉::舌质淡胖或大，苔白腻或白滑，脉滑。<br>###治法::[[燥湿化痰，理气消痞]]。<br>###代表方::[[导痰汤]]合[[四苓散]]。<br>###加减附方::[[导痰汤】（痰湿内盛）；[[血府逐瘀汤】（气郁血瘀）】。,病机::脾失健运，痰湿内盛。
气郁血瘀证,中医内科学::气血津液病证::肥胖::证型,1,主症::肥胖慵动，喜太息，胸胁满闷，面晦唇暗。<br>###兼症::肢端色泽不鲜，甚或青紫，可伴便干，失眠，男子性欲下降甚至阳痿，女子月经不调。<br>###舌脉::舌暗或有瘀斑瘀点，舌苔薄，脉滑或涩。<br>###治法::[[理气解郁，活血化瘀]]。<br>###代表方::[[血府逐瘀汤]]。<br>###加减附方::[[栝蒌薤白半夏汤】（痰瘀互结）；[[桃红四物汤】（血瘀重证）】。,病机::气机郁滞，血行不畅。
脾虚不运证,中医内科学::气血津液病证::肥胖::证型,1,主症::肥胖臃肿，神疲乏力，身体困重，胸闷脘胀。<br>###兼症::四肢轻度浮肿，晨轻暮重，劳累后明显，饮食如常或偏少。<br>###舌脉::舌淡胖，边有齿痕，苔薄白或白腻，脉濡细。<br>###治法::[[健脾益气，渗利水湿]]。<br>###代表方::[[参苓白术散]]合[[防己黄芪汤]]。<br>###加减附方::[[五皮饮】（水湿内停）；[[平胃散】（脘腹痞闷）】。,病机::脾虚失运，水湿内停。
脾肾阳虚证,中医内科学::气血津液病证::肥胖::证型,1,主症::形体肥胖，颜面浮肿，面色㿠白，神疲乏力，腹胀便溏。<br>###兼症::自汗气喘，动则更甚，畏寒肢冷，下肢浮肿，尿昼少夜频。<br>###舌脉::舌淡胖，苔薄白，脉沉细。<br>###治法::[[温补脾肾，利水化饮]]。<br>###代表方::[[真武汤]]合[[苓桂术甘汤]]。<br>###加减附方::[[五苓散】（水湿内停）；[[金匮肾气丸】（肾阳虚）；[[济生肾气丸】（中成药）】。,病机::脾肾阳虚，气化不利，水湿内停。
癌病定义与病因病机,中医内科学::气血津液病证::癌病::概述,1,定义::癌病是多种恶性肿瘤的总称，以[[脏腑组织发生异常增生]]为其主要特征。主要表现为身体肿块逐渐增大，表面高低不平，质地坚硬，时有疼痛，发热常伴纳差、乏力、日渐消瘦。<br>###病因::六淫邪毒、饮食失调、七情内伤、宿有旧疾、久病正虚。<br>###基本病机::[[正气亏虚，脏腑功能失调，气机郁滞，痰浊瘀血久留]]，酿生癌毒。<br>###病位::不同癌病病位不同，与肝、脾、肾关系最为密切。<br>###病性::[[本虚标实，虚实夹杂]]，常见全身属虚而局部属实。,病理因素::郁、痰、热、毒、瘀。<br>###发病特点::癌毒一旦形成，常迅速生长，结果成块。
癌病辨证要点与治则,中医内科学::气血津液病证::癌病::概述,1,辨证要点::辨病分期；辨虚实；辨病位。<br>###总治则::[[扶正祛邪，攻补兼施]]。<br>###治则核心::[[养正积自除]]。<br>###分期治法::早期邪实为主，以攻为主；中期攻补兼施；晚期正虚为主，以补为主。,治疗原则::扶正主要是培补阴阳气血；祛邪主要是理气、除湿、化痰、散结、祛瘀、解毒。
癌病预后转归与预防调摄,中医内科学::气血津液病证::癌病::概述,2,转归::若邪毒猖獗，正气亏虚，病情可迅速恶化，常见消瘦、乏力、食欲减退、贫血、腹大如鼓等。<br>###预防调摄::加强普查，做到早期发现、早期诊断、早期治疗；戒烟戒酒，保持心情愉快，避免不良刺激。,临证备要::病证结合，多法并举；重视扶助正气，时时顾护胃气；结合西医多法治疗。
气郁痰瘀证,中医内科学::气血津液病证::癌病::证型,1,主症::胸膈痞闷，善太息，神疲乏力，脘腹胀满。<br>###兼症::或胀痛不适，或隐痛或刺痛，纳呆食少，便溏或呕血、黑便，或咳嗽咳痰。<br>###舌脉::舌苔薄腻，质暗或紫，脉弦或细涩。<br>###治法::[[行气解郁，化痰祛瘀]]。<br>###代表方::[[越鞠丸]]合[[化积丸]]。,病机::气机郁滞，痰瘀互结。
热毒炽盛证,中医内科学::气血津液病证::癌病::证型,1,主症::局部肿块灼热疼痛，发热，口咽干燥，心烦寐差。<br>###兼症::或热势壮盛，久稽不退，咳嗽无痰或少痰，或痰中带血，甚则咳血不止。<br>###舌脉::舌红苔黄，脉数或弦数。<br>###治法::[[清热解毒，抗癌散结]]。<br>###代表方::[[犀角地黄汤]]合[[犀黄丸]]。,病机::热毒壅盛，灼伤血络。
湿热郁毒证,中医内科学::气血津液病证::癌病::证型,1,主症::时有发热，恶心，胸闷，口苦口干，心烦易怒。<br>###兼症::胁痛或腹部阵痛，身目发黄，尿黄，便中带血或黏液脓血便，里急后重，肛门灼热。<br>###舌脉::舌红苔黄腻，脉弦滑或滑数。<br>###治法::[[清热利湿，泻火解毒]]。<br>###代表方::[[龙胆泻肝汤]]合[[五味消毒饮]]。,病机::湿热郁毒，壅滞肠腑。
瘀毒内阻证,中医内科学::气血津液病证::癌病::证型,1,主症::面色晦暗或肌肤甲错，胸痛或腰腹疼痛，痛有定处。<br>###兼症::如锥如刺，痰中带血或尿血，血色暗红，口唇紫暗。<br>###舌脉::舌质暗或有瘀点、瘀斑，苔薄白，脉涩或细涩。<br>###治法::[[活血化瘀，理气散结]]。<br>###代表方::[[血府逐瘀汤]]或[[膈下逐瘀汤]]。,病机::瘀血内停，阻滞脉络。
阴伤气耗证,中医内科学::气血津液病证::癌病::证型,1,主症::口咽干燥，盗汗，头晕耳鸣，视物昏花，五心烦热，腰膝酸软。<br>###兼症::乏力，纳差，腰腿痛，大便干结，尿黄。<br>###舌脉::舌质淡红少苔，脉细数或细。<br>###治法::[[益气养阴，扶正抗癌]]。<br>###代表方::[[生脉地黄汤]]。,病机::阴液亏耗，气阴两虚。
气血双亏证,中医内科学::气血津液病证::癌病::证型,1,主症::形体消瘦，面色无华，唇甲色淡。<br>###兼症::气短乏力，动辄尤甚，伴头晕心悸，目眩眼花，多汗，口干舌燥。<br>###舌脉::舌红或淡，脉细数。<br>###治法::[[益气养血，扶正抗癌]]。<br>###代表方::[[十全大补丸]]。,病机::气血两虚，脏腑失养。
厥证定义与病因病机,中医内科学::气血津液病证::厥证::概述,1,定义::厥证是指[[由于阴阳失调，气机逆乱]]所引起的，以[[突然昏倒，不省人事，四肢逆冷]]为主要临床表现的一种病证。<br>###病因::亡血失津、情志内伤、久病体虚劳倦、饮食不节。<br>###主要病机::[[气机逆乱，升降乖戾，气血阴阳不相顺接]]。<br>###病位::主要在心，涉及脑（清窍），与肝、脾、肾、肺密切相关。<br>###病性::有虚实之别。,病理转归::厥证严重者，可发展为[[脱证]]。<br>###危候::阴阳气血不相顺接，阳气衰微。
厥证辨证要点与治则,中医内科学::气血津液病证::厥证::概述,1,辨证要点::辨病因；辨虚实；分气血。<br>###总治则::[[醒神回厥]]。<br>###实证治法::开窍、化痰、辟秽、醒神。<br>###虚证治法::益气、回阳、救逆、醒神。,急救::急则治标，当及时救治。
厥证转归与预防调摄,中医内科学::气血津液病证::厥证::概述,2,转归::发病后呼吸平稳，脉象有根，预后良好；若气息微弱，甚则鼻中无气，脉见怪脉，预后不良。<br>###预防调摄::避免不良刺激，保持心情舒畅，注意劳逸结合；及时清除痰食。<br>###护理::出血伤津者及时补充液体或输血。,临证备要::厥证常与脱证并见，应结合观察。
气厥（实证）,中医内科学::气血津液病证::厥证::证型,1,主症::多因情志异常，精神刺激而发作，突然昏倒，不省人事，四肢厥冷。<br>###兼症::呼吸气粗，口噤握拳。<br>###舌脉::舌苔薄白，脉伏或沉弦。<br>###治法::[[顺气降逆，开郁]]。<br>###代表方::[[五磨饮子】（通关散）】。<br>###加减附方::[[逍遥散】（精神刺激可致本病反复发作，故平时宜服此方理气达郁）】。,病机::肝气郁结，气机逆乱，上扰清窍。
气厥（虚证）,中医内科学::气血津液病证::厥证::证型,1,主症::眩晕昏仆，面色苍白，呼吸微弱，汗出肢冷，口唇无华。<br>###兼症::气短，脉沉细微。<br>###舌脉::舌淡，脉沉细微。<br>###治法::[[补气回阳醒神]]。<br>###代表方::[[生脉饮]]、[[参附汤]]、[[四味回阳饮]]。<br>###加减附方::[[香砂六君子丸】（平时可常服）；[[甘麦大枣汤】（养心宁神）】。,病机::元气亏虚，清阳不升，脑失所养。
血厥（实证）,中医内科学::气血津液病证::厥证::证型,1,主症::多因急躁恼怒而发，突然昏倒，不省人事，牙关紧闭。<br>###兼症::面赤唇紫，舌暗红，脉弦有力。<br>###治法::[[平肝息风，理气通瘀]]。<br>###代表方::[[羚角钩藤汤]]或[[通瘀煎]]。,病机::肝阳暴张，血随气逆，蒙蔽清窍。
血厥（虚证）,中医内科学::气血津液病证::厥证::证型,1,主症::常因失血过多，突然昏厥，面色苍白。<br>###兼症::口唇无华，四肢震颤，自汗肢冷，目陷口张。<br>###舌脉::呼吸微弱，舌质淡，脉芤或细数无力。<br>###治法::[[补养气血]]。<br>###代表方::[[急用独参汤灌服]]，继服[[人参养荣汤]]。,病机::血虚失养，脑窍失荣。
痰厥证,中医内科学::气血津液病证::厥证::证型,1,主症::素有咳喘宿疾，多湿多痰，恼怒或剧烈咳嗽后突然昏厥。<br>###兼症::咳有痰声，或呕吐涎沫，呼吸气粗。<br>###舌脉::舌苔白腻，脉沉滑。<br>###治法::[[行气豁痰]]。<br>###代表方::[[导痰汤]]。<br>###加减附方::[[礞石滚痰丸】（痰湿化热，口干燥秘）】。,病机::痰浊内盛，上蒙清窍。
食厥证,中医内科学::气血津液病证::厥证::证型,1,主症::暴饮暴食，突然昏厥。<br>###兼症::脘腹胀满，呕恶酸腐，头晕。<br>###舌脉::舌苔厚腻，脉滑。<br>###治法::[[和中消导]]。<br>###代表方::[[盐汤探吐]]，后用[[神术散]]合[[保和丸]]。<br>###加减附方::[[小承气汤】（腹胀大便不通者）】。,病机::食滞中脘，气机逆乱。
暑厥证,中医内科学::气血津液病证::厥证::证型,1,主症::发于暑热夏季，头晕头痛，胸闷身热，面色潮红。<br>###兼症::突然昏仆，不省人事，口舌干，苔薄黄，脉洪数。<br>###治法::[[清暑益气，开窍醒神]]。<br>###代表方::[[清开灵注射液]]、[[万氏牛黄清心丸]]或[[紫雪丹]]。<br>###加减附方::[[白虎加人参汤】（津气耗伤者）】。,病机::暑热之邪，蒙蔽清窍。
蛔厥证,中医内科学::气血津液病证::厥证::证型,3,主症::右腹或右脘部突然剧痛，拒按，扪之有包块。<br>###兼症::甚则汗出肢冷，烦躁昏厥，不省人事，呕吐蛔虫，右腿屈不能伸。<br>###舌脉::脉伏或弦紧。<br>###治法::[[安蛔驱虫]]。<br>###代表方::[[乌梅丸]]。,病机::蛔虫内扰，气机逆乱。
痹证定义与病因病机,中医内科学::肢体经络病证::痹证::概述,1,定义::痹证是由于风寒湿热等邪气闭阻经络，导致[[肢体筋骨、关节、肌肉等处发生疼痛、重着、酸楚、麻木]]，或关节屈伸不利、僵硬、肿大等的一种疾病。<br>###病因::外感风寒湿热之邪、劳逸过度、体质亏虚、禀赋不足、年老体弱。<br>###基本病机::[[风、寒、湿、热、痰、瘀等邪气滞留肢体筋脉、关节、肌肉，经脉闭阻，气血运行不畅]]。<br>###病位::在经脉，累及肢体、关节、肌肉、筋骨，日久可累及脏腑。,病性::初起以邪实为主，久则虚实夹杂。<br>###病理因素::风、寒、湿、热、痰、瘀。
痹证辨证要点与治则,中医内科学::肢体经络病证::痹证::概述,1,辨证要点::辨病邪偏盛（行痹、痛痹、着痹、热痹、痰痹、瘀痹）；辨病性虚实；辨体质。<br>###总治则::[[祛邪通络，宣痹止痛]]。<br>###分治法::祛风、散寒、除湿、清热、化痰、行瘀。<br>###补虚法::益气养血，培补肝肾。,注意::久痹正虚者，应重视扶正，以益气养血、培补肝肾为法。
痹证转归与预防调摄,中医内科学::肢体经络病证::痹证::概述,2,转归::若治疗及时，预后多佳。若失治误治，病情反复，可导致关节肥大变形，甚至[[瘫痪]]。<br>###预后::久痹可演变成[[心悸、肺痿、水肿、喘咳]]等证。<br>###预防调摄::改善生活与工作环境，避免久处湿地；注意生活调摄，加强锻炼。<br>###护理::痹证日久者，关节活动不利者，应防止跌倒，以免发生骨折。,临证备要::注意辨病位用药；注重内外结合；慎用有毒药物。
风寒湿痹（行痹）,中医内科学::肢体经络病证::痹证::证型,1,主症::肢体关节、肌肉疼痛酸楚，屈伸不利。<br>###兼症::可涉及肢体多个关节，疼痛呈游走性。<br>###舌脉::舌苔薄白，脉浮或浮缓。<br>###治法::[[祛风通络，散寒除湿]]。<br>###代表方::[[防风汤]]。<br>###加减附方::[[桂枝芍药知母汤】（寒热错杂）】。,病机::风邪偏盛，兼夹寒湿，痹阻经络。
风寒湿痹（痛痹）,中医内科学::肢体经络病证::痹证::证型,1,主症::肢体关节疼痛，痛势较剧，部位固定，遇寒则痛甚。<br>###兼症::得热则痛缓，关节屈伸不利。<br>###舌脉::舌质淡，舌苔薄白，脉弦紧。<br>###治法::[[散寒通络，祛风除湿]]。<br>###代表方::[[乌头汤]]。<br>###加减附方::[[乌附麻辛桂姜汤]]（寒湿偏盛）。,病机::寒邪偏盛，凝滞经脉。
风寒湿痹（着痹）,中医内科学::肢体经络病证::痹证::证型,1,主症::肢体关节重着、酸痛，或有肿胀。<br>###兼症::痛有定处，手足沉重，活动不利，肌肤麻木不仁。<br>###舌脉::舌质淡，舌苔白腻，脉濡缓。<br>###治法::[[除湿通络，祛风散寒]]。<br>###代表方::[[薏苡仁汤]]。,病机::湿邪偏盛，留滞经络。
风湿热痹证,中医内科学::肢体经络病证::痹证::证型,1,主症::游走性关节疼痛，可涉及一个或多个关节，活动不便，局部灼热红肿。<br>###兼症::痛不可触，得冷则舒，可有皮下结节或红斑，常伴有发热、恶风、汗出、口渴、烦躁不安等全身症状。<br>###舌脉::舌质红，舌苔黄或黄腻，脉滑数或浮数。<br>###治法::[[清热通络，祛风除湿]]。<br>###代表方::[[白虎加桂枝汤]]合[[宣痹汤]]。<br>###加减附方::[[五味消毒饮】【犀黄丸】【犀角散]]（热毒炽盛）】。,病机::湿热壅滞，痹阻经络。
寒热错杂证,中医内科学::肢体经络病证::痹证::证型,2,主症::关节灼热肿痛，又遇寒加重，恶风怕冷。<br>###兼症::关节冷痛喜温，而手心灼热，口干口苦，尿黄。<br>###舌脉::舌红苔白或薄黄，脉弦紧或数。<br>###治法::[[温经散寒，清热除湿]]。<br>###代表方::[[桂枝芍药知母汤]]。,病机::寒热互结，经脉痹阻。
痰瘀痹阻证,中医内科学::肢体经络病证::痹证::证型,1,主症::痹证日久，肌肉关节刺痛，固定不移。<br>###兼症::或关节肌肤紫黯、肿胀，按之较硬，肢体顽麻或重着，或关节僵硬变形，屈伸不利，有硬结、瘀斑，面色黯黧，眼睑浮肿。<br>###舌脉::舌质紫暗或有瘀斑，舌苔白腻，脉弦涩。<br>###治法::[[化痰行瘀，蠲痹通络]]。<br>###代表方::[[双合汤]]。<br>###加减附方::[[桃红饮】（痰瘀痹阻）】。,病机::痰瘀互结，阻痹经络。
气血虚痹证,中医内科学::肢体经络病证::痹证::证型,2,主症::关节疼痛酸楚，时轻时重，或气候变化、劳倦活动加重。<br>###兼症::形体消瘦，神疲乏力，肌肤麻木，短气自汗，面色少华，唇甲淡白，头晕目眩。<br>###舌脉::舌淡苔薄，脉细弱。<br>###治法::[[益气养血，和营通络]]。<br>###代表方::[[黄芪桂枝五物汤]]。,病机::气血亏虚，经脉失养。
肝肾亏虚证,中医内科学::肢体经络病证::痹证::证型,2,主症::痹证日久不愈，关节屈伸不利，肌肉瘦削，腰膝酸软。<br>###兼症::或畏寒肢冷，阳痿，遗精，或骨蒸劳热，心烦口干。<br>###舌脉::舌质淡红，舌苔薄白或少津，脉沉细弱或细数。<br>###治法::[[培补肝肾，舒筋止痛]]。<br>###代表方::[[补血荣筋丸]]或[[独活寄生汤]]。<br>###加减附方::[[炙甘草汤】（痹久内舍于心）】。,病机::肝肾亏虚，筋骨失养。
痉证定义与病因病机,中医内科学::肢体经络病证::痉证::概述,1,定义::痉证是以[[项背强直，四肢抽搐，甚至口噤，角弓反张]]为主症的一种病证。<br>###病因::感受外邪、久病过劳、失治误治、亡血伤津。<br>###基本病机::[[阴虚血少，筋脉失养]]。<br>###病位::在筋脉，属肝所主，与脾、胃、肾、心关系密切。<br>###病性::有虚实两端，常呈虚实夹杂。,病理因素::风、寒、湿、热、痰、瘀。<br>###预后::痉证久治不当，可出现肢体不利、半身不遂等后遗症，严重者可危及生命。
痉证辨证要点与治则,中医内科学::肢体经络病证::痉证::概述,1,辨证要点::辨外感与内伤；辨实证与虚证。<br>###总治则::[[息风解痉]]。<br>###实证治法::祛风散寒、清热祛湿、清肝潜阳、化瘀通络。<br>###虚证治法::滋阴养血、柔肝舒筋。,治疗原则::外感风、寒、湿、热所致者，以祛邪为主；内伤所致者，以扶正为主。
邪壅经络证,中医内科学::肢体经络病证::痉证::实证,1,主症::头痛，项背强直，恶寒发热，无汗或有汗。<br>###兼症::肢体酸重，甚至口噤不能语，四肢抽搐。<br>###舌脉::舌苔薄白或白腻，脉浮紧。<br>###治法::[[祛风散寒，燥湿和营]]。<br>###代表方::[[羌活胜湿汤]]。<br>###加减附方::[[栝楼桂枝汤】（风邪偏盛）；[[葛根汤】（项背强直）；[[三仁汤】（湿热偏盛）】。,病机::邪犯经络，筋脉挛急。
风痰入络证,中医内科学::肢体经络病证::痉证::实证,2,主症::头痛昏蒙，神识呆滞，项背强直，四肢抽搐。<br>###兼症::手足麻木，胸脘满闷，呕吐痰涎。<br>###舌脉::舌苔白腻，脉滑或弦滑。<br>###治法::[[祛风化痰，通络止痉]]。<br>###代表方::[[真方白丸子]]。,病机::风痰上扰，筋脉失养。
痰浊阻滞证,中医内科学::肢体经络病证::痉证::实证,2,主症::头痛昏蒙，神识呆滞，项背强直，四肢抽搐。<br>###兼症::胸脘满闷，呕吐痰涎。<br>###舌脉::舌苔白腻，脉滑或弦滑。<br>###治法::[[豁痰开窍，息风止痉]]。<br>###代表方::[[导痰汤]]或[[涤痰汤]]。<br>###加减附方::[[清金化痰丸】（痰浊郁热）；[[安宫牛黄丸】（痰浊上壅，蒙闭清窍）】。,病机::痰浊阻络，筋脉失养。
肝经热盛证,中医内科学::肢体经络病证::痉证::实证,1,主症::高热头痛，口噤齿齘，手足躁动，甚则项背强急。<br>###兼症::四肢抽搐，角弓反张。<br>###舌脉::舌红绛，舌苔薄黄或少苔，脉弦细而数。<br>###治法::[[清肝潜阳，息风镇痉]]。<br>###代表方::[[羚角钩藤汤]]。<br>###加减附方::[[安宫牛黄丸】【至宝丹】【紫雪丹】（神昏痉厥）】。,病机::肝经热盛，热极生风。
阳明热盛证,中医内科学::肢体经络病证::痉证::实证,1,主症::壮热汗出，项背强急，手足挛急。<br>###兼症::口噤齿齘，甚则角弓反张，腹满便结。<br>###舌脉::舌苔黄燥，脉弦数。<br>###治法::[[清泄胃热，增液止痉]]。<br>###代表方::[[白虎汤]]合[[增液承气汤]]。<br>###加减附方::[[白虎加人参汤】（热盛伤津）】。,病机::阳明热盛，燔灼肝经。
心营热盛证,中医内科学::肢体经络病证::痉证::实证,2,主症::高热烦躁，神昏谵语，项背强急，四肢抽搐。<br>###兼症::甚则角弓反张，皮肤斑疹。<br>###舌脉::舌质红绛，苔黄少津，脉细数。<br>###治法::[[清心透营，开窍止痉]]。<br>###代表方::[[清营汤]]。<br>###加减附方::[[清瘟败毒饮】（热毒深重）】。,病机::热入心营，蒙蔽清窍。
瘀血内阻证,中医内科学::肢体经络病证::痉证::实证,2,主症::头痛如刺，痛有定处，形体消瘦。<br>###兼症::项背强直，四肢抽搐，舌质紫暗，边有瘀斑。<br>###舌脉::舌质紫暗，边有瘀斑，脉象细涩。<br>###治法::[[活血化瘀，通窍止痉]]。<br>###代表方::[[通窍活血汤]]。,病机::瘀血内阻，筋脉失养。
阴虚亏虚证,中医内科学::肢体经络病证::痉证::虚证,1,主症::项背强急，四肢麻木，抽搐或筋惕肉瞤。<br>###兼症::直视口噤，头目眩晕，自汗，神疲气短，或低热。<br>###舌脉::舌质淡或舌红无苔，脉细数。<br>###治法::[[滋阴养血，息风止痉]]。<br>###代表方::[[四物汤]]合[[大定风珠]]。<br>###加减附方::[[补阳还五汤】（久病阴血不足，气虚血滞）】。,病机::阴血亏虚，筋脉失养。
痿证定义与病因病机,中医内科学::肢体经络病证::痿证::概述,1,定义::痿证是指[[肢体筋脉弛缓，软弱无力，不能随意运动]]，或伴有肌肉萎缩的一种病证。<br>###病因::感受温毒、湿热浸淫、饮食毒物所伤、先天不足、久病体虚、跌仆瘀阻。<br>###基本病机::[[五脏受损，精津不足，气血亏损，肌肉筋脉失养]]。<br>###病位::在筋脉肌肉，根本在五脏，与肝、肾、脾、肺关系最为密切。<br>###病性::以热证、虚证为多，也有虚实夹杂者。,病理因素::湿热、痰浊、瘀血。<br>###变证::久痿虚极，脾肾精气衰败，病情凶险，可见舌体瘫痪、吞咽困难等。
痿证辨证要点与治则,中医内科学::肢体经络病证::痿证::概述,1,辨证要点::辨脏腑病位（肺、脾、肝、肾）；辨标本虚实。<br>###总治则::[[治痿独取阳明]]。<br>###分治法::肺热津伤者宜清热润燥养肺；湿热浸淫者宜清热利湿；脾胃虚弱者宜健脾益气；肝肾亏损者宜滋补肝肾。<br>###注意事项::慎用辛温发散、苦寒降火之品。,临证备要::补益防止助邪；重视调畅气血；理解“治痿独取阳明”的深意，包括补益脾胃、清阳明热、辨证施治。
痿证转归与预防调摄,中医内科学::肢体经络病证::痿证::概述,2,转归::感邪轻、起病急、正气强者，经数周或数月治疗可获痊愈；若病情迁延，出现呼吸、吞咽困难，则属重证，预后较差。<br>###预防调摄::避居湿地，防御外邪；保持心情舒畅；生活规律，适当锻炼；重症患者注意翻身拍背，防止痰壅窒息。<br>###护理::对瘫痪者，帮助患者梳理筋脉，防止肢体挛缩。,注意::避免滥用辛温燥烈、苦寒之品。
肺热津伤证,中医内科学::肢体经络病证::痿证::证型,1,主症::发病急，病起发热，或热后突然出现肢体软弱无力。<br>###兼症::肌肉瘦削，皮肤干燥，心烦口渴，咳呛少痰，咽干不利，小便黄赤或热痛，大便干燥。<br>###舌脉::舌红苔黄，脉细数。<br>###治法::[[清热润燥，养阴生津]]。<br>###代表方::[[清燥救肺汤]]。<br>###加减附方::[[益胃汤】（身热已退，兼见食欲减退、口干咽干较甚）】。,病机::肺热津伤，不能布散津液，筋脉失养。
湿热浸淫证,中医内科学::肢体经络病证::痿证::证型,1,主症::起病较缓，逐渐出现肢体困重，痿软无力。<br>###兼症::尤以下肢或两足痿弱为甚，兼见微肿，手足麻木，扪及微热，喜凉恶热，或有发热，胸脘痞闷，小便赤涩热痛。<br>###舌脉::舌质红，舌苔黄腻，脉濡数或滑数。<br>###治法::[[清热利湿，通利经脉]]。<br>###代表方::[[加味二妙散]]或[[二妙丸]]。,病机::湿热浸淫，阻遏经脉，气血不运。
脾胃虚弱证,中医内科学::肢体经络病证::痿证::证型,1,主症::起病缓慢，肢体软弱无力逐渐加重。<br>###兼症::神疲肢倦，肌肉萎缩，少气懒言，纳呆便溏，面色白或萎黄无华，面浮。<br>###舌脉::舌淡苔薄白，脉细弱。<br>###治法::[[补中益气，健脾升清]]。<br>###代表方::[[参苓白术散]]。<br>###加减附方::[[六君子汤】（肥人痰多或脾虚湿盛）；[[补中益气汤】（中气不足）】。,病机::脾胃虚弱，健运失职，气血生化乏源，筋脉失养。
肝肾亏损证,中医内科学::肢体经络病证::痿证::证型,1,主症::起病缓慢，渐见肢体痿软无力，尤以下肢明显。<br>###兼症::腰膝酸软，不能久立，甚至步履全废，腿胫大肉渐脱，或伴眩晕耳鸣，咽干遗精或遗尿，或妇女月经不调。<br>###舌脉::舌红少苔，脉细数。<br>###治法::[[补益肝肾，滋阴清热]]。<br>###代表方::[[虎潜丸]]。<br>###加减附方::[[加味四斤丸】【鹿角胶丸】（病久阴损及阳）；[[六味地黄丸】（热甚）；[[右归丸】（阳虚畏寒）】。,病机::肝肾亏虚，精血不足，筋脉失养。
脉络瘀阻证,中医内科学::肢体经络病证::痿证::证型,2,主症::久病体虚，四肢痿弱，肌肉瘦削。<br>###兼症::肌肤甲错，手足麻木不仁，四肢青筋显露，可伴有肌肉活动时隐痛不适。<br>###舌脉::舌质暗淡或有瘀点、瘀斑，脉细涩。<br>###治法::[[益气养营，活血行瘀]]。<br>###代表方::[[圣愈汤]]合[[补阳还五汤]]。<br>###加减附方::[[大黄蜇虫丸】（瘀血久留，形体消瘦）】。,病机::久病入络，瘀血阻滞，经脉不通。
颤证定义与病因病机,中医内科学::肢体经络病证::颤证::概述,1,定义::颤证是指[[头部或肢体摇动、颤抖不能自制]]为主要临床表现的一种病证。<br>###病因::年老体虚、情志失节、饮食不节、劳逸失当。<br>###基本病机::[[肝风内动，筋脉失养]]。<br>###病性::[[本虚标实]]。本为阴精津血亏虚，标为风、痰、火、瘀。<br>###病位::在筋脉，与肝、肾、脾等脏关系密切。,病理因素::风、火、痰、瘀。<br>###转化::颤证日久可导致痿证。
颤证辨证要点与治则,中医内科学::肢体经络病证::颤证::概述,1,辨证要点::辨清标本虚实。<br>###总治则::[[息风柔筋，补虚泻实]]。<br>###初期治法::以标实为主，治当清热、化痰、息风。<br>###中后期治法::病程较长，年老体弱，以滋补肝肾、益气养血、调补阴阳治本为主。,临证备要::诊断要结合颅脑CT、MRI等；治疗需辨证施治，非偏用一法；临证当参悟古今，重视肝风内动、气血亏虚等病因。
颤证预后与预防调摄,中医内科学::肢体经络病证::颤证::概述,2,预后::病轻者缓解症状，延缓加重；病情较重者，进展迅速，甚至痴呆，预后不良。<br>###预防调摄::增强人体正气，避免和消除致病因素；注意生活调摄，保持情绪稳定；饮食清淡而富有营养；加强肢体功能锻炼。<br>###护理::卧床患者注意翻身，经常进行肢体按摩，防止褥疮。,注意::避免中毒、中风、脑颅损伤对颤证的发生有重要意义。
风阳内动证,中医内科学::肢体经络病证::颤证::证型::实证,1,主症::肢体颤动粗大，程度较重，不能自制。<br>###兼症::眩晕耳鸣，面赤烦躁，易激动，心情紧张时颤动加重，伴有肢体麻木，口苦而干。<br>###舌脉::舌质红，苔黄，脉弦。<br>###治法::[[镇肝息风，舒筋止颤]]。<br>###代表方::[[天麻钩藤饮]]合[[镇肝息风汤]]。<br>###加减附方::[[龙胆泻肝汤】（肝火偏盛）；[[知柏地黄丸】（肾阴不足）；[[酸枣仁汤】（心烦失眠）】。,病机::肝阳化风，上扰清窍，筋脉失养。
痰热风动证,中医内科学::肢体经络病证::颤证::证型::实证,1,主症::头摇不止，肢麻震颤，重则手不能持物。<br>###兼症::头晕目眩，胸脘痞闷，口苦口黏，甚则口吐痰涎。<br>###舌脉::舌体胖大，有齿痕，舌质红，舌苔黄腻，脉弦滑数。<br>###治法::[[清热化痰，平肝息风]]。<br>###代表方::[[导痰汤]]合[[羚角钩藤汤]]。<br>###加减附方::[[丹栀逍遥散】（心烦易怒）；[[平胃散】（胸闷脘痞）】。,病机::痰热内蕴，肝风内动。
气血亏虚证,中医内科学::肢体经络病证::颤证::证型::虚证,1,主症::头摇肢颤，面色白，表情淡漠，神疲乏力，动则气短。<br>###兼症::心悸健忘，眩晕纳呆。<br>###舌脉::舌体胖大，舌质淡红，舌苔薄白，脉沉濡无力或沉细弱。<br>###治法::[[益气养血，濡养筋脉]]。<br>###代表方::[[人参养荣汤]]。<br>###加减附方::[[导痰汤】（气血运化无力，湿聚成痰）；[[桃红四物汤】（血瘀）】。,病机::气血亏虚，筋脉失养。
髓海不足证,中医内科学::肢体经络病证::颤证::证型::虚证,1,主症::头摇肢颤，持物不稳，腰膝酸软。<br>###兼症::失眠心烦，头晕耳鸣，健忘，老年患者常兼有神呆、痴傻。<br>###舌脉::舌质红，舌苔薄白，或红绛无苔，脉象细数。<br>###治法::[[填精补髓，育阴息风]]。<br>###代表方::[[龟鹿二仙膏]]合[[大定风珠]]。<br>###加减附方::[[知柏地黄丸】（阴虚火旺）】。,病机::肾精亏虚，髓海不足，脑失所养。
阳气虚衰证,中医内科学::肢体经络病证::颤证::证型::虚证,1,主症::头摇肢颤，筋脉拘挛，畏寒肢冷，四肢麻木。<br>###兼症::心悸懒言，动则气短，自汗，小便清长或自遗，大便溏。<br>###舌脉::舌质淡，舌苔薄白，脉沉迟无力。<br>###治法::[[补肾助阳，温煦筋脉]]。<br>###代表方::[[地黄饮子]]。<br>###加减附方::[[四神丸】（大便稀溏）；[[真武汤】（肾阳衰微）；[[天王补心丹】（心悸较著）】。,病机::阳气虚衰，失于温煦，筋脉失荣。
腰痛定义与病因病机,中医内科学::肢体经络病证::腰痛::概述,1,定义::腰痛是指因外感、内伤或闪挫跌仆，导致[[腰部气血运行不畅，或失于濡养]]，引起腰脊或脊旁疼痛为主要症状的病证。<br>###病因::外邪侵袭（风湿、寒湿、湿热）、年老体虚、跌仆损伤。<br>###基本病机::[[经脉痹阻，腰府失养]]。<br>###病位::在腰，与肾及足太阳、足少阴、任脉、督脉、带脉等经络密切相关。<br>###病性::有虚实不同，但以虚为多，或见本虚标实。,虚实转化::寒湿、湿热、瘀血均可伤肾，寒湿易伤肾阳，湿热易耗伤肾阴。<br>###变证::腰痛实证迁延不愈，可转为虚证。
腰痛辨证要点与治则,中医内科学::肢体经络病证::腰痛::概述,1,辨证要点::辨虚实；辨病理性质（外感内伤，跌仆闪挫）。<br>###总治则::分标本虚实，急则治标，缓则治本。<br>###实证治法::祛邪通络，根据病因不同分别采取散寒、清热、利湿、活血。<br>###虚证治法::补肾益精，或温阳益气，或滋阴养血。,临证备要::注重补肾强腰；配合活血化瘀；重视原发病的针对性治疗；强调综合治疗。
腰痛转归与预防调摄,中医内科学::肢体经络病证::腰痛::概述,2,转归::预后一般良好，但易反复，多缠绵难愈。<br>###预防调摄::注意腰部保暖，避免坐卧湿地；注意正确坐卧行立姿势；摄生节制房事；加强功能锻炼。,注意::腰痛是多种疾病的共有症状，应寻求原发病因进行综合治疗。
寒湿腰痛证,中医内科学::肢体经络病证::腰痛::证型,1,主症::腰部冷痛重着，转侧不利，逐渐加重。<br>###兼症::静卧病痛不减，寒冷和阴雨天则加重。<br>###舌脉::舌质淡，苔白腻，脉沉而迟缓。<br>###治法::[[散寒行湿，温经通络]]。<br>###代表方::[[甘姜苓术汤】（肾着汤）】。<br>###加减附方::[[独活寄生汤】（年老人病不愈，肝肾亏虚，气血亏虚）】。,病机::寒湿内侵，阻滞经络。
湿热腰痛证,中医内科学::肢体经络病证::腰痛::证型,1,主症::腰部疼痛，重着而热，暑湿阴雨天气症状加重。<br>###兼症::活动后或可减轻，身体困重，小便短赤。<br>###舌脉::舌苔黄腻，脉濡数或弦数。<br>###治法::[[清热利湿，舒筋通络]]。<br>###代表方::[[四妙丸]]。,病机::湿热蕴结，壅滞经脉。
瘀血腰痛证,中医内科学::肢体经络病证::腰痛::证型,1,主症::腰痛如刺，痛有定处，痛处拒按。<br>###兼症::日轻夜重，轻者俯仰不便，重则不能转侧。<br>###舌脉::舌质暗紫，或有瘀斑，脉涩。<br>###治法::[[活血化瘀，理气通络止痛]]。<br>###代表方::[[身痛逐瘀汤]]或[[抵当汤]]。,病机::瘀血内停，阻滞经脉。
肾虚腰痛（肾阴虚）,中医内科学::肢体经络病证::腰痛::证型,1,主症::腰部隐隐作痛，酸软无力，缠绵不愈。<br>###兼症::心烦少寐，口燥咽干，面色潮红，手足心热。<br>###舌脉::舌红少苔，脉弦细数。<br>###治法::[[滋补肾阴，濡养筋脉]]。<br>###代表方::[[左归丸]]。<br>###加减附方::[[知柏地黄丸】（肾阴不足，相火偏亢）；[[大补阴丸】（阴虚火旺）；[[杜仲丸】（虚劳腰痛）】。,病机::肾阴亏虚，腰府失养。
肾虚腰痛（肾阳虚）,中医内科学::肢体经络病证::腰痛::证型,1,主症::腰部隐隐作痛，酸软无力，缠绵不愈，局部发凉。<br>###兼症::喜温喜按，遇劳更甚，卧则减轻，常反复发作，少腹拘急，面色白，肢冷畏寒。<br>###舌脉::舌质淡，脉沉细无力。<br>###治法::[[补肾壮阳，温煦经脉]]。<br>###代表方::[[右归丸]]。<br>###加减附方::[[青蛾丸】（无明显阴阳偏盛）；[[河车大造丸】（房劳过度而致肾虚腰痛）】。,病机::肾阳不足，腰府失温。
感冒与温病早期鉴别,中医内科学::鉴别诊断::感冒&温病早期,1,相同点::两者症状相似，尤其是[[风热感冒与风温初起]]颇为相似。<br>###异-病机::【感冒】：发热多不高或不发热，病势轻，一般[[不传变]]，服解表药后多能汗出脉静身凉，病程短，预后好。<br>【温病早期】：病势急骤，[[必有发热]]，甚或高热，汗出后热虽暂降但脉数不静，旋即复起，咳嗽胸痛，头痛较剧，甚至伴有[[神志昏迷、惊厥、谵妄等传变入里的证候]]。,总结::感冒不传变，温病易传变入里。
普通感冒与时行感冒鉴别,中医内科学::鉴别诊断::普通感冒&时行感冒,1,相同点::两者均为外感表证。<br>###异-临床表现::【普通感冒】：病情较轻，全身症状不重，少有传变。气候变化时发病率可升高，但[[无明显流行特点]]。<br>【时行感冒】：[[病情较重]]，发病急，全身症状显著，可有传变，化热入里，具有[[流行性]]，传变迅速。,总结::时行感冒病情重、有传染性、易传变。
风寒感冒与风寒咳嗽鉴别,中医内科学::鉴别诊断::风寒感冒&风寒咳嗽,1,相同点::病因相同，均为外感风寒；症状、病机、治法有相似之处。<br>###异-主证::【风寒感冒】：以[[表寒实证为主]]，可兼有咳嗽。<br>【风寒咳嗽】：以[[咳嗽为主]]，可兼有表证。<br>###异-治法::【风寒感冒】：治以[[辛温解表]]，方用荆防败毒散。<br>【风寒咳嗽】：治以[[疏风散寒，宣肺止咳]]，方用三拗汤合止嗽散。,总结::感冒以表证为主，咳嗽以肺气上逆为主。
风热感冒与风热咳嗽鉴别,中医内科学::鉴别诊断::风热感冒&风热咳嗽,1,相同点::病因相同，均为外感风热；症状、病机、治法有相似之处。<br>###异-主证::【风热感冒】：以[[表热实证为主]]，可兼有咳嗽。<br>【风热咳嗽】：以[[咳嗽为主]]，可兼有表证。<br>###异-治法::【风热感冒】：治以[[辛凉解表]]，方用银翘散。<br>【风热咳嗽】：治以[[疏风清热，宣肺止咳]]，方用桑菊饮。,总结::感冒以表证为主，咳嗽以肺失清肃为主。
风热咳嗽与肺痈鉴别,中医内科学::鉴别诊断::风热咳嗽&肺痈,1,相同点::主症中均有“咳嗽”“咯痰”；病因均有“感受风热”；均为实热证。<br>###异-临床表现::【风热咳嗽】：以[[咳嗽吐痰液]]为主症。<br>【肺痈】：以[[咳嗽、胸痛、发热、咯吐腥臭浊痰，甚则脓血相兼]]为主要表现。<br>###异-病机::【风热咳嗽】：风热犯肺，[[肺失清肃]]。<br>【肺痈】：热伤肺气，蒸液成痰，热壅血瘀，[[血败肉腐]]。,总结::肺痈以咳吐腥臭脓血为特征。
肺痈与肺痨鉴别,中医内科学::鉴别诊断::肺痈&肺痨,1,相同点::均有“咳嗽、发热、汗出”。<br>###异-病机::【肺痈】：[[热壅血瘀]]，肺叶生疮，形成脓疡，多属实热证。<br>【肺痨】：[[痨虫蚀肺]]，肺体受损，肺阴耗伤，以阴虚为主。<br>###异-临床表现::【肺痈】：咳吐[[腥臭浊痰]]，甚则脓血相兼。<br>【肺痨】：咳嗽、咯血、潮热、盗汗、[[身体逐渐消瘦]]。<br>###异-治法::【肺痈】：清热解毒、化瘀排脓。<br>【肺痨】：补虚培元、抗痨杀虫。,总结::肺痈属实热，肺痨属阴虚。
哮病与喘证鉴别,中医内科学::鉴别诊断::哮病&喘证,1,相同点::均有[[呼吸急促、困难]]，均可见“喘息”；病因均有外邪、饮食、情志、体虚。<br>###异-病名::【哮病】：以[[哮鸣声响]]为特征，喉中有哮鸣音（如水鸡声）。<br>【喘证】：以[[呼吸困难]]为主症，虽可见喘息，但无哮鸣音。<br>###异-病机::【哮病】：以[[“伏痰”为宿根]]，遇诱因引触，痰阻气道，肺气上逆。<br>【喘证】：肺气上逆、宣降失职，或气无所主、肾失摄纳。,总结::哮必兼喘，喘未必兼哮。
实喘与虚喘鉴别,中医内科学::鉴别诊断::实喘&虚喘,1,相同点::均以呼吸困难为主症。<br>###异-临床表现::【实喘】：呼吸深长有余，呼出为快，气粗声高，伴有痰鸣咳嗽，脉数有力，病势多急。<br>【虚喘】：呼吸短促难续，深吸为快，气怯声低，少有痰鸣咳嗽，脉象微弱或浮大中空，病势徐缓。<br>###异-病因::【实喘】：外邪、痰浊、饮食、情志。<br>【虚喘】：劳欲久病或中气虚弱。,总结::实喘在肺，虚喘在肾。
肺胀与咳嗽、喘证、痰饮鉴别,中医内科学::鉴别诊断::肺胀&咳嗽&喘证&痰饮,1,相同点::均有“咳逆上气、咳痰”。<br>###异-病位::【肺胀】：多种慢性肺系疾病反复发作，致肺气胀满，[[不能敛降]]。<br>【咳嗽】：病位在肺，以咳吐痰液为主，不伴有喘促。<br>【喘证】：病位在肺肾，以呼吸困难，张口抬肩为特征。<br>【支饮】：饮邪支撑胸肺而致，属痰饮病的一个类型。,总结::肺胀是多种病证发展而来，病位更深。
肺胀与心悸、水肿鉴别,中医内科学::鉴别诊断::肺胀&心悸&水肿,1,相同点::均可出现[[心悸、肢体浮肿]]。<br>###异-核心病机::【肺胀之阳虚水泛证】：[[肺、脾、肾阳气亏虚]]，水饮内停。<br>【心悸之水饮凌心证】：[[心阳虚衰]]，水饮上凌于心。<br>【水肿之肾阳衰微证】：[[肾阳衰微]]，水湿泛滥。,总结::三证病机相似，需仔细辨别原发病。
肺痨与虚劳鉴别,中医内科学::鉴别诊断::肺痨&虚劳,1,相同点::均为慢性虚弱性疾病，同属虚证；《内经》《金匮要略》均将“肺痨”归于“虚劳”范畴。<br>###异-病性::【肺痨】：具有传染性，是一个独立的慢性传染性疾病。病性以[[阴虚]]为主。<br>【虚劳】：一般无传染性，是脏腑亏损导致的多种慢性疾病虚损证候的总称，病性以[[五脏虚损以肾为主]]。<br>###异-病位::【肺痨】：病位在肺，尤以阴虚为主。<br>【虚劳】：病位涉及五脏，以肾为主。,总结::肺痨是独立的传染性疾病，虚劳是多种虚损的总称。
自汗、脱汗、战汗、黄汗鉴别,中医内科学::鉴别诊断::自汗&脱汗&战汗&黄汗,1,相同点::均为汗液外泄失常，属于[[阴阳失调，腠理不固]]。<br>###异-特点::【自汗】：不因外界环境影响，[[白昼时时汗出，动辄益甚]]。<br>【脱汗】：发生在病情危重之时，[[大汗淋漓或汗出如珠]]，常伴声低息微，四肢厥冷，元气欲脱。<br>【战汗】：发生于急性热病过程中，[[突然全身恶寒战栗，继而全身汗出]]，是邪正交争的征象。<br>【黄汗】：汗出[[色黄如柏汁]]，染衣着色，多伴有口中黏苦，渴不欲饮，小便不利，苔黄腻。,总结::自汗多气虚，脱汗多阳脱，战汗为邪正交争，黄汗多湿热。
中风、厥证、痫病、痉证鉴别,中医内科学::鉴别诊断::中风&厥证&痫病&痉证,1,相同点::四者均可见[[突然仆倒，昏不知人]]。<br>###异-特点::【中风】：多有[[半身不遂、口眼歪斜]]等后遗症。<br>【厥证】：[[四肢厥冷]]，醒后无后遗症。<br>【痫病】：常有[[口吐涎沫、四肢抽搐、口中怪叫]]等典型发作。<br>【痉证】：以[[项背强直、四肢抽搐、甚至口噤、角弓反张]]为主症。,总结::中风有后遗症，厥证无后遗症，痫病反复发作，痉证以筋脉拘急为特征。
中风之中经络与中脏腑鉴别,中医内科学::鉴别诊断::中风之中经络&中脏腑,1,相同点::均属于中风病。<br>###异-特点::【中经络】：[[病位浅]]，仅见半身不遂、口眼歪斜、语言不利，但[[意识清楚]]。<br>【中脏腑】：[[病位深]]，以[[猝然昏仆、不省人事或神志昏蒙]]为主症。,总结::中经络病位浅，中脏腑病位深。
刚痉与柔痉鉴别,中医内科学::鉴别诊断::刚痉&柔痉,1,相同点::均可表现为[[发热、项强急、口噤，甚则角弓反张]]。<br>###异-特点::【刚痉】：《金匮要略》：“太阳病，发热无汗，反恶寒者，名曰刚痉。”[[无汗，恶寒]]，兼表寒实证。<br>【柔痉】：《金匮要略》：“太阳病，发热汗出，而不恶寒，名曰柔痉。”[[有汗，不恶寒]]，兼表虚证。,总结::刚痉无汗恶寒，柔痉有汗不恶寒。
惊悸与怔忡鉴别,中医内科学::鉴别诊断::惊悸&怔忡,1,相同点::均属“心悸”的范围，但[[有轻重之分]]。病机均为[[气血阴阳亏虚，心失所养或邪扰心神]]。<br>###异-特点::【惊悸】：发病多与[[情绪因素]]有关，可由骤遇惊恐、忧思恼怒、悲哀过极或过度紧张而诱发；多为[[阵发性]]，病情较轻，实证居多，可自行缓解，不发作时如常人。<br>【怔忡】：发病多由[[久病体虚、心脏受损所致]]，无精神因素也可发生；常[[持续心悸]]，心中惕惕，不能自控，活动后加重，虚证居多或虚实夹杂，病势较重。,总结::惊悸由外因诱发，阵发性；怔忡由内因所致，持续性。
内伤发热与外感发热鉴别,中医内科学::鉴别诊断::内伤发热&外感发热,1,相同点::均有“发热”症状。<br>###异-病因::【内伤发热】：起病缓，病程长。[[内伤病因为主]]，一般有气血阴阳的亏虚或气郁、血瘀、湿阻的病史。<br>【外感发热】：起病急，病程短。[[外邪居多]]，正邪相争，实证居多。<br>###异-临床表现::【内伤发热】：以[[低热为主]]，或自觉发热而体温并不升高，多伴有头晕、神疲、自汗、盗汗、脉弱等。<br>【外感发热】：多为[[高热]]，初起常兼头身疼痛、鼻塞、流涕、咳嗽、脉浮等表证。,总结::内伤发热以低热、内伤病因为主，外感发热以高热、外邪为主。
癫、狂、痫鉴别,中医内科学::鉴别诊断::癫&狂&痫,1,相同点::癫狂均属“精神失常”，痫病平素如常人，发作时精神异常伴抽搐。<br>###异-特点::【癫】：[[静而少动，静而多喜]]，以精神抑郁、表情淡漠、沉默痴呆、语无伦次或喃喃自语、静而少动为特征。病机以[[痰气郁结]]为主，多属虚证。<br>【狂】：[[动而多怒]]，以精神亢奋、狂躁刚暴、喧扰不宁、毁物打骂、动而多怒为特征。病机以[[痰火]]为主，多属实证。<br>【痫】：[[发作性神志异常]]，发时精神恍惚，甚则突然仆倒，不省人事，两目上视，口吐涎沫，四肢抽搐，或口中怪叫，移时苏醒，醒后如常人。病机以[[痰]]为主。,总结::癫为虚痰，狂为实火，痫为发作性神志异常。
胃痛与真心痛鉴别,中医内科学::鉴别诊断::胃痛&真心痛,1,相同点::心痛在胃脘上，胃脘在心下，故心痛有胃脘当心而痛之称，两者疼痛部位接近，易混淆。<br>###异-临床表现::【胃痛】：与饮食相关，以胀痛为主，局部有压痛，持续时间较长，常伴有泛酸、嘈杂、嗳气、呃逆等[[胃部症状]]。<br>【真心痛】：以闷痛为主，为时极短，虽与饮食有关，但休息、服药常可缓解，严重者疼痛剧烈，持续不解，汗出肢冷，面色苍白，唇甲青紫，脉微细或结代，多为[[年高之人]]。<br>###异-病机::【胃痛】：外邪犯胃、饮食伤胃、情志失调、脾胃素虚、药物损害。<br>【真心痛】：年老化衰、阳气不足、七情内伤、血瘀痰阻、过食肥甘或劳倦伤脾。,总结::真心痛是胸痹心痛的严重证候，病情危急，预后较差。
泄泻与痢疾鉴别,中医内科学::鉴别诊断::泄泻&痢疾,1,相同点::病位均在肠胃，均有排便次数增多、腹痛，多发于夏秋季节；皆由外感时邪、内伤饮食发病。两者可相互转化：泻转痢者病情加重，痢转泻者病情减轻。<br>###异-临床表现::【泄泻】：以[[排便次数增多，粪便稀溏]]，或如水样为特点，无脓血，腹痛肠鸣，泻后痛减。<br>【痢疾】：以[[腹痛、里急后重、下痢赤白黏液脓血]]为特征，便后里急后重不减，痢下赤白黏液。<br>###异-病机::【泄泻】：病机为[[脾失健运，湿邪内盛]]。<br>【痢疾】：病机为[[邪客大肠，气血凝滞]]。,总结::泄泻无赤白脓血便，痢疾有赤白脓血便。
水肿与鼓胀鉴别,中医内科学::鉴别诊断::水肿&鼓胀,1,相同点::均可见肢体浮肿。<br>###异-病机::【鼓胀】：[[肝脾肾受损，气血水互结于腹中]]。<br>【水肿】：[[肺脾肾功能失调，水湿泛滥肌肤]]。<br>###异-临床表现::【鼓胀】：以[[腹部胀大为主]]，四肢肿不甚明显，晚期可出现肢体浮肿，多伴有[[面色晦暗，面颈部有血痣赤缕，胁下癥积坚硬]]。<br>【水肿】：浮肿多从[[眼睑开始，继则延及头面、肢体]]，或下肢水肿，后期乃至全身，多伴有[[面色㿠白、腰酸倦怠]]。,总结::鼓胀以腹部胀大为主，水肿以四肢浮肿为主。
虚证黄疸与萎黄病鉴别,中医内科学::鉴别诊断::虚证黄疸&萎黄病,1,相同点::均可见[[身体皮肤发黄]]。<br>###异-临床表现::【虚证黄疸】：[[身黄、目黄、小便黄]]，尤以目睛黄染为特征。常伴食欲减退、恶心呕吐、胁痛腹胀。<br>【萎黄病】：[[肌肤萎黄不泽]]，但[[目睛及小便不黄]]，常伴头昏倦怠、心悸少寐、纳少便溏。<br>###异-病机::【虚证黄疸】：病机为[[湿滞脾胃，肝胆失疏，胆汁外溢]]。<br>【萎黄病】：病机为[[脾胃虚弱，气血不足，肌肤失养]]。,总结::萎黄病目睛不黄，虚证黄疸目睛黄染。
暑厥、气厥、蛔厥鉴别,中医内科学::鉴别诊断::暑厥&气厥&蛔厥,1,相同点::均有“突然昏迷”；气厥与蛔厥均有“手足厥冷”。<br>###异-临床表现::【暑厥】：多发生于[[暑热夏季]]，多见头晕头痛，胸闷身热，面色潮红，突然昏仆，不省人事。<br>【气厥】：[[实证多因情志异常]]诱发，突然昏倒，呼吸气粗，口噤握拳；[[虚证多因体虚]]，眩晕昏仆，面色苍白，呼吸微弱，汗出肢冷。<br>【蛔厥】：右腹或右脘部突然剧痛，按之有包块，甚则汗出肢冷，烦躁昏厥，[[呕吐蛔虫]]。<br>###异-治法::【暑厥】：清暑益气，开窍醒神。<br>【气厥实】：顺气降逆，开郁。<br>【气厥虚】：补气回阳醒神。<br>【蛔厥】：安蛔驱虫。,总结::暑厥有季节性，气厥与情志相关，蛔厥有呕吐蛔虫特征。
腹痛与疝气、肠痈鉴别,中医内科学::鉴别诊断::腹痛&疝气&肠痈,1,相同点::三者均可出现腹痛。<br>###异-病位::【腹痛】：病位在[[胃脘以下、耻骨毛际以上部位]]，范围最广，有虚实之分。<br>【疝气】：病位在[[少腹部]]，痛引睾丸，与单纯腹痛有明显的区别。<br>【肠痈】：病位集中在[[右少腹部]]，拒按明显，转侧不便，右足喜屈而畏伸。<br>###异-特点::【腹痛】：外感时邪、饮食不节、情志失调、素体阳虚等均可导致气机阻滞、络脉痹阻。<br>【疝气】：少腹疼痛引睾丸，多与肝经有关。<br>【肠痈】：右少腹疼痛拒按，伴发热等。,总结::腹痛范围最广，疝气痛引睾丸，肠痈在右少腹部。
干霍乱与腹痛鉴别,中医内科学::鉴别诊断::干霍乱&腹痛,1,相同点::均可出现腹部绞痛、呕吐、腹泻等表现。<br>###异-临床表现::【干霍乱】：[[猝然心腹作痛，上吐下泻，谓之霍乱也]]。欲吐不吐，欲泻不泻，烦躁闷乱。<br>【腹痛】：以[[胃脘以下、耻骨毛际以上部位发生疼痛]]为主要表现。<br>###异-病机::【干霍乱】：冷气搏于肠胃，或邪恶秽气之郁于胸腹，阻塞痞塞，气滞血凝，中气拂乱所致。<br>【腹痛】：外感邪气、饮食不节、情志失调、素体阳虚等均可导致气机阻滞、络脉痹阻。,总结::干霍乱以上吐下泻、烦躁闷乱为特征。
疟证与痨证鉴别,中医内科学::鉴别诊断::疟证&痨证,1,相同点::均可见寒热、消瘦、乏力等表现。<br>###异-临床表现::【疟证】：以[[寒战、壮热、头痛、汗出、休作有时]]为特征。<br>【痨证】：以[[咳嗽、咯血、潮热、盗汗、身体逐渐消瘦]]为特征。<br>###异-病机::【疟证】：感受[[疟邪]]，邪伏半表半里。<br>【痨证】：[[痨虫蚀肺]]，肺体受损，肺阴耗伤。,总结::疟证以寒热休作有时为特征，痨证以潮热盗汗为特征。
虚证与实证一般鉴别要点,中医内科学::鉴别诊断::虚证&实证,1,相同点::均为中医辨证的基本纲领。<br>###异-临床表现::【虚证】：[[久病】，声低息微，痛而喜按，形寒肢冷，大便溏泄，舌淡，脉虚无力。】<br>【实证】：[[新病】，声高气粗，痛而拒按，发热，大便秘结，舌老苔厚，脉实有力。】<br>###异-治法::【虚证】：补虚为主。<br>【实证】：泻实为主。,总结::新病多实，久病多虚；痛而拒按为实，痛而喜按为虚。
腰痛三种常见证型鉴别,中医内科学::鉴别诊断::瘀血内阻&痰浊中阻&肾虚腰痛,1,相同点::均以腰痛为主症。<br>###异-临床表现::【瘀血腰痛】：腰痛如刺，痛有定处，痛处拒按，日轻夜重。<br>【痰浊中阻腰痛】：腰重痛，伴有头重昏蒙，胸闷脘痞。<br>【肾虚腰痛】：腰部隐隐作痛，酸软无力，缠绵不愈，喜按喜揉，遇劳加重。<br>###异-治法::【瘀血腰痛】：活血化瘀，理气通络。<br>【痰浊中阻腰痛】：燥湿化痰，理气止痛。<br>【肾虚腰痛】：补肾益精。,总结::瘀血腰痛刺痛固定，痰浊腰痛重着，肾虚腰痛酸软喜按。
癃闭与淋证鉴别,中医内科学::鉴别诊断::癃闭&淋证,1,相同点::均以小便不利为主症。<br>###异-临床表现::【癃闭】：以[[小便量少，排尿困难]]，甚则小便闭塞不通为主症，但[[无尿痛]]。<br>【淋证】：以[[小便频数、淋沥涩痛]]，欲出未尽，小腹拘急为特征，[[有尿痛]]。<br>###异-病机::【癃闭】：肾与膀胱气化功能失调。<br>【淋证】：湿热蕴结下焦，肾与膀胱气化不利。,总结::癃闭无尿痛，淋证有尿痛。
感冒与咳嗽转化,中医内科学::病证转化联系::感冒&咳嗽,1,转化路径::感冒可发展为咳嗽，咳嗽也可因其他疾病发展而来。<br>###关键病机::感冒若[[治疗不及时、失治误治]]，或体弱者后期迁延，病邪深入，进一步伤及肺系，肺气耗伤，可发展为咳嗽。,总结::临床不可不辨，感冒治疗不及时可致咳嗽。
外感咳嗽与内伤咳嗽转化,中医内科学::病证转化联系::外感咳嗽&内伤咳嗽,1,转化路径::外感咳嗽与内伤咳嗽可相互影响，久延则[[邪实转正虚]]。<br>###转化前提::外感咳嗽若[[迁延失治]]，邪伤肺气，更易反复感邪而致咳嗽屡作，肺气益伤，逐渐转为内伤咳嗽。<br>###关键病机::肺脏有病，卫外不固，易受外邪引发或加重。久则[[从实转虚]]，肺脏虚弱，阴伤气耗。,总结::咳嗽虽有外感、内伤之分，但有时两者又可互为因果。
肺痨、肺痿、咳嗽、喘证、哮病与肺胀转化,中医内科学::病证转化联系::肺痨&肺痿&咳嗽&喘证&哮病&肺胀,1,转化路径::肺痨久咳、肺痿、咳嗽、喘证、哮病等均可发展为肺胀。<br>###关键病机::肺痨久嗽，耗伤阴津，虚热内灼；肺痿热而熏蒸阴伤；咳嗽、喘证、哮病久延，耗伤肺气，均可导致[[肺气虚寒，气不化津，津反为涎，肺失濡养，肺痿不用]]，最终演变为肺胀。,总结::多种肺系慢性疾病迁延不愈，均可致肺虚，成为肺胀的发病基础。
哮病与喘证转化,中医内科学::病证转化联系::哮病&喘证,1,转化关系::[[哮必兼喘，喘未必兼哮]]，哮病久延可发展成为经常性的喘病。,总结::哮病为宿根伏肺，喘证为肺气上逆。
咳嗽与喘证转化,中医内科学::病证转化联系::咳嗽&喘证,1,转化路径::咳嗽反复发作，久病肺弱，咳伤肺气，肺之气阴不足，以致[[气失所主而短气息促]]，可发展为喘证。<br>###危候::若久病迁延不愈，由肺及肾，肾之真元伤损，根本不固，则[[气失摄纳，出多入少]]，逆气上奔而为喘。,总结::久咳伤肺及肾，可转为虚喘。
咳嗽、喘证、痰饮与肺胀转化,中医内科学::病证转化联系::咳嗽&喘证&痰饮&肺胀,1,转化路径::肺胀的发生，多因久病肺虚，痰浊内停，每因再感外邪，诱使病情发作加重。<br>###转化关键::久病肺虚，如内伤久咳、支饮、哮喘、肺痨等肺系慢性疾病，[[迁延失治]]，痰浊内停，气还肺间，日久导致肺虚，成为本病的发病基础。,总结::肺胀是由多种肺系慢性疾病发展而来。
肺胀与心悸、水肿转化,中医内科学::病证转化联系::肺胀&心悸&水肿,1,转化路径::肺胀注意与心悸、水肿、喘脱等病证的联系。<br>###关键病机::肺胀日久延及肾，阳虚阴盛，气不化津，津从阴化为饮为水，饮留上焦，迫肺则喘咳上气，凌心则心悸气短。<br>痰湿困于中焦，则纳减呕恶，脘腹胀满，便溏。<br>饮溢肌肤则为水肿。<br>肺虚不能治理、调节心血的运行，心气、心阳衰惫，无力推动血脉，则血行瘀滞，可见心动悸，脉结代。,总结::肺胀晚期可累及心、肾，导致水饮内停、血行瘀滞。
胸痹与心悸转化,中医内科学::病证转化联系::胸痹&心悸,1,转化路径::心悸日久不愈或失治误治，可发展为胸痹。<br>###关键病机::心悸日久，[[气滞、血瘀、痰阻]]，痹遏胸阳，阻滞心脉，可发展为胸痹。<br>心阳不足，胸阳失运，气血运行失畅，痹遏胸阳，阻滞心脉，亦可发展为胸痹。,总结::心悸病久可致心脉痹阻，转为胸痹。
心悸与不寐转化,中医内科学::病证转化联系::心悸&不寐,1,相同病机::不寐多由[[情志所伤，劳逸失度，久病体虚，五志过极，饮食不节]]等引起，阴阳失交，阳不入阴而形成。<br>###相互转化::心悸也可由这些病因导致。心悸与不寐虽属于两种疾病，但临床可以一起出现，因为[[病机相同]]，可以相互为病。,总结::心悸与不寐同源异病，可相互转化。
泄泻与痢疾转化,中医内科学::病证转化联系::泄泻&痢疾,1,转化关系::两者可以相互转化。[[先泻转痢者病情加重]]，[[先痢转泻者病情减轻]]。<br>###病机差异::两者病机及临床症状各有不同，病变之部位皆在肠间。,总结::泻转痢重，痢转泻轻。
呕吐与反胃转化,中医内科学::病证转化联系::呕吐&反胃,1,转化路径::呕吐日久不愈，渐致[[脾胃虚寒]]，可发展为反胃。<br>###关键病机::脾胃虚弱，中阳不振，水谷腐熟、运化不及；食入胃中，脾胃虚寒不能腐熟水谷，导致朝食暮吐，暮食朝吐，渐成反胃。,总结::久呕伤脾，可转为反胃。
胁痛、黄疸、积聚、鼓胀病理转化,中医内科学::病证转化联系::胁痛&黄疸&积聚&鼓胀,1,转化关系::四者均可单独出现，亦可合并出现，更可互相转变甚至发生血证、神昏等病证。<br>###具体转化::【胁痛、黄疸、积聚、鼓胀】四者在病理上联系密切。<br>若湿热交蒸，胆汁外溢，可并见黄疸。<br>肝郁气滞或瘀血停着之胁痛，可转化为积聚。<br>肝失疏泄、脾失健运，久病及肾，致气血水停于腹中，则可转化为鼓胀等。,总结::四者同属肝胆病变，可相互转化。
鼓胀三大变证,中医内科学::病证转化联系::鼓胀&出血&昏迷,1,出血::鼻衄、齿衄或大量呕血、便血。<br>###昏迷::神昏谵语，痉厥抽搐，或神志昏厥。<br>###闭脱::由闭转脱。<br>###其他::黄疸、水肿、内伤发热等。,总结::鼓胀晚期可出现出血、昏迷等危重变证。
淋证与癃闭转化,中医内科学::病证转化联系::淋证&癃闭,1,相同病机::均属[[膀胱气化不利]]，故皆有排尿困难。<br>###区别::癃闭无尿道刺痛，每日尿量少于正常，甚或无尿排出。<br>淋证则[[小便频数短涩，滴沥刺痛]]，欲出未尽，每日排尿量正常。<br>###相互转化::淋证日久不愈，可发展成癃闭；癃闭感受外邪，常可并发淋证。,总结::癃闭无痛，淋证有痛；两者可相互转化。
淋证、癃闭与水肿转化,中医内科学::病证转化联系::淋证&癃闭&水肿,1,转化路径::淋证久不愈，脾肾两虚，甚则脾肾衰败，可成为水肿、癃闭、关格。<br>###危候::或[[石阻水道]]，出现上凌心肺之重证水肿。<br>肾阳衰惫，真阴耗竭，可见小便点滴或闭塞不通，则可转化为癃闭。,总结::淋证久病可发展为水肿、癃闭、关格。
消渴与中风、胸痹转化,中医内科学::病证转化联系::消渴&中风&胸痹,1,转化路径::消渴阴虚燥热，可致多种变证。<br>###具体转化::若阴虚热炽，炼液成痰，痰阻经络，蒙蔽心窍而并发中风。<br>痰瘀互结，痹阻心脉，则为胸痹心痛。,总结::消渴病久可并发中风、胸痹等。
郁证预防调护,中医内科学::病证调护::郁证,2,预防要点::正确对待各种事物，避免忧思郁怒，防止情志内伤，是防治郁证的重要措施。<br>###调护方法::[[医务人员]]应深入了解病史，详细进行检查，用诚恳、关怀、同情、耐心的态度对待患者，取得患者的充分信任，在郁证的治疗及护理中具有重要作用。<br>对郁证患者，应做好精神治疗工作，使患者能正确认识和对待疾病，增强治愈疾病的信心。,总结::精神治疗和医患信任是郁证调护的关键。
水肿预防调护,中医内科学::病证调护::水肿,2,预防要点::避免风邪外袭；防止水湿外侵；注意调摄饮食；保持皮肤清洁，避免抓破皮肤；劳逸结合，调畅情志。,总结::水肿患者需注意避风、防湿、饮食调养及皮肤护理。
中风预防调护,中医内科学::病证调护::中风,2,预防要点::应识别中风先兆，及时处理，以预防中风发生。<br>平时在饮食上宜食清淡易消化之物，忌肥甘厚味、动风、辛辣刺激之品，禁烟酒。<br>###调护方法::保持心情舒畅，做到起居有常，饮食有节，避免疲劳，以防止卒中和复中。,总结::中风预防重在先兆识别、饮食调养及情志调护。
癃闭预防调护,中医内科学::病证调护::癃闭,2,预防要点::锻炼身体，增强抵抗力，起居生活要有规律，避免久坐少动。<br>保持心情舒畅，消除紧张情绪，切忌忧思恼怒。<br>消除外邪入侵和湿热内生的有关因素，如过食肥甘、辛辣、醇酒，或忍尿、纵欲过度等。<br>###护理::早期治疗淋证、水肿、尿路肿块、结石等疾患。<br>对疫斑热患者，要及时补充体液，维持体内液体的平衡。,总结::癃闭预防需注意生活规律、情志调畅及外邪内生的消除。
消渴预防调护,中医内科学::病证调护::消渴,2,调护要点::在保证机体合理需要的情况下，应[[限制粮食、油脂的摄入]]，忌食糖类，饮食宜以适量米、麦、杂粮，配以蔬菜、豆类、瘦肉、鸡蛋等，定时定量进餐。<br>戒烟酒、浓茶及咖啡等。<br>保持情志平和，制定并执行有规律的生活起居制度。,总结::消渴调护核心在于饮食控制、戒烟酒及情志调摄。
虚劳预防调护,中医内科学::病证调护::虚劳,2,预防要点::消除及避免引起虚劳的病因是预防虚劳的根本措施。<br>慎起居，适寒温，避免感受外邪，耗伤正气。<br>饮食有节，戒烟酒。<br>劳逸适度，动静结合。<br>保持情绪稳定，舒畅乐观，则有利于虚劳的康复。,总结::虚劳调护重在避邪、节食、节欲、畅情。
痹证预防调护,中医内科学::病证调护::痹证,2,预防要点::注意与气候和生活环境有关，平素应注意防风、防寒、防潮，避免居暑湿之地。<br>特别是居住寒冷地区或气候骤变季节，应注意保暖，免受风寒湿邪侵袭。<br>劳作运动汗出肌疏之时，切勿当风贪凉，乘热浴冷。<br>###调护方法::平时应注意生活调摄，加强体育锻炼，增强体质，以提高机体对病邪的抵御能力。<br>痹症初发，应积极治疗，防止病邪传变。<br>病邪入脏，病情较重者应卧床休息。<br>行走不便者，应防跌仆，以免发生骨折。<br>###护理::长期卧床者，既要保持患者肢体功能位，以利于关节功能恢复，还要经常变换体位，防止压疮发生。<br>久病者，往往情绪低落，容易产生焦虑心理和消化机能低下，因此，保持患者乐观心境和摄入富于营养、易于消化的食物，有利于疾病的康复。,总结::痹证调护需避风寒湿邪、加强锻炼、防跌仆及压疮。
胃痛预防调护,中医内科学::病证调护::胃痛,2,调护原则::[[胃病三分靠药，七分靠养]]。<br>###调护方法::胃病患者在平时的饮食上应注意不可暴饮暴食，贪食生冷、油腻的食物。<br>少食多餐，禁酒忌辣，注意调摄。,总结::胃痛调护重在饮食调养，做到少食多餐、忌辛辣油腻。
泄泻预防调护,中医内科学::病证调护::泄泻,2,调护要点::起居有常，调畅情志，谨防风寒湿邪侵袭。<br>在治疗同时，应注意饮食，避免生冷，禁食荤腥油腻之物。,总结::泄泻调护需注意避邪、畅情、饮食清淡。
痢疾预防调护,中医内科学::病证调护::痢疾,2,预防要点::做好水、粪的管理，饮食管理，消灭苍蝇。<br>###调护要点::饮食的宜忌，与治疗的配合至关重要，必须说服患者，[[严戒口腹，宜进清淡之食，禁食荤腥油腻之品]]。,总结::痢疾调护核心在于饮食禁忌，宜清淡，忌油腻。
呕吐预防调护,中医内科学::病证调护::呕吐,2,调护要点::起居有常，生活有节，避免风寒暑湿秽浊之邪的入侵。<br>保持心情舒畅，避免精神刺激，对肝气犯胃者，尤当注意。<br>饮食方面也应注意调摄。<br>对呕吐不止的患者，应卧床休息，密切观察病情变化。,总结::呕吐调护需注意避邪、畅情、饮食调摄及病情观察。
胸痹预防调护,中医内科学::病证调护::胸痹,2,调护要点::注意调摄精神，避免情绪波动。<br>注意生活起居，寒温适宜。<br>注意饮食调节。<br>注意劳逸结合，坚持适当活动。<br>加强护理及监护。,总结::胸痹调护需全方位注意精神、起居、饮食、劳逸及护理。