ID,主字段,章节,知识解析,知识拓展
recvfkNzUcMN2x,<div style='text-align: center; font-size: 24px;'><b>麻黄</b></div>,第1部分:: 解表药::发散风寒药,性味归经::性[[温]]；味[[辛、微苦]]；归[[肺、膀胱]]经。<br>###功效::① [[发汗解表]]；<br>② [[宣肺平喘]]；<br>③ [[利水消肿]]；<br>④ [[散寒通滞]]<br>###主治::① [[风寒表证【*···::发汗力强*】]]；<br>② [[胸闷喘咳【*···::肺气壅遏喘咳胸闷之要药*】]]；<br>③ [[风水水肿【*···::宣降肺气利水*】]]；<br>④ [[风寒痹证，阴疽，痰核]],"用法::煎服，2∼10g；生用发汗解表，不宜久煎；蜜炙润肺止咳平喘，用于表证已解、气喘咳嗽；捣绒作用缓和，适用于小儿、老人及体虚者<br>###注意::<b>「禁用」：</b>1. 运动员<br><b>「慎用」：</b>1. 表虚自汗；2. 阴虚盗汗；3. 肺肾虚喘；4. 失眠及高血压患者<br>###常配::葛根9-15g，麻黄3-9g，发汗解表，升津舒筋。麻黄发汗散寒，葛根升津液、舒筋脉。主治外感风寒，项背强痛拘急，无汗恶风之太阳伤寒表实证，如葛根汤证<br>麻黄3-9g，杏仁6-10g，宣肺平喘，止咳化痰。麻黄宣发肺气，杏仁降气止咳，一宣一降，复肺气之宣降。主治各种外邪犯肺、肺气郁闭之咳嗽、气喘，无论寒热均可配伍使用<br>麻黄3-9g，桂枝6-12g，发汗解表，散寒通阳。为辛温解表核心组合，主治外感风寒表实证，症见恶寒发热、头身疼痛、无汗、脉浮紧。麻黄宣肺平喘，桂枝温通经脉，二者合用发汗力强。<br>石膏15-30g (先煎)，麻黄3-6g。清宣肺热，平喘止咳。麻黄宣肺定喘，石膏清泄肺热，寒热互制，宣清结合。主治肺热壅盛之咳喘，症见身热不解、喘逆气急、口渴喜饮，如麻杏石甘汤证<br><span style=""color:red"">以上仅供参考</span>"
recvfkNzUce110,<div style='text-align: center; font-size: 24px;'><b>桂枝</b></div>,第1部分:: 解表药::发散风寒药,性味归经::性[[温]]；味[[辛、甘]]；归[[心、肺、膀胱]]经。<br>###功效::① [[发汗解肌]]；<br>② [[温通经脉]]；<br>③ [[助阳化气]]；<br>④ [[平冲降逆]]；<br>⑤ [[散寒止痛]]<br>###主治::① [[风寒感冒【*···::无论外感风寒，表实无汗、表虚有汗及阳虚受寒者均可*】]]；<br>② [[寒凝血滞诸痛证【*···::包括脘腹冷痛、胸阳不振心脉瘀阻之胸痹心痛、月经不调经闭痛经产后腹痛、风寒湿痹关节痹痛*】]]；<br>③ [[痰饮、蓄水水肿]]；<br>④ [[心悸、奔豚]],"用法::煎服，3∼10g；调和营卫时可配伍白芍<br>###注意::助热易伤阴动血<br><b>「忌用」：</b>1. 温热病；2. 阴虚阳盛；3. 血热妄行诸证<br><b>「慎用」：</b>孕妇及月经过多<br>###常配::桂枝6-12g，白芍6-12g，调和营卫，解肌发表。桂枝辛温通阳，白芍酸寒敛阴，二者等量配伍，散中有收，使汗不伤正，闭不留邪。主治外感风寒表虚证之发热、恶风、自汗、脉浮缓<br>麻黄3-9g，桂枝6-12g，发汗解表，散寒通阳。为辛温解表核心组合，主治外感风寒表实证，症见恶寒发热、头身疼痛、无汗、脉浮紧。麻黄宣肺平喘，桂枝温通经脉，二者合用发汗力强。<br>桂枝6-12g，附子3-15g(先煎)，温经散寒，祛湿止痛。桂枝温通经络，附子散寒除湿。二者相合，温通之力倍增。主治风寒湿痹阻关节之周身骨节疼痛、屈伸不利，尤宜于上肢、肩背疼痛。<br>桑枝15-30g，桂枝6-12g，祛风通络，温经止痛。桑枝善走上肢，祛风通络；桂枝温通经脉，散寒止痛。二者相配，尤宜于上肢、肩臂之风寒湿痹、关节酸痛。<br><span style=""color:red"">以上仅供参考</span>"
recvfkNzUc879l,<div style='text-align: center; font-size: 24px;'><b>紫苏叶</b></div>,第1部分:: 解表药::发散风寒药,性味归经::性[[温]]；味[[辛]]；归[[肺、脾]]经。<br>###功效::① [[解表散寒]]；<br>② [[行气和胃]]；<br>③ [[止呕安胎]]；<br>④ [[解鱼蟹毒]]<br>###主治::① [[风寒感冒，咳嗽呕恶【*···::药力缓*】]]；<br>② [[脾胃气滞，胸闷呕吐]]；<br>③ [[妊娠呕吐【*···::理气安胎*】，梅核气]]；<br>④ [[鱼蟹中毒之腹痛吐泻]],用法::煎服，5∼10g；不宜久煎<br>###
recvfkNzUclWFU,<div style='text-align: center; font-size: 24px;'><b>生姜</b></div>,第1部分:: 解表药::发散风寒药,性味归经::性[[微温]]；味[[辛]]；归[[肺、脾、胃]]经。<br>###功效::① [[解表散寒]]；<br>② [[温中止呕]]；<br>③ [[化痰止咳]]；<br>④ [[解毒]]<br>###主治::① [[风寒感冒【*···::作用较轻*】]]；<br>② [[脾胃寒证，呕吐【*···::“呕家圣药”，胃寒呕吐最宜，配伍治痰饮、胃热、虚寒等呕吐*】]]；<br>③ [[姜汁制药增强止呕]]；<br>④ [[寒痰咳嗽【*···::肺寒咳嗽*】]]；<br>⑤ [[生半夏、生南星等药物中毒，鱼蟹等食物中毒]],"用法::煎服，3∼10g；或捣汁；调和营卫可配伍生姜、大枣<br>###注意::<b>「忌用」：</b>1. 阴虚内热；2. 热盛者<br>###常配::吴茱萸3-6g，生姜9-15g 温中散寒，降逆止呕。吴茱萸暖肝温胃，下气降逆；生姜温胃散寒，和胃止呕。二者相须为用，善治寒凝肝胃、浊阴上逆之巅顶头痛、干呕、吐涎沫。<br><span style=""color:red"">以上仅供参考</span>"
recvfkNzUc9ARI,<div style='text-align: center; font-size: 24px;'><b>香薷</b></div>,第1部分:: 解表药::发散风寒药,性味归经::性[[微温]]；味[[辛]]；归[[肺、脾、胃]]经。<br>###功效::① [[发汗解表]]；<br>② [[化湿和中]]；<br>③ [[利水消肿]]<br>###主治::① [[暑湿感冒，外感风寒、内伤暑湿【*···::恶寒发热、头痛无汗、腹痛吐泻，称“夏月麻黄”*】]]；<br>② [[水肿、小便不利]]；<br>③ [[脚气浮肿]],用法::煎服，3∼10g；发表量小，不宜久煎；利水量大，须浓煎<br>###注意::辛温发汗力强<br><b>「忌用」：</b>1. 表虚多汗；2. 暑热证<br>###
recvfkNCF2NRhE,<div style='text-align: center; font-size: 24px;'><b>荆芥</b></div>,第1部分:: 解表药::发散风寒药,性味归经::性[[温]]；味[[辛]]；归[[肺、肝]]经。<br>###功效::① [[解表散风]]；<br>② [[透疹]]；<br>③ [[消疮]]；<br>④ [[收敛止血]]<br>###主治::① [[感冒，头痛【*···::风寒药最平和，风寒、风热或寒热不显均可用*】]]；<br>② [[麻疹不透，风疹瘙痒【*···::祛风止痒*】]]；<br>③ [[疮疡初起兼有表证]]；<br>④ [[吐衄下血【*···::炒炭止血*】]],用法::煎服，5∼10g，不宜久煎；生用发表透疹消疮；炒炭止血；荆芥穗祛风<br>###
recvfkNCF2J6Dy,<div style='text-align: center; font-size: 24px;'><b>防风</b></div>,第1部分:: 解表药::发散风寒药,性味归经::性[[温]]；味[[辛、甘]]；归[[膀胱、肝、脾]]经。<br>###功效::① [[祛风解表]]；<br>② [[胜湿止痛]]；<br>③ [[息风止痉]]<br>###主治::① [[感冒头痛【*···::风寒、风湿、风热表证*】]]；<br>② [[卫虚受风]]；<br>③ [[风疹瘙痒【*···::祛风止痒*】]]；<br>④ [[风湿痹痛【*···::常用祛风湿、止痹痛药*】]]；<br>⑤ [[破伤风证【*···::息风止痉*】]]；<br>⑥ [[泄泻【*···::肝脾不和之泄泻*】]]；<br>⑦ [[脾虚湿盛、清阳不升泄泻，升清燥湿]],"用法::煎服，5～10g<br>###注意::<b>「慎用」：</b>1. 阴血亏虚；2. 热病动风<br>###常配::防风6-12g，防己6-12g，祛风胜湿，利水消肿。防风祛风解表，胜湿止痛；防己利水消肿，祛风除湿。二者合用，祛风利水并行。主治风湿痹证之关节肿痛，及风水证之浮肿。<br><span style=""color:red"">以上仅供参考</span>"
recvfkNCF2yQUw,<div style='text-align: center; font-size: 24px;'><b>羌活</b></div>,第1部分:: 解表药::发散风寒药,性味归经::性[[温]]；味[[辛、苦]]；归[[膀胱、肾]]经。<br>###功效::① [[解表散寒]]；<br>② [[祛风除湿]]；<br>③ [[止痛]]<br>###主治::① [[风寒感冒，头痛项强【*···::长于升散发表，治外感风寒夹湿表证最佳*】]]；<br>② [[风寒湿痹，肩背酸痛【*···::善散太阳经风寒湿，善治上半身风寒湿痹，肩背酸痛*】]],"用法::煎服，3∼10g<br>###注意::用量过多，易致呕吐<br><b>「慎用」：</b>阴虚血热者<br><b>「忌用」：</b>脾胃虚弱<br>###常配::羌活6-12g，独活6-12g祛风胜湿，通痹止痛。羌活走上，善治上半身风湿；独活走下，善治下半身风湿。二者相合，一上一下，统治一身风湿痹痛。主治风寒湿痹、周身疼痛、项背挛急。<br><span style=""color:red"">以上仅供参考</span>"
recvfkNCF2aAKl,<div style='text-align: center; font-size: 24px;'><b>白芷</b></div>,第1部分:: 解表药::发散风寒药,性味归经::性[[温]]；味[[辛]]；归[[胃、大肠、肺]]经。<br>###功效::① [[解表散寒]]；<br>② [[祛风止痛]]；<br>③ [[宣通鼻窍]]；<br>④ [[燥湿止带]]；<br>⑤ [[消肿排脓]]；<br>⑥ [[祛风止痒]]；<br>⑦ [[祛斑除臭]]<br>###主治::① [[风寒感冒【*···::力较温和*】]]；<br>② [[头痛牙痛，风湿痹痛，眉棱骨痛]]；<br>③ [[鼻塞流涕，鼻渊，鼻鼽]]；<br>④ [[寒湿带下【*···::寒湿，湿热*】]]；<br>⑤ [[疮疡肿痛【*···::散结消肿止痛*】]]；<br>⑥ [[风湿瘙痒，湿疹，狐臭，面部色斑，白癜风]],用法::煎服，3∼10g；外用适量<br>###注意::<b>「忌用」：</b>阴虚血热者<br>###
recvfkNCF2aciO,<div style='text-align: center; font-size: 24px;'><b>细辛</b></div>,第1部分:: 解表药::发散风寒药,性味归经::性[[温]]；味[[辛]]；归[[心、肺、肾]]经。有小<span style='color: red;'>毒</span><br>###功效::① [[散寒解表]]；<br>② [[祛风止痛]]；<br>③ [[宣通鼻窍]]；<br>④ [[温肺化饮]]<br>###主治::① [[风寒感冒【*···::长于治外感风寒头身疼痛甚*】]]；<br>② [[阳虚外感【*···::祛肾经里寒*】]]；<br>③ [[头痛，牙痛，风湿痹痛]]；<br>④ [[鼻渊，鼻鼽，鼻塞流涕]]；<br>⑤ [[寒痰停饮，气逆咳喘]]；<br>⑥ [[闭证【*···::通关开窍醒神*】]],用法::煎服，1∼3g；散剂0.5∼1g/次；外用适量；（细辛不过钱。若单用末，不可过半钱匕，多则闷塞，不通者死）；（煎法：与其他药同煎）<br>###注意::忌与藜芦同用<br>量大或煎煮时间短，易致中毒<br><b>「忌用」：</b>1. 气虚多汗；2. 阴虚阳亢头痛；3. 肺燥伤阴干咳；4. 肺热咳嗽<br>###
recvfkNCF2LVB9,<div style='text-align: center; font-size: 24px;'><b>苍耳子</b></div>,第1部分:: 解表药::发散风寒药,性味归经::性[[温]]；味[[辛、苦]]；归[[肺]]经。有<span style='color: red;'>毒</span><br>###功效::① [[散风寒]]；<br>② [[通鼻窍]]；<br>③ [[祛风湿]]；<br>④ [[止痛]]；<br>⑤ [[止痒]]<br>###主治::① [[风寒头痛【*···::一般风寒感冒少用，适用兼鼻塞流涕*】]]；<br>② [[鼻渊鼻鼽，鼻塞流涕]]；<br>③ [[风湿痹痛【*···::祛风除湿，通络止痛*】]]；<br>④ [[风疹瘙痒，疥癣麻风【*···::祛风杀虫止痒*】]],用法::煎服，3∼10g；或入丸散服<br>###注意::<b>「慎用」：</b>1. 血虚头痛者；<br>过量易致中毒<br>###
recvfkNCF2Nbs9,<div style='text-align: center; font-size: 24px;'><b>藁本</b></div>,第2部分:: 解表药::发散风寒药,性味归经::性[[温]]；味[[辛]]；归[[膀胱]]经。<br>###功效::① [[祛风散寒]]；<br>② [[除湿止痛]]<br>###主治::① [[风寒感冒，巅顶疼痛]]；<br>② [[风湿痹痛]],用法::煎服，3∼10g<br>###注意::<b>「慎用」：</b>1. 阴血亏虚，肝阳上亢，火热内盛之头痛；2. 热证<br>###
recvfkNCF23AkZ,<div style='text-align: center; font-size: 24px;'><b>辛夷</b></div>,第2部分:: 解表药::发散风寒药,性味归经::性[[温]]；味[[辛]]；归[[肺、胃]]经。<br>###功效::① [[散风寒]]；<br>② [[通鼻窍]]<br>###主治::① [[风寒感冒，头痛鼻塞]]；<br>② [[风热感冒而鼻塞头痛亦可配伍使用]]；<br>③ [[鼻渊鼻鼽，鼻塞流涕【*···::局部用效果较好，“治鼻渊鼻鼽要药”*】]],用法::煎服，3∼10g，入汤剂纱布包煎；外用适量<br>###注意::<b>「禁用」：</b>1. 阴虚火旺者<br>###
recvfkNCF2MC5h,<div style='text-align: center; font-size: 24px;'><b>葱白</b></div>,第2部分:: 解表药::发散风寒药,性味归经::性[[温]]；味[[辛]]；归[[肺、胃]]经。<br>###功效::① [[发汗解表]]；<br>② [[散寒通阳]]；<br>③ [[外敷散结通络]]；<br>④ [[下乳解毒散结]]<br>###主治::① [[风寒感冒轻证【*···::发汗不峻猛，药力弱*】]]；<br>② [[阴虚格阳证]]；<br>③ [[小便不通]]；<br>④ [[乳汁郁积不下，乳房胀痛]]；<br>⑤ [[疮疡肿毒]],用法::煎服，3∼10g；外用适量<br>###
recvfkNCF2XIDw,<div style='text-align: center; font-size: 24px;'><b>薄荷</b></div>,第1部分:: 解表药::发散风热药,性味归经::性[[凉]]；味[[辛]]；归[[肺、肝]]经。<br>###功效::① [[疏散风热]]；<br>② [[清利头目]]；<br>③ [[利咽透疹]]；<br>④ [[疏肝行气]]；<br>⑤ [[芳香辟秽]]；<br>⑥ [[发汗解表]]<br>###主治::① [[风热感冒，温病初起【*···::此节药中最宣散，可发汗*】]]；<br>② [[风热上攻，头痛眩晕，目赤肿痛多泪，喉痹口疮，咽喉肿痛]]；<br>③ [[麻疹不透，风疹瘙痒【*···::祛风止痒*】]]；<br>④ [[肝气郁滞，胸胁胀闷]]；<br>⑤ [[夏令感受暑湿秽浊之气，脘腹胀痛，呕吐泄泻【*···::芳香辟秽兼能化湿和中*】]],用法::煎服，3∼6g，后下；叶：发汗解表；梗：偏行气和中；量小：疏肝<br>###注意::芳香辛散，发汗耗气<br><b>「慎用」：</b>1. 体虚多汗；2. 阴虚血燥<br>###
recvfkNCF2TfIT,<div style='text-align: center; font-size: 24px;'><b>牛蒡子</b></div>,第1部分:: 解表药::发散风热药,性味归经::性[[寒]]；味[[辛、苦]]；归[[肺、胃]]经。<br>###功效::① [[疏散风热]]；<br>② [[宣肺祛痰]]；<br>③ [[利咽透疹]]；<br>④ [[解毒消肿]]；<br>⑤ [[滑肠通便]]<br>###主治::① [[风热感冒，温病初起，咳嗽痰多【*···::长于宣肺祛痰*】]]；<br>② [[麻疹不透，风疹瘙痒]]；<br>③ [[痈肿疮毒，丹毒，痄腮，喉痹，咽喉肿痛]]；<br>④ [[乳痈肿痛未成脓]]；<br>⑤ [[瘟毒发颐]]；<br>⑥ [[便秘【*···::诸证兼有便秘尤宜，“升散中具有清降之性”*】]],用法::煎服，6∼12g，入汤剂宜捣碎；炒用可使其苦寒及滑肠之性略减<br>###注意::性寒，滑肠通便<br><b>「慎用」：</b>1. 脾虚便溏者<br>###
recvfkNCF27Eb8,<div style='text-align: center; font-size: 24px;'><b>蝉蜕</b></div>,第1部分:: 解表药::发散风热药,性味归经::性[[凉]]；味[[甘]]；归[[肺、肝]]经。<br>###功效::① [[疏散风热]]；<br>② [[利咽开音]]；<br>③ [[透疹止痒]]；<br>④ [[明目退翳]]；<br>⑤ [[息风解痉]]<br>###主治::① [[风热外感，温病初起，咽痛暗哑]]；<br>② [[麻疹不透，风疹瘙痒]]；<br>③ [[目赤翳障]]；<br>④ [[惊风抽搐，急慢惊风，破伤风证【*···::凉肝息风止痉*】]]；<br>⑤ [[小儿夜啼【*···::镇静安神*】]],用法::煎服，3∼6g；或单用研末冲服，一般病证量小，解痉需量大<br>###注意::<b>「慎用」：</b>1. 孕妇；2. 妇人生子不下者<br>###
recvfkNCF2bBW1,<div style='text-align: center; font-size: 24px;'><b>桑叶</b></div>,第1部分:: 解表药::发散风热药,性味归经::性[[寒]]；味[[甘、苦]]；归[[肺、肝]]经。<br>###功效::① [[疏散风热]]；<br>② [[清肺润燥]]；<br>③ [[平抑肝阳]]；<br>④ [[清肝明目]]；<br>⑤ [[凉血止血]]<br>###主治::① [[风热感冒，温病初起【*···::疏散风热缓和*】]]；<br>② [[肺热咳嗽，燥热咳嗽]]；<br>③ [[肝阳上亢，头痛眩晕]]；<br>④ [[肝热引起的头昏、头痛]]；<br>⑤ [[目赤肿痛，目暗昏花【*···::风热、肝热、肝肾精血虚*】]]；<br>⑥ [[治血热妄行之咳血、吐血、衄血]],"用法::煎服5∼10g；或入丸散；外用煎水洗眼；蜜炙可润肺止咳，肺燥咳嗽宜蜜炙<br>###常配::桑叶6-12g，菊花6-12g，疏风清热，平肝明目。二者皆为轻清之品，相须为用，善疏散上焦风热。主治风热感冒初起，症见发热、头痛、咳嗽、咽痛；或肝阳上亢之头晕目眩<br><span style=""color:red"">以上仅供参考</span>"
recvfkNCF2xzdv,<div style='text-align: center; font-size: 24px;'><b>菊花</b></div>,第1部分:: 解表药::发散风热药,性味归经::性[[微寒]]；味[[辛、甘、苦]]；归[[肺、肝]]经。<br>###功效::① [[疏散风热]]；<br>② [[平抑肝阳]]；<br>③ [[清肝明目]]；<br>④ [[清热解毒]]；<br>⑤ [[消散痈肿]]<br>###主治::① [[风热感冒，温病初起【*···::发散不强*】]]；<br>② [[肝阳上亢，头痛眩晕]]；<br>③ [[肝火上攻而眩晕、头痛]]；<br>④ [[肝经热盛、热极动风]]；<br>⑤ [[目赤肿痛，眼目昏花]]；<br>⑥ [[疮痈肿毒【*···::不及野菊花*】]],"用法::煎服5∼10g；黄菊偏于疏散风热；白菊偏于平肝、清肝明目<br>###常配::桑叶6-12g，菊花6-12g，疏风清热，平肝明目。二者皆为轻清之品，相须为用，善疏散上焦风热。主治风热感冒初起，症见发热、头痛、咳嗽、咽痛；或肝阳上亢之头晕目眩<br>枸杞10-15g，菊花6-12g滋补肝肾，平肝明目（杞菊地黄汤核心）。枸杞补肝肾、益精血而明目，菊花清肝火、散风热而明目。主治肝肾亏虚、肝阳上扰之目暗不明、视物昏花、头晕目眩。<br><span style=""color:red"">以上仅供参考</span>"
recvfkNCF2sB3E,<div style='text-align: center; font-size: 24px;'><b>蔓荆子</b></div>,第1部分:: 解表药::发散风热药,性味归经::性[[微寒]]；味[[辛、苦]]；归[[膀胱、肝、胃]]经。<br>###功效::① [[疏散风热]]；<br>② [[清利头目]]；<br>③ [[祛风止痛]]<br>###主治::① [[风热感冒，头昏头痛]]；<br>② [[目赤多泪、肿痛，目暗不明]]；<br>③ [[齿龈肿痛]]；<br>④ [[耳聋耳鸣]]；<br>⑤ [[头晕目眩]]；<br>⑥ [[风湿痹痛]],用法::煎服5∼10g；外用适量<br>###
recvfkNCF2BTEc,<div style='text-align: center; font-size: 24px;'><b>柴胡</b></div>,第1部分:: 解表药::发散风热药,性味归经::性[[微寒]]；味[[辛、苦]]；归[[肝、胆、肺]]经。<br>###功效::① [[疏散退热]]；<br>② [[疏肝解郁]]；<br>③ [[升举阳气]]；<br>④ [[退热截疟]]<br>###主治::① [[感冒发热【*···::无论风寒风热均可*】，少阳证寒热往来【*···::“治少阳证要药”*】]]；<br>② [[肝郁气滞，胸胁胀痛，月经不调]]；<br>③ [[气虚下陷，脏器脱垂【*···::胃下垂，肾下垂，子宫脱垂，久泻脱肛*】]]；<br>④ [[疟疾寒热]],"用法::煎服，3∼10g；生用：和解退热；醋炙：疏肝解郁；生或酒炙：升举阳气；鳖血拌炒：骨蒸劳热<br>###注意::<b>「慎用禁用」：</b>1. 肝阳上亢；2. 肝风内动；3. 阴虚火旺；4. 气机上逆<br>###常配::柴胡15-18g，黄芩6-24g，和解少阳，疏肝清热。柴胡疏解少阳半表之邪，黄芩清泄少阳半里之热。主治邪在少阳，症见寒热往来、胸胁苦满、口苦咽干、脉弦<br><span style=""color:red"">以上仅供参考</span>"
recvfkNCF2SkLu,<div style='text-align: center; font-size: 24px;'><b>升麻</b></div>,第1部分:: 解表药::发散风热药,性味归经::性[[微寒]]；味[[辛、微甘]]；归[[肺、脾、胃、大肠]]经。<br>###功效::① [[发表透疹]]；<br>② [[清热解毒]]；<br>③ [[升举阳气]]<br>###主治::① [[风热感冒，发热头痛]]；<br>② [[麻疹不透]]；<br>③ [[热毒证：齿痛口疮，咽喉肿痛，阳毒发斑]]；<br>④ [[风热疫毒上攻之大头瘟，头面红肿，咽喉肿痛]]；<br>⑤ [[痄腮肿痛]]；<br>⑥ [[气虚下陷，脘腹重坠作胀，脏器脱垂【*···::胃下垂，久泻脱肛，子宫脱垂，肾下垂*】，月经量多或崩漏下血【*···::升提力比柴胡强*】]],用法::煎服，3∼10g；生用：发表透疹清热解毒；炙用：升阳举陷<br>###注意::<b>「禁用」：</b>1. 阴虚阳浮；2. 阴虚火旺；3. 喘满气逆；4. 麻疹已透<br>###
recvfkNCF2wK44,<div style='text-align: center; font-size: 24px;'><b>葛根</b></div>,第1部分:: 解表药::发散风热药,性味归经::性[[凉]]；味[[甘、辛]]；归[[脾、胃、肺]]经。<br>###功效::① [[解肌退热]]；<br>② [[生津止渴]]；<br>③ [[透疹]]；<br>④ [[升阳止泻]]；<br>⑤ [[通经活络]]；<br>⑥ [[解酒毒]]<br>###主治::① [[外感发热，头痛，项背强痛【*···::风寒风热均可*】]]；<br>② [[热病口渴，内热消渴]]；<br>③ [[麻疹不透]]；<br>④ [[热泻热痢，脾虚泄泻]]；<br>⑤ [[中风偏瘫，胸痹心痛，眩晕头痛【*···::通经活络降压*】]]；<br>⑥ [[酒毒伤中，恶心呕吐腹满]],"用法::煎服10∼15g；生用：退热，透疹，生津，通经活络，解酒毒；煨用：升阳止泻<br>###常配::葛根9-15g，麻黄3-9g，发汗解表，升津舒筋。麻黄发汗散寒，葛根升津液、舒筋脉。主治外感风寒，项背强痛拘急，无汗恶风之太阳伤寒表实证，如葛根汤证<br><span style=""color:red"">以上仅供参考</span>"
recvfkNCF2aY2Z,<div style='text-align: center; font-size: 24px;'><b>淡豆豉</b></div>,第2部分:: 解表药::发散风热药,性味归经::性[[凉]]；味[[辛、苦]]；归[[肺、胃]]经。<br>###功效::① [[解表除烦]]；<br>② [[宣发郁热]]<br>###主治::① [[外感表证，寒热头痛，温病初起【*···::疏散表邪，发汗解表之力平稳，风寒、风热均可*】]]；<br>② [[热病烦躁胸闷，虚烦不眠]],"用法::煎服6∼12g；桑叶青蒿发酵者，宜用于风热证、热病胸闷；麻黄紫苏发酵者，宜用于风寒证<br>###常配::栀子6-10g，淡豆豉6-12g，清宣郁热，除烦解郁（栀子豉汤）。栀子清透郁热，解火除烦；豆豉宣散透邪，和降胃气。主治热郁胸膈之虚烦不眠、心中懊恼、胸脘痞闷<br><span style=""color:red"">以上仅供参考</span>"
recvfkNCF2M5zG,<div style='text-align: center; font-size: 24px;'><b>浮萍</b></div>,第2部分:: 解表药::发散风热药,性味归经::性[[寒]]；味[[辛]]；归[[肺、膀胱]]经。<br>###功效::① [[宣散风热]]；<br>② [[发汗解表]]；<br>③ [[透疹止痒]]；<br>④ [[利尿消肿]]<br>###主治::① [[风热感冒]]；<br>② [[麻疹不透，风疹瘙痒]]；<br>③ [[水肿尿少【*···::上可开宣肺气而发汗透邪，下可通调水道而利尿消肿*】]],用法::煎服3∼9g；外用适量，煎汤浸洗<br>###注意::<b>「慎用」：</b>1. 表虚自汗<br>###
recvfkNCF2HIzT,<div style='text-align: center; font-size: 24px;'><b>木贼</b></div>,第2部分:: 解表药::发散风热药,性味归经::性[[微温]]；味[[甘、苦]]；归[[肺、肝]]经。<br>###功效::① [[疏散风热]]；<br>② [[明目退翳]]；<br>③ [[止血]]<br>###主治::① [[风热目赤，迎风流泪，目生云翳]]；<br>② [[出血证]],用法::煎服，3∼9g<br>###
recvfkNCF2e7wR,<div style='text-align: center; font-size: 24px;'><b>谷精草</b></div>,第2部分:: 解表药::发散风热药,性味归经::性[[平]]；味[[辛、甘]]；归[[肝、肺]]经。<br>###功效::① [[疏散风热]]；<br>② [[明目退翳]]<br>###主治::① [[风热目赤，肿痛羞明，目生翳膜]]；<br>② [[风热头痛]],用法::煎服，5∼10g<br>###注意::<b>「慎用」：</b>1. 阴虚血亏之眼疾者<br>###
recvfkNCF25f7d,<div style='text-align: center; font-size: 24px;'><b>石膏</b></div>,第1部分:: 清热药::清热泻火药,性味归经::生：性[[大寒]]；味[[甘、辛]]；归[[肺、胃]]经。<br>煅：性[[寒]]；味[[甘、辛、涩]]；归[[肺、胃]]经。<br>###功效::① [[生用：清热泻火]]；<br>② [[除烦止渴]]；<br>③ [[煅用：收湿生肌]]；<br>④ [[敛疮止血]]<br>###主治::① [[外感热病，高热烦渴【*···::肺胃气分实热证*】]]；<br>② [[温邪渐入血分，气血两燔，高热不退、发斑发疹]]；<br>③ [[暑热初起，耗气伤阴或热病后期，余热未尽，气津两伤]]；<br>④ [[肺热喘咳]]；<br>⑤ [[胃火牙痛、头痛，内热消渴]]；<br>⑥ [[疮疡不敛，湿疹瘙痒，水火烫伤]]；<br>⑦ [[外伤出血]],"用法::煎服15∼60g，打碎先煎；煅石膏外用适量，研末撒患处<br>###注意::<b>「禁用」：</b>1. 脾胃虚寒；2. 阴虚内热<br>###常配::石膏15-60g (先煎)，知母6-12g，清热泻火，生津止渴。石膏清泻肺胃实火，知母滋阴润燥，二者相须，善清气分实热。主治温热病气分热盛，症见壮热、烦渴、汗出、脉洪大。<br>石膏15-30g (先煎)，麻黄3-6g。清宣肺热，平喘止咳。麻黄宣肺定喘，石膏清泄肺热，寒热互制，宣清结合。主治肺热壅盛之咳喘，症见身热不解、喘逆气急、口渴喜饮，如麻杏石甘汤证<br><span style=""color:red"">以上仅供参考</span>"
recvfkNCF2rKzR,<div style='text-align: center; font-size: 24px;'><b>知母</b></div>,第1部分:: 清热药::清热泻火药,性味归经::性[[寒]]；味[[苦、甘]]；归[[肺、胃、肾]]经。<br>###功效::① [[清热泻火]]；<br>② [[滋阴润燥]]；<br>③ [[生津止渴]]<br>###主治::① [[外感热病，高热烦渴]]；<br>② [[肺热咳嗽，阴虚燥咳]]；<br>③ [[骨蒸潮热]]；<br>④ [[内热消渴]]；<br>⑤ [[阴虚肠燥便秘]],"用法::煎服6∼12g；生用清热泻火；盐水炙用滋阴润燥<br>###注意::<b>「慎用」：</b>1. 脾虚便溏者；本品具有滑肠作用<br>###常配::石膏15-60g (先煎)，知母6-12g，清热泻火，生津止渴。石膏清泻肺胃实火，知母滋阴润燥，二者相须，善清气分实热。主治温热病气分热盛，症见壮热、烦渴、汗出、脉洪大。<br>知母6-12g，川贝母3-9g(研粉冲服)或浙贝母6-12g.清热化痰，润肺止咳（二母散）。知母善清肺胃实热，贝母功专化痰止咳。主治肺热燥咳、痰黄黏稠，或阴虚劳嗽。川贝偏润，浙贝偏泻。<br><span style=""color:red"">以上仅供参考</span>"
recvfkNCF2RZdc,<div style='text-align: center; font-size: 24px;'><b>芦根</b></div>,第1部分:: 清热药::清热泻火药,性味归经::性[[寒]]；味[[甘]]；归[[肺、胃]]经。<br>###功效::① [[清热泻火]]；<br>② [[生津止渴]]；<br>③ [[除烦止呕]]；<br>④ [[利尿]]<br>###主治::① [[热病烦渴【*···::生津不敛邪*】]]；<br>② [[胃热呕哕]]；<br>③ [[肺热咳嗽，肺痛吐脓【*···::清泻肺热，祛痰排脓*】]]；<br>④ [[热淋涩痛]],用法::煎服，15∼30g；鲜品用量加倍或捣汁用；【芦根】生津止渴【苇茎】清透肺热<br>###注意::<b>「慎用」：</b>1. 脾胃虚寒<br>###
recvfkNCF2id9s,<div style='text-align: center; font-size: 24px;'><b>天花粉</b></div>,第1部分:: 清热药::清热泻火药,性味归经::性[[微寒]]；味[[甘、微苦]]；归[[肺、胃]]经。<br>###功效::① [[清热泻火，生津止渴，消肿排脓]]；<br>② [[泻火除烦，清热利湿，凉血解毒]]；<br>③ [[外用消肿止痛]]<br>###主治::① [[热病烦渴]]；<br>② [[燥伤肺胃，津液亏损，咽干口渴，干咳少痰]]；<br>③ [[肺热燥咳]]；<br>④ [[燥热伤肺，气阴两伤之咳喘咳血]]；<br>⑤ [[内热消渴]]；<br>⑥ [[疮疡肿毒【*···::疮疡初起之红肿热痛，未成脓者可使之消散，脓已成者可溃疮排脓*】]],用法::煎服，10~15g（又名栝楼根、瓜蒌根）；反（制）川乌、（制）草乌、附子<br>###注意::<b>「慎用」：</b>1. 脾胃虚寒；2. 大便溏泄；3. 孕妇<br><b>「忌配」：</b>乌头类<br>###
recvfkNCF2f05I,<div style='text-align: center; font-size: 24px;'><b>栀子</b></div>,第1部分:: 清热药::清热泻火药,性味归经::性[[寒]]；味[[苦]]；归[[肺、心、三焦]]经。<br>###功效::① [[清热泻火，生津止渴，消肿排脓]]；<br>② [[泻火除烦，清热利湿，凉血解毒]]；<br>③ [[外用消肿止痛]]；<br>④ [[焦栀子凉血止血]]<br>###主治::① [[热病心烦，热病火毒炽盛，三焦俱热而见高热烦躁、神昏谵语]]；<br>② [[湿热黄疸【*···::善清肝胆湿热*】]]；<br>③ [[淋证涩痛，血淋【*···::清湿热，凉血，利尿通淋*】]]；<br>④ [[目赤肿痛【*···::清肝火明目*】]]；<br>⑤ [[血热出血：吐血衄血【*···::凉血止血*】]]；<br>⑥ [[热毒疮疡]]；<br>⑦ [[跌打损伤，扭挫伤痛【*···::“治热病心烦躁扰不宁要药”*】]],"用法::煎服6∼10g；外用生品适量，研末敷；生用走气分而泻火；炒用缓和苦寒；炒焦止血<br>###注意::<b>「慎用」：</b>1. 阴血亏虚；2. 脾虚便溏<br>###常配::栀子6-10g，淡豆豉6-12g，清宣郁热，除烦解郁（栀子豉汤）。栀子清透郁热，解火除烦；豆豉宣散透邪，和降胃气。主治热郁胸膈之虚烦不眠、心中懊恼、胸脘痞闷<br>茵陈10-30g，栀子6-10g，清热利湿退黄（茵陈蒿汤意）。茵陈为退黄专药，善清利湿热；栀子通利三焦，导湿热下行。主治湿热黄疸之阳黄，症见一身面目俱黄、黄色鲜明、发热、小便短赤<br><span style=""color:red"">以上仅供参考</span>"
recvfkNCF2lqtZ,<div style='text-align: center; font-size: 24px;'><b>夏枯草</b></div>,第1部分:: 清热药::清热泻火药,性味归经::性[[寒]]；味[[辛、苦]]；归[[肝、胆]]经。<br>###功效::① [[清肝泻火]]；<br>② [[明目]]；<br>③ [[散结消肿]]<br>###主治::① [[目赤肿痛，目珠夜痛]]；<br>② [[瘰疬，瘿瘤]]；<br>③ [[乳痈，乳癖，乳房肿痛]]；<br>④ [[肝火上炎或肝阳上亢之头痛眩晕【*···::兼清热平肝*】]],用法::煎服，9～15g；或熬膏服<br>###注意::<b>「慎用」：</b>1. 脾胃虚弱；2. 脾胃虚寒<br>###
recvfkNCF28cjP,<div style='text-align: center; font-size: 24px;'><b>决明子</b></div>,第1部分:: 清热药::清热泻火药,性味归经::性[[微寒]]；味[[甘、苦、咸]]；归[[肝、大肠]]经。<br>###功效::① [[清热明目]]；<br>② [[润肠通便]]；<br>③ [[平肝清肝]]<br>###主治::① [[目赤肿痛，畏光多泪，目暗不明]]；<br>② [[头痛眩晕【*···::平肝清肝*】]]；<br>③ [[肠燥便秘]],用法::煎服9∼15g；润肠通便不宜久煎或泡茶饮<br>###注意::<b>「不宜用」：</b>气虚便溏者<br>###
recvfkNCF2SVZn,<div style='text-align: center; font-size: 24px;'><b>淡竹叶</b></div>,第2部分:: 清热药::清热泻火药,性味归经::性[[微寒]]；味[[甘、淡]]；归[[心、胃、小肠]]经。<br>###功效::① [[清热泻火]]；<br>② [[除烦止渴]]；<br>③ [[利尿通淋]]<br>###主治::① [[热病烦渴]]；<br>② [[口舌生疮]]；<br>③ [[小便热淋涩痛]],用法::煎服，6～10g<br>###注意::<b>「慎用」：</b>1. 阴虚火旺；2. 骨蒸潮热者<br>###
recvfkNCF2lmPt,<div style='text-align: center; font-size: 24px;'><b>密蒙花</b></div>,第2部分:: 清热药::清热泻火药,性味归经::性[[微寒]]；味[[甘]]；归[[肝]]经。<br>###功效::① [[清热泻火]]；<br>② [[养肝明目]]；<br>③ [[退翳]]<br>###主治::① [[目赤肿痛，畏光多泪，目生翳膜]]；<br>② [[肝虚目暗，视物昏花]],用法::煎服3～9g<br>###
recvfkNCF2roK6,<div style='text-align: center; font-size: 24px;'><b>青葙子</b></div>,第2部分:: 清热药::清热泻火药,性味归经::性[[微寒]]；味[[苦]]；归[[肝]]经。<br>###功效::① [[清肝泻火]]；<br>② [[明目退翳]]<br>###主治::① [[肝热目赤，目生翳膜，视物昏花]]；<br>② [[肝火眩晕]],用法::煎服，9∼15g<br>###注意::<b>「禁用」：</b>本品有扩散瞳孔作用，青光眼患者禁用<br>###
recvfkNCF2eu6B,<div style='text-align: center; font-size: 24px;'><b>黄芩</b></div>,第1部分:: 清热药::清热燥湿药,性味归经::性[[寒]]；味[[苦]]；归[[肺、胆、脾、大肠、小肠]]经。<br>###功效::① [[清热燥湿]]；<br>② [[泻火解毒]]；<br>③ [[止血]]；<br>④ [[安胎]]<br>###主治::① [[湿温暑湿，黄疸，泻痢，湿热痞满，胸闷呕恶【*···::善清中上焦湿热*】]]；<br>② [[肺热咳嗽]]；<br>③ [[高热烦渴，寒热往来]]；<br>④ [[咽喉肿痛，痈肿疮毒]]；<br>⑤ [[血热出血【*···::吐血衄血便血等，炒炭*】]]；<br>⑥ [[胎动不安【*···::清热安胎*】]]；<br>⑦ [[枯苓【*···::片芩*】善清上焦肺火，治肺热咳嗽痰黄]]；<br>⑧ [[子芩【*···::条芩*】善清大肠之火、泻下焦湿热，主治湿热泻痢、黄疸尿赤]],"用法::煎服3∼10g；生用清热泻火解毒；炒用安胎；酒炙清上焦热；炒炭止血<br>###注意::<b>「不宜用」：</b>脾胃虚寒<br>苦寒伤胃<br>###常配::柴胡15-18g，黄芩6-24g，和解少阳，疏肝清热。柴胡疏解少阳半表之邪，黄芩清泄少阳半里之热。主治邪在少阳，症见寒热往来、胸胁苦满、口苦咽干、脉弦<br>青蒿6-12g(后下)，黄芩6-12g，清热透邪，和解少阳。青蒿芳香透络，引邪外出；黄芩苦寒直折，清泄里热。主治湿热郁遏少阳，症见寒热如疟、口苦胸闷、恶心泛酸。<br><span style=""color:red"">以上仅供参考</span>"
recvfkNCF2kio8,<div style='text-align: center; font-size: 24px;'><b>黄连</b></div>,第1部分:: 清热药::清热燥湿药,性味归经::性[[寒]]；味[[苦]]；归[[心、脾、胃、肝、胆、大肠]]经。<br>###功效::① [[清热燥湿]]；<br>② [[泻火解毒]]<br>###主治::① [[湿热痞满，呕吐，泻痢，黄疸【*···::善清中焦脾胃、大肠湿热，治泻痢要药*】]]；<br>② [[高热神昏，心火亢盛，心烦不寐，心悸不宁【*···::善清心火*】]]；<br>③ [[血热吐衄出血【*···::清热泻火解毒*】]]；<br>④ [[胃热呕吐吞酸、消渴，胃火牙痛【*···::清胃火*】]]；<br>⑤ [[痈肿疔疮，目赤肿痛，口舌生疮【*···::尤善疗疔毒*】]]；<br>⑥ [[湿疹湿疮，耳道流脓]],用法::煎服2～5g；生用清热燥湿，泻火解毒；炒用缓其寒性；酒炙清上焦火热，治目赤肿痛、口舌生疮；姜制清胃和胃止呕；萸黄连疏肝和胃止呕<br>###注意::<b>「注意」：</b>大苦大寒，过服易伤脾胃，苦燥易伤津<br><b>「忌用」：</b>脾胃虚寒<br><b>「慎用」：</b>阴虚津伤<br>###
recvfkNCF27yNb,<div style='text-align: center; font-size: 24px;'><b>黄柏</b></div>,第1部分:: 清热药::清热燥湿药,性味归经::性[[寒]]；味[[苦]]；归[[肾、膀胱]]经。<br>###功效::① [[清热燥湿]]；<br>② [[泻火解毒]]；<br>③ [[除骨蒸]]<br>###主治::① [[湿热泻痢，黄疸尿赤，带下阴痒，热淋涩痛，脚气痿蹙]]；<br>② [[疮疡肿毒，湿疹湿疮]]；<br>③ [[骨蒸劳热，遗精，盗汗]],用法::煎服3∼12g；外用适量；生用泻火解毒、清热燥湿力强；盐制泻相火、退虚热；炭用清热止血<br>###注意::<b>「忌用」：</b>脾胃虚寒<br>苦寒伤胃<br>###
recvfkNCF2mgnx,<div style='text-align: center; font-size: 24px;'><b>龙胆</b></div>,第1部分:: 清热药::清热燥湿药,性味归经::性[[寒]]；味[[苦]]；归[[肝、胆]]经。<br>###功效::① [[清热燥湿]]；<br>② [[泻肝胆火]]<br>###主治::① [[湿热黄疸，阴肿阴痒，带下，湿疹瘙痒]]；<br>② [[肝火目赤，头痛，耳鸣耳聋，胁痛口苦，强中，惊风抽搐]],用法::煎服3～6g<br>###注意::<b>「禁用」：</b>1. 脾胃虚寒<br><b>「慎用」：</b>1. 阴虚津伤<br>###
recvfkNCF28Aqc,<div style='text-align: center; font-size: 24px;'><b>秦皮</b></div>,第2部分:: 清热药::清热燥湿药,性味归经::性[[微寒]]；味[[苦涩]]；归[[肝、胆、大肠]]经。<br>###功效::① [[清热燥湿]]；<br>② [[收涩止痢]]；<br>③ [[止带]]；<br>④ [[明目]]<br>###主治::① [[湿热泻痢，赤白带下]]；<br>② [[肝热目赤肿痛，目生翳障]],用法::煎服，6～12g；外用适量，煎洗患处<br>###注意::<b>「禁用」：</b>1. 脾胃虚寒<br>###
recvfkNCF25k95,<div style='text-align: center; font-size: 24px;'><b>苦参</b></div>,第1部分:: 清热药::清热燥湿药,性味归经::性[[寒]]；味[[苦]]；归[[心、肝、胃、大肠、膀胱]]经。<br>###功效::① [[清热燥湿]]；<br>② [[杀虫止痒]]；<br>③ [[利尿]]<br>###主治::① [[湿热泻痢，黄疸，赤白带下，阴肿阴痒，便血]]；<br>② [[皮肤瘙痒，湿疹湿疮，疥癣麻风，滴虫性阴道炎]]；<br>③ [[淋证涩痛，小便不利，尿闭不通]],用法::煎服，4.5~9g；外用适量，煎汤外洗<br>###注意::<b>「忌配」：</b>1. 藜芦<br><b>「禁用」：</b>1. 脾胃虚寒及阴虚津伤者<br>###
recvfkNCF24wYG,<div style='text-align: center; font-size: 24px;'><b>白鲜皮</b></div>,第1部分:: 清热药::清热燥湿药,性味归经::性[[寒]]；味[[苦]]；归[[脾、胃、膀胱]]经。<br>###功效::① [[清热燥湿]]；<br>② [[祛风解毒]]<br>###主治::① [[湿热疮毒，疥癣疮癫，黄水淋漓，湿疹风疹【*···::泻火解毒、祛风止痒*】]]；<br>② [[湿热黄疸尿赤【*···::清利湿热*】]]；<br>③ [[风湿热痹【*···::祛风通痹*】]],用法::煎服5∼10g；外用适量，煎汤洗或研粉敷<br>###注意::<b>「慎用」：</b>1. 脾胃虚寒<br>###
recvfkNCF2SBEN,<div style='text-align: center; font-size: 24px;'><b>金银花</b></div>,第1部分:: 清热药::清热解毒药,性味归经::性[[寒]]；味[[甘]]；归[[肺、心、胃]]经。<br>###功效::① [[清热解毒]]；<br>② [[疏散风热]]；<br>③ [[清解暑热]]；<br>④ [[凉血止痢]]<br>###主治::① [[痈肿疔疮，喉痹，丹毒【*···::消散痈肿力强，可治各种热毒外疡内痈，如肺痈、肠痈等*】]]；<br>② [[风热感冒，温病发热【*···::可用于卫气营血各个阶段*】]]；<br>③ [[热毒血痢【*···::凉血止痢*】]]；<br>④ [[清解暑热，治外感暑热，小儿热疖，痱子等]],"用法::煎服6∼15g；生用：散风热，清里热；炒炭：治热毒血痢；露剂：治暑热烦渴<br>###注意::<b>「禁用」：</b>1. 脾胃虚寒；2. 气虚疮疡脓清稀<br>###常配::金银花9-15g，连翘9-15g，清热解毒，疏散风热。为疮家圣药，相须为用，清热解毒之力著，且能透热转气。主治外感风热、温病初起，以及热毒壅盛之痈肿疮疡、咽喉肿痛<br><span style=""color:red"">以上仅供参考</span>"
recvfkNCF2EWKZ,<div style='text-align: center; font-size: 24px;'><b>连翘</b></div>,第1部分:: 清热药::清热解毒药,性味归经::性[[微寒]]；味[[苦]]；归[[肺、心、小肠]]经。<br>###功效::① [[清热解毒]]；<br>② [[消肿散结]]；<br>③ [[疏散风热]]；<br>④ [[清心利尿]]<br>###主治::① [[痈疽，瘰疬痰核，乳痈，丹毒【*···::“疮家圣药”*】]]；<br>② [[风热感冒，温病初起，热入营血、高热烦渴、神昏发斑【*···::可用于卫气营血各个阶段*】]]；<br>③ [[热淋涩痛【*···::兼能清心利尿*】]],"用法::煎服6∼15g；【青翘】清热解毒；【老翘】透热散风热；【翘心】清心泻火，治热入心包，神昏谵语<br>###注意::<b>「禁用」：</b>1. 脾胃虚寒；2. 气虚疮疡脓清稀<br>###常配::金银花9-15g，连翘9-15g，清热解毒，疏散风热。为疮家圣药，相须为用，清热解毒之力著，且能透热转气。主治外感风热、温病初起，以及热毒壅盛之痈肿疮疡、咽喉肿痛<br><span style=""color:red"">以上仅供参考</span>"
recvfkNCF2P4YW,<div style='text-align: center; font-size: 24px;'><b>大青叶</b></div>,第1部分:: 清热药::清热解毒药,性味归经::性[[寒]]；味[[苦]]；归[[心、胃、肺]]经。<br>###功效::① [[清热解毒]]；<br>② [[凉血消斑]]；<br>③ [[利咽消肿]]<br>###主治::① [[疮痈丹毒，口疮咽痛，痄腮]]；<br>② [[风热表证，温热病，高热神昏，发斑发疹【*···::长于凉血消斑，常用温热病各阶段*】]]；<br>③ [[质轻力强，表里双清]],用法::煎服9∼15g；鲜品30∼60g；外用适量<br>###注意::<b>「禁用」：</b>1. 脾胃虚寒<br>###
recvfkNCF2OCTn,<div style='text-align: center; font-size: 24px;'><b>板蓝根</b></div>,第1部分:: 清热药::清热解毒药,性味归经::性[[寒]]；味[[苦]]；归[[心、胃]]经。<br>###功效::① [[清热解毒]]；<br>② [[凉血利咽]]<br>###主治::① [[温病发热，头痛咽痛，身发斑疹]]；<br>② [[瘟疫热毒证【*···::大头瘟，烂喉丹痧*】，丹毒，痄腮，温毒发斑，痈肿【*···::长于解毒利咽散结*】]],"用法::煎服9～15g<br>###注意::<b>「慎用」：</b>1. 脾胃虚寒<br><b>「禁用」：</b>1. 体虚而无实热火毒<br>###常配::紫草3-10g，板蓝根9-15g，清热解毒，凉血消斑。紫草凉血透疹，板蓝根解毒利咽。二者相配，为解毒要药。主治温热疫毒发斑、丹毒、痄腮（腮腺炎）、咽喉肿痛<br><span style=""color:red"">以上仅供参考</span>"
recvfkNCF21vbI,<div style='text-align: center; font-size: 24px;'><b>青黛</b></div>,第1部分:: 清热药::清热解毒药,性味归经::性[[寒]]；味[[咸、苦]]；归[[肝、肺]]经。<br>###功效::① [[清热解毒]]；<br>② [[凉血消斑]]；<br>③ [[泻火定惊]]；<br>④ [[息风止痉]]<br>###主治::① [[温毒发斑，血热吐血衄血]]；<br>② [[喉痹口疮，痄腮，疮疡，丹毒]]；<br>③ [[肝火犯肺，咳嗽胸痛，痰中带血]]；<br>④ [[小儿惊风抽搐，暑热惊痫]],用法::入丸散服，1～3g；外用适量<br>###注意::<b>「慎用」：</b>1. 胃寒<br>###
recvfkNCF2DsLf,<div style='text-align: center; font-size: 24px;'><b>贯众</b></div>,第1部分:: 清热药::清热解毒药,性味归经::性[[微寒]]；味[[微苦]]；归[[肝、胃]]经。<br>###功效::① [[清热解毒]]；<br>② [[止血]]；<br>③ [[驱虫]]<br>###主治::① [[时疫感冒，风热头痛，热入营血，温毒发斑]]；<br>② [[痄腮，疮疡肿毒]]；<br>③ [[血热出血【*···::崩漏下血，衄吐便血，炒炭收敛止血*】]]；<br>④ [[虫积腹痛【*···::杀三虫，可驱绦虫、钩虫、蛲虫、蛔虫等*】]],用法::煎服5∼10g；外用适量；生用清热解毒驱虫；炒炭止血；驱虫需大量方起效，大量使用会引起失明<br>###注意::<b>「注意」：</b>1. 有小毒，用量不宜过大；2. 服用时忌油腻<br><b>「慎用」：</b>1. 孕妇；2. 脾胃虚寒<br>###
recvfkNCF20qUf,<div style='text-align: center; font-size: 24px;'><b>蒲公英</b></div>,第1部分:: 清热药::清热解毒药,性味归经::性[[寒]]；味[[苦、甘]]；归[[肝、胃]]经。<br>###功效::① [[清热解毒]]；<br>② [[消肿散结]]；<br>③ [[利湿通淋]]；<br>④ [[清肝明目]]<br>###主治::① [[内外热毒疮痈，如痈肿疔疮、乳痈【*···::兼通乳，要药*】、肺痈、肠痈]]；<br>② [[瘰疬]]；<br>③ [[咽喉肿痛]]；<br>④ [[毒蛇咬伤]]；<br>⑤ [[热淋涩痛]]；<br>⑥ [[湿热黄疸]]；<br>⑦ [[肝火上炎之目赤肿痛]],用法::煎服，10∼15g；外用鲜品适量，捣敷或煎汤洗患处（鲜品外敷可治毒蛇咬伤）<br>###注意::<b>「慎用」：</b>1. 脾虚便溏者<br>大量使用可致缓泻<br>###
recvfkNCF2R6jZ,<div style='text-align: center; font-size: 24px;'><b>紫花地丁</b></div>,第1部分:: 清热药::清热解毒药,性味归经::性[[寒]]；味[[苦、辛]]；归[[心、肝]]经。<br>###功效::① [[清热解毒]]；<br>② [[凉血消肿]]；<br>③ [[消痈散结]]；<br>④ [[解蛇毒]]<br>###主治::① [[热毒疮疡，如疔疮肿毒、丹毒、痈疽发背、乳痈、肠痈【*···::为治疗疮要药*】]]；<br>② [[毒蛇咬伤]]；<br>③ [[肝热目赤肿痛]]；<br>④ [[外感热病]],用法::煎服，15～30g<br>###注意::<b>「忌用」：</b>1. 体质虚寒者<br>###
recvfkNCF2gzs7,<div style='text-align: center; font-size: 24px;'><b>重楼</b></div>,第1部分:: 清热药::清热解毒药,性味归经::性[[微寒]]；味[[苦]]；归[[肝]]经。有小<span style='color: red;'>毒</span><br>###功效::① [[清热解毒]]；<br>② [[消肿止痛]]；<br>③ [[凉肝定惊]]；<br>④ [[化瘀止血]]<br>###主治::① [[热毒疮痈【*···::疔疮痈肿、瘰疬痰核*】]]；<br>② [[蛇虫咬伤]]；<br>③ [[咽喉肿痛]]；<br>④ [[小儿惊风抽搐【*···::息风止痉*】]]；<br>⑤ [[跌打损伤【*···::消肿止痛，化瘀止血*】]],用法::煎服3～10g；外用适量，研末调敷（又名七叶一枝花、蚤休）<br>###注意::<b>「忌用」：</b>1. 孕妇；2. 阴证疮疡；3. 体虚而无实热者<br>用量不宜过大<br>###
recvfkNCF2IN0s,<div style='text-align: center; font-size: 24px;'><b>鱼腥草</b></div>,第1部分:: 清热药::清热解毒药,性味归经::性[[微寒]]；味[[辛]]；归[[肺]]经。<br>###功效::① [[清热解毒]]；<br>② [[消痈排脓]]；<br>③ [[利尿通淋]]；<br>④ [[清热除湿]]；<br>⑤ [[止痢]]<br>###主治::① [[肺痈吐脓，肺热、痰热喘咳【*···::清肺热，治肺痈要药*】]]；<br>② [[疮痈肿毒【*···::热毒疮痈，外痈疮毒常用*】]]；<br>③ [[热淋，湿热泻痢/热痢【*···::清热除湿，利水通淋，清热止痢*】]],用法::煎服15∼25g，不宜久煎；鲜品用量加倍，水煎或捣汁服；外用适量捣敷或煎汤外洗<br>###注意::<b>「忌用」：</b>1. 虚寒证；2. 阴性疮疡<br>###
recvfkNCF2Dwcb,<div style='text-align: center; font-size: 24px;'><b>山豆根</b></div>,第1部分:: 清热药::清热解毒药,性味归经::性[[寒]]；味[[苦]]；归[[肺、胃]]经。<br>###功效::① [[清热解毒]]；<br>② [[消肿利咽]]<br>###主治::① [[火毒蕴结，乳蛾喉痹，咽喉肿痛]]；<br>② [[牙龈肿痛，口舌生疮]]；<br>③ [[肺热咳嗽，湿热黄疸，痈肿疮毒]],用法::煎服3～6g；外用适量<br>###注意::有毒，用量不宜过大，过量服用易引起呕吐、腹泻、胸闷、心悸等<br><b>「慎用」：</b>1. 脾胃虚寒者<br>###
recvfkNCF2Hm4b,<div style='text-align: center; font-size: 24px;'><b>白头翁</b></div>,第1部分:: 清热药::清热解毒药,性味归经::性[[寒]]；味[[苦]]；归[[胃、大肠]]经。<br>###功效::① [[清热解毒]]；<br>② [[凉血止痢]]；<br>③ [[清热祛湿]]<br>###主治::① [[热毒血痢]]；<br>② [[阴痒带下]],用法::煎服9～15g<br>###注意::<b>「忌用」：</b>1. 虚寒泻痢者<br>###
recvfkNCF2EdAk,<div style='text-align: center; font-size: 24px;'><b>射干</b></div>,第1部分:: 清热药::清热解毒药,性味归经::性[[寒]]；味[[苦]]；归[[肺]]经。<br>###功效::① [[清热解毒]]；<br>② [[消痰利咽]]<br>###主治::① [[热毒痰火郁结，咽喉肿痛]]；<br>② [[痰涎壅盛，咳嗽气喘]],用法::煎服3～10g<br>###注意::<b>「慎用」：</b>1. 孕妇；2. 脾虚便溏者<br>###
recvfkNCF2GHl0,<div style='text-align: center; font-size: 24px;'><b>土茯苓</b></div>,第1部分:: 清热药::清热解毒药,性味归经::性[[平]]；味[[甘、淡]]；归[[肝、胃]]经。<br>###功效::① [[解毒]]；<br>② [[除湿]]；<br>③ [[通利关节]]<br>###主治::① [[梅毒及汞中毒所致的肢体拘挛、筋骨疼痛]]；<br>② [[湿热淋浊、带下、疥癣、湿疹瘙痒]]；<br>③ [[痈肿、瘰疬]],用法::煎服15∼60g；外用适量<br>###注意::<b>「慎用」：</b>1. 肝肾阴虚者<br>服药时忌茶<br>###
recvfkNCF2ilhj,<div style='text-align: center; font-size: 24px;'><b>熊胆粉</b></div>,第1部分:: 清热药::清热解毒药,性味归经::性[[寒]]；味[[苦]]；归[[肝、胆、心]]经。<br>###功效::① [[清热解毒]]；<br>② [[息风止痉]]；<br>③ [[清肝明目]]<br>###主治::① [[热毒疮痈，痔疮，咽喉肿痛【*···::消散痈肿*】]]；<br>② [[热极生风，惊痫抽搐【*···::凉心清肝*】]]；<br>③ [[肝热目赤，目生翳膜]]；<br>④ [[黄疸，小儿疳积，风虫牙痛，咽喉肿痛]],用法::入丸散服，0.25~0.5g；或胶囊口服；外用适量，研末或水调敷患处<br>###注意::<b>「忌用」：</b>1. 脾胃虚寒证患者<br>###
recvfkNCF251I9,<div style='text-align: center; font-size: 24px;'><b>穿心莲</b></div>,第2部分:: 清热药::清热解毒药,性味归经::性[[寒]]；味[[苦]]；归[[心、肺、大肠、膀胱]]经。<br>###功效::① [[清热解毒]]；<br>② [[凉血消肿]]；<br>③ [[清热燥湿]]；<br>④ [[止痢]]<br>###主治::① [[风热感冒，温病初起【*···::尤善清肺*】]]；<br>② [[咽喉肿痛，口舌生疮]]；<br>③ [[肺热咳嗽，或痰热壅肺，顿咳劳嗽，肺痈吐脓【*···::清肺火，解热毒*】]]；<br>④ [[痈肿疮疡，蛇虫咬伤【*···::清热解毒，凉血消痈*】]]；<br>⑤ [[湿热泻痢，热淋涩痛，湿疹瘙痒，湿热黄疸，湿热带下【*···::清热解毒，燥湿，止痢*】]],用法::煎服6∼10g；味极苦，煎剂易致恶心呕吐，多作丸片剂服；外用适量<br>###注意::<b>「忌用」：</b>1. 脾胃虚寒者<br>不宜多服、久服<br>###
recvfkNCF2CLmS,<div style='text-align: center; font-size: 24px;'><b>野菊花</b></div>,第2部分:: 清热药::清热解毒药,性味归经::性[[微寒]]；味[[苦、辛]]；归[[肝、心]]经。<br>###功效::① [[清热解毒]]；<br>② [[泻火平肝]]<br>###主治::① [[疗疮痈肿，咽喉肿痛]]；<br>② [[目赤肿痛，头痛眩晕]],用法::煎服9~15g；外用适量，煎汤外洗或制膏外涂<br>###
recvfkNCF2AXWa,<div style='text-align: center; font-size: 24px;'><b>白花蛇舌草</b></div>,第2部分:: 清热药::清热解毒药,性味归经::性[[微寒]]；味[[微苦、甘]]；归[[胃、大肠、小肠]]经。<br>###功效::① [[清热解毒]]；<br>② [[消痈]]；<br>③ [[利湿通淋]]<br>###主治::① [[疮疡肿毒，咽喉肿痛，毒蛇咬伤]]；<br>② [[湿热淋证涩痛，湿热黄疸]]；<br>③ [[癌症【*···::清热解毒消肿，为治内外痈常用品*】]],用法::煎服15～60g；外用适量<br>###注意::<b>「忌用」：</b>1. 阴疽；2. 脾胃虚寒<br>###
recvfkNCF2TcOv,<div style='text-align: center; font-size: 24px;'><b>败酱草</b></div>,第2部分:: 清热药::清热解毒药,性味归经::性[[微寒]]；味[[辛、苦]]；归[[胃、大肠、肝]]经。<br>###功效::① [[清热解毒]]；<br>② [[消痈排脓]]；<br>③ [[祛瘀止痛]]<br>###主治::① [[肠痈【*···::要药，有无化脓均可，已成脓尤宜*】]]；<br>② [[肺痈【*···::咳吐脓血*】]]；<br>③ [[痈肿疮毒【*···::已溃未溃皆可*】]]；<br>④ [[产后瘀阻腹痛【*···::活血祛瘀，通经止痛*】]],用法::煎服，6∼15g；大剂量15∼30g；外用适量<br>###注意::<b>「慎用」：</b>1. 孕妇；<br><b>「忌用」：</b>脾胃虚弱，食少泄泻者<br>###
recvfkNCF2Xmtu,<div style='text-align: center; font-size: 24px;'><b>大血藤</b></div>,第2部分:: 清热药::清热解毒药,性味归经::性[[微寒]]；味[[苦]]；归[[大肠、肝]]经。<br>###功效::① [[清热解毒]]；<br>② [[活血祛风]]；<br>③ [[止痛]]<br>###主治::① [[肠痈腹痛，热毒疮疡]]；<br>② [[血滞经闭痛经，跌扑肿痛]]；<br>③ [[风湿痹痛，腰腿疼痛，关节不利]],用法::煎服9~15g；外用适量<br>###注意::<b>「慎用」：</b>1. 孕妇<br>###
recvfkNCF2JFUr,<div style='text-align: center; font-size: 24px;'><b>马勃</b></div>,第2部分:: 清热药::清热解毒药,性味归经::性[[平]]；味[[辛]]；归[[肺]]经。<br>###功效::① [[清肺解毒]]；<br>② [[利咽]]；<br>③ [[止血]]<br>###主治::① [[风热郁肺，咽喉肿痛，喑哑咳嗽]]；<br>② [[吐血衄血，外伤出血]],用法::煎服2～6g；外用适量，敷患处<br>###注意::<b>「不宜用」：</b>风寒袭肺咳嗽失音<br>###
recvfkNCF2aXHn,<div style='text-align: center; font-size: 24px;'><b>马齿苋</b></div>,第2部分:: 清热药::清热解毒药,性味归经::性[[寒]]；味[[酸]]；归[[肝、大肠]]经。<br>###功效::① [[清热解毒]]；<br>② [[凉血止血]]；<br>③ [[止痢]]；<br>④ [[利尿通淋]]<br>###主治::① [[热毒血痢，大肠湿热，腹痛泄泻]]；<br>② [[痈肿疔疮，丹毒，蛇虫咬伤，湿疹]]；<br>③ [[便血，痔血，崩漏下血]]；<br>④ [[湿热淋证，血淋，带下]],用法::煎服，9∼15g；鲜品用量加倍；外用适量，捣敷患处<br>###注意::<b>「慎用」：</b>1. 孕妇；<br><b>「忌服」：</b>脾胃虚寒，肠滑作泄<br>###
recvfkNCF2F56a,<div style='text-align: center; font-size: 24px;'><b>鸦胆子</b></div>,第2部分:: 清热药::清热解毒药,性味归经::性[[寒]]；味[[苦]]；归[[大肠、肝]]经。<br>###功效::① [[清热解毒]]；<br>② [[止痢]]；<br>③ [[截疟]]；<br>④ [[外用腐蚀赘疣]]<br>###主治::① [[热毒血痢，休息痢，冷积久痢]]；<br>② [[疟疾【*···::间日或三日疟最佳*】]]；<br>③ [[鸡眼，赘疣]],用法::内服0.5∼2g，不入煎剂，龙眼肉包裹或装入胶囊吞服；或去油制丸、片服；外用适量<br>###注意::<b>「慎用」：</b>1. 孕妇及小儿；<br>注意事项：1. 不宜多用久服；2. 胃肠出血及肝肾病患者不宜使用；3. （内服严格控制剂量，外用注意保护好皮肤，避免刺激）<br>###
recvfkNCF2mOOn,<div style='text-align: center; font-size: 24px;'><b>漏芦</b></div>,第2部分:: 清热药::清热解毒药,性味归经::性[[寒]]；味[[苦]]；归[[胃]]经。<br>###功效::① [[清热解毒]]；<br>② [[消痈散结]]；<br>③ [[通经下乳]]；<br>④ [[舒筋通脉]]<br>###主治::① [[热毒疮痈，乳痈肿痛，痈疽发背，瘰疬疮毒，湿疹湿疮、皮肤瘙痒【*···::为治乳痈要药*】]]；<br>② [[乳房胀痛，乳汁不下]]；<br>③ [[湿痹拘挛]],用法::煎服，5～9g；外用，研末调敷，或煎水洗<br>###注意::<b>「慎用」：</b>1. 正虚体弱；2. 孕妇；3. 疮面平塌<br>###
recvfkNCF2pGBe,<div style='text-align: center; font-size: 24px;'><b>山慈菇</b></div>,第2部分:: 清热药::清热解毒药,性味归经::性[[凉]]；味[[甘、微辛]]；归[[肝、脾、胃]]经。<br>###功效::① [[清热解毒]]；<br>② [[化痰散结]]<br>###主治::① [[痈疽疔毒，发背恶疮，瘰疬痰核，虫蛇咬伤]]；<br>② [[癥瘕痞块]]；<br>③ [[风痰癫痫]],用法::煎服3~9g；外用适量<br>###注意::<b>「慎用」：</b>1. 正虚体弱者<br>###
recvfkNCF2HDlR,<div style='text-align: center; font-size: 24px;'><b>半边莲</b></div>,第2部分:: 清热药::清热解毒药,性味归经::性[[平]]；味[[辛]]；归[[心、小肠、肺]]经。<br>###功效::① [[清热解毒]]；<br>② [[利尿消肿]]<br>###主治::① [[痈肿疔疮【*···::热毒疮痈肿痛，乳痈肿痛*】]]；<br>② [[蛇虫咬伤【*···::毒蛇咬伤、蜂蝎螯伤*】]]；<br>③ [[鼓胀水肿，湿热黄疸，小便不利]]；<br>④ [[湿疹湿疮，手足疥癣]],用法::煎服10∼15g；鲜品30∼60g；外用适量<br>###注意::<b>「忌用」：</b>虚证水肿<br>###
recvfkNCF2RDGw,<div style='text-align: center; font-size: 24px;'><b>白蔹</b></div>,第2部分:: 清热药::清热解毒药,性味归经::性[[微寒]]；味[[苦]]；归[[心、胃]]经。<br>###功效::① [[清热解毒]]；<br>② [[消痈散结]]；<br>③ [[敛疮生肌]]<br>###主治::① [[痈疽发背，疔疮，瘰疬]]；<br>② [[烧烫伤，手足皲裂]],用法::煎服，5∼10g；外用适量，煎汤洗或研成极细粉敷患处<br>###注意::<b>「禁用」：</b>1. 不宜与川乌、制川乌、草乌、制草乌、附子同用<br>###
recvfkNCF2pZ5Y,<div style='text-align: center; font-size: 24px;'><b>生地黄</b></div>,第1部分:: 清热药::清热凉血药,性味归经::性[[寒]]；味[[甘]]；归[[心、肝、肾]]经。<br>###功效::① [[清热凉血]]；<br>② [[养阴生津]]<br>###主治::① [[热入营血证，温毒发斑]]；<br>② [[血热出血证【*···::吐血、衄血、便血、尿血、崩漏、产后出血*】]]；<br>③ [[热病伤阴，舌绛烦渴，津伤口渴，内热消渴]]；<br>④ [[阴虚内热，骨蒸劳热，温病后期，余热未尽，阴津已伤，邪伏阴分，夜热早凉]]；<br>⑤ [[津伤便秘]],用法::煎服，10∼15g；鲜品用量加倍，或鲜品捣汁入药<br>###注意::<b>「慎用」：</b>1. 脾虚湿滞；2. 腹满便溏<br>###
recvfkNCF2ewOB,<div style='text-align: center; font-size: 24px;'><b>玄参</b></div>,第1部分:: 清热药::清热凉血药,性味归经::性[[微寒]]；味[[甘、苦、咸]]；归[[肺、胃、肾]]经。<br>###功效::① [[清热凉血]]；<br>② [[滋阴降火]]；<br>③ [[解毒散结]]<br>###主治::① [[热入营血，温毒发斑]]；<br>② [[温病热陷心包，神昏谵语]]；<br>③ [[热病伤阴，舌绛烦渴，津伤便秘，骨蒸劳嗽]]；<br>④ [[目赤咽痛，瘰疬白喉，痈肿疮毒，热毒脱疽]],"用法::煎服9∼15g<br>###注意::<b>「禁用」：</b>1. 不宜与藜芦同用；<br><b>「慎用」：</b>1. 脾胃虚寒；2. 食少便溏<br>###常配::生地9-15g，玄参9-15g，清热凉血，养阴生津。生地凉血滋阴，玄参泻火解毒，二者相须。主治温热病热入营血，症见身热夜甚、心烦口渴、舌绛而干，或阴虚火旺之咽喉肿痛。<br><span style=""color:red"">以上仅供参考</span>"
recvfkNCF21xC9,<div style='text-align: center; font-size: 24px;'><b>牡丹皮</b></div>,第1部分:: 清热药::清热凉血药,性味归经::性[[微寒]]；味[[苦、辛]]；归[[心、肝、肾]]经。<br>###功效::① [[清热凉血]]；<br>② [[活血化瘀]]；<br>③ [[散瘀消痈]]<br>###主治::① [[热入营血，温毒发斑，血热吐衄]]；<br>② [[温病伤阴，阴虚发热，夜热早凉，无汗骨蒸]]；<br>③ [[血滞经闭，痛经，跌打伤痛]]；<br>④ [[痈肿疮毒【*···::热壅血瘀所致外痈或内痈，瘀热互结之肠痈初起*】]],"用法::煎服6∼12g；生用清热凉血；酒炙活血祛瘀；炒炭止血<br>###注意::<b>「慎用」：</b>1. 孕妇；2. 血虚有寒；3. 月经过多<br>###常配::赤芍6-12g，牡丹皮6-12g，清热凉血，活血散瘀。赤芍泄肝火、散瘀血，丹皮清血热、透伏火。二者气血同治，凉血而不凝滞，活血而不妄行。主治热入营血之斑疹吐衄，及血热血瘀证。<br><span style=""color:red"">以上仅供参考</span>"
recvfkNCF2JzJt,<div style='text-align: center; font-size: 24px;'><b>赤芍</b></div>,第1部分:: 清热药::清热凉血药,性味归经::性[[微寒]]；味[[苦]]；归[[肝]]经。<br>###功效::① [[清热凉血]]；<br>② [[散瘀止痛]]；<br>③ [[清肝泻火]]<br>###主治::① [[热入营血，温毒发斑，血热吐衄]]；<br>② [[目赤肿痛，目生翳障]]；<br>③ [[肝郁胁痛，经闭痛经，癥瘕腹痛，跌打损伤，痈肿疮疡]]；<br>④ [[热淋、血淋、热痢带血等血热证]],"用法::煎服，6～12g<br>###注意::<b>「禁用」：</b>1. 不宜与藜芦同用；<br><b>「慎用」：</b>1. 孕妇；2. 血寒经闭<br>###常配::赤芍6-12g，牡丹皮6-12g，清热凉血，活血散瘀。赤芍泄肝火、散瘀血，丹皮清血热、透伏火。二者气血同治，凉血而不凝滞，活血而不妄行。主治热入营血之斑疹吐衄，及血热血瘀证。<br>丹参10-15g，赤芍6-12g，凉血活血，祛瘀止痛。丹参活血凉血，赤芍凉血散瘀。主治血热瘀滞之证，如温病热入营血之斑疹吐衄、冠心病心绞痛、妇科血瘀痛经<br><span style=""color:red"">以上仅供参考</span>"
recvfkNCF2V71Q,<div style='text-align: center; font-size: 24px;'><b>水牛角</b></div>,第1部分:: 清热药::清热凉血药,性味归经::性[[寒]]；味[[苦]]；归[[心、肝]]经。<br>###功效::① [[清热凉血]]；<br>② [[解毒]]；<br>③ [[定惊]]<br>###主治::① [[温病高热，神昏谵语，惊风癫狂]]；<br>② [[血热毒盛，发斑发疹，吐血衄血]]；<br>③ [[热毒壅盛，咽喉肿痛，痈肿疮疡]],用法::镑片或粗粉，煎服15∼30g，先煎3小时以上；水牛角浓缩粉冲服，1.5∼3g/次，2次/日<br>###注意::<b>「禁用」：</b>1. 脾胃虚寒<br>###
recvfkNCF2WBew,<div style='text-align: center; font-size: 24px;'><b>紫草</b></div>,第2部分:: 清热药::清热凉血药,性味归经::性[[寒]]；味[[甘、咸]]；归[[心、肝]]经。<br>###功效::① [[清热凉血]]；<br>② [[活血解毒]]；<br>③ [[透疹消斑]]<br>###主治::① [[血热毒盛，斑疹紫黑，麻疹不透]]；<br>② [[疮疡，湿疹，水火烫伤]],"用法::煎服5∼10g；外用适量，熬膏或植物油浸泡涂擦<br>###注意::<b>「禁用」：</b>1. 脾虚便溏<br>###常配::紫草3-10g，板蓝根9-15g，清热解毒，凉血消斑。紫草凉血透疹，板蓝根解毒利咽。二者相配，为解毒要药。主治温热疫毒发斑、丹毒、痄腮（腮腺炎）、咽喉肿痛<br><span style=""color:red"">以上仅供参考</span>"
recvfkNCF2ixtz,<div style='text-align: center; font-size: 24px;'><b>青蒿</b></div>,第1部分:: 清热药::清虚热药,性味归经::性[[寒]]；味[[苦、辛]]；归[[肝、胆]]经。<br>###功效::① [[清虚热]]；<br>② [[除骨蒸]]；<br>③ [[解暑热]]；<br>④ [[截疟]]；<br>⑤ [[退黄]]<br>###主治::① [[温邪伤阴，夜热早凉【*···::“阴分伏热”*】]]；<br>② [[阴虚发热，劳热骨蒸]]；<br>③ [[外感暑热，发热烦渴]]；<br>④ [[疟疾寒热【*···::“截疟力强，截疟良药”*】]]；<br>⑤ [[湿热黄疸【*···::利胆退黄*】]],"用法::煎服6∼12g，不宜久煎（后下）；鲜用绞汁服<br>###注意::<b>「禁用」：</b>1. 脾胃虚弱，肠滑泄泻者<br>###常配::青蒿6-12g(后下)，黄芩6-12g，清热透邪，和解少阳。青蒿芳香透络，引邪外出；黄芩苦寒直折，清泄里热。主治湿热郁遏少阳，症见寒热如疟、口苦胸闷、恶心泛酸。<br><span style=""color:red"">以上仅供参考</span>"
recvfkNCF2dz5B,<div style='text-align: center; font-size: 24px;'><b>白薇</b></div>,第1部分:: 清热药::清虚热药,性味归经::性[[寒]]；味[[苦、咸]]；归[[胃、肝、肾]]经。<br>###功效::① [[清虚热]]；<br>② [[凉血]]；<br>③ [[利尿通淋]]；<br>④ [[解毒疗疮]]；<br>⑤ [[清肺透邪]]；<br>⑥ [[益阴]]<br>###主治::① [[阴虚发热，产后血虚发热，骨蒸劳热，温邪发热]]；<br>② [[热淋，血淋]]；<br>③ [[痈疽肿毒，虫蛇咬伤]]；<br>④ [[肺热咳嗽，咽喉肿痛]]；<br>⑤ [[阴虚外感]],用法::煎服5~10g；外用适量<br>###注意::<b>「慎用」：</b>1. 脾胃虚寒；2. 食少便溏<br>###
recvfkNCF2Cu6A,<div style='text-align: center; font-size: 24px;'><b>地骨皮</b></div>,第1部分:: 清热药::清虚热药,性味归经::性[[寒]]；味[[甘]]；归[[肺、肝、肾]]经。<br>###功效::① [[凉血除蒸]]；<br>② [[清肺降火]]；<br>③ [[生津止渴]]<br>###主治::① [[阴虚发热，骨蒸盗汗]]；<br>② [[血热咳血衄血]]；<br>③ [[肺热咳嗽]]；<br>④ [[内热消渴]]；<br>⑤ [[泻肾经浮火而止虚火牙痛]],"用法::煎服9∼15g<br>###注意::<b>「慎用」：</b>1. 外感风寒发热；2. 脾虚便溏<br>###常配::桑白皮10-15g，地骨皮10-15g清泻肺热，平喘止咳（泻白散）。桑白皮泻肺平喘，地骨皮清肺中伏火。二者相配，清肺热而不伤阴，主治肺热咳喘，症见皮肤蒸热、日晡尤甚、咳嗽气急。<br><span style=""color:red"">以上仅供参考</span>"
recvfkNCF26N2f,<div style='text-align: center; font-size: 24px;'><b>银柴胡</b></div>,第2部分:: 清热药::清虚热药,性味归经::性[[微寒]]；味[[甘]]；归[[肝、胃]]经。<br>###功效::① [[清虚热]]；<br>② [[除疳热]]<br>###主治::① [[阴虚发热，骨蒸劳热]]；<br>② [[小儿疳积发热]],用法::煎服3～10g<br>###注意::<b>「禁用」：</b>1. 外感风寒；2. 血虚无热<br>###
recvfkNCF25eyX,<div style='text-align: center; font-size: 24px;'><b>胡黄连</b></div>,第2部分:: 清热药::清虚热药,性味归经::性[[寒]]；味[[苦]]；归[[肝、胃、大肠]]经。<br>###功效::① [[退虚热]]；<br>② [[除疳热]]；<br>③ [[清湿热]]<br>###主治::① [[阴虚发热，骨蒸潮热]]；<br>② [[小儿疳积发热]]；<br>③ [[湿热泻痢，黄疸尿赤，痔疮肿痛]],用法::煎服3～10g<br>###注意::<b>「慎用」：</b>1. 脾胃虚寒<br>###
recvfkNCF2GRzv,<div style='text-align: center; font-size: 24px;'><b>大黄</b></div>,第1部分:: 泻下药::攻下药,性味归经::性[[寒]]；味[[苦]]；归[[脾、胃、大肠、肝、心包]]经。<br>###功效::① [[泻下攻积]]；<br>② [[清热泻火]]；<br>③ [[凉血解毒]]；<br>④ [[逐瘀通经]]；<br>⑤ [[利湿退黄]]；<br>⑥ [[炭能止血]]<br>###主治::① [[实热积滞便秘]]；<br>② [[血热吐衄，目赤咽肿，牙龈肿痛]]；<br>③ [[痈肿疔疮，肠痈腹痛]]；<br>④ [[瘀血经闭，产后瘀阻，跌打损伤]]；<br>⑤ [[湿热痢疾，黄疸尿赤，淋证，水肿]]；<br>⑥ [[烧烫伤]]；<br>⑦ [[破痰实，通脏腑降湿浊，治老痰壅塞，喘逆不得平卧]],"用法::煎服，3∼15g；外用适量，研末敷于患处<br>###注意::<b>「慎用」：</b>1. 脾胃虚弱；2. 孕妇、月经期、哺乳期<br>###常配::大黄3-12g(后下)，芒硝6-12g(冲服)，峻下热结，软坚润燥（调胃承气汤意）。大黄攻积导滞，芒硝软坚散结。二者相须，涤荡胃肠实热积滞。主治阳明腑实之腹满痛、大便燥结、壮热谵语。<br>大黄3-12g(后下)，厚朴6-12g，泻下攻积，行气宽中。大黄通便，厚朴行气，气行则积行。主治腹满胀痛、大便秘结属气滞积停者。<br>大黄3-12g(后下)，枳实6-12g，泻热通便，破气消痞（小承气汤意）。大黄荡涤积滞，枳实破气除痞。主治胃肠积滞、气机壅塞之腹胀痞满、大便秘结。<br><span style=""color:red"">以上仅供参考</span>"
recvfkNCF2IsEB,<div style='text-align: center; font-size: 24px;'><b>芒硝</b></div>,第1部分:: 泻下药::攻下药,性味归经::性[[寒]]；味[[咸、苦]]；归[[胃、大肠]]经。<br>###功效::① [[泻下通便]]；<br>② [[润燥软坚]]；<br>③ [[清火消肿]]<br>###主治::① [[实热积滞，腹满胀痛，大便燥结【*···::对实热积滞，腹满胀痛，大便燥结者尤为适宜*】]]；<br>② [[肠痈腹痛]]；<br>③ [[乳痈，痔疮肿痛，咽痛口疮，目赤肿痛]]；<br>④ [[外敷可回乳]],"用法::6∼12g，一般不入煎剂，汤剂煎好后，溶入汤液中服用；外用适量<br>###注意::<b>「慎用」：</b>1. 孕妇、哺乳期；<br><b>「忌配」：</b>硫黄、三棱<br>###常配::大黄3-12g(后下)，芒硝6-12g(冲服)，峻下热结，软坚润燥（调胃承气汤意）。大黄攻积导滞，芒硝软坚散结。二者相须，涤荡胃肠实热积滞。主治阳明腑实之腹满痛、大便燥结、壮热谵语。<br><span style=""color:red"">以上仅供参考</span>"
recvfkNCF28nVV,<div style='text-align: center; font-size: 24px;'><b>番泻叶</b></div>,第2部分:: 泻下药::攻下药,性味归经::性[[寒]]；味[[甘、苦]]；归[[大肠]]经。<br>###功效::① [[泻热行滞]]；<br>② [[通便利水]]<br>###主治::① [[热结积滞，便秘腹痛【*···::适用于热结便秘，亦可用于习惯性便秘及老年便秘，大多单味泡服，小剂量可起缓泻作用，大剂量则可攻下*】]]；<br>② [[水肿胀满【*···::或腹水肿胀，二便不利*】]],用法::煎服2∼6g，后下；开水泡服<br>###注意::<b>「使用注意」：</b>用量不宜过大，过大可导致恶心、呕吐、腹痛；<br><b>「慎用」：</b>1. 孕妇、月经期、哺乳期<br>###
recvfkNCF2s0VC,<div style='text-align: center; font-size: 24px;'><b>芦荟</b></div>,第2部分:: 泻下药::攻下药,性味归经::性[[寒]]；味[[苦]]；归[[肝、胃、大肠]]经。<br>###功效::① [[泻下通便]]；<br>② [[清肝泻火]]；<br>③ [[杀虫疗疳]]<br>###主治::① [[热结便秘]]；<br>② [[烦躁惊痫抽搐]]；<br>③ [[小儿疳积]]；<br>④ [[头癣、顽癣【*···::外敷，杀虫止痒*】]],用法::口服2∼5g，入丸散服；外用适量，研末敷患处<br>###注意::<b>「慎用」：</b>1. 孕妇、哺乳期及脾胃虚弱、食少便溏者<br>###
recvfkNCF2SAsJ,<div style='text-align: center; font-size: 24px;'><b>火麻仁</b></div>,第1部分:: 泻下药::润下药,性味归经::性[[平]]；味[[甘]]；归[[脾、胃、大肠]]经。<br>###功效::① [[润肠通便]]；<br>② [[滋养补虚]]<br>###主治::① [[血虚津亏肠燥便秘]]；<br>② [[尤宜于老年、体弱、产妇津血不足之肠燥便秘]],"用法::煎服，10∼15g；打碎入煎<br>###常配::火麻仁10-15g，郁李仁6-12g，润肠通便，滋养补虚。二者皆为质润多脂之品，火麻仁滋养，郁李仁通降。主治年老、体弱、产后、久病之津枯血少、肠燥便秘。<br><span style=""color:red"">以上仅供参考</span>"
recvfkNCF2NMvE,<div style='text-align: center; font-size: 24px;'><b>郁李仁</b></div>,第2部分:: 泻下药::润下药,性味归经::性[[平]]；味[[辛、苦、甘]]；归[[脾、大肠、小肠]]经。<br>###功效::① [[润肠通便]]；<br>② [[下气利水]]<br>###主治::① [[津枯肠燥，腹胀便秘，食积气滞]]；<br>② [[水肿腹满，脚气浮肿，小便不利]],"用法::煎服6∼10g，打碎入煎<br>###注意::<b>「慎用」：</b>1. 孕妇<br>###常配::火麻仁10-15g，郁李仁6-12g，润肠通便，滋养补虚。二者皆为质润多脂之品，火麻仁滋养，郁李仁通降。主治年老、体弱、产后、久病之津枯血少、肠燥便秘。<br><span style=""color:red"">以上仅供参考</span>"
recvfkNCF2VDMX,<div style='text-align: center; font-size: 24px;'><b>甘遂</b></div>,第1部分:: 泻下药::酸下逐水药,性味归经::性[[寒]]；味[[苦]]；归[[肺、肾、大肠]]经。<br>###功效::① [[泻水逐饮]]；<br>② [[消肿散结]]<br>###主治::① [[水肿鼓胀，胸胁停饮【*···::胸腹积水*】，痰饮积聚，气逆咳喘，二便不利]]；<br>② [[风痰癫痫]]；<br>③ [[痈肿疮毒]],用法::多入丸散服，0.5∼1.5g；内服醋炙减轻毒性；外用适量，生用<br>###注意::<b>「使用注意」：</b>有效成分不溶于水，多入丸散；<br><b>「禁用」：</b>1. 孕妇及虚弱者；<br><b>「忌配」：</b>甘草<br>###
recvfkNCF2Oc5r,<div style='text-align: center; font-size: 24px;'><b>京大戟</b></div>,第1部分:: 泻下药::酸下逐水药,性味归经::性[[寒]]；味[[苦]]；归[[肺、脾、肾]]经。<br>###功效::① [[泻水逐饮]]；<br>② [[消肿散结]]<br>###主治::① [[水肿胀满，胸腹积水，痰饮积聚，气逆咳喘，二便不利]]；<br>② [[痈肿疮毒，瘰疬痰核]],用法::煎服1.5∼3g；入丸散服，1g/次；内服醋炙减低毒性；外用适量，生用<br>###注意::<b>「禁用」：</b>1. 体弱及孕妇；<br><b>「忌配」：</b>甘草<br>###
recvfkNCF2ssw3,<div style='text-align: center; font-size: 24px;'><b>芫花</b></div>,第1部分:: 泻下药::酸下逐水药,性味归经::性[[温]]；味[[辛、苦]]；归[[肺、脾、肾]]经。有<span style='color: red;'>毒</span>。<br>###功效::① [[泻水逐饮]]；<br>② [[祛痰止咳]]；<br>③ [[外用杀虫疗疮]]<br>###主治::① [[水肿，胸腹积水，痰饮积聚，咳嗽痰喘，二便不利]]；<br>② [[疥癣秃疮，痈肿，冻疮]],用法::煎服1.5∼3g；入散剂、研末吞服，0.6∼0.9g/次，1次/日；内服醋炙减轻毒性；外用适量，生用<br>###注意::<b>「禁用」：</b>1. 体弱及孕妇；<br><b>「忌配」：</b>1. 甘草；<br>###
recvfkNCF2J5yE,<div style='text-align: center; font-size: 24px;'><b>牵牛子</b></div>,第1部分:: 泻下药::酸下逐水药,性味归经::性[[寒]]；味[[苦]]；归[[肺、肾、大肠]]经。<br>###功效::① [[泻水通便]]；<br>② [[消痰涤饮]]；<br>③ [[杀虫攻积]]<br>###主治::① [[水肿胀满，二便不通]]；<br>② [[痰壅喘咳，痰饮积聚【*···::泻肺*】]]；<br>③ [[虫积腹痛【*···::蛔虫、绦虫*】]],用法::煎服3∼6g；入丸散服，1.5∼3g/次；炒用药性减缓<br>###注意::<b>「禁用」：</b>1. 孕妇；<br><b>「忌配」：</b>1. 巴豆、巴豆霜；<br>###
recvfkNCF2sfHf,<div style='text-align: center; font-size: 24px;'><b>巴豆霜</b></div>,第1部分:: 泻下药::酸下逐水药,性味归经::性[[热]]；味[[辛；有大<span style='color: red;'>毒</span>]]；归[[胃、大肠]]经。<br>###功效::① [[峻下冷积]]；<br>② [[逐水退肿]]；<br>③ [[豁痰利咽]]；<br>④ [[外用蚀疮]]<br>###主治::① [[寒积便秘，乳食停积【*···::峻药轻投*】]]；<br>② [[腹水鼓胀、二便不通]]；<br>③ [[喉痹喉风]]；<br>④ [[痈疽，疥癣，恶疮，痈肿脓成未溃，疣痣]],用法::0.1~0.3g，多入丸散服；服巴豆时不宜食热物，以免加剧泻下（巴豆得热则助泄，得冷则泄止）<br>###注意::<b>「禁用」：</b>1. 孕妇及虚弱者；<br><b>「忌配」：</b>1. 牵牛子；<br>###
recvfkNCF2TXA0,<div style='text-align: center; font-size: 24px;'><b>商陆</b></div>,第2部分:: 泻下药::酸下逐水药,性味归经::性[[寒]]；味[[苦；有<span style='color: red;'>毒</span>]]；归[[肺、脾、肾、大肠]]经。<br>###功效::① [[逐水消肿]]；<br>② [[通利二便]]；<br>③ [[外用解毒散结]]<br>###主治::① [[水肿胀满，二便不通]]；<br>② [[疮痈肿毒]],用法::煎服3～9g；内服醋炙；外用适量，生用，煎汤熏洗<br>###注意::<b>「禁用」：</b>1. 孕妇；<br>###
recvfkNCF2rHsN,<div style='text-align: center; font-size: 24px;'><b>独活</b></div>,第1部分:: 祛风湿药::法风寒湿药,性味归经::性[[温]]；味[[辛、苦]]；归[[肾、膀胱]]经。<br>###功效::① [[祛风除湿]]；<br>② [[通痹止痛]]；<br>③ [[解表]]<br>###主治::① [[风寒湿痹，腰膝疼痛【*···::为风湿痹痛要药，风寒湿痹无论新久，以腰膝、足跟关节疼痛属下半身为宜*】]]；<br>② [[风寒挟湿表证或头痛]]；<br>③ [[皮肤瘙痒]]；<br>④ [[少阴伏风头痛]],"用法::煎服3～10g；外用适量<br>###注意::<b>「慎用」：</b>1. 阴虚；2. 血燥；<br>###常配::羌活6-12g，独活6-12g祛风胜湿，通痹止痛。羌活走上，善治上半身风湿；独活走下，善治下半身风湿。二者相合，一上一下，统治一身风湿痹痛。主治风寒湿痹、周身疼痛、项背挛急。<br><span style=""color:red"">以上仅供参考</span>"
recvfkNCF2YjJM,<div style='text-align: center; font-size: 24px;'><b>威灵仙</b></div>,第1部分:: 祛风湿药::法风寒湿药,性味归经::性[[温]]；味[[辛、咸]]；归[[膀胱]]经。<br>###功效::① [[祛风湿]]；<br>② [[通经络]]；<br>③ [[止痛]]；<br>④ [[消骨鲠]]<br>###主治::① [[风湿痹痛【*···::要药，性善猛走，凡风湿痹痛、肢体麻木、筋脉拘挛、屈伸不利，无论上下皆可应用，尤宜于风邪偏盛、拘挛掣痛、游走不定*】]]；<br>② [[跌打伤痛、头痛、牙痛、胃脘痛]]；<br>③ [[诸骨鲠咽喉【*···::软坚消骨鲠*】]]；<br>④ [[消痰水，治噎膈、痞积]],"用法::煎服6~10g；消骨鲠可用30~50g<br>###注意::<b>「药性提示」：</b>1. 辛散走窜；<br><b>「慎用」：</b>1. 气血虚弱；<br>###常配::秦艽6-12g，威灵仙6-12g，祛风除湿，通络止痛。秦艽性润，为风药中润剂，能祛风湿、舒筋络；威灵仙性猛，善走窜，能通经络、止痹痛。主治风湿痹痛、肢体麻木、筋脉拘挛。<br><span style=""color:red"">以上仅供参考</span>"
recvfkNCF2TWVC,<div style='text-align: center; font-size: 24px;'><b>木瓜</b></div>,第1部分:: 祛风湿药::法风寒湿药,性味归经::性[[温]]；味[[酸]]；归[[肝、脾]]经。<br>###功效::① [[舒筋活络]]；<br>② [[和胃化湿]]；<br>③ [[消食]]；<br>④ [[生津止渴]]<br>###主治::① [[风湿痹证拘挛，关节屈伸不利，腰膝关节酸重疼痛]]；<br>② [[脚气浮肿肿痛]]；<br>③ [[湿阻中焦腹痛吐泻，转筋挛痛]]；<br>④ [[消化不良]]；<br>⑤ [[津伤口渴]],用法::煎服6～9g<br>###注意::<b>「忌用」：</b>1. 小便短赤；2. 内有郁热；3. 胃酸过多；<br>###
recvfkNCF2l6ku,<div style='text-align: center; font-size: 24px;'><b>蕲蛇</b></div>,第1部分:: 祛风湿药::法风寒湿药,性味归经::性[[温]]；味[[甘、咸]]；归[[肝]]经；有<span style='color: red;'>毒</span>。<br>###功效::① [[祛风通络]]；<br>② [[止痉]]<br>###主治::① [[风湿顽痹，麻木拘挛]]；<br>② [[中风半身不遂，口眼歪斜]]；<br>③ [[小儿急慢惊风，破伤风，抽搐痉挛]]；<br>④ [[麻风，疥癣]]；<br>⑤ [[瘰疬，梅毒，恶疮]],用法::煎汤3∼9g；研末吞服，1∼1.5g/次，2∼3次/日；或酒浸、熬膏、入丸散服<br>###注意::<b>「忌用」：</b>1. 阴虚内热；<br><b>「慎用」：</b>1. 血虚生风；<br>###
recvfkNCF2tdZo,<div style='text-align: center; font-size: 24px;'><b>乌梢蛇</b></div>,第2部分:: 祛风湿药::法风寒湿药,性味归经::性[[平]]；味[[甘]]；归[[肝]]经。<br>###功效::① [[祛风]]；<br>② [[通络]]；<br>③ [[止痉]]<br>###主治::① [[风湿顽痹，麻木拘挛]]；<br>② [[中风半身不遂，口眼㖞斜]]；<br>③ [[小儿急慢惊风，破伤风痉挛抽搐]]；<br>④ [[麻风，疥癣【*···::祛风止痒*】]]；<br>⑤ [[瘰疬，恶疮【*···::内外风毒壅滞皆宜，善治病久邪深者，力较蕲蛇缓*】]],用法::煎服6∼12g；研末，每次2∼3g；或入丸剂、酒浸服<br>###注意::<b>「慎用」：</b>1. 血虚生风；<br>###
recvfkNCF2w0ub,<div style='text-align: center; font-size: 24px;'><b>川乌</b></div>,第2部分:: 祛风湿药::法风寒湿药,性味归经::性[[热]]；味[[辛、苦，有大<span style='color: red;'>毒</span>]]；归[[心、脾、肝、肾]]经。<br>###功效::① [[祛风除湿]]；<br>② [[温经止痛]]<br>###主治::① [[风寒湿痹，关节拘急疼痛【*···::善驱逐寒湿、温经止痛，治“一切沉寒痛冷之症”，尤宜于寒邪偏盛之痹痛*】]]；<br>② [[心腹冷痛、寒疝腹痛【*···::辛散温通，散寒止痛*】]]；<br>③ [[跌打损伤疼痛，骨折瘀肿疼痛，麻醉止痛【*···::“治寒湿痹要药”“止痛力强”*】]],用法::煎服1.5~3g，先煎、久煎；生品宜外用，适量<br>###注意::<b>「注意」：</b>1. 内服需炮制，生品内服慎用；2. 酒浸、酒煎易中毒；3. 草乌毒性更强；<br><b>「忌用」：</b>1. 孕妇；<br><b>「忌配」：</b>1. 半夏、川贝母、浙贝母、瓜蒌、天花粉、白及、白蔹；<br>###
recvfkNCF2a9sj,<div style='text-align: center; font-size: 24px;'><b>草乌</b></div>,第2部分:: 祛风湿药::法风寒湿药,性味归经::性[[热]]；味[[辛、苦，有大<span style='color: red;'>毒</span>]]；归[[心、脾、肝、肾]]经。<br>###功效::① [[祛风除湿]]；<br>② [[温经止痛]]<br>###主治::① [[风寒湿痹，关节拘急疼痛【*···::善驱逐寒湿、温经止痛，治“一切沉寒痛冷之症”，尤宜于寒邪偏盛之痹痛*】]]；<br>② [[心腹冷痛、寒疝腹痛【*···::辛散温通，散寒止痛*】]]；<br>③ [[跌打损伤疼痛，骨折瘀肿疼痛，麻醉止痛【*···::“治寒湿痹要药”“止痛力强”*】]],用法::煎服1.5∼3g，先煎、久煎；生品宜外用，适量<br>###注意::<b>「禁用」：</b>1. 孕妇；<br><b>「慎用」：</b>1. 生品内服；2. 炮制后内服；<br><b>「注意」：</b>1. 草乌毒性更强；2. 酒浸、酒煎易中毒；<br><b>「忌配」：</b>1. 半夏，川浙贝母，瓜蒌，天花粉，白及，白蔹<br>###
recvfkNCF2UnQR,<div style='text-align: center; font-size: 24px;'><b>海风藤</b></div>,第2部分:: 祛风湿药::法风寒湿药,性味归经::性[[温]]；味[[辛、苦]]；归[[肝]]经。<br>###功效::① [[祛风除湿]]；<br>② [[通络止痛]]<br>###主治::① [[风寒湿痹，肢节疼痛，筋脉拘挛，屈伸不利]]；<br>② [[跌打损伤]],用法::煎服6~12g；外用适量<br>###
recvfkNCF2bNRZ,<div style='text-align: center; font-size: 24px;'><b>青风藤</b></div>,第2部分:: 祛风湿药::法风寒湿药,性味归经::性[[平]]；味[[苦、辛]]；归[[肝、脾]]经。<br>###功效::① [[祛风湿]]；<br>② [[通经络]]；<br>③ [[利小便]]<br>###主治::① [[风湿痹痛，关节肿胀，麻木不仁，皮肤瘙痒，肩臂痛，腰膝痛]]；<br>② [[水肿，脚气肿痛]],用法::煎服，6∼12g；外用适量<br>###
recvfkNCF29kAR,<div style='text-align: center; font-size: 24px;'><b>昆明山海棠</b></div>,第2部分:: 祛风湿药::法风寒湿药,性味归经::性[[温]]；味[[辛、苦]]；归[[肝、脾、肾]]经。<br>###功效::① [[祛风湿]]；<br>② [[活血止痛]]；<br>③ [[续筋接骨]]<br>###主治::① [[风湿痹证，为风寒湿痹日久、关节肿痛麻木之良药]]；<br>② [[跌打损伤、骨折]],用法::煎服，根6∼15g；茎枝20∼30g，先煎或酒浸服；外用适量，研末敷，或煎水涂，或鲜品捣敷<br>###注意::<b>「禁用」：</b>1. 孕妇及体弱者；<br><b>「慎用」：</b>1. 小儿及育龄期妇女；2. 不宜过量或久服<br>###
recvfkNCF2bV7d,<div style='text-align: center; font-size: 24px;'><b>穿山龙</b></div>,第2部分:: 祛风湿药::法风寒湿药,性味归经::性[[温]]；味[[甘、苦]]；归[[肝、肾、肺]]经。<br>###功效::① [[祛风除湿]]；<br>② [[舒筋通络]]；<br>③ [[活血止痛]]；<br>④ [[止咳平喘]]<br>###主治::① [[风湿痹病，关节肿胀，疼痛麻木]]；<br>② [[跌扑损伤，闪腰岔气]]；<br>③ [[咳嗽气喘【*···::化痰止咳平喘*】]],用法::煎服，9∼15g；也可制成酒剂用<br>###注意::<b>「注意」：</b>1. 粉碎加工时，注意防护，以免发生过敏反应<br>###
recvfkNCF2rRsn,<div style='text-align: center; font-size: 24px;'><b>秦艽</b></div>,第1部分:: 祛风湿药::祛风湿热药,性味归经::性[[平]]；味[[辛、苦]]；归[[胃、肝、胆]]经。<br>###功效::① [[祛风湿]]；<br>② [[清湿热]]；<br>③ [[舒筋络]]；<br>④ [[止痹痛]]；<br>⑤ [[退虚热]]<br>###主治::① [[风湿痹证，筋脉拘挛，骨节酸痛【*···::寒热新久均可*】]]；<br>② [[中风半身不遂]]；<br>③ [[湿热黄疸【*···::清肝胆湿热*】]]；<br>④ [[骨蒸潮热，疳积发热]]；<br>⑤ [[痔疮肿毒]],"用法::煎服，3～10g<br>###常配::秦艽6-12g，威灵仙6-12g，祛风除湿，通络止痛。秦艽性润，为风药中润剂，能祛风湿、舒筋络；威灵仙性猛，善走窜，能通经络、止痹痛。主治风湿痹痛、肢体麻木、筋脉拘挛。<br><span style=""color:red"">以上仅供参考</span>"
recvfkNCF2EgzL,<div style='text-align: center; font-size: 24px;'><b>防己</b></div>,第1部分:: 祛风湿药::祛风湿热药,性味归经::性[[寒]]；味[[苦]]；归[[膀胱、肺]]经。<br>###功效::① [[祛风湿]]；<br>② [[止痛]]；<br>③ [[利水消肿]]<br>###主治::① [[风湿痹证【*···::风湿热痹尤宜*】]]；<br>② [[水肿，小便不利，脚气肿痛【*···::善走下行，下肢水肿小便不利尤宜*】]]；<br>③ [[湿疹疮毒【*···::苦以燥湿，寒以清热*】]]；<br>④ [[高血压病【*···::降血压*】]],"用法::煎服，5～10g<br>###注意::<b>「慎用」：</b>1. 胃纳不佳；2. 阴虚体弱<br>###常配::防风6-12g，防己6-12g，祛风胜湿，利水消肿。防风祛风解表，胜湿止痛；防己利水消肿，祛风除湿。二者合用，祛风利水并行。主治风湿痹证之关节肿痛，及风水证之浮肿。<br><span style=""color:red"">以上仅供参考</span>"
recvfkNCF2quVw,<div style='text-align: center; font-size: 24px;'><b>雷公藤</b></div>,第2部分:: 祛风湿药::祛风湿热药,性味归经::性[[寒]]；味[[辛、苦]]；归[[肝、肾]]经。<br>###功效::① [[祛风除湿]]；<br>② [[活血通络]]；<br>③ [[消肿止痛]]；<br>④ [[杀虫解毒]]<br>###主治::① [[风湿顽痹【*···::要药，尤宜于关节红肿热痛、肿胀难消、晨僵、功能受限，甚至关节变形者*】]]；<br>② [[疥疮，麻风，顽癣，湿疹]]；<br>③ [[疗疮肿毒]]；<br>④ [[现代治肾小球肾炎、肾病综合征、红斑狼疮、口眼干燥综合征、白塞病]],用法::煎服1∼5g，文火煎1∼2小时；外用适量，研粉或捣烂敷；或制成酊剂、软膏涂擦<br>###注意::<b>「慎用」：</b>1. 内脏有器质性病变及白细胞减少者；<br><b>「禁用」：</b>1. 孕妇<br>###
recvfkNCF2rpxj,<div style='text-align: center; font-size: 24px;'><b>络石藤</b></div>,第2部分:: 祛风湿药::祛风湿热药,性味归经::性[[微寒]]；味[[苦]]；归[[心、肝、肾]]经。<br>###功效::① [[祛风通络]]；<br>② [[凉血消肿]]<br>###主治::① [[风湿热痹，筋脉拘挛，腰膝酸痛]]；<br>② [[喉痹，痈肿]]；<br>③ [[跌扑损伤]],用法::煎服6~12g<br>###
recvfkNCF2BWKF,<div style='text-align: center; font-size: 24px;'><b>豨莶草</b></div>,第2部分:: 祛风湿药::祛风湿热药,性味归经::性[[寒]]；味[[辛、苦]]；归[[肝、肾]]经。<br>###功效::① [[祛风湿]]；<br>② [[利关节]]；<br>③ [[解毒]]；<br>④ [[通经络]]<br>###主治::① [[风湿痹痛，筋骨无力，腰膝酸软，四肢麻木【*···::酒制兼补肝肾*】]]；<br>② [[中风半身不遂【*···::祛风通络*】]]；<br>③ [[风疹，湿疮，痈肿疮毒【*···::生用清热解毒，除湿热*】]]；<br>④ [[高血压病，阳亢眩晕【*···::降血压*】]],"用法::煎服9~12g；制用：风湿痹痛，半身不遂；生用：风疹湿疮、痈肿疮毒；酒制：兼补肝肾<br>###常配::海桐皮6-12g，豨莶草9-15g，祛风湿，利关节。二者均有祛风除湿、通络止痛之功，相须为用，善治风湿痹痛、筋骨无力、四肢麻木。<br><span style=""color:red"">以上仅供参考</span>"
recvfkNCF23z6t,<div style='text-align: center; font-size: 24px;'><b>臭梧桐</b></div>,第2部分:: 祛风湿药::祛风湿热药,性味归经::性[[凉]]；味[[辛、苦、甘]]；归[[肝]]经。<br>###功效::① [[祛风湿]]；<br>② [[通经络]]；<br>③ [[平肝阳]]<br>###主治::① [[风湿痹证]]；<br>② [[中风半身不遂]]；<br>③ [[风疹，湿疮]]；<br>④ [[肝阳上亢，头痛眩晕【*···::高血压病*】]],用法::煎服，5∼15g；用于高血压病不宜久煎；研末服，每次3g；外用适量<br>###
recvfkNCF2ERDN,<div style='text-align: center; font-size: 24px;'><b>桑枝</b></div>,第2部分:: 祛风湿药::祛风湿热药,性味归经::性[[平]]；味[[微苦]]；归[[肝]]经。<br>###功效::① [[祛风湿]]；<br>② [[利关节]]；<br>③ [[利水消肿]]<br>###主治::① [[风湿痹证，肩臂、关节酸痛麻木]]；<br>② [[水肿，脚气肿痛]],"用法::煎服9∼15g；外用适量<br>###常配::桑枝15-30g，桂枝6-12g，祛风通络，温经止痛。桑枝善走上肢，祛风通络；桂枝温通经脉，散寒止痛。二者相配，尤宜于上肢、肩臂之风寒湿痹、关节酸痛。<br><span style=""color:red"">以上仅供参考</span>"
recvfkNCF2Jops,<div style='text-align: center; font-size: 24px;'><b>海桐皮</b></div>,第2部分:: 祛风湿药::祛风湿热药,性味归经::性[[平]]；味[[苦、辛]]；归[[肝、肾]]经。<br>###功效::① [[祛风除湿]]；<br>② [[通络止痛]]；<br>③ [[杀虫止痒]]<br>###主治::① [[风湿痹痛，尤善治下肢关节痹痛]]；<br>② [[疥癣、湿疹]],"用法::煎服5~15g；酒浸服；外用适量<br>###常配::海桐皮6-12g，豨莶草9-15g，祛风湿，利关节。二者均有祛风除湿、通络止痛之功，相须为用，善治风湿痹痛、筋骨无力、四肢麻木。<br><span style=""color:red"">以上仅供参考</span>"
recvfkNCF2VuDw,<div style='text-align: center; font-size: 24px;'><b>五加皮</b></div>,第1部分:: 祛风湿药::法风湿强筋骨药,性味归经::性[[温]]；味[[辛、苦]]；归[[肝、肾]]经。<br>###功效::① [[祛风除湿]]；<br>② [[补益肝肾]]；<br>③ [[强筋壮骨]]；<br>④ [[利水消肿]]<br>###主治::① [[风湿痹证【*···::老人久病体弱更宜*】]]；<br>② [[筋骨痿软，小儿行迟，体虚乏力]]；<br>③ [[水肿，脚气肿痛【*···::强壮性祛风湿药*】]],"用法::煎服，5～10g；酒浸或入丸散服<br>###常配::五加皮6-12g，牛膝6-15g，补肝肾，强筋骨，利水湿。五加皮祛风湿、强筋骨，牛膝补肝肾、引血下行。二者相配，既治肝肾亏虚之腰膝酸软，又疗风湿痹痛、下肢浮肿。<br><span style=""color:red"">以上仅供参考</span>"
recvfkNCF2bhPe,<div style='text-align: center; font-size: 24px;'><b>桑寄生</b></div>,第1部分:: 祛风湿药::法风湿强筋骨药,性味归经::性[[平]]；味[[甘、苦]]；归[[肝、肾]]经。<br>###功效::① [[祛风湿]]；<br>② [[补肝肾]]；<br>③ [[强筋骨]]；<br>④ [[安胎元]]<br>###主治::① [[风湿痹证，腰膝酸软，筋骨无力【*···::痹证日久，肝肾不足尤宜*】]]；<br>② [[崩漏经多，妊娠漏血，胎动不安【*···::补肝肾，养血，固冲任，安胎元*】]]；<br>③ [[头晕目眩【*···::补益肝肾以平肝降压，治高血压病头晕目眩属肝肾不足者*】]],"用法::煎服，9～15g<br>###常配::杜仲10-15g，桑寄生10-15g。补肝肾，强筋骨，安胎。二者皆入肝肾，能补能固，为治疗肝肾不足、腰膝酸软之要药，且均有安胎之功，用于肝肾亏虚之胎动不安。<br>杜仲、桑寄生各10-15g补肝肾，强筋骨。为治疗肝肾不足之腰膝酸软要药，可辅助治疗因肾虚所致的性功能减退。<br><span style=""color:red"">以上仅供参考</span>"
recvfkNCF2afuM,<div style='text-align: center; font-size: 24px;'><b>狗脊</b></div>,第2部分:: 祛风湿药::法风湿强筋骨药,性味归经::性[[温]]；味[[甘、苦]]；归[[肝、肾]]经。<br>###功效::① [[祛风湿]]；<br>② [[补肝肾]]；<br>③ [[强腰膝]]<br>###主治::① [[风湿痹证【*···::肝肾不足兼风寒湿之腰痛脊强，不能俯仰最宜*】]]；<br>② [[腰膝酸软，下肢无力]]；<br>③ [[遗尿尿频，白带过多，带下清稀【*···::肾虚不固，能温补固摄*】]]；<br>④ [[金疮出血【*···::毛可止血*】]],"用法::煎服6~12g<br>###注意::<b>「慎用」：</b>1. 肾虚有热；2. 小便不利或短涩黄赤<br>###常配::续断9-15g，狗脊10-15g，补肝肾，强腰膝。续断补肝肾而活血续伤，狗脊补肝肾而强腰脊。二者相须，常用于肝肾不足之腰膝酸痛、下肢无力、遗精带下。<br>续断9-15g，狗脊10-15g补肝肾，强腰膝。用于肝肾不足之腰膝酸痛、下肢无力，为强壮腰膝、辅助起痿之品。<br><span style=""color:red"">以上仅供参考</span>"
recvfkNCF2Q8D9,<div style='text-align: center; font-size: 24px;'><b>广藿香</b></div>,第1部分:: 化湿药,性味归经::性[[微温]]；味[[辛]]；归[[脾、胃、肺]]经。<br>###功效::① [[芳香化湿]]；<br>② [[和中止呕]]；<br>③ [[发表解暑]]<br>###主治::① [[湿阻中焦证，脘腹痞闷]]；<br>② [[湿浊中阻所致呕吐]]；<br>③ [[暑湿表证，湿温初起，发热倦怠，胸闷不舒，寒湿闭暑，腹痛吐泻]],用法::煎服，3∼10g；鲜品加倍；叶偏发表；梗偏和中<br>###注意::<b>「不宜用」：</b>阴虚血燥<br>###
recvfkNCF2hB4d,<div style='text-align: center; font-size: 24px;'><b>佩兰</b></div>,第1部分:: 化湿药,性味归经::性[[平]]；味[[辛]]；归[[脾、胃、肺]]经。<br>###功效::① [[芳香化湿]]；<br>② [[醒脾开胃]]；<br>③ [[发表解暑]]<br>###主治::① [[湿阻中焦，脘痞呕恶【*···::尤善治脾经湿热*】]]；<br>② [[暑湿，湿温初起，发热倦怠，胸闷不舒]]；<br>③ [[口中甜腻，口臭，多涎]],"用法::煎服3∼10g；鲜品加倍<br>###常配::藿香6-12g(后下)，佩兰6-12g(后下)，芳香化湿，解暑和中。二者皆为芳香化浊之要药，相须为用，醒脾开胃之力更著。主治湿困中焦之脘痞呕恶、食少体倦、苔白厚腻，及暑湿、湿温初起。<br><span style=""color:red"">以上仅供参考</span>"
recvfkNCF2kA2U,<div style='text-align: center; font-size: 24px;'><b>苍术</b></div>,第1部分:: 化湿药,性味归经::性[[温]]；味[[辛、苦]]；归[[脾、胃、肝]]经。<br>###功效::① [[燥湿健脾]]；<br>② [[祛风散寒]]；<br>③ [[明目]]<br>###主治::① [[湿阻中焦，脘腹胀满，泄泻，痰饮，水肿]]；<br>② [[风湿痹证【*···::湿胜尤宜*】，脚气痿蹙]]；<br>③ [[风寒夹湿之表证]]；<br>④ [[夜盲，眼目昏涩]],"用法::煎服3～9g；生用燥性强；炒用燥性稍减<br>###注意::<b>「忌用」：</b>1. 阴虚内热；2. 气虚多汗<br>###常配::苍术6-12g，厚朴6-12g，燥湿运脾，行气除满（平胃散核心）。苍术燥湿健脾，厚朴行气消胀。二者合用，善治湿阻中焦之脘腹胀满、食欲不振、恶心呕吐、倦怠便溏<br><span style=""color:red"">以上仅供参考</span>"
recvfkNCF2cU9f,<div style='text-align: center; font-size: 24px;'><b>厚朴</b></div>,第1部分:: 化湿药,性味归经::性[[温]]；味[[辛、苦]]；归[[脾、胃、肺、大肠]]经。<br>###功效::① [[燥湿消痰]]；<br>② [[下气除满]]；<br>③ [[行气消积]]；<br>④ [[消痰平喘]]<br>###主治::① [[湿阻中焦证，脘痞吐泄【*···::“消胀除满要药”*】]]；<br>② [[胃肠气滞，食积气滞，腹胀便秘]]；<br>③ [[痰饮喘咳]]；<br>④ [[梅核气【*···::痰气互结*】]],"用法::煎服3～10g<br>###注意::易伤津耗气<br><b>「慎用」：</b>1. 气虚津亏；2. 孕妇<br>###常配::苍术6-12g，厚朴6-12g，燥湿运脾，行气除满（平胃散核心）。苍术燥湿健脾，厚朴行气消胀。二者合用，善治湿阻中焦之脘腹胀满、食欲不振、恶心呕吐、倦怠便溏<br>大黄3-12g(后下)，厚朴6-12g，泻下攻积，行气宽中。大黄通便，厚朴行气，气行则积行。主治腹满胀痛、大便秘结属气滞积停者。<br><span style=""color:red"">以上仅供参考</span>"
recvfkNCF2fGTq,<div style='text-align: center; font-size: 24px;'><b>砂仁</b></div>,第1部分:: 化湿药,性味归经::性[[温]]；味[[辛]]；归[[脾、胃、肾]]经。<br>###功效::① [[化湿开胃]]；<br>② [[温脾止泻]]；<br>③ [[理气安胎]]<br>###主治::① [[湿浊中阻、脾胃气滞所致脘腹胀痛、脘痞不饥]]；<br>② [[脾胃虚寒所致呕吐泄泻]]；<br>③ [[妊娠恶阻、胎动不安]],"用法::煎服3～6g，后下<br>###注意::<b>「慎用」：</b>1. 阴虚血燥；2. 火热内炽者<br>###常配::檀香3-6g(后下)，砂仁3-6g(后下)，理气调中，温中止痛（丹参饮意）。檀香理气散寒止痛，砂仁行气和中开胃。主治寒凝气滞之胸腹疼痛、胃脘冷痛、食少呕吐。<br>木香6-12g(后下)，砂仁3-6g(后下)，行气调中，醒脾开胃。木香通行胃肠气滞，砂仁醒脾开胃化湿。主治脾胃气滞之脘腹胀痛、纳呆食少、嗳气痞满。<br>砂仁3-6g(后下)，白豆蔻3-6g(后下)，化湿行气，温中止呕。砂仁偏于中下二焦，善治寒湿泄泻、胎动不安；白蔻仁偏于中上二焦，善治湿温呕恶、胸闷不饥。二者相合，宣通三焦气机。<br><span style=""color:red"">以上仅供参考</span>"
recvfkNCF2L7mq,<div style='text-align: center; font-size: 24px;'><b>豆蔻</b></div>,第1部分:: 化湿药,性味归经::性[[温]]；味[[辛]]；归[[肺、脾、胃]]经。<br>###功效::① [[化湿行气]]；<br>② [[温中止呕]]；<br>③ [[开胃消食]]<br>###主治::① [[湿阻中焦、脾胃气滞证，症见不思饮食、胸腹胀痛]]；<br>② [[湿温初起，胸闷不饥]]；<br>③ [[寒湿呕吐【*···::胃寒湿滞尤宜*】]]；<br>④ [[食积不化]],"用法::煎服，3～6g；后下<br>###注意::<b>「慎用」：</b>1. 阴虚血燥者<br>###常配::砂仁3-6g(后下)，白豆蔻3-6g(后下)，化湿行气，温中止呕。砂仁偏于中下二焦，善治寒湿泄泻、胎动不安；白蔻仁偏于中上二焦，善治湿温呕恶、胸闷不饥。二者相合，宣通三焦气机。<br><span style=""color:red"">以上仅供参考</span>"
recvfkNCF2gtKX,<div style='text-align: center; font-size: 24px;'><b>草豆蔻</b></div>,第2部分:: 化湿药,性味归经::性[[温]]；味[[辛]]；归[[脾、胃]]经。<br>###功效::① [[燥湿行气]]；<br>② [[温中止呕]]；<br>③ [[止泻止痢]]<br>###主治::① [[寒湿中阻气滞证，脘腹胀满冷痛，不思饮食]]；<br>② [[寒湿呕逆【*···::呕吐、呃逆、嗳气*】]]；<br>③ [[寒湿内盛，清浊不分之腹痛泻痢【*···::温燥寒湿，暖脾止泻*】]],用法::煎服3∼6g；用时捣碎<br>###注意::<b>「慎用」：</b>1. 阴虚血燥；2. 津液不足<br>###
recvfkNCF2lcAf,<div style='text-align: center; font-size: 24px;'><b>草果</b></div>,第2部分:: 化湿药,性味归经::性[[温]]；味[[辛]]；归[[脾、胃]]经。<br>###功效::① [[燥湿温中]]；<br>② [[截疟除痰]]<br>###主治::① [[寒湿中阻，脘腹胀痛，痞满呕吐]]；<br>② [[疟疾寒热，瘟疫发热]],用法::煎服3～6g<br>###注意::<b>「忌用」：</b>1. 阴虚血少者<br><b>「慎用」：</b>1. 年老体弱者<br>###
recvfkNCF23IYV,<div style='text-align: center; font-size: 24px;'><b>茯苓</b></div>,第1部分:: 利水渗湿药::利水消肿药,性味归经::性[[平]]；味[[甘、淡]]；归[[心、肺、脾、肾]]经。<br>###功效::① [[利水渗湿]]；<br>② [[健脾补中]]；<br>③ [[宁心安神]]<br>###主治::① [[水肿尿少，小便不利【*···::为利水消肿要药，利水不伤正，寒热虚实均可使用*】]]；<br>② [[痰饮眩悸]]；<br>③ [[脾虚食少，便溏泄泻【*···::渗湿止泻，脾虚湿盛尤宜*】]]；<br>④ [[心神不宁，心悸失眠【*···::为宁心安神良药*】]],"用法::煎服，10～15g<br>###常配::茯苓12-30g，猪苓12-30g，利水渗湿。二者皆淡渗利湿之品，相须为用，利水之功倍增。主治水湿内停之小便不利、水肿、泄泻、淋浊带下。<br>半夏6-12g，茯苓12-30g化痰利湿，降逆和胃。半夏燥湿化痰，茯苓渗湿健脾，使湿去痰无以生。主治痰湿内停之咳嗽痰多、呕吐眩悸、心悸失眠。<br><span style=""color:red"">以上仅供参考</span>"
recvfkNCF2A0jh,<div style='text-align: center; font-size: 24px;'><b>猪苓</b></div>,第1部分:: 利水渗湿药::利水消肿药,性味归经::性[[平]]；味[[甘、淡]]；归[[肾、膀胱]]经。<br>###功效::① [[利水渗湿]]<br>###主治::① [[水肿]]；<br>② [[小便不利]]；<br>③ [[泄泻]]；<br>④ [[淋证]]；<br>⑤ [[带下]],"用法::煎服6∼12g<br>###常配::茯苓12-30g，猪苓12-30g，利水渗湿。二者皆淡渗利湿之品，相须为用，利水之功倍增。主治水湿内停之小便不利、水肿、泄泻、淋浊带下。<br><span style=""color:red"">以上仅供参考</span>"
recvfkNCF2H60R,<div style='text-align: center; font-size: 24px;'><b>泽泻</b></div>,第1部分:: 利水渗湿药::利水消肿药,性味归经::性[[寒]]；味[[甘、淡]]；归[[肾、膀胱]]经。<br>###功效::① [[利水渗湿]]；<br>② [[泄热]]；<br>③ [[化浊降脂]]<br>###主治::① [[水肿，小便不利，痰饮眩晕，泄泻尿少]]；<br>② [[热淋涩痛，遗精，带下]]；<br>③ [[高脂血症]],"用法::煎服，6～10g<br>###常配::泽泻50g，白术20g，健脾利湿，涤饮止眩（泽泻汤）。泽泻利水除饮，白术健脾制水。主治脾虚水停之饮邪上犯，症见头晕目眩、如坐舟车，常伴恶心呕吐、心下逆满。<br><span style=""color:red"">以上仅供参考</span>"
recvfkNCF2cjmH,<div style='text-align: center; font-size: 24px;'><b>薏苡仁</b></div>,第1部分:: 利水渗湿药::利水消肿药,性味归经::性[[凉]]；味[[甘、淡]]；归[[脾、胃、肺]]经。<br>###功效::① [[利水渗湿]]；<br>② [[健脾止泻]]；<br>③ [[清热排脓]]；<br>④ [[除痹]]；<br>⑤ [[解毒散结]]<br>###主治::① [[水肿，脚气浮肿，小便不利]]；<br>② [[脾虚泄泻]]；<br>③ [[湿痹拘挛，湿热痿证，两足麻木、痿软肿痛，湿温初起或暑湿邪在气分，头痛恶寒、胸闷身重]]；<br>④ [[肺痈，肠痈]]；<br>⑤ [[赘疣，癌肿]],"用法::煎服9∼30g；生用清热利湿；炒用健脾止泻<br>###注意::<b>「慎用」：</b>1. 孕妇<br>###常配::薏苡仁15-30g，赤小豆15-30g，利水渗湿，健脾清热。二者均能利水消肿，薏苡仁兼能健脾除痹，赤小豆兼能解毒排脓。主治水肿、脚气、淋证，及湿热蕴结之肠痈、肺痈轻证。<br><span style=""color:red"">以上仅供参考</span>"
recvfkNCF22W0l,<div style='text-align: center; font-size: 24px;'><b>香加皮</b></div>,第2部分:: 利水渗湿药::利水消肿药,性味归经::性[[温]]；味[[辛、苦]]；归[[肝、肾、心]]经。<br>###功效::① [[利水消肿]]；<br>② [[祛风湿]]；<br>③ [[强筋骨]]<br>###主治::① [[下肢水肿，小便不利，心悸气短]]；<br>② [[风寒湿痹，筋骨痿软，腰膝酸软]],用法::煎服3～6g；浸酒或入丸散<br>###注意::<b>「注意」：</b>1. 有毒，服用不宜过量<br>###
recvfkNCF26Up5,<div style='text-align: center; font-size: 24px;'><b>枳椇子</b></div>,第2部分:: 利水渗湿药::利水消肿药,性味归经::性[[平]]；味[[甘]]；归[[脾、胃]]经。<br>###功效::① [[利水消肿]]；<br>② [[解酒毒]]<br>###主治::① [[水肿]]；<br>② [[醉酒【*···::善解酒毒，清胸膈之热。治醉酒，烦热口渴]]；<br>③ [[饮酒过度，成痨吐血*】]],用法::煎服，10∼15g<br>###
recvfkNCF2tVfo,<div style='text-align: center; font-size: 24px;'><b>车前子</b></div>,第1部分:: 利水渗湿药::利尿通淋药,性味归经::性[[微寒]]；味[[甘]]；归[[肾、肝、肺、小肠]]经。<br>###功效::① [[清热利尿通淋]]；<br>② [[渗湿止泻]]；<br>③ [[清肝明目]]；<br>④ [[清肺化痰]]<br>###主治::① [[淋证【*···::热淋涩痛*】，水肿胀满，小便不利]]；<br>② [[泄泻【*···::“利小便以实大便”，湿盛泄泻尤宜，可治暑湿泄泻*】]]；<br>③ [[目赤肿痛，目暗昏花]]；<br>④ [[痰热咳嗽【*···::清肺化痰止咳*】]],"用法::煎服，9～15g，宜包煎<br>###注意::<b>「慎用」：</b>1. 肾虚精滑；2. 内无湿热者；3. 孕妇<br>###常配::车前子10-15g(包煎)，滑石10-15g(包煎)，清热利湿通淋。车前子利水通淋止泻，滑石清热解暑渗湿。二者相配，使湿热从小便而出。主治湿热下注之热淋、小便短赤涩痛，及暑湿泄泻。<br><span style=""color:red"">以上仅供参考</span>"
recvfkNCF2eX8T,<div style='text-align: center; font-size: 24px;'><b>滑石</b></div>,第1部分:: 利水渗湿药::利尿通淋药,性味归经::性[[寒]]；味[[甘、淡]]；归[[膀胱、肺、胃]]经。<br>###功效::① [[利尿通淋]]；<br>② [[清热解暑]]；<br>③ [[外用收湿敛疮]]<br>###主治::① [[热淋，石淋，尿热涩痛]]；<br>② [[暑湿烦渴，湿温初起]]；<br>③ [[湿热水泻【*···::分水道，实大肠*】]]；<br>④ [[湿疮，湿疹，痱子]],"用法::煎服10∼20g；滑石块先煎，滑石粉宜包煎；外用适量<br>###注意::<b>「慎用」：</b>1. 脾虚；2. 热病伤津；3. 孕妇<br>###常配::车前子10-15g(包煎)，滑石10-15g(包煎)，清热利湿通淋。车前子利水通淋止泻，滑石清热解暑渗湿。二者相配，使湿热从小便而出。主治湿热下注之热淋、小便短赤涩痛，及暑湿泄泻。<br><span style=""color:red"">以上仅供参考</span>"
recvfkNCF23j26,<div style='text-align: center; font-size: 24px;'><b>木通</b></div>,第1部分:: 利水渗湿药::利尿通淋药,性味归经::性[[寒]]；味[[苦]]；归[[心、小肠、膀胱]]经。<br>###功效::① [[利尿通淋]]；<br>② [[清心除烦]]；<br>③ [[通经下乳]]<br>###主治::① [[淋证，水肿，小便不利]]；<br>② [[口舌生疮，心烦尿赤]]；<br>③ [[血瘀经闭，乳少【*···::“经闭乳少佳品”*】]]；<br>④ [[湿热痹证【*···::利血脉、通关节*】]],用法::煎服3～6g<br>###注意::<b>「慎用」：</b>1. 孕妇；2. 内无湿热，津亏，精滑者；3. 不宜长期或大量服用<br>###
recvfkNCF2CxxG,<div style='text-align: center; font-size: 24px;'><b>通草</b></div>,第1部分:: 利水渗湿药::利尿通淋药,性味归经::性[[微寒]]；味[[甘、淡]]；归[[肺、胃]]经。<br>###功效::① [[利尿通淋]]；<br>② [[通气下乳]]<br>###主治::① [[淋证【*···::热淋尤宜*】，水肿尿少]]；<br>② [[产后乳汁不下【*···::通胃气上达*】]]；<br>③ [[湿温初起及暑温夹湿，症见头痛恶寒，身重疼痛，肢体倦怠，胸闷不饥，午后身热]],用法::煎服3～5g<br>###注意::<b>「慎用」：</b>1. 孕妇<br>###
recvfkNCF2jP14,<div style='text-align: center; font-size: 24px;'><b>瞿麦</b></div>,第1部分:: 利水渗湿药::利尿通淋药,性味归经::性[[寒]]；味[[苦]]；归[[心、小肠]]经。<br>###功效::① [[利尿通淋]]；<br>② [[活血通经]]<br>###主治::① [[淋证【*···::热淋、血淋、石淋*】，小便不通，淋沥涩痛]]；<br>② [[血瘀经闭，月经不调【*···::血热尤宜*】]],用法::煎服9∼15g<br>###注意::<b>「慎用」：</b>1. 孕妇<br>###
recvfkNCF2HR44,<div style='text-align: center; font-size: 24px;'><b>石韦</b></div>,第1部分:: 利水渗湿药::利尿通淋药,性味归经::性[[微寒]]；味[[甘、苦]]；归[[肺、膀胱]]经。<br>###功效::① [[利尿通淋]]；<br>② [[清肺止咳]]；<br>③ [[凉血止血]]<br>###主治::① [[淋证【*···::热淋、血淋、石淋，血淋尤宜*】，小便不通，淋沥涩痛]]；<br>② [[肺热咳喘]]；<br>③ [[血热出血证，如吐衄、尿血、崩漏]],用法::煎服，6～12g<br>###
recvfkNCF2i1AH,<div style='text-align: center; font-size: 24px;'><b>萆薢</b></div>,第1部分:: 利水渗湿药::利尿通淋药,性味归经::性[[平]]；味[[苦]]；归[[肾、胃]]经。<br>###功效::① [[利湿去浊]]；<br>② [[祛风除痹]]；<br>③ [[通络止痛]]<br>###主治::① [[膏淋，带下，白浊【*···::分清去浊*】]]；<br>② [[风湿痹证，关节不利，腰膝疼痛【*···::“膏淋要药”，寒湿湿热痹均可*】]],"用法::煎服，10～15g<br>###注意::<b>「慎用」：</b>1. 肾阴亏虚；2. 遗精滑精<br>###常配::薢10-15g，石菖蒲6-12g，利湿化浊，分清祛浊（萆薢分清饮意）。萆薢利湿分清化浊，石菖蒲芳香化浊开窍。主治下焦湿浊所致之膏淋、白浊，症见小便混浊如米泔、频数无痛。<br><span style=""color:red"">以上仅供参考</span>"
recvfkNCF2bMtK,<div style='text-align: center; font-size: 24px;'><b>海金沙</b></div>,第2部分:: 利水渗湿药::利尿通淋药,性味归经::性[[寒]]；味[[甘、咸]]；归[[膀胱、小肠]]经。<br>###功效::① [[清利湿热]]；<br>② [[通淋止痛]]；<br>③ [[利水消肿]]<br>###主治::① [[淋证【*···::热淋、血淋、石淋、膏淋*】，尿道涩痛]]；<br>② [[水肿小便不利【*···::“善治尿道涩痛，诸淋涩痛要药”*】]],用法::煎服6∼15g；包煎<br>###
recvfkNCF2bIjy,<div style='text-align: center; font-size: 24px;'><b>萹蓄</b></div>,第2部分:: 利水渗湿药::利尿通淋药,性味归经::性[[微寒]]；味[[苦]]；归[[膀胱]]经。<br>###功效::① [[利尿通淋]]；<br>② [[杀虫止痒]]<br>###主治::① [[热淋涩痛，小便短赤]]；<br>② [[虫积腹痛，皮肤湿疹，阴痒带下]],用法::煎服9∼15g，鲜品加倍；外用适量，煎汤外洗<br>###
recvfkNCF2u9y4,<div style='text-align: center; font-size: 24px;'><b>地肤子</b></div>,第2部分:: 利水渗湿药::利尿通淋药,性味归经::性[[寒]]；味[[辛、苦]]；归[[肾、膀胱]]经。<br>###功效::① [[清热利湿]]；<br>② [[祛风止痒]]<br>###主治::① [[小便不利，淋沥涩痛]]；<br>② [[阴痒带下]]；<br>③ [[风疹湿疹，皮肤瘙痒]],用法::煎服9～15g；外用适量，煎汤外洗<br>###
recvfkNCF2cUMQ,<div style='text-align: center; font-size: 24px;'><b>冬葵子</b></div>,第2部分:: 利水渗湿药::利尿通淋药,性味归经::性[[微寒]]；味[[甘]]；归[[大肠、小肠、膀胱]]经。<br>###功效::① [[清热利尿通淋]]；<br>② [[下乳]]；<br>③ [[润肠通便]]<br>###主治::① [[淋证，水肿，尿闭]]；<br>② [[乳汁不通，乳房胀痛]]；<br>③ [[肠燥便秘]],用法::煎服，3～9g<br>###注意::寒润滑利<br><b>「慎用」：</b>1. 脾虚便溏；2. 孕妇<br>###
recvfkNCF2rYwz,<div style='text-align: center; font-size: 24px;'><b>灯心草</b></div>,第2部分:: 利水渗湿药::利尿通淋药,性味归经::性[[微寒]]；味[[甘、淡]]；归[[心、肺、小肠]]经。<br>###功效::① [[利尿通淋]]；<br>② [[清心降火]]<br>###主治::① [[热淋，尿少涩痛]]；<br>② [[心烦失眠，小儿心热夜啼，口舌生疮]],用法::煎服1～3g<br>###
recvfkNCF2A2ly,<div style='text-align: center; font-size: 24px;'><b>茵陈</b></div>,第1部分:: 利水渗湿药::利湿退黄药,性味归经::性[[微寒]]；味[[苦、辛]]；归[[脾、胃、肝、胆]]经。<br>###功效::① [[清利湿热]]；<br>② [[利胆退黄]]<br>###主治::① [[黄疸尿少【*···::为黄疸要药，尤宜湿热阳黄*】]]；<br>② [[湿温暑湿]]；<br>③ [[湿疮瘙痒]],"用法::煎服，6～15g；外用适量，煎汤外洗<br>###注意::<b>「慎用」：</b>1. 蓄血发黄；2. 血虚萎黄<br>###常配::茵陈10-30g，栀子6-10g，清热利湿退黄（茵陈蒿汤意）。茵陈为退黄专药，善清利湿热；栀子通利三焦，导湿热下行。主治湿热黄疸之阳黄，症见一身面目俱黄、黄色鲜明、发热、小便短赤<br><span style=""color:red"">以上仅供参考</span>"
recvfkNCF20yII,<div style='text-align: center; font-size: 24px;'><b>金钱草</b></div>,第1部分:: 利水渗湿药::利湿退黄药,性味归经::性[[微寒]]；味[[甘、淡、咸]]；归[[肝、胆、肾、膀胱]]经。<br>###功效::① [[利湿退黄]]；<br>② [[利尿通淋]]；<br>③ [[解毒消肿]]<br>###主治::① [[湿热黄疸，胆胀胁痛]]；<br>② [[石淋，热淋，小便涩痛【*···::善排结石*】]]；<br>③ [[痈肿疔疮，虫蛇咬伤]],用法::煎服15∼60g；外用适量<br>###
recvfkNCF2Z3Jm,<div style='text-align: center; font-size: 24px;'><b>虎杖</b></div>,第1部分:: 利水渗湿药::利湿退黄药,性味归经::性[[微寒]]；味[[微苦]]；归[[肝、胆、肺]]经。<br>###功效::① [[利湿退黄]]；<br>② [[清热解毒]]；<br>③ [[散瘀止痛]]；<br>④ [[化痰止咳]]；<br>⑤ [[泻热通便]]<br>###主治::① [[湿热黄疸，淋浊带下]]；<br>② [[水火烫伤，疮痈肿毒，毒蛇咬伤]]；<br>③ [[癥瘕经闭，跌打损伤，风湿痹痛]]；<br>④ [[肺热咳嗽]]；<br>⑤ [[热结便秘]],用法::煎服9~15g；外用适量，制成煎液或油膏涂敷<br>###注意::<b>「慎用」：</b>1. 孕妇<br>###
recvfkNCF2JIeT,<div style='text-align: center; font-size: 24px;'><b>珍珠草</b></div>,第2部分:: 利水渗湿药::利湿退黄药,性味归经::性[[凉]]；味[[甘、苦]]；归[[肝、肺]]经。<br>###功效::① [[利湿退黄]]；<br>② [[清热解毒]]；<br>③ [[明目]]；<br>④ [[消积]]<br>###主治::① [[湿热黄疸，泄痢，淋证]]；<br>② [[疮痈肿毒，犬蛇咬伤]]；<br>③ [[目赤肿痛]]；<br>④ [[小儿疳积]],用法::煎服，15∼30g；鲜品30∼60g；外用适量<br>###注意::<b>「慎用」：</b>1. 阳虚体弱者<br>###
recvfkNCF2oC1j,<div style='text-align: center; font-size: 24px;'><b>附子</b></div>,第1部分:: 温里药,"性味归经::性[[大热]]；味[[辛、甘；有<span style='color: red;'>毒</span>]]；归[[心、肾、脾]]经<br>###功效::① [[回阳救逆]]；<br>② [[补火助阳]]；<br>③ [[散寒止痛]]<br>###主治::① [[亡阳虚脱，肢冷脉微【*···::上助心阳、中温脾阳、下补肾阳，为""回阳救逆第一品药""，久病体虚，阳气衰微，阴寒内盛，或大汗、大吐、大泻所致亡阳证，四肢厥逆，脉微欲绝*】]]；<br>② [[亡阳兼气脱]]；<br>③ [[寒邪入里，直中三阴而见四肢厥冷，恶寒蜷卧]]；<br>④ [[肾阳虚衰、阳痿遗精、宫冷不孕，虚寒吐泻、脘腹冷痛，阴寒水肿，心阳不足、胸痹冷痛，阳虚外感【*···::补元阳、益火消阴，""乃命门主药""，治肾、脾、心诸脏阳气衰弱，阴寒内盛者*】]]；<br>⑤ [[寒湿痹痛【*···::温经通络，逐经络中风寒湿邪，通关节之猛药，通十二经纯阳之要药*】]]","用法::煎服3~15g，宜久煎，生品需先煎；外用，内服须炮制。若内服过量，或炮制、煎煮方法不当可致中毒<br>###注意::<b>「慎用」：</b>1. 孕妇<br><b>「忌用」：</b>1. 热证；2. 阴虚阳亢<br><b>「忌配」：</b>1. 半夏、瓜蒌、瓜蒌仁、瓜蒌皮、天花粉、川浙贝母、白蔹、白及<br>###常配::附子3-15g(先煎)，干姜6-12g，回阳救逆，温中散寒。附子大热，走而不守；干姜辛热，守而不走。二者相须，回阳通脉之力极强。主治亡阳证（四肢厥冷、脉微欲绝）及心肾阳虚、阴寒内盛之证。<br>附子3-15g(先煎)，肉桂3-6g(后下)温肾助阳，引火归原。用于肾阳不足、命门火衰之腰膝冷痛、阳痿宫冷。<br>桂枝6-12g，附子3-15g(先煎)，温经散寒，祛湿止痛。桂枝温通经络，附子散寒除湿。二者相合，温通之力倍增。主治风寒湿痹阻关节之周身骨节疼痛、屈伸不利，尤宜于上肢、肩背疼痛。<br>附子3-15g(先煎)，肉桂3-6g(后下)。温肾助阳，引火归原。附子善温全身之阳，肉桂善温下焦而引火归元。主治肾阳不足，命门火衰之腰膝冷痛、阳痿宫冷、畏寒肢冷，及虚阳上浮之证。<br><span style=""color:red"">以上仅供参考</span>"
recvfkNCF2Nzff,<div style='text-align: center; font-size: 24px;'><b>肉桂</b></div>,第1部分:: 温里药,"性味归经::性[[大热]]；味[[辛甘]]；归[[肾、脾、心、肝]]经<br>###功效::① [[补火助阳]]；<br>② [[散寒止痛]]；<br>③ [[温通经脉]]；<br>④ [[引火归元]]<br>###主治::① [[肾阳虚证，命门火衰【*···::要药*】，阳痿宫冷，腰膝冷痛【*···::温和持久，""大补命门相火，益阳治阴""*】]]；<br>② [[寒凝诸痛，心腹冷痛【*···::胸痹或脘腹冷痛*】，寒疝腹痛，寒盛或虚寒吐泻]]；<br>③ [[冲任虚寒、寒凝血滞之痛经经闭，寒湿痹痛【*···::寒痹腰痛为主*】，阴疽流注]]；<br>④ [[肾虚作喘，虚阳上浮，眩晕目赤【*···::引火归原*】]]；<br>⑤ [[久病体虚气血不足，加少量肉桂温阳鼓舞气血生长]]","用法::煎服1~5g；宜后下或焗服；研末冲服，每次1~2g<br>###注意::<b>「慎用」：</b>1. 阴虚火旺，里有实热，有出血倾向者；2. 孕妇<br><b>「忌配」：</b>1. 赤石脂<br>###常配::附子3-15g(先煎)，肉桂3-6g(后下)温肾助阳，引火归原。用于肾阳不足、命门火衰之腰膝冷痛、阳痿宫冷。<br>附子3-15g(先煎)，肉桂3-6g(后下)。温肾助阳，引火归原。附子善温全身之阳，肉桂善温下焦而引火归元。主治肾阳不足，命门火衰之腰膝冷痛、阳痿宫冷、畏寒肢冷，及虚阳上浮之证。<br><span style=""color:red"">以上仅供参考</span>"
recvfkNCF2yXY6,<div style='text-align: center; font-size: 24px;'><b>干姜</b></div>,第1部分:: 温里药,性味归经::性[[热]]；味[[辛]]；归[[脾、胃、肾、心、肺]]经<br>###功效::① [[温中散寒]]；<br>② [[回阳通脉]]；<br>③ [[温肺化饮]]<br>###主治::① [[脾胃寒证【*···::脘腹冷痛，呕吐泄泻*】]]；<br>② [[亡阳证，肢冷脉微]]；<br>③ [[寒饮喘咳]]；<br>④ [[治感寒腹痛，守而不走，为温暖中焦主药]],"用法::煎服3~10g<br>###注意::<b>「忌用」：</b>1. 阴虚内热；2. 血热妄行（人卫版孕妇慎用）<br>###常配::附子3-15g(先煎)，干姜6-12g，回阳救逆，温中散寒。附子大热，走而不守；干姜辛热，守而不走。二者相须，回阳通脉之力极强。主治亡阳证（四肢厥冷、脉微欲绝）及心肾阳虚、阴寒内盛之证。<br>18干姜6-12g，炙甘草6-12g，温中复阳，健脾和中。干姜温脾散寒，甘草补中益气，二者辛甘化阳。主治脾胃虚寒之脘腹冷痛、喜温喜按、呕吐泄泻，或误汗误下后亡阳之四肢厥冷。<br>花椒3-6g，干姜6-12g，温中止痛，燥湿止泻。二者皆为辛热之品，善散里寒，燥脾湿。主治脾胃虚寒、寒湿内盛之脘腹冷痛、呕吐、泄泻。<br><span style=""color:red"">以上仅供参考</span>"
recvfkNCF27Brk,<div style='text-align: center; font-size: 24px;'><b>吴茱萸</b></div>,第1部分:: 温里药,性味归经::性[[热]]；味[[辛、苦，有小<span style='color: red;'>毒</span>]]；归[[肝、脾、胃、肾]]经<br>###功效::① [[散寒止痛]]；<br>② [[降逆止呕]]；<br>③ [[助阳止泻]]<br>###主治::① [[寒滞肝脉【*···::肝寒气滞诸痛之主药*】，厥阴头痛，经行腹痛，寒疝腹痛，寒湿脚气肿痛]]；<br>② [[脘腹胀痛，呕吐吞酸【*···::疏肝解郁，制酸止痛*】]]；<br>③ [[脾肾阳虚，五更泄泻【*···::虚寒泄泻，温脾肾止泻*】]]；<br>④ [[研末醋调敷足心【*···::涌泉*】，治口疮及高血压病]],"用法::煎服2~5g；外用适量<br>###注意::辛热燥烈，易耗气动火；不宜多用、久服<br><b>「忌用」：</b>1. 阴虚内热<br><b>「慎用」：</b>1. 孕妇<br>###常配::吴茱萸3-6g，生姜9-15g 温中散寒，降逆止呕。吴茱萸暖肝温胃，下气降逆；生姜温胃散寒，和胃止呕。二者相须为用，善治寒凝肝胃、浊阴上逆之巅顶头痛、干呕、吐涎沫。<br><span style=""color:red"">以上仅供参考</span>"
recvfkNCF2OT8c,<div style='text-align: center; font-size: 24px;'><b>丁香</b></div>,第1部分:: 温里药,性味归经::性[[温]]；味[[辛]]；归[[脾、胃、肺、肾]]经<br>###功效::① [[温中降逆]]；<br>② [[补肾助阳]]；<br>③ [[散寒止痛]]<br>###主治::① [[脾胃虚寒，呃逆呕吐，食少吐泻，妊娠恶阻【*···::暖脾胃而行气滞，尤善降逆，温中散寒、降逆止呕、止呃。治胃寒呕吐呃逆要药。温中快气，治上焦呃逆*】]]；<br>② [[心腹冷痛【*···::温中散寒止痛，治胸痹心冷痛]]；<br>③ [[胃寒脘腹冷痛*】]]；<br>④ [[肾虚阳痿，宫冷不孕【*···::温肾助阳起痿*】]],"用法::煎服1~3g；研末内服或外敷<br>###注意::<b>「禁用」：</b>1. 热证及阴虚内热者;<br><b>「忌配」：</b>1. 郁金;<br>###常配::丁香3-6g，柿蒂6-12g，温中降逆，下气止呃。丁香温中散寒，降逆止呃；柿蒂苦平，专入胃经，善降逆气。二者合用，尤擅治疗虚寒性呃逆、嗳气。<br><span style=""color:red"">以上仅供参考</span>"
recvfkNCF2IpY8,<div style='text-align: center; font-size: 24px;'><b>花椒</b></div>,第1部分:: 温里药,性味归经::性[[温]]；味[[辛]]；归[[脾、胃、肾]]经<br>###功效::① [[温中止痛]]；<br>② [[杀虫止痒]]<br>###主治::① [[中寒脘腹冷痛，呕吐泄泻【*···::温中燥湿，散寒止痛，止呕止泻，治外寒内侵，胃寒冷痛、呕吐*】]]；<br>② [[脾胃虚寒，脘腹冷痛、呕吐、不思饮食]]；<br>③ [[夏伤湿冷，泄泻不止]]；<br>④ [[虫积腹痛【*···::驱蛔杀虫，治虫积腹痛，手足厥逆，烦闷吐蛔*】]]；<br>⑤ [[小儿蛲虫病，肛周瘙痒]]；<br>⑥ [[湿疹，阴痒【*···::外用杀虫止痒*】]]；<br>⑦ [[与茯苓配伍，治肾虚痰喘、腰痛足冷]],"用法::煎服3~6g；外用适量，煎汤熏洗<br>###注意::<b>「慎用」：</b>1. 阴虚内热;<br>###常配::花椒3-6g，干姜6-12g，温中止痛，燥湿止泻。二者皆为辛热之品，善散里寒，燥脾湿。主治脾胃虚寒、寒湿内盛之脘腹冷痛、呕吐、泄泻。<br><span style=""color:red"">以上仅供参考</span>"
recvfkNCF23LWV,<div style='text-align: center; font-size: 24px;'><b>高良姜</b></div>,第1部分:: 温里药,性味归经::性[[热]]；味[[辛]]；归[[脾、胃]]经<br>###功效::① [[散寒止痛]]；<br>② [[温中止呕]]<br>###主治::① [[胃寒腹痛【*···::胃寒脘腹冷痛常用*】]]；<br>② [[胃寒呕吐，嗳气吞酸【*···::温胃散寒，和胃止呕*】]],用法::煎服3~6g<br>###
recvfkNCF2vj7o,<div style='text-align: center; font-size: 24px;'><b>小茴香</b></div>,第2部分:: 温里药,性味归经::性[[温]]；味[[辛]]；归[[肝、肾、脾、胃]]经<br>###功效::① [[散寒止痛]]；<br>② [[理气和胃]]<br>###主治::① [[寒疝腹痛，睾丸偏坠胀痛，少腹冷痛，痛经【*···::温肾暖肝散寒止痛*】]]；<br>② [[脾胃虚寒气滞，中焦寒凝气滞，脘腹胀痛，食少吐泻【*···::温中快气之药*】]],"用法::煎服3~6g；盐炙可暖肾散寒止痛；外用适量<br>###注意::<b>「慎用」：</b>1. 阴虚火旺;<br>###常配::小茴香3-6g，乌药6-12g，温肾散寒，行气止痛。小茴香暖下焦而散寒，乌药顺气机而止痛。主治寒疝腹痛、睾丸偏坠、痛经，证属寒凝气滞者。<br><span style=""color:red"">以上仅供参考</span>"
recvfkNCF28yx7,<div style='text-align: center; font-size: 24px;'><b>荜茇</b></div>,第2部分:: 温里药,性味归经::性[[热]]；味[[辛]]；归[[胃、大肠]]经<br>###功效::① [[温中散寒]]；<br>② [[下气止痛]]<br>###主治::① [[中寒脘腹冷痛，呕吐呃逆，泄泻【*···::温中散寒止痛，降胃气，止呕呃*】]]；<br>② [[寒凝气滞，胸痹心痛，头痛牙痛]],用法::煎服1~3g；外用适量，研末塞龋齿孔中<br>###
recvfkNCF2y6jl,<div style='text-align: center; font-size: 24px;'><b>荜澄茄</b></div>,第2部分:: 温里药,性味归经::性[[温]]；味[[辛]]；归[[脾、胃、肾、膀胱]]经<br>###功效::① [[温中散寒]]；<br>② [[行气止痛]]<br>###主治::① [[脾胃寒证【*···::胃寒呕逆，脘腹冷痛，暖脾胃止呕吐呃逆*】]]；<br>② [[寒疝腹痛]]；<br>③ [[寒湿郁滞，小便混浊]]；<br>④ [[小便不利【*···::肾与膀胱虚冷*】]],用法::煎服1~3g<br>###
recvfkNCF24a3W,<div style='text-align: center; font-size: 24px;'><b>胡椒</b></div>,第2部分:: 温里药,性味归经::性[[热]]；味[[辛]]；归[[胃、大肠]]经<br>###功效::① [[温中散寒]]；<br>② [[下气消痰]]；<br>③ [[开胃进食]]<br>###主治::① [[胃寒腹痛【*···::温中散寒止痛*】、呕吐泄泻]]；<br>② [[癫痫痰多]]；<br>③ [[食欲不振]],用法::研粉吞服，一次0.6~1.5g；外用适量<br>###注意::<b>「慎用」：</b>1. 阴虚内热;<br>###
recvfkNCF2pgf1,<div style='text-align: center; font-size: 24px;'><b>陈皮</b></div>,第1部分:: 理气药,性味归经::性[[温]]；味[[辛、苦]]；归[[脾、肺]]经<br>###功效::① [[理气健脾]]；<br>② [[燥湿化痰]]；<br>③ [[行气通痹止痛]]<br>###主治::① [[脾胃气滞、湿阻之脘腹胀满，食少吐泻【*···::寒湿阻滞中焦最宜*】]]；<br>② [[呕吐，呃逆【*···::下气止呕，疗呕哕反胃嘈杂，时吐清水*】]]；<br>③ [[痰湿壅滞，湿痰寒痰，咳嗽痰多]]；<br>④ [[胸痹【*···::行气通痹止痛*】]],"用法::煎服3~10g；别名橘皮<br>###注意::<b>「慎用」：</b>1. 辛散苦燥，温能助热；内有实热、舌赤少津;<br>###常配::半夏6-12g，陈皮6-12g燥湿化痰，理气和胃（二陈汤核心）。半夏燥湿降逆，陈皮理气化痰。主治湿痰咳嗽、痰多清稀色白、胸膈痞闷、恶心呕吐。<br>陈皮6-12g，半夏6-12g，理气燥湿，化痰和胃（二陈汤核心）。陈皮理气健脾，半夏燥湿化痰。二者合用，气顺痰消，脾运湿化。主治湿痰内阻之咳嗽痰多、色白易咯、胸脘痞闷、恶心呕吐。<br><span style=""color:red"">以上仅供参考</span>"
recvfkNCF2ls3v,<div style='text-align: center; font-size: 24px;'><b>青皮</b></div>,第1部分:: 理气药,性味归经::性[[温]]；味[[苦辛]]；归[[肝、胆、胃]]经<br>###功效::① [[疏肝破气]]；<br>② [[消积化滞]]；<br>③ [[行气止痛]]<br>###主治::① [[肝郁气滞：胸胁胀痛，疝气疼痛，乳癖乳痛]]；<br>② [[食积气滞，脘腹胀痛【*···::行气止痛*】]]；<br>③ [[气滞血瘀重证：癥瘕积聚，久疟痞块]],用法::煎服3～10g；醋炙可增强疏肝止痛功效<br>###注意::<b>「慎用」：</b>1. 气虚;<br>###
recvfkNCF2VybC,<div style='text-align: center; font-size: 24px;'><b>枳实</b></div>,第1部分:: 理气药,性味归经::性[[微寒]]；味[[苦、辛、酸]]；归[[脾胃（大肠）]]经<br>###功效::① [[破气消积]]；<br>② [[化痰除痞]]；<br>③ [[止痛]]<br>###主治::① [[胃肠气滞，积滞内停，痞满胀痛，泻痢后重，大便不通]]；<br>② [[痰阻气滞，胸痹，结胸]]；<br>③ [[脾胃虚弱，中气下陷之脏器下垂]],"用法::煎服，3~10g；炒后药性平和<br>###注意::<b>「慎用」：</b>1. 脾胃虚弱;2. 孕妇;<br>###常配::枳实6-12g，白术9-15g，健脾消痞，行气导滞（枳术丸）。枳实行气消痞，白术健脾化湿。二者消补兼施，主治脾虚气滞之食积不化、脘腹痞满、不思饮食。<br>大黄3-12g(后下)，枳实6-12g，泻热通便，破气消痞（小承气汤意）。大黄荡涤积滞，枳实破气除痞。主治胃肠积滞、气机壅塞之腹胀痞满、大便秘结。<br><span style=""color:red"">以上仅供参考</span>"
recvfkNCF2H0OU,<div style='text-align: center; font-size: 24px;'><b>枳壳</b></div>,第1部分:: 理气药,性味归经::性[[微寒]]；味[[苦、辛、酸]]；归[[脾、胃]]经<br>###功效::① [[理气宽中]]；<br>② [[行滞消胀]]<br>###主治::① [[脾胃气滞]]；<br>② [[胸胁气滞]]；<br>③ [[脘腹胀满]]；<br>④ [[食积不化]]；<br>⑤ [[痰饮内停]]；<br>⑥ [[脏器下垂]],用法::煎服3~10g<br>###注意::<b>「慎用」：</b>1. 孕妇<br>###
recvfkNCF2rDxW,<div style='text-align: center; font-size: 24px;'><b>木香</b></div>,第1部分:: 理气药,性味归经::性[[温]]；味[[辛、苦]]；归[[脾、胃、大肠、胆、三焦]]经<br>###功效::① [[行气止痛]]；<br>② [[健脾消食]]<br>###主治::① [[脾胃气滞所致脘腹胀痛，食积不消，不思饮食【*···::通理三焦，尤善行脾胃之气滞，为行气调中止痛之佳品，又能健脾消食，故食积气滞尤宜*】]]；<br>② [[大肠气滞所致泻痢后重]]；<br>③ [[肝胆气滞所致胸胁胀痛，黄疸，疝气疼痛]]；<br>④ [[减轻补益药腻胃滞气【*···::芳香醒脾*】]]；<br>⑤ [[多种气滞疼痛]]；<br>⑥ [[湿热泻痢里急后重要药]],"用法::煎服3~6g；煨用可增强止泻作用；生用行气力强<br>###注意::<b>「慎用」：</b>1. 阴虚津亏，火旺<br>###常配::木香6-12g(后下)，砂仁3-6g(后下)，行气调中，醒脾开胃。木香通行胃肠气滞，砂仁醒脾开胃化湿。主治脾胃气滞之脘腹胀痛、纳呆食少、嗳气痞满。<br><span style=""color:red"">以上仅供参考</span>"
recvfkNCF2fTNB,<div style='text-align: center; font-size: 24px;'><b>香附</b></div>,第1部分:: 理气药,"性味归经::性[[平]]；味[[辛、微苦、微甘]]；归[[肝、脾、三焦]]经<br>###功效::① [[疏肝解郁]]；<br>② [[理气宽中]]；<br>③ [[调经止痛]]<br>###主治::① [[肝郁气滞，胸胁胀痛，疝气疼痛]]；<br>② [[月经不调，经闭痛经，乳房胀痛]]；<br>③ [[脾胃气滞，脘腹痞闷，胀满疼痛【*···::""气病之总司，女科之主帅""""妇科调经要药""*】]]","用法::煎服，6～10g；醋制可增强疏肝止痛功效<br>###常配::香附6-12g，郁金6-12g，疏肝解郁，活血止痛。香附疏肝理气之要药，郁金解郁活血之佳品。二者气血同治，善治肝郁气滞血瘀之胁肋胀痛、乳房胀痛、痛经、月经不调。<br><span style=""color:red"">以上仅供参考</span>"
recvfkNCF25Z2P,<div style='text-align: center; font-size: 24px;'><b>乌药</b></div>,第1部分:: 理气药,性味归经::性[[温]]；味[[辛]]；归[[肺、脾、肾、膀胱]]经<br>###功效::① [[行气止痛]]；<br>② [[温肾散寒]]<br>###主治::① [[寒凝气滞诸痛证，症见胸腹胀痛、气逆喘急、疝气疼痛、经寒腹痛]]；<br>② [[肾阳不足，膀胱虚冷，遗尿尿频【*···::缩尿止遗*】]]；<br>③ [[可宣通三焦气机，上走肺，中走脾，下达肾与膀胱]],"用法::煎服6～10g<br>###常配::小茴香3-6g，乌药6-12g，温肾散寒，行气止痛。小茴香暖下焦而散寒，乌药顺气机而止痛。主治寒疝腹痛、睾丸偏坠、痛经，证属寒凝气滞者。<br><span style=""color:red"">以上仅供参考</span>"
recvfkNCF2oz7D,<div style='text-align: center; font-size: 24px;'><b>沉香</b></div>,第1部分:: 理气药,性味归经::性[[微温]]；味[[辛、苦]]；归[[脾、胃、肾]]经<br>###功效::① [[行气止痛]]；<br>② [[温中止呕]]；<br>③ [[纳气平喘]]<br>###主治::① [[寒凝气滞诸痛证，胸腹胀闷疼痛【*···::善行气散寒止痛*】]]；<br>② [[胃寒呕吐呃逆]]；<br>③ [[虚喘证，肾虚气逆喘息]],"用法::煎服1～5g，宜后下；磨汁冲服，或入丸散，一次0.5～1g<br>###注意::<b>「慎用」：</b>1. 阴虚火旺；2. 气虚下陷者忌用<br>###常配::沉香1.5-4.5g(研粉冲服)，槟榔6-12g，行气导滞，降逆止痛。沉香降气调中，槟榔破气杀虫。二者相配，行气导滞之力猛，主治气滞食积之脘腹胀满、大便秘结，及脚气冲心之证。<br><span style=""color:red"">以上仅供参考</span>"
recvfkNCF2wZHP,<div style='text-align: center; font-size: 24px;'><b>檀香</b></div>,第1部分:: 理气药,性味归经::性[[温]]；味[[辛]]；归[[脾、胃、心、肺]]经<br>###功效::① [[行气止痛]]；<br>② [[散寒调中]]；<br>③ [[开胃]]<br>###主治::① [[寒凝气滞诸痛]]；<br>② [[寒凝气滞，胸膈不舒，胸痹心痛，脘腹疼痛，呕吐食少【*···::偏于中上焦*】]],"用法::煎服2～5g，后下<br>###注意::<b>「慎用」：</b>1. 阴虚火旺；2. 实热吐衄<br>###常配::檀香3-6g(后下)，砂仁3-6g(后下)，理气调中，温中止痛（丹参饮意）。檀香理气散寒止痛，砂仁行气和中开胃。主治寒凝气滞之胸腹疼痛、胃脘冷痛、食少呕吐。<br><span style=""color:red"">以上仅供参考</span>"
recvfkNCF24m06,<div style='text-align: center; font-size: 24px;'><b>川楝子</b></div>,第1部分:: 理气药,性味归经::性[[寒]]；味[[苦；有小<span style='color: red;'>毒</span>]]；归[[肝、小肠、膀胱]]经<br>###功效::① [[疏肝泄热]]；<br>② [[行气止痛]]；<br>③ [[杀虫疗癣]]<br>###主治::① [[气郁化火，胁肋疼痛，肝郁有热诸痛证【*···::肝郁气滞疼痛良药*】]]；<br>② [[脘腹胀痛，疝气疼痛]]；<br>③ [[虫积腹痛【*···::蛔虫等*】]]；<br>④ [[头癣，秃疮]],"用法::煎服5～10g，炒用可降低寒性；外用适量，研末调涂<br>###注意::本品苦寒，不可过量持续使用<br><b>「慎用」：</b>1. 脾胃虚寒者忌用；2. 孕妇慎用<br>###常配::川楝子6-10g，延胡索6-12g，行气疏肝，活血止痛（金铃子散）。川楝子疏肝泄热，延胡索活血行气止痛。主治肝郁化火、气滞血瘀之心腹胁肋诸痛、时发时止、痛经、疝痛。<br><span style=""color:red"">以上仅供参考</span>"
recvfkNCF2mMyH,<div style='text-align: center; font-size: 24px;'><b>薤白</b></div>,第1部分:: 理气药,性味归经::性[[温]]；味[[辛苦]]；归[[肺、心、胃、大肠]]经<br>###功效::① [[通阳散结]]；<br>② [[行气导滞]]<br>###主治::① [[胸痹心痛，胸闷作痛，胸痛彻背，背痛彻心，短气，多用于寒凝气滞，胸阳不振之胸痹，为治胸痹要药]]；<br>② [[脘腹痞满胀痛，泻痢后重，可行气导滞、消胀止痛]],"用法::煎服，5～10g<br>###注意::<b>「慎用」：</b>1. 气虚无滞；2. 胃弱纳呆<br>###常配::薤白6-12g，全瓜蒌10-20g，通阳散结，行气化痰（瓜蒌薤白白酒汤核心）。薤白辛温通阳，豁痰下气；瓜蒌宽胸理气，涤痰散结。主治胸阳不振、痰阻气机之胸痹证，症见胸闷、心痛、喘息短气。<br><span style=""color:red"">以上仅供参考</span>"
recvfkNCF2CyCG,<div style='text-align: center; font-size: 24px;'><b>荔枝核</b></div>,第2部分:: 理气药,性味归经::性[[温]]；味[[甘、微苦]]；归[[肝、肾]]经<br>###功效::① [[行气散结]]；<br>② [[散寒止痛]]<br>###主治::① [[寒疝腹痛，睾丸肿痛]]；<br>② [[气滞疼痛，胃脘胀痛，痛经，产后腹痛]],用法::煎服5～10g<br>###
recvfkNCF2Gb4j,<div style='text-align: center; font-size: 24px;'><b>佛手</b></div>,第2部分:: 理气药,性味归经::性[[温]]；味[[辛苦酸]]；归[[肝、脾、胃、肺]]经<br>###功效::① [[疏肝理气]]；<br>② [[和胃止痛]]；<br>③ [[燥湿化痰]]<br>###主治::① [[肝郁气滞，肝胃不和，胸胁胀痛]]；<br>② [[脾胃气滞，胃脘痞闷，食少呕吐]]；<br>③ [[痰湿壅肺，咳嗽痰多【*···::广泛性气机不畅*】]],"用法::煎服，3～10g<br>###常配::当归6-12g，川芎6-12g，补血活血，行气止痛（佛手散）。当归养血和血，川芎行气活血。二者气血兼顾，动静结合，为妇科调经要药。主治血虚血瘀之月经不调、痛经、产后腹痛、跌打肿痛。<br><span style=""color:red"">以上仅供参考</span>"
recvfkNCF2tFAK,<div style='text-align: center; font-size: 24px;'><b>香橼</b></div>,第2部分:: 理气药,性味归经::性[[温]]；味[[辛苦酸]]；归[[肝脾肺]]经<br>###功效::① [[疏肝解郁]]；<br>② [[理气宽中]]；<br>③ [[燥湿化痰]]<br>###主治::① [[肝郁气滞，肝胃不和，胸胁胀痛]]；<br>② [[脾胃气滞，脘腹痞闷，呕吐噫气]]；<br>③ [[痰湿壅肺证，咳嗽痰多【*···::疏肝理气，和中止痛，化痰*】]],用法::煎服3~10g<br>###
recvfkNCF2szRi,<div style='text-align: center; font-size: 24px;'><b>玫瑰花</b></div>,第2部分:: 理气药,性味归经::性[[温]]；味[[甘、微苦]]；归[[肝、脾]]经<br>###功效::① [[行气解郁]]；<br>② [[和血]]；<br>③ [[止痛]]<br>###主治::① [[肝郁气滞，肝胃不和，胃脘胀痛，胁痛脘闷，食少呕恶【*···::疏肝和胃*】]]；<br>② [[跌打损伤疼痛【*···::活血止痛*】]]；<br>③ [[月经不调，经前乳房胀痛【*···::疏肝行气止痛，治肝胃不和为佳*】]],用法::煎服或泡服3~6g<br>###
recvfkNCF21lN3,<div style='text-align: center; font-size: 24px;'><b>大腹皮</b></div>,第2部分:: 理气药,性味归经::性[[微温]]；味[[辛]]；归[[脾、胃、大肠、小肠]]经<br>###功效::① [[行气宽中]]；<br>② [[利水消肿]]<br>###主治::① [[胃肠湿阻气滞，脘腹胀满，大便不爽【*···::亦治食积气滞脘腹痞胀，大便秘结或泻而不爽*】]]；<br>② [[水肿胀满，脚气肿痛，小便不利]],用法::煎服5~10g<br>###注意::<b>「慎用」：</b>1. 气虚体弱<br>###
recvfkNCF2Iz8G,<div style='text-align: center; font-size: 24px;'><b>柿蒂</b></div>,第2部分:: 理气药,性味归经::性[[平]]；味[[苦涩]]；归[[胃]]经<br>###功效::① [[降气止呃]]<br>###主治::① [[呃逆证]]；<br>② [[广泛用治各种胃气上逆之呃逆，无论寒热虚实均可用之]],"用法::煎服5~10g<br>###注意::<b>「忌用」：</b>1. 气虚下陷<br>###常配::丁香3-6g，柿蒂6-12g，温中降逆，下气止呃。丁香温中散寒，降逆止呃；柿蒂苦平，专入胃经，善降逆气。二者合用，尤擅治疗虚寒性呃逆、嗳气。<br><span style=""color:red"">以上仅供参考</span>"
recvfkNCF2IHGa,<div style='text-align: center; font-size: 24px;'><b>刀豆</b></div>,第2部分:: 理气药,性味归经::性[[温]]；味[[甘]]；归[[胃、肾]]经<br>###功效::① [[温中降气]]；<br>② [[止呃]]；<br>③ [[温肾助阳]]<br>###主治::① [[虚寒呃逆，呕吐【*···::性温沉降，下气止呃*】]]；<br>② [[肾虚腰痛]],用法::煎服6～9g<br>###
recvfkNCF2y5hP,<div style='text-align: center; font-size: 24px;'><b>甘松</b></div>,第2部分:: 理气药,性味归经::性[[温]]；味[[辛甘]]；归[[脾、胃]]经<br>###功效::① [[行气止痛]]；<br>② [[开郁醒脾]]；<br>③ [[外用祛湿消肿]]<br>###主治::① [[寒郁气滞，脘腹胀满，食欲不振，呕吐【*···::行气理气消胀，醒脾开胃，散寒止痛*】]]；<br>② [[牙痛，脚气肿痛]],用法::煎服3~6g；外用适量，可泡汤漱口、煎汤洗脚或研末敷患处<br>###
recvfkNCF2MPAK,<div style='text-align: center; font-size: 24px;'><b>梅花</b></div>,第2部分:: 理气药,性味归经::性[[平]]；味[[微酸]]；归[[肝、胃、肺]]经<br>###功效::① [[疏肝和中]]；<br>② [[化痰散结]]<br>###主治::① [[肝胃气滞，胁肋胀痛，郁闷心烦]]；<br>② [[梅核气]]；<br>③ [[瘰疬疮毒]],用法::煎服，3～5g<br>###
recvfkNCF24HF1,<div style='text-align: center; font-size: 24px;'><b>山楂</b></div>,第1部分:: 消食药,性味归经::性[[微温]]；味[[酸、甘]]；归[[脾、胃、肝]]经<br>###功效::① [[消食健胃]]；<br>② [[行气散瘀]]；<br>③ [[化浊降脂]]；<br>④ [[散结止痛]]；<br>⑤ [[止泻]]<br>###主治::① [[各种食积【*···::油腻肉食积滞更宜*】，肉食积滞之胃脘胀满，嗳气吞酸，腹痛泄泻]]；<br>② [[泻痢腹痛，疝气疼痛【*···::行气散结止痛，炒用兼能止泻止痢*】]]；<br>③ [[瘀血证：血瘀经闭痛经，产后瘀阻腹痛，心腹刺痛，胸痹心痛]]；<br>④ [[高脂血症，以及冠心病、高血压病]],用法::煎服9~12g，大剂量可用30g；生品或炒品偏于消食散瘀；焦山楂消食导滞作用增强，可用于肉食积滞、泻痢不爽<br>###注意::<b>「慎用」：</b>1. 脾胃虚弱内无积滞；2. 胃酸分泌过多<br>###
recvfkNCF2YXfO,<div style='text-align: center; font-size: 24px;'><b>莱菔子</b></div>,第1部分:: 消食药,"性味归经::性[[平]]；味[[辛甘]]；归[[脾、胃、肺]]经<br>###功效::① [[消食除胀]]；<br>② [[降气化痰]]；<br>③ [[涌吐风痰]]<br>###主治::① [[食积气滞证，脘腹胀痛，大便秘结，积滞泻痢【*···::""善行气消胀""*】]]；<br>② [[痰壅喘咳，痰壅气逆，喘咳痰多，胸闷食少]]；<br>③ [[涌吐风痰]]",用法::煎服5~12g；生用涌吐风痰；炒用消食除胀、下气化痰<br>###注意::<b>「慎用」：</b>1. 气虚及无食积痰滞<br><b>「不宜用」：</b>1. 脾虚无食积<br><b>「忌配」：</b>1. 人参<br>###
recvfkNCF2EUtk,<div style='text-align: center; font-size: 24px;'><b>鸡内金</b></div>,第1部分:: 消食药,性味归经::性[[平]]；味[[甘]]；归[[脾、胃、小肠、膀胱]]经<br>###功效::① [[消食健胃]]；<br>② [[固精止遗]]；<br>③ [[通淋化石]]<br>###主治::① [[饮食积滞，小儿疳积，呕吐泻痢【*···::广泛食积*】]]；<br>② [[遗精遗尿【*···::固精缩尿止遗*】]]；<br>③ [[石淋涩痛，胆胀胁痛【*···::烧存性*】]],用法::煎服3~9g；研末1.5~3g/次，研末服用效果优于煎剂<br>###注意::<b>「慎用」：</b>1. 脾虚无积滞<br>###
recvfkNCF2C56b,<div style='text-align: center; font-size: 24px;'><b>六神曲</b></div>,第2部分:: 消食药,性味归经::性[[温]]；味[[甘辛]]；归[[脾胃]]经<br>###功效::① [[消食和胃]]；<br>② [[解表退热]]<br>###主治::① [[饮食积滞证【*···::广泛食积*】]]；<br>② [[食滞者兼外感表证]]；<br>③ [[丸剂含金石、贝壳类时，用此糊丸助消化]],用法::煎服6～15g；炒焦用可增强消食功效<br>###
recvfkNCF2Lh00,<div style='text-align: center; font-size: 24px;'><b>麦芽</b></div>,第2部分:: 消食药,性味归经::性[[平]]；味[[甘]]；归[[脾胃肝]]经<br>###功效::① [[消食行气]]；<br>② [[健脾开胃]]；<br>③ [[回乳消胀]]；<br>④ [[疏肝行气]]<br>###主治::① [[食积不化，脘腹胀满，脾虚食少]]；<br>② [[妇女断乳，乳汁郁积，乳房胀痛]]；<br>③ [[肝郁气滞，肝胃不和之胁痛，脘腹胀痛【*···::善治淀粉食积*】]]；<br>④ [[生麦芽健脾和胃，疏肝行气，治脾虚食少，乳汁郁积]]；<br>⑤ [[炒麦芽行气消食回乳，用于食积不消，妇女断乳]]；<br>⑥ [[焦麦芽消食化滞，治食积不消，脘腹胀痛]],用法::煎服9~15g；大剂量可用30~120g；生用可健脾疏肝；炒用可回乳消胀，用量60g<br>###注意::<b>「不宜用」：</b>1. 授乳期妇女;<br>###
recvfkNCF242SS,<div style='text-align: center; font-size: 24px;'><b>稻芽</b></div>,第2部分:: 消食药,性味归经::性[[温]]；味[[甘]]；归[[脾、胃]]经<br>###功效::① [[消食和中]]；<br>② [[健脾开胃]]<br>###主治::① [[食积不消，腹胀口臭]]；<br>② [[脾胃虚弱，不饥食少【*···::作用和缓，助消化而不伤胃气，主治米面薯芋淀粉类食积不化和脾虚食滞证，功似麦芽，亦常与麦芽相须为用，以提高疗效*】]],用法::煎服，9～15g；生用和中；炒用消食（不饥食少）；焦用化积（积滞不化）<br>###
recvfkNCF2hxEc,<div style='text-align: center; font-size: 24px;'><b>使君子</b></div>,第1部分:: 驱虫药,性味归经::性[[温]]；味[[甘]]；归[[脾、胃]]经<br>###功效::① [[杀虫消积]]；<br>② [[健脾消疳]]<br>###主治::① [[蛔虫病，蛲虫病，虫积腹痛]]；<br>② [[小儿疳积【*···::健脾消疳*】]]；<br>③ [[专杀蛔虫，驱蛔要药，杀虫益脾胃，敛虚热而止泻痢]],用法::煎服9～12g，捣碎入煎剂；取仁炒香嚼服，6～9g；小儿每岁1～1.5粒，日量不超过20粒；空腹服用，每日1次，连续3天<br>###注意::<b>「注意」：</b>1. 大量服用可引起呃逆、眩晕、呕吐、腹泻等不良反应；2. 忌与热茶同用;<br>###
recvfkNCF29WDe,<div style='text-align: center; font-size: 24px;'><b>苦楝皮</b></div>,第1部分:: 驱虫药,性味归经::性[[寒]]；味[[苦]]；归[[肝、脾、胃]]经<br>###功效::① [[杀虫]]；<br>② [[疗癣]]<br>###主治::① [[蛔虫病，蛲虫、钩虫病，虫积腹痛【*···::广谱驱虫*】]]；<br>② [[疥癣瘙痒【*···::疥疮、头癣、湿疮、湿疹瘙痒，治游风热毒，风疹恶疮疥癫，能清热燥湿，杀虫止痒*】]]；<br>③ [[煎汤外洗治脓疱疮，煎浓汁含漱治虫牙疼痛]],用法::煎服3~6g，有效成分难溶于水，需文火久煎；鲜品15~30g；外用适量，猪脂调敷<br>###注意::<b>「注意」：</b>1. 本品苦寒有毒；<br><b>「慎用」：</b>1. 孕妇；2. 不宜过量或持续久服；<br><b>「禁用」：</b>1. 肝肾功能不正常者;<br>###
recvfkNCF2X4DU,<div style='text-align: center; font-size: 24px;'><b>槟榔</b></div>,第1部分:: 驱虫药,性味归经::性[[温]]；味[[苦辛]]；归[[胃、大肠]]经<br>###功效::① [[杀虫消积]]；<br>② [[行气利水]]；<br>③ [[截疟]]；<br>④ [[缓泻通便]]<br>###主治::① [[多种肠道寄生虫病：绦虫、蛔虫、蛲虫、姜片虫、钩虫，虫积腹痛【*···::广谱杀虫，绦虫最佳，泻下驱虫*】]]；<br>② [[食积气滞，腹胀便秘，泻痢，里急后重]]；<br>③ [[水肿，脚气肿痛]]；<br>④ [[疟疾]],"用法::煎服常用量3~10g；驱绦虫、姜片虫可用30~60g；生用杀虫力佳，炒用力缓，焦用可消食导滞（食积不消，泻痢后重）<br>###注意::<b>「忌用」：</b>1. 脾虚便溏；2. 气虚下陷；<br><b>「慎用」：</b>1. 孕妇;<br>###常配::沉香1.5-4.5g(研粉冲服)，槟榔6-12g，行气导滞，降逆止痛。沉香降气调中，槟榔破气杀虫。二者相配，行气导滞之力猛，主治气滞食积之脘腹胀满、大便秘结，及脚气冲心之证。<br><span style=""color:red"">以上仅供参考</span>"
recvfkNCF2iajp,<div style='text-align: center; font-size: 24px;'><b>雷丸</b></div>,第1部分:: 驱虫药,性味归经::性[[微寒]]；味[[苦；有小<span style='color: red;'>毒</span>]]；归[[胃、大肠]]经<br>###功效::① [[杀虫消积]]<br>###主治::① [[多种肠道寄生虫病【*···::广谱杀虫，绦虫最佳，钩、蛔、蛲虫病*】，虫积腹痛，脑囊虫病]]；<br>② [[小儿疳积【*···::开滞消疳*】]],用法::入丸、散，15～21g；一般研粉服，5～7g/次，饭后温水调服，3次/日，连服3天<br>###注意::<b>「注意」：</b>1. 加热至60℃左右易破坏疗效，不宜入煎剂；<br><b>「慎用」：</b>1. 脾胃虚寒者;<br>###
recvfkNCF2sBB8,<div style='text-align: center; font-size: 24px;'><b>南瓜子</b></div>,第2部分:: 驱虫药,性味归经::性[[平]]；味[[甘]]；归[[胃、大肠]]经<br>###功效::① [[杀虫]]<br>###主治::① [[绦虫病【*···::杀虫不伤正*】]]；<br>② [[大剂量长期服用可治血吸虫病，用量为120~200g]],用法::研粉60~120g，冷开水调服；治疗血吸虫病可用120~200g，可长期服用<br>###
recvfkNCF2m0qr,<div style='text-align: center; font-size: 24px;'><b>鹤草芽</b></div>,第2部分:: 驱虫药,性味归经::性[[凉]]；味[[苦、涩]]；归[[肝、小肠、大肠]]经<br>###功效::① [[杀虫]]；<br>② [[泻下通便]]<br>###主治::① [[绦虫病【*···::善驱绦虫，并具有缓泻通便作用，有利于虫体排出*】]]；<br>② [[滴虫性阴道炎]],用法::研粉吞服，成人每次30～45g，小儿每次0.7～0.8g/kg；每日1次，晨起空腹服用<br>###注意::<b>「注意」：</b>1. 不宜入煎剂，因其有效成分（鹤草酚）几乎不溶于水；2. 部分患者服药后可见恶心、呕吐、腹泻、头晕、汗出等不良反应;<br>###
recvfkNCF22nPU,<div style='text-align: center; font-size: 24px;'><b>榧子</b></div>,第2部分:: 驱虫药,性味归经::性[[平]]；味[[甘]]；归[[肺、胃、大肠]]经<br>###功效::① [[杀虫消积]]；<br>② [[润肺止咳]]；<br>③ [[润肠通便]]<br>###主治::① [[钩虫病、蛔虫病、绦虫病、虫积腹痛【*···::蛔钩绦姜片虫，甘平不伤胃*】]]；<br>② [[小儿疳积]]；<br>③ [[肺燥咳嗽]]；<br>④ [[肠燥便秘]],用法::煎服9~15g；炒熟嚼服，15g/次<br>###注意::<b>「注意」：</b>1. 入煎剂宜生用，忌与绿豆同食；<br><b>「不宜用」：</b>1. 大便溏薄者；2. 肺热咳嗽者;<br>###
recvfkNCF2HLDg,<div style='text-align: center; font-size: 24px;'><b>大蓟</b></div>,第1部分:: 止血药::凉血止血药,性味归经::性[[凉]]；味[[甘苦]]；归[[心、肝]]经<br>###功效::① [[凉血止血]]；<br>② [[散瘀]]；<br>③ [[解毒消痈]]<br>###主治::① [[血热出血：吐血、咳血、衄血、尿血、便血，崩漏，外伤出血【*···::性凉降，多用于吐咳衄血及崩漏*】]]；<br>② [[痈肿疮毒【*···::热毒疮疡，凉血止血解毒消痈优于小蓟*】]],"用法::煎服，9~15g，鲜品可用30~60g；外用适量，捣敷患处；大蓟炭性味苦涩凉，偏于凉血止血<br>###常配::大蓟10-15g，小蓟10-15g凉血止血，散瘀消痈。二者性味功效相似，相须为用，善清血分之热而止血。主治血热妄行之吐血、衄血、咯血、尿血、崩漏，及热毒痈肿。<br><span style=""color:red"">以上仅供参考</span>"
recvfkNCF2MP1f,<div style='text-align: center; font-size: 24px;'><b>小蓟</b></div>,第1部分:: 止血药::凉血止血药,性味归经::性[[凉]]；味[[苦甘]]；归[[心肝]]经<br>###功效::① [[凉血止血]]；<br>② [[散瘀解毒]]；<br>③ [[消痈]]；<br>④ [[利尿通淋]]<br>###主治::① [[血热出血证：血热吐血、衄血、便血、崩漏，外伤出血，尿血、血淋【*···::兼能利尿通淋，入心经而清心火*】]]；<br>② [[痈肿疮毒【*···::清热解毒，散瘀消肿，治热毒疮疡初起肿痛之证*】]],"用法::煎服，5～12g；外用适量，捣敷患处<br>###常配::大蓟10-15g，小蓟10-15g凉血止血，散瘀消痈。二者性味功效相似，相须为用，善清血分之热而止血。主治血热妄行之吐血、衄血、咯血、尿血、崩漏，及热毒痈肿。<br><span style=""color:red"">以上仅供参考</span>"
recvfkNCF2SNGe,<div style='text-align: center; font-size: 24px;'><b>地榆</b></div>,第1部分:: 止血药::凉血止血药,性味归经::性[[微寒]]；味[[苦酸涩]]；归[[肝、大肠]]经<br>###功效::① [[凉血止血]]；<br>② [[解毒敛疮]]；<br>③ [[收敛止血]]<br>###主治::① [[血热出血证：便血，痔血，血痢，崩漏【*···::凉血收敛止血*】]]；<br>② [[水火烫伤，湿疹，痈肿疮毒【*···::清不虑其过泄，涩不虑其或滞，善治下焦出血，烧烫伤要药*】]],"用法::煎服，9~15g；外用适量，研末涂敷患处；炒炭用可止血；生用可解毒敛疮<br>###注意::<b>「禁用」：</b>1. 大面积烧烫伤大量外涂易引起中毒性肝炎<br><b>「慎用」：</b>1. 虚寒性出血；2. 有瘀者<br>###常配::地榆10-15g，槐花10-15g凉血止血，清肠解毒。二者善入下焦，为治便血、痔血之要药。地榆兼能敛疮，槐花兼能清肝。主治大肠火盛或湿热蕴结之便血、痔血、血痢、崩漏。<br><span style=""color:red"">以上仅供参考</span>"
recvfkNCF2c4iz,<div style='text-align: center; font-size: 24px;'><b>槐花</b></div>,第1部分:: 止血药::凉血止血药,性味归经::性[[微寒]]；味[[苦]]；归[[肝、大肠]]经<br>###功效::① [[凉血止血]]；<br>② [[清肝泻火]]<br>###主治::① [[血热出血证：便血，痔血，血痢，崩漏，吐血，衄血]]；<br>② [[肝热目赤，头痛眩晕]]；<br>③ [[凉血之功独在大肠]]；<br>④ [[善治大肠火盛出血]],"用法::煎服，5～10g，外用适量；炒炭用可止血；生用可清肝泻火<br>###注意::<b>「慎用」：</b>脾胃虚寒及阴虚发热而无实火者<br>###常配::地榆10-15g，槐花10-15g凉血止血，清肠解毒。二者善入下焦，为治便血、痔血之要药。地榆兼能敛疮，槐花兼能清肝。主治大肠火盛或湿热蕴结之便血、痔血、血痢、崩漏。<br><span style=""color:red"">以上仅供参考</span>"
recvfkNCF2VYi8,<div style='text-align: center; font-size: 24px;'><b>白茅根</b></div>,第1部分:: 止血药::凉血止血药,性味归经::性[[寒]]；味[[甘]]；归[[肺、胃、膀胱]]经<br>###功效::① [[凉血止血]]；<br>② [[清热利尿]]<br>###主治::① [[血热出血，咳吐、衄血、尿血【*···::下焦湿热之尿血血淋尤宜*】]]；<br>② [[热病烦渴，肺热咳嗽【*···::清肺止咳*】，胃热呕吐【*···::清胃止呕，善清肺胃热*】]]；<br>③ [[湿热黄疸，水肿尿少，热淋涩痛]],用法::煎服，9~30g，鲜品加倍；炒炭用可止血，生用可清热利尿<br>###
recvfkNCF2VswC,<div style='text-align: center; font-size: 24px;'><b>苎麻根</b></div>,第1部分:: 止血药::凉血止血药,性味归经::性[[寒]]；味[[甘]]；归[[心、肝]]经<br>###功效::① [[凉血止血]]；<br>② [[安胎]]；<br>③ [[清热解毒]]；<br>④ [[利尿]]<br>###主治::① [[血热出血证，尿血血淋尤宜，可治咯血、吐血、便血、崩漏、紫癜、外伤出血【*···::尿血、血淋为佳*】]]；<br>② [[胎漏下血，胎动不安【*···::清热安胎，为安胎要药，善治血热胎动不安*】]]；<br>③ [[热毒痈肿疮毒【*···::如治痈疽发背、乳痛初起微赤*】，热淋涩痛]],用法::煎服，10~30g；外用适量，煎汤外洗，或捣敷<br>###
recvfkNCF28Yif,<div style='text-align: center; font-size: 24px;'><b>侧柏叶</b></div>,第2部分:: 止血药::凉血止血药,性味归经::性[[寒]]；味[[苦涩]]；归[[肺肝脾]]经<br>###功效::① [[凉血止血]]；<br>② [[化痰止咳]]；<br>③ [[生发乌发]]<br>###主治::① [[多种出血证：吐血，衄血，咯血，便血，崩漏下血【*···::血热尤宜*】]]；<br>② [[肺热咳嗽，咯痰黄稠]]；<br>③ [[血热脱发【*···::凉血祛风*】，须发早白【*···::凉血收敛止血之佳品*】]],用法::煎服，6~12g；外用适量；炒炭使用可止血；生用可化痰止咳<br>###
recvfkNCF2trQz,<div style='text-align: center; font-size: 24px;'><b>三七</b></div>,第1部分:: 止血药::化瘀止血药,性味归经::性[[温]]；味[[甘、微苦]]；归[[肝、胃]]经<br>###功效::① [[散瘀止血]]；<br>② [[消肿定痛]]；<br>③ [[补虚强壮]]<br>###主治::① [[各种出血：咳吐、衄血、便血、尿血，崩漏，外伤出血【*···::止血不留瘀，化瘀不伤正，有无瘀滞均可，有瘀滞者尤宜*】]]；<br>② [[瘀血证：血滞胸腹刺痛，跌扑肿痛【*···::伤科要药，跌打损伤或筋骨折伤、瘀血肿痛首选*】，亦治痈疽肿痛]]；<br>③ [[虚劳损伤【*···::治劳弱诸虚百损之病*】]],"用法::研末吞服，1~3g/次；煎服，3~10g；外用适量<br>###注意::<b>「慎用」：</b>1. 孕妇<br>2. 阴虚血热之出血不宜单用<br>###常配::白及3-10g(研粉冲服)，三七3-6g(研粉冲服)化瘀止血，消肿生肌。白及收敛止血，生肌护膜；三七化瘀止血，定痛。二者相合，止血而不留瘀，护膜而生新。主治体内外各种出血，尤擅治肺胃出血（咯血、吐血），及外伤出血、溃疡病。<br><span style=""color:red"">以上仅供参考</span>"
recvfkNCF2B2OY,<div style='text-align: center; font-size: 24px;'><b>茜草</b></div>,第1部分:: 止血药::化瘀止血药,性味归经::性[[寒]]；味[[苦]]；归[[肝]]经<br>###功效::① [[凉血止血]]；<br>② [[祛瘀通经]]<br>###主治::① [[出血证：吐血、衄血、崩漏、外伤出血，血热出血兼瘀尤宜]]；<br>② [[血瘀经闭、跌打损伤、风湿痹痛，行血凉血，为妇科调经之要药，专于行血活血，治女子经水不通]],用法::煎服，6~10g；炒炭用可止血；生用或酒炒用可活血通经<br>###注意::<b>「慎用」：</b>1. 孕妇<br>###
recvfkNCF2KFVu,<div style='text-align: center; font-size: 24px;'><b>蒲黄</b></div>,第1部分:: 止血药::化瘀止血药,性味归经::性[[平]]；味[[甘]]；归[[肝、心包]]经<br>###功效::① [[化瘀止血]]；<br>② [[收敛止血]]；<br>③ [[利尿通淋]]；<br>④ [[祛瘀止痛]]<br>###主治::① [[出血证：吐血，衄血，咯血，崩漏，外伤出血，无论寒热有无瘀滞均可，属实夹瘀尤宜，为血分行止之药，长于收敛止血]]；<br>② [[瘀血痛证：经闭痛经，胸腹刺痛，跌扑肿痛，可活血通经，祛瘀止痛]]；<br>③ [[血淋尿血]],"用法::煎服，5~10g，包煎；外用适量，研末外敷；炒用可止血，生用可化瘀利尿<br>###注意::<b>「慎用」：</b>1. 孕妇<br>###常配::蒲黄6-10g(包煎)，五灵脂6-10g(包煎)活血祛瘀，散结止痛（失笑散）。蒲黄化瘀止血，五灵脂通利血脉。二者相须，善治血瘀停滞之心腹剧痛、痛经、产后恶露不行。<br><span style=""color:red"">以上仅供参考</span>"
recvfkNCF2f7wK,<div style='text-align: center; font-size: 24px;'><b>白及</b></div>,第1部分:: 止血药::收敛止血药,性味归经::性[[微寒]]；味[[苦甘涩]]；归[[肺、胃、肝]]经<br>###功效::① [[收敛止血]]；<br>② [[消肿生肌]]<br>###主治::① [[出血证：咯血，吐血，外伤出血【*···::收敛止血要药，多治肺胃出血*】]]；<br>② [[疮疡肿毒，水火烫伤，皮肤皲裂【*···::疮疡不论溃破与否均可用*】]],"用法::煎服，6~15g；研末吞服，3~6g/次；外用适量<br>###注意::<b>「配伍禁忌」：</b>1. 忌配川乌、制川乌、草乌、制草乌、附子；<br>###常配::白及3-10g(研粉冲服)，三七3-6g(研粉冲服)化瘀止血，消肿生肌。白及收敛止血，生肌护膜；三七化瘀止血，定痛。二者相合，止血而不留瘀，护膜而生新。主治体内外各种出血，尤擅治肺胃出血（咯血、吐血），及外伤出血、溃疡病。<br><span style=""color:red"">以上仅供参考</span>"
recvfkNCF23AzG,<div style='text-align: center; font-size: 24px;'><b>仙鹤草</b></div>,第1部分:: 止血药::收敛止血药,性味归经::性[[平]]；味[[苦涩]]；归[[心、肝]]经<br>###功效::① [[收敛止血]]；<br>② [[截疟]]；<br>③ [[止痢]]；<br>④ [[解毒杀虫]]；<br>⑤ [[补虚]]<br>###主治::① [[出血证，症见咯血、吐血、尿血、便血、崩漏下血【*···::各种出血而无瘀滞，寒热虚实均可*】]]；<br>② [[疟疾寒热]]；<br>③ [[腹泻、痢疾【*···::血痢、久泻久痢*】]]；<br>④ [[痈肿疮毒]]；<br>⑤ [[阴痒带下]]；<br>⑥ [[脱力劳伤]],"用法::煎服6～12g；外用适量<br>###常配::仙鹤草10-30g，旱莲草10-15g收敛止血，补益肝肾。仙鹤草收敛止血，补虚强壮；旱莲草凉血止血，滋补肝肾。二者相配，止血兼能补益，尤宜于各种出血证兼有阴血亏虚者。<br><span style=""color:red"">以上仅供参考</span>"
recvfkNCF2lugh,<div style='text-align: center; font-size: 24px;'><b>棕榈炭</b></div>,第2部分:: 止血药::收敛止血药,性味归经::性[[平]]；味[[苦、涩]]；归[[肺、肝、大肠]]经<br>###功效::① [[收敛止血]]；<br>② [[止泻]]；<br>③ [[止带]]<br>###主治::① [[出血证：吐血、衄血、尿血、便血、崩漏【*···::各种出血，崩漏尤宜，止上下失血，止下血为良，出血无瘀滞为宜*】]]；<br>② [[久泻久痢，妇人带下]],用法::煎服，3～10g<br>###注意::<b>「慎用」：</b>1. 出血兼有瘀滞者不宜使用；<br>###
recvfkNCF2n6FA,<div style='text-align: center; font-size: 24px;'><b>血余炭</b></div>,第2部分:: 止血药::收敛止血药,性味归经::性[[平]]；味[[苦]]；归[[肝、胃]]经<br>###功效::① [[收敛止血]]；<br>② [[化瘀]]；<br>③ [[利尿]]<br>###主治::① [[出血证：吐血，咯血，衄血，血淋，尿血，便血，崩漏，外伤出血【*···::止血而不留瘀，可用于各种出血之证，无论寒热虚实皆可*】]]；<br>② [[小便不利【*···::化瘀通窍，通利水道*】]],"用法::煎服5~10g；外用适量<br>###常配::血余炭6-12g(包煎)，藕节炭10-15g收敛止血，散瘀利尿。二者皆煅炭存性，收敛止血力强。血余炭兼能化瘀利尿，藕节炭兼能化瘀。主治各种出血证，尤宜于咳血、衄血、尿血、崩漏。<br><span style=""color:red"">以上仅供参考</span>"
recvfkNCF2LQrN,<div style='text-align: center; font-size: 24px;'><b>紫珠叶</b></div>,第2部分:: 止血药::收敛止血药,性味归经::性[[凉]]；味[[苦、涩]]；归[[肝、肺、胃]]经<br>###功效::① [[凉血收敛止血]]；<br>② [[散瘀解毒]]；<br>③ [[消肿]]<br>###主治::① [[出血证：吐血，咯血，衄血，便血，崩漏，外伤出血【*···::多用于肺胃出血*】]]；<br>② [[热毒疮疡，水火烫伤]],用法::煎服，3~15g；研末吞服，1.5~3g；外用适量，外敷患处<br>###
recvfkNCF2Slxs,<div style='text-align: center; font-size: 24px;'><b>艾叶</b></div>,第1部分:: 止血药::温经止血药,性味归经::性[[温]]；味[[辛、苦；有小<span style='color: red;'>毒</span>]]；归[[肝、脾、肾]]经<br>###功效::① [[温经止血]]；<br>② [[散寒止痛]]；<br>③ [[调经安胎]]；<br>④ [[外用：祛湿止痒]]<br>###主治::① [[虚寒出血：崩漏【*···::“尤宜”*】，月经过多，吐血，衄血]]；<br>② [[少腹冷痛，经寒不调，宫冷不孕，脘腹冷痛【*···::“尤善调经”*】]]；<br>③ [[胎动不安，胎漏下血，带下]]；<br>④ [[湿疹、阴痒、疥癣等皮肤瘙痒【*···::煎汤外洗*】]]；<br>⑤ [[温灸材料【*···::温煦气血透达经络，“妇科下焦虚寒要药，安胎要药”*】]],"用法::煎服，3～10g；外用适量，供灸治或熏洗用。醋艾炭温经止血，用于虚寒性出血；其余生用<br>###常配::艾叶6-12g，炮姜6-12g温经止血，散寒止痛。二者皆能温经止血，暖宫散寒。主治虚寒性出血，尤擅治下焦虚寒之月经过多、崩漏、妊娠下血，及中焦虚寒之吐血、便血。<br><span style=""color:red"">以上仅供参考</span>"
recvfkNCF2lic7,<div style='text-align: center; font-size: 24px;'><b>炮姜</b></div>,第2部分:: 止血药::温经止血药,性味归经::性[[热]]；味[[辛]]；归[[脾胃肾]]经<br>###功效::① [[温经止血]]；<br>② [[温中止痛]]<br>###主治::① [[阳虚失血，吐衄崩漏]]；<br>② [[脾胃虚寒，腹痛，腹泻]],"用法::煎服，3~9g<br>###常配::艾叶6-12g，炮姜6-12g温经止血，散寒止痛。二者皆能温经止血，暖宫散寒。主治虚寒性出血，尤擅治下焦虚寒之月经过多、崩漏、妊娠下血，及中焦虚寒之吐血、便血。<br><span style=""color:red"">以上仅供参考</span>"
recvfkNCF2PB6m,<div style='text-align: center; font-size: 24px;'><b>灶心土</b></div>,第2部分:: 止血药::温经止血药,性味归经::性[[温]]；味[[辛]]；归[[脾、胃]]经<br>###功效::① [[温中止血]]；<br>② [[降逆止呕]]；<br>③ [[涩肠止泻]]<br>###主治::① [[虚寒性出血【*···::吐血、便血、衄血、崩漏*】]]；<br>② [[胃寒呕吐、反胃、妊娠呕吐::温中和胃，降逆【*止呕*】]]；<br>③ [[脾虚久泻【*···::涩肠止泻*】]],用法::煎服，15～30g，包煎、先煎；或煎汤代水，60～120g；可入丸散<br>###
recvfkNCF2UE4n,<div style='text-align: center; font-size: 24px;'><b>川芎</b></div>,第1部分:: 活血化瘀药::活血止痛药,性味归经::性[[温]]；味[[辛]]；归[[肝、胆、心包]]经<br>###功效::① [[活血行气]]；<br>② [[祛风止痛]]<br>###主治::① [[血瘀气滞诸证：胸痹心痛，胸胁刺痛，跌扑肿痛，月经不调，经闭痛经，癥瘕腹痛，肢体麻木]]；<br>② [[头痛，风湿痹痛]]；<br>③ [[本品为血中气药，是治头痛、妇科活血调经的要药，能上行头目、中开郁结、下调经水、旁通络脉]],"用法::煎服，3~10g；研末吞服，1~1.5g/次<br>###注意::<b>「禁用」：</b>1. 阴虚阳亢之头痛者禁用；<br><b>「慎用」：</b>1. 舌红口干者慎用；2. 多汗者慎用；3. 月经过多者慎用；4. 出血性疾患患者慎用；5. 孕妇慎用；<br>###常配::当归6-12g，川芎6-12g，补血活血，行气止痛（佛手散）。当归养血和血，川芎行气活血。二者气血兼顾，动静结合，为妇科调经要药。主治血虚血瘀之月经不调、痛经、产后腹痛、跌打肿痛。<br><span style=""color:red"">以上仅供参考</span>"
recvfkNCF2qdet,<div style='text-align: center; font-size: 24px;'><b>延胡索</b></div>,第1部分:: 活血化瘀药::活血止痛药,性味归经::性[[温]]；味[[辛、苦]]；归[[肝、脾、心]]经<br>###功效::① [[活血]]；<br>② [[行气]]；<br>③ [[止痛]]<br>###主治::① [[血瘀气滞诸痛]]；<br>② [[胸胁、脘腹疼痛，胸痹心痛，经闭痛经，产后瘀阻，跌扑肿痛]]；<br>③ [[寒疝腹痛，睾丸肿胀]]；<br>④ [[风湿痹痛【*···::能行血中气滞，气中血滞，故专治一身上下诸痛]]；<br>⑤ [[止痛良好，尤宜血瘀气滞证*】]],"用法::煎服，3~10g；研末吞服，1.5~3g/次；醋制可增强止痛功效<br>###常配::川楝子6-10g，延胡索6-12g，行气疏肝，活血止痛（金铃子散）。川楝子疏肝泄热，延胡索活血行气止痛。主治肝郁化火、气滞血瘀之心腹胁肋诸痛、时发时止、痛经、疝痛。<br><span style=""color:red"">以上仅供参考</span>"
recvfkNCF2OHNt,<div style='text-align: center; font-size: 24px;'><b>郁金</b></div>,第1部分:: 活血化瘀药::活血止痛药,性味归经::性[[寒]]；味[[辛、苦]]；归[[肝、心、胆、肺]]经<br>###功效::① [[活血止痛]]；<br>② [[行气解郁]]；<br>③ [[清心凉血]]；<br>④ [[利胆退黄]]<br>###主治::① [[气滞血瘀，胸胁刺痛，胸痹心痛，月经不调，经闭痛经，乳房胀痛，癥瘕痞块【*···::善治气滞血瘀*】]]；<br>② [[热病神昏【*···::湿温病浊邪蒙蔽清窍，胸脘痞闷，神志不清*】，癫痫发狂【*···::清心解郁开窍*】]]；<br>③ [[血热出血，气火上逆之吐血、衄血，妇女倒经，亦治热结下焦，伤及血络之尿血、血淋]]；<br>④ [[肝胆湿热，黄疸尿赤，胆胀胁痛【*···::疏肝利胆，清利湿热*】]],"用法::煎服，3~10g；研末吞服，2~5g<br>###注意::<b>「忌配」：</b>1. 丁香;<br>###常配::香附6-12g，郁金6-12g，疏肝解郁，活血止痛。香附疏肝理气之要药，郁金解郁活血之佳品。二者气血同治，善治肝郁气滞血瘀之胁肋胀痛、乳房胀痛、痛经、月经不调。<br>郁金6-12g，石菖蒲6-12g解郁化痰，开窍醒神。郁金清心解郁，石菖蒲化痰开窍。主治痰热蒙蔽心包之神昏谵语、癫狂痫证，及湿温病湿浊蒙蔽清窍之神识昏蒙<br><span style=""color:red"">以上仅供参考</span>"
recvfkNCF2vCpW,<div style='text-align: center; font-size: 24px;'><b>姜黄</b></div>,第1部分:: 活血化瘀药::活血止痛药,性味归经::性[[温]]；味[[辛、苦]]；归[[肝、脾]]经<br>###功效::① [[活血行气]]；<br>② [[通经止痛]]<br>###主治::① [[血瘀气滞诸痛：胸胁刺痛、胸痹心痛、痛经经闭、癥瘕、跌扑肿痛]]；<br>② [[风湿痹痛【*···::通络止痛，善治肩臂疼痛*】]]；<br>③ [[善治血瘀气滞证]],用法::煎服，3~10g；外用适量，研末油调<br>###注意::<b>「慎用」：</b>1. 血虚无气滞血瘀者慎用；2. 孕妇忌用;<br>###
recvfkNCF25kXo,<div style='text-align: center; font-size: 24px;'><b>乳香</b></div>,第1部分:: 活血化瘀药::活血止痛药,性味归经::性[[温]]；味[[辛、苦]]；归[[心、肝、脾]]经<br>###功效::① [[活血行气止痛]]；<br>② [[消肿生肌]]<br>###主治::① [[血瘀气滞诸痛：跌打损伤，胸痹心痛，胃脘疼痛，痛经经闭，产后瘀阻，癥瘕腹痛，风湿痹痛，筋脉拘挛【*···::活血行气止痛*】]]；<br>② [[疮疡痈肿，瘰疬痰核【*···::外伤科要药，定诸经之痛*】]],"用法::煎汤或入丸、散，3~5g（或煎服3~10g），宜炮制去油（炒去油）；外用适量，生用或炒用，研末外敷（外用方能生肌）<br>###注意::对胃有刺激，易致恶心呕吐<br><b>「慎用」：</b>1. 孕妇及胃弱者慎用；2. 无瘀滞者忌用;<br>###常配::乳香3-10g，没药3-10g活血止痛，消肿生肌。二者皆能活血行气，舒筋止痛，消瘀生肌。相须为用，为外科、伤科要药。主治跌打损伤之瘀肿疼痛、疮疡肿毒之初起或溃后不敛、血瘀诸痛。<br><span style=""color:red"">以上仅供参考</span>"
recvfkNCF2nIgq,<div style='text-align: center; font-size: 24px;'><b>没药</b></div>,第1部分:: 活血化瘀药::活血止痛药,性味归经::性[[平]]；味[[苦辛]]；归[[心、肝、脾]]经<br>###功效::① [[散瘀定痛]]；<br>② [[消肿生肌]]<br>###主治::① [[血瘀气滞诸痛证，常与乳香同用]]；<br>② [[疮疡痈肿，瘰疬痰核]]；<br>③ [[乳香偏行气，没药偏活血散瘀，可活血止痛]],"用法::内服：3～5g，炮制去油，多入丸散；亦可煎服，3～10g；外用适量，外用可生肌<br>###注意::<b>「慎用」：</b>1. 孕妇及胃弱者慎用；2. 无瘀滞者忌用;<br>###常配::乳香3-10g，没药3-10g活血止痛，消肿生肌。二者皆能活血行气，舒筋止痛，消瘀生肌。相须为用，为外科、伤科要药。主治跌打损伤之瘀肿疼痛、疮疡肿毒之初起或溃后不敛、血瘀诸痛。<br><span style=""color:red"">以上仅供参考</span>"
recvfkNCF2xGtZ,<div style='text-align: center; font-size: 24px;'><b>五灵脂</b></div>,第1部分:: 活血化瘀药::活血止痛药,性味归经::性[[温]]；味[[苦咸甘]]；归[[肝、脾]]经<br>###功效::① [[活血止痛]]；<br>② [[化瘀止血]]<br>###主治::① [[瘀阻诸痛证：胸痹心痛，脘腹胁痛，痛经经闭及产后瘀滞腹痛，骨折肿痛等]]；<br>② [[瘀滞出血证，如崩漏经多，色紫有块，少腹刺痛]]；<br>③ [[解毒消肿，治蛇虫、蝎、蜈蚣咬伤]]；<br>④ [[消积，治小儿疳积]],"用法::煎服，3~10g，包煎或入丸散；炒用可化瘀止血；生用可活血止痛<br>###注意::<b>「慎用」：</b>1. 血虚无瘀者慎用；2. 孕妇慎用;<br><b>「忌配」：</b>1. 人参;<br>###常配::蒲黄6-10g(包煎)，五灵脂6-10g(包煎)活血祛瘀，散结止痛（失笑散）。蒲黄化瘀止血，五灵脂通利血脉。二者相须，善治血瘀停滞之心腹剧痛、痛经、产后恶露不行。<br><span style=""color:red"">以上仅供参考</span>"
recvfkNCF2Mdnf,<div style='text-align: center; font-size: 24px;'><b>降香</b></div>,第2部分:: 活血化瘀药::活血止痛药,性味归经::性[[温]]；味[[辛]]；归[[肝、脾]]经<br>###功效::① [[化瘀止血]]；<br>② [[理气止痛]]<br>###主治::① [[肝郁胁痛，胸痹刺痛【*···::血瘀气滞之胸胁脘腹疼痛*】，跌扑伤痛]]；<br>② [[吐血，衄血，外伤出血【*···::瘀滞出血，跌打损伤之内外出血，外科常用*】]]；<br>③ [[秽浊内阻，呕吐腹痛【*···::降气辟秽，和中止呕*】]],用法::煎服，9~15g，后下；外用适量，研末涂敷患处<br>###
recvfkNCF2dvyE,<div style='text-align: center; font-size: 24px;'><b>川牛膝</b></div>,第2部分:: 活血化瘀药::活血止痛药,性味归经::性[[平]]；味[[甘微苦]]；归[[肝、肾]]经<br>###功效::① [[逐瘀通经]]；<br>② [[通利关节]]；<br>③ [[利尿通淋]]<br>###主治::① [[经闭癥瘕]]；<br>② [[胞衣不下]]；<br>③ [[跌扑损伤]]；<br>④ [[风湿痹痛]]；<br>⑤ [[足痿筋挛]]；<br>⑥ [[尿血血淋]],用法::煎服，5~10g<br>###注意::<b>「慎用」：</b>1. 孕妇慎用;<br>###
recvfkNCF2Biro,<div style='text-align: center; font-size: 24px;'><b>银杏叶</b></div>,第2部分:: 活血化瘀药::活血止痛药,性味归经::性[[平]]；味[[甘苦涩]]；归[[心肺]]经<br>###功效::① [[活血化瘀]]；<br>② [[通络止痛]]；<br>③ [[敛肺平喘]]；<br>④ [[化浊降脂]]<br>###主治::① [[瘀血阻络，胸痹心痛]]；<br>② [[中风偏瘫，舌强语謇]]；<br>③ [[肺虚咳喘]]；<br>④ [[高脂血症]],用法::煎服，9~12g<br>###注意::<b>「忌用」：</b>1. 有实邪者;<br>###
recvfkNCF2hucq,<div style='text-align: center; font-size: 24px;'><b>丹参</b></div>,第1部分:: 活血化瘀药::活血调经药,性味归经::性[[微寒]]；味[[苦]]；归[[心、肝]]经<br>###功效::① [[活血祛瘀]]；<br>② [[通经止痛]]；<br>③ [[清心除烦]]；<br>④ [[凉血消痈]]<br>###主治::① [[瘀血阻滞所致月经不调、痛经经闭、产后腹痛【*···::活血调经，祛瘀止痛*】]]；<br>② [[血瘀胸痹心痛、脘腹胁痛、癥瘕积聚、跌打损伤、热痹疼痛]]；<br>③ [[心烦心悸失眠【*···::除烦安神*】]]；<br>④ [[疮疡痈肿疼痛]]；<br>⑤ [[破宿血，补新血]]；<br>⑥ [[为活血化瘀要药，血热瘀滞尤宜，活血调经常用药]],"用法::煎服，10～15g；酒炒可增强活血功效<br>###注意::<b>「忌配」：</b>1. 藜芦;<br><b>「慎用」：</b>1. 孕妇慎用;<br>###常配::淫羊藿 - 丹参各9-15g补肾活血，通络兴阳。现代男性阳痿多兼血瘀（血管性ED），此对补肾配合活血，通补兼施，改善阴茎血供。<br>檀香3-6g(后下)，砂仁3-6g(后下)，理气调中，温中止痛（丹参饮意）。檀香理气散寒止痛，砂仁行气和中开胃。主治寒凝气滞之胸腹疼痛、胃脘冷痛、食少呕吐。<br>丹参10-15g，赤芍6-12g，凉血活血，祛瘀止痛。丹参活血凉血，赤芍凉血散瘀。主治血热瘀滞之证，如温病热入营血之斑疹吐衄、冠心病心绞痛、妇科血瘀痛经<br><span style=""color:red"">以上仅供参考</span>"
recvfkNCF2LcMd,<div style='text-align: center; font-size: 24px;'><b>红花</b></div>,第1部分:: 活血化瘀药::活血调经药,性味归经::性[[温]]；味[[辛]]；归[[心、肝]]经<br>###功效::① [[活血通经]]；<br>② [[散瘀止痛]]<br>###主治::① [[血瘀痛经，经闭，产后瘀滞腹痛，恶露不行]]；<br>② [[心腹瘀阻疼痛，癥瘕痞块积聚，胸胁刺痛，胸痹心痛]]；<br>③ [[跌扑损伤，疮疡肿痛【*···::消肿*】]]；<br>④ [[热郁血瘀，斑疹紫暗【*···::消斑*】]]；<br>⑤ [[妇科伤科血瘀常用，善治瘀阻心腹诸痛]],"用法::煎服，3～10g<br>###注意::<b>「慎用」：</b>1. 孕妇忌用；2. 有出血倾向者慎用;<br><b>「不宜多用」：</b>1. 有出血倾向者;<br>###常配::桃仁6-12g，红花3-10g，活血通经，祛瘀止痛。二者为活血化瘀经典组合，相须为用，协同增效。主治全身各处血瘀证，如经闭、痛经、癥瘕积聚、跌打损伤、心腹刺痛。<br><span style=""color:red"">以上仅供参考</span>"
recvfkNCF2OeYF,<div style='text-align: center; font-size: 24px;'><b>桃仁</b></div>,第1部分:: 活血化瘀药::活血调经药,性味归经::性[[平]]；味[[苦甘]]；归[[心、肝、大肠]]经；有小<span style='color: red;'>毒</span><br>###功效::① [[活血祛瘀]]；<br>② [[润肠通便]]；<br>③ [[止咳平喘]]；<br>④ [[祛瘀消痈]]<br>###主治::① [[血瘀证：经闭痛经，产后腹痛，癥瘕痞块，跌扑损伤【*···::多种血瘀证要药*】]]；<br>② [[肠燥便秘]]；<br>③ [[咳嗽气喘]]；<br>④ [[肺痈，肠痈【*···::常用药*】]],"用法::煎服，5～10g<br>###注意::<b>「禁用」：</b>1. 孕妇<br><b>「慎用」：</b>1. 便溏者；2. 本品有毒，不可过量<br>###常配::桃仁6-12g，红花3-10g，活血通经，祛瘀止痛。二者为活血化瘀经典组合，相须为用，协同增效。主治全身各处血瘀证，如经闭、痛经、癥瘕积聚、跌打损伤、心腹刺痛。<br><span style=""color:red"">以上仅供参考</span>"
recvfkNCF2DuJe,<div style='text-align: center; font-size: 24px;'><b>益母草</b></div>,第1部分:: 活血化瘀药::活血调经药,"性味归经::性[[微寒]]；味[[苦辛]]；归[[肝、心包、膀胱]]经<br>###功效::① [[活血调经]]；<br>② [[利水消肿]]；<br>③ [[清热解毒]]<br>###主治::① [[血瘀证：月经不调，痛经经闭，恶露不尽]]；<br>② [[水肿尿少，小便不利【*···::利尿消肿*】]]；<br>③ [[疮痈肿毒，跌打损伤，皮肤瘙痒【*···::""妇科经产瘀血病常用药""""善治水瘀互结水肿""*】]]","用法::煎服，9~30g；鲜品煎服，12~40g；外用适量，敷或洗<br>###注意::<b>「慎用」：</b>1. 无瘀滞及阴虚血少者；2. 孕妇<br>###常配::益母草10-30g，泽兰6-12g活血调经，利水消肿。二者均能活血化瘀，且有利水之功。主治妇科血瘀经产诸证（月经不调、痛经、产后瘀痛），及水瘀互结之水肿、小便不利。<br>益母草、泽兰15-30g活血利水。女子以血为本，血水同源。泽兰与益母草均能活血化瘀，利水消肿。特别适用于妇科水肿、月经不调伴随的水肿或产后小便不利。<br><span style=""color:red"">以上仅供参考</span>"
recvfkNCF2Dcjk,<div style='text-align: center; font-size: 24px;'><b>泽兰</b></div>,第1部分:: 活血化瘀药::活血调经药,性味归经::性[[微温]]；味[[苦辛]]；归[[肝脾]]经<br>###功效::① [[活血调经]]；<br>② [[祛瘀消痈]]；<br>③ [[利水消肿]]<br>###主治::① [[血瘀证：月经不调，经闭痛经，产后瘀阻腹痛]]；<br>② [[疮痈肿毒，跌打伤痛]]；<br>③ [[水肿，腹水，小便不利]],"用法::煎服，6～12g<br>###注意::<b>「慎用」：</b>1. 无瘀滞<br>###常配::益母草10-30g，泽兰6-12g活血调经，利水消肿。二者均能活血化瘀，且有利水之功。主治妇科血瘀经产诸证（月经不调、痛经、产后瘀痛），及水瘀互结之水肿、小便不利。<br>益母草、泽兰15-30g活血利水。女子以血为本，血水同源。泽兰与益母草均能活血化瘀，利水消肿。特别适用于妇科水肿、月经不调伴随的水肿或产后小便不利。<br><span style=""color:red"">以上仅供参考</span>"
recvfkNCF2ZIkX,<div style='text-align: center; font-size: 24px;'><b>牛膝</b></div>,第1部分:: 活血化瘀药::活血调经药,性味归经::性[[平]]；味[[苦酸甘]]；归[[肝肾]]经<br>###功效::① [[逐瘀通经]]；<br>② [[补肝肾]]；<br>③ [[强筋骨]]；<br>④ [[利尿通淋]]；<br>⑤ [[引血下行]]<br>###主治::① [[瘀滞经产诸疾：经闭，痛经，产后腹痛，胞衣不下，跌扑伤痛【*···::活血祛瘀，通经止痛*】]]；<br>② [[腰膝酸痛，筋骨无力，下肢痿软]]；<br>③ [[淋证，水肿，小便不利]]；<br>④ [[气火上逆之吐血衄血、牙痛口疮，阴虚阳亢之头痛眩晕【*···::引火下行*】]]；<br>⑤ [[下行引经药【*···::引诸药下行*】]],"用法::煎服，5~12g；生用可活血通经、利尿通淋、引血（火）下行；酒炙可补肝肾、强筋骨；怀牛膝偏补肝肾强筋骨；川牛膝偏活血祛瘀<br>###注意::<b>「慎用」：</b>1. 孕妇；2. 月经过多<br>###常配::五加皮6-12g，牛膝6-15g，补肝肾，强筋骨，利水湿。五加皮祛风湿、强筋骨，牛膝补肝肾、引血下行。二者相配，既治肝肾亏虚之腰膝酸软，又疗风湿痹痛、下肢浮肿。<br><span style=""color:red"">以上仅供参考</span>"
recvfkNCF2Cyom,<div style='text-align: center; font-size: 24px;'><b>鸡血藤</b></div>,第1部分:: 活血化瘀药::活血调经药,性味归经::性[[温]]；味[[甘苦]]；归[[肝肾]]经<br>###功效::① [[活血补血]]；<br>② [[调经止痛]]；<br>③ [[舒筋活络]]<br>###主治::① [[月经不调，痛经，经闭]]；<br>② [[风湿痹痛，肢体麻木，半身不遂，血虚萎黄【*···::养血荣筋*】]]；<br>③ [[为妇科调经要药，主治血瘀或兼血虚之证]],用法::煎服，9～15g；大剂量可至30g<br>###
recvfkNCF2V6Cc,<div style='text-align: center; font-size: 24px;'><b>王不留行</b></div>,第1部分:: 活血化瘀药::活血调经药,性味归经::性[[平]]；味[[苦]]；归[[肝、胃]]经<br>###功效::① [[活血通经]]；<br>② [[下乳]]；<br>③ [[消痈]]；<br>④ [[利尿通淋]]<br>###主治::① [[血瘀痛经，经闭，难产]]；<br>② [[产后乳汁不下【*···::通乳汁*】，乳痈肿痛【*···::活血消痈、消肿止痛*】]]；<br>③ [[淋证涩痛：热淋，血淋，石淋]],用法::煎服，5~10g<br>###注意::<b>「慎用」：</b>1. 孕妇<br>###
recvfkNCF2IbdX,<div style='text-align: center; font-size: 24px;'><b>月季花</b></div>,第2部分:: 活血化瘀药::活血调经药,性味归经::性[[温]]；味[[甘]]；归[[肝]]经<br>###功效::① [[活血调经]]；<br>② [[疏肝解郁]]；<br>③ [[消肿散结]]；<br>④ [[止痛]]<br>###主治::① [[气滞血瘀，月经不调，经闭痛经，胸胁胀痛]]；<br>② [[疮疡肿痛【*···::痈疽肿毒*】，跌打伤痛，瘰疬]],用法::煎服，3~6g；可泡服；可研末<br>###注意::<b>「慎用」：</b>1. 脾虚便溏者；2. 孕妇；3. 月经过多者；4. 多服久服易致腹泻<br>###
recvfkNCF2GJ5z,<div style='text-align: center; font-size: 24px;'><b>土鳖虫</b></div>,第1部分:: 活血化瘀药::活血疗伤药,性味归经::性[[寒]]；味[[咸]]；归[[肝]]经；有小<span style='color: red;'>毒</span><br>###功效::① [[破血逐瘀]]；<br>② [[续筋接骨]]<br>###主治::① [[跌打损伤，筋伤骨折【*···::消肿止痛*】]]；<br>② [[血瘀经闭，产后瘀滞腹痛，癥瘕痞块【*···::性善走窜*】]],用法::煎服，3～10g；研末，1～1.5g/次，黄酒送服<br>###注意::<b>「禁用」：</b>1. 孕妇<br>###
recvfkNCF2vpJ6,<div style='text-align: center; font-size: 24px;'><b>马钱子</b></div>,第1部分:: 活血化瘀药::活血疗伤药,性味归经::性[[温]]；味[[苦]]；归[[肝脾]]经；有大<span style='color: red;'>毒</span><br>###功效::① [[通络止痛]]；<br>② [[散结消肿]]<br>###主治::① [[跌打损伤，骨折肿痛【*···::伤科疗伤止痛要药*】]]；<br>② [[风湿顽痹，麻木瘫痪【*···::开通经络，透达关节，远胜他药*】]]；<br>③ [[痈疽疮毒，咽喉肿痛【*···::散结消肿，攻毒止痛*】]]；<br>④ [[八版记载性寒，十版记载性温]],用法::炮制后入丸散，0.3~0.6g；外用适量，有毒成分能被皮肤吸收，外用亦不宜大面积涂敷<br>###注意::<b>「禁用」：</b>1. 孕妇<br><b>「慎用」：</b>1. 运动员；2. 不宜多服久服及生用<br>###
recvfkNCF2gQwC,<div style='text-align: center; font-size: 24px;'><b>血竭</b></div>,第1部分:: 活血化瘀药::活血疗伤药,性味归经::性[[平]]；味[[甘咸]]；归[[心肝]]经<br>###功效::① [[活血定痛]]；<br>② [[化瘀止血]]；<br>③ [[生肌敛疮]]<br>###主治::① [[跌打损伤，瘀滞心腹刺痛【*···::活血散瘀，消肿止痛，伤科及其他瘀滞痛证要药*】]]；<br>② [[外伤出血【*···::止血不留瘀*】]]；<br>③ [[疮疡不敛【*···::活血消肿，祛瘀化腐*】]],用法::内服研末，1~2g/次，或入丸剂；外用研末撒或入膏药用<br>###注意::<b>「慎用」：</b>1. 孕妇；2. 月经期<br>###
recvfkNCF216rG,<div style='text-align: center; font-size: 24px;'><b>苏木</b></div>,第2部分:: 活血化瘀药::活血疗伤药,性味归经::性[[平]]；味[[甘咸]]；归[[心、肝、脾]]经<br>###功效::① [[活血祛瘀]]；<br>② [[消肿止痛]]<br>###主治::① [[跌打损伤，骨折筋伤，瘀滞肿痛【*···::活血疗伤，散瘀消肿止痛，伤科常用*】]]；<br>② [[血滞经闭、痛经，产后瘀阻，胸腹刺痛，痈肿疮毒/痈疽肿痛【*···::活血祛瘀，通经止痛*】]],用法::煎服，3～9g；外用适量<br>###注意::<b>「慎用」：</b>月经过多者及孕妇<br>###
recvfkNCF2TFWl,<div style='text-align: center; font-size: 24px;'><b>自然铜</b></div>,第2部分:: 活血化瘀药::活血疗伤药,性味归经::性[[平]]；味[[辛]]；归[[肝]]经<br>###功效::① [[散瘀止痛]]；<br>② [[续筋接骨]]<br>###主治::① [[跌打损伤]]；<br>② [[筋骨折伤]]；<br>③ [[瘀肿疼痛【*···::活血散瘀止痛，续筋接骨疗伤，为伤科要药*】]],用法::煎服3~9g，先煎；火煅醋淬，研末入丸散服，0.3g/次；外用适量<br>###注意::不宜久服<nr><b>「慎用」：</b>孕妇、阴虚火旺、血虚无瘀者（第八版教材：慎用）<br>###
recvfkNCF2vNlo,<div style='text-align: center; font-size: 24px;'><b>骨碎补</b></div>,第2部分:: 活血化瘀药::活血疗伤药,性味归经::性[[温]]；味[[苦]]；归[[肝、肾]]经<br>###功效::① [[活血疗伤，止痛，补肾强骨]]；<br>② [[外用消风祛斑]]<br>###主治::① [[跌扑闪挫【*···::跌打损伤或创伤*】，筋骨折伤，瘀滞肿痛【*···::活血散瘀，消肿止痛，续筋接骨，五版教材还有止血，为伤科要药，善补骨碎*】]]；<br>② [[肾虚腰痛，筋骨痿软，耳鸣耳聋，牙痛，牙齿松动，久泻【*···::温补肾阳，强筋健骨，可治肾阳虚损*】]]；<br>③ [[斑秃，白癜风]],用法::煎服，3~9g；外用适量，研末调敷、撒或入膏药；亦可浸酒擦患处<br>###注意::<b>「慎用」：</b>阴虚内热、血虚风燥、无瘀滞者及孕妇<br>###
recvfkNCF26A1Y,<div style='text-align: center; font-size: 24px;'><b>儿茶</b></div>,第2部分:: 活血化瘀药::活血疗伤药,"性味归经::性[[微寒]]；味[[苦涩]]；归[[心肺]]经<br>###功效::① [[活血止痛]]；<br>② [[止血生肌]]；<br>③ [[收湿敛疮]]；<br>④ [[清肺化痰]]<br>###主治::① [[跌扑伤痛【*···::活血散瘀，疗伤止痛*】]]；<br>② [[外伤出血、吐血衄血【*···::活血散瘀，收敛止血，血热出血尤宜，""涂金疮，一切诸疮，止血收湿""*】]]；<br>③ [[疮疡不敛、湿疹、湿疮、牙疳、下疳、痔疮::解毒收湿，敛疮【*生肌*】]]；<br>④ [[肺热咳嗽]]",用法::煎服，1~3g，包煎；多入丸散；外用适量<br>###
recvfkNCF2LKsM,<div style='text-align: center; font-size: 24px;'><b>刘寄奴</b></div>,第2部分:: 活血化瘀药::活血疗伤药,"性味归经::性[[温]]；味[[辛、苦]]；归[[心、肝、脾]]经<br>###功效::① [[破血通经]]；<br>② [[散瘀止痛]]；<br>③ [[止血疗伤]]；<br>④ [[消食化积]]<br>###主治::① [[血瘀经闭，产后瘀痛]]；<br>② [[跌打损伤，肿痛出血]]；<br>③ [[食积不化，脘腹胀痛，赤白痢疾【*···::""金疮要药""*】]]",用法::煎服，3～10g；外用研末撒或入膏剂，或鲜品捣敷<br>###注意::<b>「慎用」：</b>孕妇<br>###
recvfkNCF2eogs,<div style='text-align: center; font-size: 24px;'><b>莪术</b></div>,第1部分:: 活血化瘀药::破血消癥药,性味归经::性[[温]]；味[[辛、苦]]；归[[肝、脾]]经<br>###功效::① [[破血行气]]；<br>② [[消积止痛]]<br>###主治::① [[血瘀气滞所致癥瘕痞块、瘀血经闭、胸痹心痛【*···::散瘀消癥*】]]；<br>② [[食积气滞所致脘腹胀痛]]；<br>③ [[跌打损伤所致瘀肿疼痛【*···::消肿止痛*】，为破血消癥要药]],"用法::煎服，6～9g；醋炙可增强祛瘀止痛功效<br>###注意::<b>「禁用」：</b>月经过多者及孕妇<br>###常配::三棱6-10g，莪术6-10g，破血行气，消积止痛。三棱破血力强，莪术行气力胜。二者相须，气血同治，破瘀消癥之力峻猛。主治癥瘕积聚、血瘀经闭、心腹瘀痛、食积脘腹胀痛。<br><span style=""color:red"">以上仅供参考</span>"
recvfkNCF2izG9,<div style='text-align: center; font-size: 24px;'><b>三棱</b></div>,第1部分:: 活血化瘀药::破血消癥药,性味归经::性[[平]]；味[[辛、苦]]；归[[肝、脾]]经<br>###功效::① [[破血行气]]；<br>② [[消积止痛]]<br>###主治::① [[主治病证与莪术相同]]；<br>② [[三棱偏于破血，莪术偏于破气]],"用法::煎服，5～10g；醋炙可增强祛瘀止痛功效<br>###注意::<b>「禁用」：</b>月经过多者及孕妇<nr><b>「忌配」：</b>芒硝、玄明粉<br>###常配::三棱6-10g，莪术6-10g，破血行气，消积止痛。三棱破血力强，莪术行气力胜。二者相须，气血同治，破瘀消癥之力峻猛。主治癥瘕积聚、血瘀经闭、心腹瘀痛、食积脘腹胀痛。<br><span style=""color:red"">以上仅供参考</span>"
recvfkNCF2XOXZ,<div style='text-align: center; font-size: 24px;'><b>水蛭</b></div>,第1部分:: 活血化瘀药::破血消癥药,性味归经::性[[平]]；味[[咸苦]]；归[[肝]]经；有小<span style='color: red;'>毒</span><br>###功效::① [[破血通经]]；<br>② [[逐瘀消癥]]<br>###主治::① [[血瘀经闭，癥瘕积聚【*···::常用于瘀滞重症*】]]；<br>② [[中风偏瘫，跌打损伤，瘀滞心腹疼痛]],"用法::煎服，1～3g；研末，0.3～0.5g<br>###注意::<b>「禁用」：</b>孕妇及月经过多者<br>###常配::水蛭1-3g(研末冲服)，虻虫0.6-1.5g(研末冲服)破血逐瘀，消癥散积。二者均为破血逐瘀之峻品，力猛性峻，搜剔沉痼。主治瘀血内停之重症，如干血痨、血瘀经闭、癥瘕痞块、蓄血发狂。<br><span style=""color:red"">以上仅供参考</span>"
recvfkNCF2IQIO,<div style='text-align: center; font-size: 24px;'><b>斑蝥</b></div>,第1部分:: 活血化瘀药::破血消癥药,性味归经::性[[热]]；味[[辛]]；归[[肝、肾、胃]]经<br>###功效::① [[破血逐瘀]]；<br>② [[散结消癥]]；<br>③ [[攻毒蚀疮]]；<br>④ [[助生毛发]]<br>###主治::① [[血瘀经闭，癥瘕积聚【*···::破血通经*】]]；<br>② [[顽癣，瘰疬，赘疣，痈疽不溃，恶疮死肌]]；<br>③ [[面瘫，风湿痹痛【*···::外敷发泡*】]]；<br>④ [[斑秃【*···::酒浸外涂*】]],用法::内服多入丸散，0.03~0.06g，内服宜糯米炒，或配青黛、丹参；外用适量，研末或浸酒醋，或制油涂敷，不可大面积使用<br>###注意::有大毒。外用刺激皮肤黏膜，引起发红、灼热、起泡<nr><b>「慎用」：</b>内服<nr><b>「忌用」：</b>体虚及孕妇<br>###
recvfkNCF25RCb,<div style='text-align: center; font-size: 24px;'><b>虻虫</b></div>,第2部分:: 活血化瘀药::破血消癥药,性味归经::性[[微寒]]；味[[苦]]；归[[肝]]经；有小<span style='color: red;'>毒</span><br>###功效::① [[破血逐瘀]]；<br>② [[消癥散积]]<br>###主治::① [[癥瘕积聚，血瘀经闭【*···::瘀血重症*】]]；<br>② [[跌打损伤，瘀滞肿痛]],"用法::煎服，1~1.5g；研末，0.3g<br>###注意::<b>「禁用」：</b>1. 孕妇；<br><b>「不宜使用」：</b>1. 体虚无瘀、腹泻；<br>###常配::水蛭1-3g(研末冲服)，虻虫0.6-1.5g(研末冲服)破血逐瘀，消癥散积。二者均为破血逐瘀之峻品，力猛性峻，搜剔沉痼。主治瘀血内停之重症，如干血痨、血瘀经闭、癥瘕痞块、蓄血发狂。<br><span style=""color:red"">以上仅供参考</span>"
recvfkNCF2jeoX,<div style='text-align: center; font-size: 24px;'><b>半夏</b></div>,第1部分:: 化痰止咳平喘药::温化寒痰药,性味归经::性[[辛温]]；味[[辛]]；归[[脾、胃、肺]]经；有<span style='color: red;'>毒</span><br>###功效::① [[燥湿化痰]]；<br>② [[降逆止呕]]；<br>③ [[消痞散结]]；<br>④ [[外用消肿止痛]]<br>###主治::① [[湿痰寒痰，咳喘痰多，痰饮眩悸，风痰眩晕，痰厥头痛]]；<br>② [[胃气上逆，呕吐反胃【*···::各种呕吐均可，痰饮或胃寒尤宜*】]]；<br>③ [[胸闷痞满，胸痹结胸，梅核气]]；<br>④ [[瘰疬瘿瘤，痈疽肿毒，毒蛇咬伤]]；<br>⑤ [[痰盛胃气不和之夜寐不安【*···::温化寒痰、止呕要药。善治湿痰。法半夏主治痰多咳喘，痰饮眩悸，风痰眩晕，痰厥头痛]]；<br>⑥ [[姜半夏主治痰饮呕吐，胃脘痞满]]；<br>⑦ [[清半夏主治湿痰咳嗽，胃脘痞满，痰涎凝聚，咯吐不出*】]],"用法::煎服，3～9g；外用适量，磨汁或研末调敷；姜半夏温中化痰，降逆止呕；法半夏燥湿化痰；清半夏燥湿化痰；生品内服宜慎，生品外用，内服制用<br>###注意::性温燥<br><b>「慎用」：</b>1. 阴虚燥咳；2. 血证；3. 热痰；4. 燥痰；<br><b>「忌配」：</b>1. 乌头类（川乌，草乌，附子）；<br>###常配::半夏6-12g，陈皮6-12g燥湿化痰，理气和胃（二陈汤核心）。半夏燥湿降逆，陈皮理气化痰。主治湿痰咳嗽、痰多清稀色白、胸膈痞闷、恶心呕吐。<br>陈皮6-12g，半夏6-12g，理气燥湿，化痰和胃（二陈汤核心）。陈皮理气健脾，半夏燥湿化痰。二者合用，气顺痰消，脾运湿化。主治湿痰内阻之咳嗽痰多、色白易咯、胸脘痞闷、恶心呕吐。<br>半夏6-12g，茯苓12-30g化痰利湿，降逆和胃。半夏燥湿化痰，茯苓渗湿健脾，使湿去痰无以生。主治痰湿内停之咳嗽痰多、呕吐眩悸、心悸失眠。<br><span style=""color:red"">以上仅供参考</span>"
recvfkNCF2pOQL,<div style='text-align: center; font-size: 24px;'><b>天南星</b></div>,第1部分:: 化痰止咳平喘药::温化寒痰药,性味归经::性[[温]]；味[[苦辛]]；归[[肺肝脾]]经；有<span style='color: red;'>毒</span><br>###功效::① [[燥湿化痰]]；<br>② [[祛风止痉]]；<br>③ [[散结消肿]]；<br>④ [[止痛]]<br>###主治::① [[顽痰咳喘，胸膈胀闷]]；<br>② [[风痰眩晕，中风痰壅，口眼歪斜，半身不遂，癫痫，惊风，破伤风]]；<br>③ [[痈疽肿痛，瘰疬痰核，蛇虫咬伤]]；<br>④ [[风湿痹证，跌打损伤疼痛【*···::祛风痰要药*】]],用法::煎服，3~9g，内服宜制用；生品外用适量，研末以酒或醋调敷<br>###注意::<b>「慎用」：</b>1. 生品内服宜慎；2. 阴虚燥痰及孕妇；<br>###
recvfkNCF25EO3,<div style='text-align: center; font-size: 24px;'><b>白附子</b></div>,第1部分:: 化痰止咳平喘药::温化寒痰药,"性味归经::性[[温]]；味[[辛、甘]]；归[[胃、肝]]经；有<span style='color: red;'>毒</span><br>###功效::① [[燥湿化痰]]；<br>② [[祛风止痉]]；<br>③ [[止痛]]；<br>④ [[解毒]]；<br>⑤ [[散结]]<br>###主治::① [[中风痰壅，口眼歪斜，语言謇涩，惊风癫痫，破伤风【*···::祛风痰，定惊搐而解痉*】]]；<br>② [[偏正头痛，痰厥头痛]]；<br>③ [[瘰疬痰核，毒蛇咬伤，痈疽肿毒【*···::""祛风痰常用，逐头面风痰""*】]]",用法::煎服，3~6g；研末服，0.5~1g；内服多制用，生品内服宜慎；外用生品适量，捣烂、熬膏或研末以酒调敷患处<br>###注意::<b>「不宜使用」：</b>1. 阴虚、血虚动风，或热盛动风者；<br><b>「慎用」：</b>1. 孕妇；<br>###
recvfkNCF2hKR3,<div style='text-align: center; font-size: 24px;'><b>芥子</b></div>,第1部分:: 化痰止咳平喘药::温化寒痰药,性味归经::性[[温]]；味[[辛]]；归[[肺]]经<br>###功效::① [[温肺豁痰]]；<br>② [[利气散结]]；<br>③ [[通络止痛]]<br>###主治::① [[寒痰喘咳，悬饮胸胁胀痛]]；<br>② [[痰滞经络，肢体麻木疼痛，关节肿痛，痰湿流注，痈疽肿毒]]；<br>③ [[冷哮日久【*···::外敷穴位，善散皮里膜外之痰*】]],用法::煎服，3~9g，不宜久煎；用量不可过大，易引起腹泻；外用有发泡作用<br>###注意::辛温走散，耗气伤阴。<br><b>「忌用」：</b>1. 久咳肺虚、阴虚火旺（气虚阴亏）；2. 消化道溃疡、出血者；3. 皮肤过敏；<br>###
recvfkNCF2IYfe,<div style='text-align: center; font-size: 24px;'><b>旋覆花</b></div>,第1部分:: 化痰止咳平喘药::温化寒痰药,性味归经::性[[微温]]；味[[苦辛咸]]；归[[肺脾胃大肠]]经<br>###功效::① [[降气消痰]]；<br>② [[行水止呕]]；<br>③ [[活血通络]]<br>###主治::① [[痰饮壅肺或痰饮蓄结证，风寒咳嗽，胸膈痞闷，喘咳痰多]]；<br>② [[呕吐噫气，心下痞硬]]；<br>③ [[气血不和胸胁痛]],用法::煎服3~9g；包煎<br>###注意::<b>「忌用」：</b>1. 阴虚劳嗽；2. 津伤燥咳；<br>###
recvfkNCF2DOR8,<div style='text-align: center; font-size: 24px;'><b>白前</b></div>,第1部分:: 化痰止咳平喘药::温化寒痰药,性味归经::性[[微温]]；味[[辛、苦]]；归[[肺]]经<br>###功效::① [[降气]]；<br>② [[消痰]]；<br>③ [[止咳]]<br>###主治::① [[肺气壅实，咳嗽痰多，胸满喘急【*···::性微温而不燥烈，长于祛痰，降肺气以平咳喘，无论属寒属热、外感内伤、新嗽久咳均可用之，尤以痰湿或寒痰阻肺、肺气失降者为宜*】]],"用法::煎服，3~10g；或入丸散<br>###注意::<b>「不宜使用」：</b>1. 肺虚干咳者；<br>###常配::百部6-12g，白前6-12g润肺降气，化痰止咳。百部润肺杀虫，白前降气祛痰。主治肺气壅实之咳嗽气逆、痰多不爽，尤宜于久咳、顿咳（百日咳）。<br><span style=""color:red"">以上仅供参考</span>"
recvfkNCF2SWN2,<div style='text-align: center; font-size: 24px;'><b>皂荚</b></div>,第2部分:: 化痰止咳平喘药::温化寒痰药,性味归经::性[[温]]；味[[辛咸]]；归[[肺、大肠]]经；有小<span style='color: red;'>毒</span><br>###功效::① [[祛痰开窍]]；<br>② [[散结消肿]]；<br>③ [[祛风杀虫]]；<br>④ [[止痒]]<br>###主治::① [[中风口噤，昏迷不醒，癫痫痰盛，关窍不通，痰阻喉痹]]；<br>② [[顽痰喘咳，咳痰不爽【*···::稠痰黏肺*】]]；<br>③ [[大便燥结【*···::通肺及大肠气*】]]；<br>④ [[疮痈疖肿，皮癣]],用法::1~1.5g，多入丸散；外用适量，研末吹鼻取嚏或研末调敷患处<br>###注意::1. 内服剂量不宜过大，过量易引起呕吐、腹泻；<br><b>「不宜使用」：</b>1. 非顽痰实证体壮者；<br><b>「忌用」：</b>1. 气虚阴亏，孕妇，有咯血、吐血出血倾向者；<br>###
recvfkNCF2yj2O,<div style='text-align: center; font-size: 24px;'><b>桔梗</b></div>,第1部分:: 化痰止咳平喘药::清化热痰药,"性味归经::性[[平]]；味[[苦辛]]；归[[肺]]经<br>###功效::① [[宣肺祛痰]]；<br>② [[利咽排脓]]；<br>③ [[载药上行]]<br>###主治::① [[咳嗽痰多，咯痰不爽，胸闷不畅]]；<br>② [[咽喉肿痛，失音喑哑【*···::利咽开音*】]]；<br>③ [[肺痈吐脓]]；<br>④ [[癃闭，便秘【*···::开宣肺气通利二便，""肺经气分、肺痈要药""*】]]","用法::煎服3~10g；用量大易致恶心呕吐<br>###注意::本品性升散<br><b>「不宜使用」：</b>1. 凡气机上逆之呕吐，呛咳，眩晕，及阴虚火旺咯血；<br>###常配::桔梗6-12g，甘草6-12g宣肺利咽，化痰排脓（桔梗汤/甘桔汤）。桔梗开提肺气，祛痰排脓；甘草清热解毒，缓急止痛。主治咽喉肿痛、咳嗽痰多、肺痈胸痛。<br><span style=""color:red"">以上仅供参考</span>"
recvfkNCF2kxUJ,<div style='text-align: center; font-size: 24px;'><b>川贝母</b></div>,第1部分:: 化痰止咳平喘药::清化热痰药,性味归经::性[[微寒]]；味[[苦甘]]；归[[肺心]]经<br>###功效::① [[清热润肺]]；<br>② [[化痰止咳]]；<br>③ [[散结消痈]]<br>###主治::① [[肺热肺燥、肺虚咳嗽，阴虚劳嗽，干咳少痰，痰中带血【*···::性凉而甘兼润肺，尤其用于肺虚内伤久咳，燥痰、痰热咳嗽*】]]；<br>② [[瘰疬，乳痈，肺痈，疮痈肿毒]],"用法::煎服3～10g；研粉冲服，每次1～2g<br>###注意::<b>「忌用」：</b>1. 寒痰，湿痰；<br><b>「忌配」：</b>1. 乌头类（川乌，草乌，附子）；<br>###常配::知母6-12g，川贝母3-9g(研粉冲服)或浙贝母6-12g.清热化痰，润肺止咳（二母散）。知母善清肺胃实热，贝母功专化痰止咳。主治肺热燥咳、痰黄黏稠，或阴虚劳嗽。川贝偏润，浙贝偏泻。<br><span style=""color:red"">以上仅供参考</span>"
recvfkNCF2gZKq,<div style='text-align: center; font-size: 24px;'><b>浙贝母</b></div>,第1部分:: 化痰止咳平喘药::清化热痰药,性味归经::性[[寒]]；味[[苦]]；归[[肺、心]]经<br>###功效::① [[清热化痰]]；<br>② [[止咳]]；<br>③ [[解毒]]；<br>④ [[散结消痈]]<br>###主治::① [[风热咳嗽，痰热咳嗽]]；<br>② [[瘰疬，瘿瘤，疮毒，肺痈，乳痈【*···::功似川贝偏苦泄，善清热化痰，开郁散结*】]],"用法::煎服，5~10g<br>###注意::<b>「参考」：</b>同川贝母<br>###常配::知母6-12g，川贝母3-9g(研粉冲服)或浙贝母6-12g.清热化痰，润肺止咳（二母散）。知母善清肺胃实热，贝母功专化痰止咳。主治肺热燥咳、痰黄黏稠，或阴虚劳嗽。川贝偏润，浙贝偏泻。<br>川/浙贝母6-12g，全瓜蒌10-20g清热化痰，宽胸散结。贝母清热化痰，开郁散结；瓜蒌清热涤痰，宽胸散结。主治痰热互结之咳嗽痰黄、胸膈痞满、瘰疬痰核。<br><span style=""color:red"">以上仅供参考</span>"
recvfkNCF2hyUx,<div style='text-align: center; font-size: 24px;'><b>瓜蒌</b></div>,第1部分:: 化痰止咳平喘药::清化热痰药,"性味归经::性[[寒]]；味[[甘、微苦]]；归[[肺、胃、大肠]]经<br>###功效::① [[清热涤痰]]；<br>② [[宽胸散结]]；<br>③ [[润燥滑肠]]<br>###主治::① [[痰热咳喘，肺热咳嗽，痰浊黄稠【*···::清肺热、润肺燥而化热痰、燥痰*】]]；<br>② [[胸痹心痛，结胸痞满【*···::""治胸痹要药""*】]]；<br>③ [[肺痈，肠痈，乳痈]]；<br>④ [[肠燥便秘]]","用法::煎服，9~15g<br>###注意::<b>「忌用」：</b>脾虚便溏者及湿痰、寒痰者<br><b>「忌配」：</b>反乌头类（川乌、草乌、附子）<br>###常配::川/浙贝母6-12g，全瓜蒌10-20g清热化痰，宽胸散结。贝母清热化痰，开郁散结；瓜蒌清热涤痰，宽胸散结。主治痰热互结之咳嗽痰黄、胸膈痞满、瘰疬痰核。<br>薤白6-12g，全瓜蒌10-20g，通阳散结，行气化痰（瓜蒌薤白白酒汤核心）。薤白辛温通阳，豁痰下气；瓜蒌宽胸理气，涤痰散结。主治胸阳不振、痰阻气机之胸痹证，症见胸闷、心痛、喘息短气。<br><span style=""color:red"">以上仅供参考</span>"
recvfkNCF2Qc5x,<div style='text-align: center; font-size: 24px;'><b>胆南星</b></div>,第1部分:: 化痰止咳平喘药::清化热痰药,性味归经::性[[凉]]；味[[苦微辛]]；归[[肺、肝、脾]]经<br>###功效::① [[清热化痰]]；<br>② [[息风定惊]]<br>###主治::① [[痰热咳嗽，咳痰黄稠]]；<br>② [[中风痰迷，癫狂痫病，惊风]],用法::煎服，3~6g<br>###
recvfkNCF22UfB,<div style='text-align: center; font-size: 24px;'><b>竹茹</b></div>,第1部分:: 化痰止咳平喘药::清化热痰药,性味归经::性[[微寒]]；味[[甘]]；归[[肺、胃、心、胆]]经<br>###功效::① [[清热化痰]]；<br>② [[除烦止呕]]；<br>③ [[安胎]]；<br>④ [[凉血止血]]<br>###主治::① [[肺热咳嗽，痰热咳嗽]]；<br>② [[痰火内扰烦躁，胆火夹痰，惊悸不宁，心烦失眠]]；<br>③ [[中风痰迷，舌强不语]]；<br>④ [[胃热呕吐，妊娠恶阻，胎动不安]]；<br>⑤ [[吐血，衄血，尿血，崩漏]]；<br>⑥ [[伤暑烦渴不止]],用法::煎服，5~10g；生用可清热化痰；姜汁炙用止呕力强<br>###注意::<b>「不宜用」：</b>1. 寒痰咳嗽；2. 胃寒呕吐<br>###
recvfkNCF28rUZ,<div style='text-align: center; font-size: 24px;'><b>竹沥</b></div>,第2部分:: 化痰止咳平喘药::清化热痰药,性味归经::性[[寒]]；味[[甘]]；归[[心肺肝]]经<br>###功效::① [[清热豁痰]]；<br>② [[定惊利窍]]<br>###主治::① [[肺热痰壅咳喘【*···::治痰热咳喘，痰稠难咯，顽痰胶结者最宜*】]]；<br>② [[中风痰迷，痰热惊痫，小儿惊风，癫狂【*···::走窍逐痰，通达内外*】]],用法::冲服，30～50毫升<br>###注意::<b>「药性」：</b>性寒滑利<br><b>「忌用」：</b>寒痰及脾胃虚寒便溏者<br>###
recvfkNCF2I8Vo,<div style='text-align: center; font-size: 24px;'><b>天竺黄</b></div>,第2部分:: 化痰止咳平喘药::清化热痰药,性味归经::性[[寒]]；味[[甘]]；归[[心、肝]]经<br>###功效::① [[清热豁痰]]；<br>② [[凉心定惊]]<br>###主治::① [[热病神昏]]；<br>② [[中风痰壅]]；<br>③ [[痰热癫痫]]；<br>④ [[小儿痰热惊风]]；<br>⑤ [[抽搐夜啼【*···::清心定惊良药*】]],用法::煎服，3~9g；研末，0.6~1g<br>###注意::<b>「忌用」：</b>1. 寒痰者；2. 湿痰者<br>###
recvfkNCF2hs6Q,<div style='text-align: center; font-size: 24px;'><b>前胡</b></div>,第2部分:: 化痰止咳平喘药::清化热痰药,性味归经::性[[微寒]]；味[[苦辛]]；归[[肺]]经<br>###功效::① [[降气化痰]]；<br>② [[散风清热]]<br>###主治::① [[痰热阻肺所致痰热咳喘、咳痰黄稠]]；<br>② [[风热咳嗽痰多【*···::止咳*】]]；<br>③ [[麻疹初起、透发不畅兼有咳嗽]],用法::煎服，3～10g<br>###注意::<b>「配伍禁忌」：</b>1. 畏藜芦；2. 恶皂荚（见于人卫二版）<br>###
recvfkNCF28oyP,<div style='text-align: center; font-size: 24px;'><b>胖大海</b></div>,第2部分:: 化痰止咳平喘药::清化热痰药,性味归经::性[[寒]]；味[[甘]]；归[[肺、大肠]]经<br>###功效::① [[清热润肺]]；<br>② [[利咽开音]]；<br>③ [[润肠通便]]<br>###主治::① [[肺热声哑，干咳无痰，咽喉肿痛]]；<br>② [[肠燥便秘，头痛目赤]],用法::沸水泡服或煎服，2～3枚<br>###
recvfkNCF2eMex,<div style='text-align: center; font-size: 24px;'><b>海藻</b></div>,第2部分:: 化痰止咳平喘药::清化热痰药,性味归经::性[[寒]]；味[[苦咸]]；归[[肝、胃、肾]]经<br>###功效::① [[消痰软坚散结]]；<br>② [[利水消肿]]<br>###主治::① [[瘿瘤，瘰疬，睾丸肿痛]]；<br>② [[脚气浮肿，痰饮水肿]],用法::煎服，6～12g<br>###注意::<b>「不宜用」：</b>脾胃虚寒有湿者<br><b>「忌配」：</b>反甘草<br>###
recvfkNCF2n7YJ,<div style='text-align: center; font-size: 24px;'><b>昆布</b></div>,第2部分:: 化痰止咳平喘药::清化热痰药,性味归经::性[[寒]]；味[[咸]]；归[[肝、胃、肾]]经<br>###功效::① [[消痰软坚]]；<br>② [[散结]]；<br>③ [[利水消肿]]<br>###主治::① [[瘿瘤、瘰疬、睾丸肿痛]]；<br>② [[脚气浮肿、痰饮水肿]],用法::煎服，6~12g<br>###注意::<b>「慎用」：</b>1. 脾胃虚寒者<br>###
recvfkNCF22qEU,<div style='text-align: center; font-size: 24px;'><b>黄药子</b></div>,第2部分:: 化痰止咳平喘药::清化热痰药,性味归经::性[[寒]]；味[[苦]]；归[[肺、肝、心]]经<br>###功效::① [[化痰散结]]；<br>② [[消瘿]]；<br>③ [[清热凉血]]；<br>④ [[解毒]]；<br>⑤ [[止咳平喘]]<br>###主治::① [[瘿瘤，瘰疬]]；<br>② [[疮疡肿毒，咽喉肿痛]]；<br>③ [[毒蛇咬伤]]；<br>④ [[血热出血【*···::解毒凉血最验*】]]；<br>⑤ [[咳嗽，气喘，百日咳]],用法::煎服，4.5~9g（11版）；煎服5~15g（10版）；研末服，1~2g；外用适量，鲜品捣敷，或研末调敷，或磨汁涂<br>###注意::<b>「慎用」：</b>1. 脾胃虚弱及肝肾功能损害者；2. 不宜过量、久服，多服、久服可引起吐泻腹痛等消化道反应，并对肝肾有一定损害<br>###
recvfkNCF2y73R,<div style='text-align: center; font-size: 24px;'><b>海蛤壳</b></div>,第2部分:: 化痰止咳平喘药::清化热痰药,性味归经::性[[寒]]；味[[咸]]；归[[肺、肾、胃]]经<br>###功效::① [[清热化痰]]；<br>② [[软坚散结]]；<br>③ [[制酸止痛]]；<br>④ [[利尿消肿]]；<br>⑤ [[外用收湿敛疮]]<br>###主治::① [[痰火咳嗽，肺热咳喘，胸胁疼痛，痰中带血]]；<br>② [[痰核，瘿瘤，瘰疬]]；<br>③ [[胃痛吐酸]]；<br>④ [[湿疹，烧烫伤【*···::外用*】]]；<br>⑤ [[水湿停滞，水肿，小便不利]],用法::煎服，6~15g，先煎；蛤粉需包煎；入丸散，1~3g；生用可清热化痰、软坚散结；煅用可制酸止痛<br>###注意::<b>「慎用」：</b>1. 脾胃虚寒及气虚寒咳者<br>###
recvfkNCF2yuyR,<div style='text-align: center; font-size: 24px;'><b>海浮石</b></div>,第2部分:: 化痰止咳平喘药::清化热痰药,性味归经::性[[寒]]；味[[咸]]；归[[肺、肾]]经<br>###功效::① [[清肺化痰]]；<br>② [[软坚散结]]；<br>③ [[利尿通淋]]<br>###主治::① [[痰热咳喘【*···::清热化痰*】]]；<br>② [[瘿瘤、瘰疬]]；<br>③ [[血淋、石淋]]；<br>④ [[清金降火，消积块，化老痰]]；<br>⑤ [[善治老痰胶结积块]],用法::煎服，10~15g，打碎先煎<br>###注意::<b>「禁用」：</b>1. 虚寒咳嗽<br>###
recvfkNCF2j7j1,<div style='text-align: center; font-size: 24px;'><b>礞石</b></div>,第2部分:: 化痰止咳平喘药::清化热痰药,性味归经::性[[平]]；味[[甘咸]]；归[[肺、心、肝]]经<br>###功效::① [[坠痰下气]]；<br>② [[平肝镇惊]]；<br>③ [[涤痰消食]]；<br>④ [[软坚消痞]]<br>###主治::① [[实热顽痰胶结，咳逆喘急]]；<br>② [[痰蒙清窍的癫狂，惊风抽搐，烦躁胸闷]]；<br>③ [[痰食积聚，癥积痞块，脘腹疼痛【*···::本品重坠性猛，宜用于痰热内结实证*】]],用法::多入丸散，3～6g；煎服10～15g，布包先煎<br>###注意::<b>「禁用」：</b>1. 脾胃虚寒，气血不足，小儿慢惊；<br><b>「慎用」：</b>1. 孕妇<br>###
recvfkNCF2PXx2,<div style='text-align: center; font-size: 24px;'><b>苦杏仁</b></div>,第1部分:: 化痰止咳平喘药::止咳平喘药,性味归经::性[[微温]]；味[[苦]]；归[[肺、大肠]]经；有小<span style='color: red;'>毒</span><br>###功效::① [[降气止咳平喘]]；<br>② [[润肠通便]]<br>###主治::① [[咳喘诸证，胸满痰多【*···::降中兼宣，治咳喘要药，新久寒热咳嗽均可*】]]；<br>② [[肠燥便秘]]；<br>③ [[湿温初起及暑温夹湿之湿重于热]],用法::煎服，5~10g；打碎生品入煎剂，宜后下<br>###注意::<b>「禁用」：</b>1. 阴虚咳嗽及大便溏泄者；<br><b>「慎用」：</b>1. 婴儿；2. 本品有毒，不宜过量服用<br>###
recvfkNCF2zTj9,<div style='text-align: center; font-size: 24px;'><b>紫苏子</b></div>,第1部分:: 化痰止咳平喘药::止咳平喘药,性味归经::性[[温]]；味[[辛]]；归[[肺、大肠]]经<br>###功效::① [[降气化痰]]；<br>② [[止咳平喘]]；<br>③ [[润肠通便]]<br>###主治::① [[痰壅气逆咳喘【*···::为治痰壅气逆咳喘之要药*】]]；<br>② [[肠燥便秘]],用法::煎服，3～10g<br>###注意::<b>「慎用」：</b>1. 阴虚咳喘及脾虚便溏<br>###
recvfkNCF2aQ8c,<div style='text-align: center; font-size: 24px;'><b>百部</b></div>,第1部分:: 化痰止咳平喘药::止咳平喘药,性味归经::性[[微温]]；味[[甘苦]]；归[[肺]]经<br>###功效::① [[润肺下气]]；<br>② [[止咳]]；<br>③ [[杀虫]]；<br>④ [[灭虱]]<br>###主治::① [[新久咳嗽，顿咳，肺痨咳嗽]]；<br>② [[头虱、体虱及疥癣，蛲虫，阴道滴虫，阴痒【*···::新久寒热咳嗽均可*】]],"用法::煎服，3~9g；外用适量，水煎或酒浸；蜜炙用可润肺止咳，生用可杀虫灭虱<br>###注意::<b>「禁用」：</b>1. 脾虚食少便溏者<br>###常配::百部6-12g，白前6-12g润肺降气，化痰止咳。百部润肺杀虫，白前降气祛痰。主治肺气壅实之咳嗽气逆、痰多不爽，尤宜于久咳、顿咳（百日咳）。<br><span style=""color:red"">以上仅供参考</span>"
recvfkNCF2FLRB,<div style='text-align: center; font-size: 24px;'><b>紫菀</b></div>,第1部分:: 化痰止咳平喘药::止咳平喘药,性味归经::性[[温]]；味[[辛、苦]]；归[[肺]]经<br>###功效::① [[润肺下气]]；<br>② [[化痰止咳]]<br>###主治::① [[咳嗽有痰，痰多喘咳，新久咳嗽，劳嗽咯血]]；<br>② [[新久寒热咳嗽均可]]；<br>③ [[肺气壅塞，咳嗽有痰最宜]],"用法::煎服，5~10g；生用可治外感暴咳；蜜炙可治肺虚久咳<br>###常配::紫菀6-12g，款冬花6-12g润肺化痰，止咳下气。二者性温而不燥，化痰而不峻，为治咳喘之常用对药。无论新久咳嗽、寒热虚实，均可配伍应用。<br><span style=""color:red"">以上仅供参考</span>"
recvfkNCF2jdHR,<div style='text-align: center; font-size: 24px;'><b>款冬花</b></div>,第1部分:: 化痰止咳平喘药::止咳平喘药,性味归经::性[[温]]；味[[辛微苦]]；归[[肺]]经<br>###功效::① [[润肺下气]]；<br>② [[止咳化痰]]<br>###主治::① [[咳嗽有痰]]；<br>② [[痰多喘咳]]；<br>③ [[新久咳嗽]]；<br>④ [[劳嗽咯血]]；<br>⑤ [[长于润肺下气止咳，略具化痰]]；<br>⑥ [[新久寒热咳嗽均可]],"用法::煎服，5～10g；生用主治外感暴咳；蜜炙主治肺虚久咳<br>###常配::紫菀6-12g，款冬花6-12g润肺化痰，止咳下气。二者性温而不燥，化痰而不峻，为治咳喘之常用对药。无论新久咳嗽、寒热虚实，均可配伍应用。<br><span style=""color:red"">以上仅供参考</span>"
recvfkNCF2WtUL,<div style='text-align: center; font-size: 24px;'><b>桑白皮</b></div>,第1部分:: 化痰止咳平喘药::止咳平喘药,性味归经::性[[寒]]；味[[甘]]；归[[肺]]经<br>###功效::① [[泻肺平喘]]；<br>② [[利水消肿]]；<br>③ [[清肝降压]]；<br>④ [[止血]]<br>###主治::① [[肺热咳喘【*···::清泻肺火，兼泻肺中水气而平喘咳*】]]；<br>② [[水肿胀满尿少，面目肌肤浮肿]]；<br>③ [[肝阳肝火偏旺之高血压病，衄血，咯血]],"用法::煎服，6～12g，大剂量可用至30g；生用泻肺利水、平肝清火；蜜炙可治肺虚咳嗽<br>###常配::桑白皮10-15g，地骨皮10-15g清泻肺热，平喘止咳（泻白散）。桑白皮泻肺平喘，地骨皮清肺中伏火。二者相配，清肺热而不伤阴，主治肺热咳喘，症见皮肤蒸热、日晡尤甚、咳嗽气急。<br><span style=""color:red"">以上仅供参考</span>"
recvfkNCF2AWyW,<div style='text-align: center; font-size: 24px;'><b>葶苈子</b></div>,第1部分:: 化痰止咳平喘药::止咳平喘药,性味归经::性[[大寒]]；味[[辛苦]]；归[[肺、膀胱]]经<br>###功效::① [[泻肺平喘]]；<br>② [[利水消肿]]<br>###主治::① [[痰涎壅盛咳喘，胸胁胀闷，不得平卧【*···::泻肺平喘要药，善泻肺中水饮及痰火*】]]；<br>② [[胸腹积水实证，水肿小便不利]],"用法::煎服，3~10g，包煎；研末，3~6g，炒用可缓其寒性，防止伤胃<br>###注意::<b>「忌用」：</b>1. 虚寒喘促，脾虚肿满者<br>###常配::葶苈子6-12g(包煎)，大枣5-10枚泻肺行水，下气平喘，顾护胃气（葶苈大枣泻肺汤）。葶苈子峻泻肺中痰水，大枣甘缓补中，以防伤正。主治痰水壅肺之喘咳不得卧、胸胁胀满、一身面目浮肿。<br><span style=""color:red"">以上仅供参考</span>"
recvfkNCF2fsTH,<div style='text-align: center; font-size: 24px;'><b>白果</b></div>,第1部分:: 化痰止咳平喘药::止咳平喘药,性味归经::性[[平]]；味[[甘苦涩]]；归[[肺肾]]经<br>###功效::① [[敛肺定喘]]；<br>② [[止带缩尿]]<br>###主治::① [[喘咳气逆，痰多【*···::善于敛肺定喘，且有一定化痰之功，为治哮喘痰嗽之常用药*】]]；<br>② [[带下、白浊，遗尿、尿频【*···::除湿泄浊，收涩止带，固精缩尿止遗]]；<br>③ [[也治肾气不固而梦遗滑精*】]],用法::煎服，5~10g<br>###注意::<b>「注意」：</b>1. 本品有毒，忌生食；2. 小儿尤当注意<br>###
recvfkNCF2YAF9,<div style='text-align: center; font-size: 24px;'><b>马兜铃</b></div>,第2部分:: 化痰止咳平喘药::止咳平喘药,性味归经::性[[微寒]]；味[[苦]]；归[[肺、大肠]]经<br>###功效::① [[清肺降气]]；<br>② [[止咳平喘]]；<br>③ [[清肠消痔]]；<br>④ [[清热平肝]]；<br>⑤ [[降压]]<br>###主治::① [[肺热咳喘，痰中带血【*···::一切肺热燥热咳喘均可用*】]]；<br>② [[肠热痔血，痔疮肿痛]]；<br>③ [[高血压病属肝阳上亢者]],用法::煎服，3~9g；外用适量，煎汤熏洗；蜜炙可治肺虚久咳，生用可用于其他病证<br>###注意::本品含马兜铃酸，长期、大剂量服用可引起肾脏损害；剂量过大易致呕吐<br><b>「慎用」：</b>1. 儿童及老年人<br><b>「禁用」：</b>1. 孕妇、婴幼儿及肾功能不全者<br>###
recvfkNCF2L0I9,<div style='text-align: center; font-size: 24px;'><b>枇杷叶</b></div>,第2部分:: 化痰止咳平喘药::止咳平喘药,性味归经::性[[微寒]]；味[[苦]]；归[[肺、胃]]经<br>###功效::① [[清肺止咳]]；<br>② [[降逆止呕]]；<br>③ [[清胃止渴]]<br>###主治::① [[肺热咳嗽，气逆喘急【*···::长于降泄肺气，清肺化痰以止咳平喘，凡风热燥火所致的咳嗽气喘均可配伍使用*】]]；<br>② [[胃热呕吐，哕逆]]；<br>③ [[烦热口渴【*···::热病口渴，消渴。清胃热，降胃气而止呕逆*】]],用法::煎服，6~10g；鲜品加倍；蜜炙用于止咳；生用用于止呕<br>###
recvfkNCF2HKOA,<div style='text-align: center; font-size: 24px;'><b>洋金花</b></div>,第2部分:: 化痰止咳平喘药::止咳平喘药,性味归经::性[[温]]；味[[辛]]；归[[肺、肝]]经；有<span style='color: red;'>毒</span><br>###功效::① [[平喘止咳]]；<br>② [[解痉定痛]]；<br>③ [[麻醉止痛]]<br>###主治::① [[哮喘咳嗽【*···::寒性哮喘尤宜*】]]；<br>② [[心腹疼痛，跌打损伤，风湿痹痛]]；<br>③ [[癫痫及小儿慢惊风]]；<br>④ [[麻醉]],用法::多入丸散，0.3~0.6g；卷烟分次燃吸，每日不超过1.5g；外用适量；麻醉用；有毒，应控制剂量<br>###注意::<b>「禁用」：</b>1. 外感及痰热咳喘、青光眼、高血压、心动过速者、孕妇<br>###
recvfkNCF2B3LR,<div style='text-align: center; font-size: 24px;'><b>朱砂</b></div>,第1部分:: 安神药::重镇安神药,"性味归经::性[[微寒]]；味[[甘]]；归[[心]]经；有<span style='color: red;'>毒</span><br>###功效::① [[清心镇惊]]；<br>② [[安神]]；<br>③ [[明目]]；<br>④ [[解毒]]<br>###主治::① [[心神不宁，心悸易惊，失眠多梦]]；<br>② [[惊风，癫痫发狂【*···::镇惊止痉，宜用于温热病热入心包或痰热内闭，高热烦躁，神昏谵语，惊厥抽搐*】]]；<br>③ [[视物昏花]]；<br>④ [[疮疡肿毒，咽痛口疮，喉痹【*···::""清心镇惊安神要药""*】]]",用法::内服，研末冲服或入丸散，用量0.1~0.5g；外用适量，干掺、调敷或喷喉<br>###注意::<b>「注意」：</b>1. 不宜入煎剂；2. 内服不宜过量或久服；3. 忌火煅，宜水飞入药<br><b>「禁用」：</b>1. 孕妇及肝肾功能不全者<br>###
recvfkNCF2INm2,<div style='text-align: center; font-size: 24px;'><b>磁石</b></div>,第1部分:: 安神药::重镇安神药,"性味归经::性[[寒]]；味[[咸]]；归[[肝、心、肾]]经<br>###功效::① [[镇惊安神]]；<br>② [[平肝潜阳]]；<br>③ [[聪耳明目]]；<br>④ [[纳气平喘]]<br>###主治::① [[心神不宁，惊悸失眠，癫痫]]；<br>② [[肝阳上亢，头晕目眩]]；<br>③ [[视物昏花，耳鸣耳聋]]；<br>④ [[肾虚喘促【*···::益肾，""重镇补益并举""*】]]",用法::煎服，9～30g，打碎入煎；入丸散，每次1～3g；生用可潜阳安神；醋淬可聪耳明目，纳气平喘<br>###注意::<b>「慎用」：</b>1. 脾胃虚弱者；2. 本品为矿石类药物，服后不易消化<br>###
recvfkNCF2QEAA,<div style='text-align: center; font-size: 24px;'><b>龙骨</b></div>,第1部分:: 安神药::重镇安神药,性味归经::性[[平]]；味[[甘涩]]；归[[心、肝]]经<br>###功效::① [[镇惊安神]]；<br>② [[平肝潜阳]]；<br>③ [[收敛固涩]]；<br>④ [[收湿敛疮]]<br>###主治::① [[心神不宁，心悸失眠，惊痫癫狂]]；<br>② [[肝阳眩晕]]；<br>③ [[滑脱诸证：遗精、滑精、遗尿、尿频、崩漏、带下、自汗盗汗，也治大汗不止、脉微欲绝的亡阳证]]；<br>④ [[湿疮湿疹，疮疡久溃不敛]],"用法::煎服，15～30g，打碎先煎；外用适量，煅后研末干掺；生用可镇惊安神、平肝潜阳；煅用可收敛固涩<br>###注意::<b>「慎用」：</b>1. 湿热积滞者<br>###常配::龙骨15-30g(先煎)，牡蛎15-30g(先煎)重镇安神，平肝潜阳，收敛固涩。二者相须为用，镇潜固涩之力强。主治心神不宁之心悸失眠，肝阳上亢之头晕目眩，及滑脱不禁之遗精、盗汗、崩漏。<br><span style=""color:red"">以上仅供参考</span>"
recvfkNCF2JW8B,<div style='text-align: center; font-size: 24px;'><b>琥珀</b></div>,第1部分:: 安神药::重镇安神药,性味归经::性[[平]]；味[[甘]]；归[[心、肝、膀胱]]经<br>###功效::① [[镇惊安神]]；<br>② [[活血散瘀]]；<br>③ [[利尿通淋]]；<br>④ [[止血]]<br>###主治::① [[心神不宁，惊悸失眠，惊风癫痫]]；<br>② [[血滞经闭，心腹刺痛，癥瘕]]；<br>③ [[淋证，癃闭【*···::血淋尤宜*】]],用法::不入煎剂；内服1.5～3g，研末冲服或入丸散；外用适量，忌火煅<br>###注意::<b>「慎用」：</b>1. 阴虚内热者；2. 无瘀滞者<br>###
recvfkNCF2R4nq,<div style='text-align: center; font-size: 24px;'><b>酸枣仁</b></div>,第1部分:: 安神药::养心安神药,性味归经::性[[平]]；味[[甘酸]]；归[[肝、胆、心]]经<br>###功效::① [[养心补肝]]；<br>② [[宁心安神]]；<br>③ [[敛汗]]；<br>④ [[生津]]<br>###主治::① [[虚烦不眠，惊悸多梦，心肝阴血亏虚【*···::养心安神要药*】]]；<br>② [[体虚多汗【*···::体虚自汗、盗汗*】]]；<br>③ [[津伤口渴]],"用法::煎服，10~15g<br>###常配::酸枣仁10-20g(打碎)，柏子仁10-15g(打碎)养心安神，润肠通便。酸枣仁养心阴、益肝血而安神，柏子仁养心气、润肾燥而安神。主治心肝血虚、心神失养之虚烦不眠、惊悸怔忡，及阴虚血少之肠燥便秘。<br><span style=""color:red"">以上仅供参考</span>"
recvfkNCF2tncB,<div style='text-align: center; font-size: 24px;'><b>柏子仁</b></div>,第1部分:: 安神药::养心安神药,性味归经::性[[平]]；味[[甘]]；归[[心、肾、大肠]]经<br>###功效::① [[养心安神]]；<br>② [[润肠通便]]；<br>③ [[滋阴止汗]]<br>###主治::① [[阴血不足，虚烦失眠，心悸怔忡]]；<br>② [[肠燥便秘【*···::阴虚血亏，老年、产后等肠燥便秘*】]]；<br>③ [[阴虚盗汗，小儿惊悸【*···::“平补润燥之品”*】]],"用法::煎服，3～10g<br>###注意::<b>「慎用」：</b>1. 大便溏薄；2. 痰多者<br>###常配::酸枣仁10-20g(打碎)，柏子仁10-15g(打碎)养心安神，润肠通便。酸枣仁养心阴、益肝血而安神，柏子仁养心气、润肾燥而安神。主治心肝血虚、心神失养之虚烦不眠、惊悸怔忡，及阴虚血少之肠燥便秘。<br><span style=""color:red"">以上仅供参考</span>"
recvfkNCF2BoRp,<div style='text-align: center; font-size: 24px;'><b>远志</b></div>,第1部分:: 安神药::养心安神药,性味归经::性[[温]]；味[[辛、苦]]；归[[心、肾、肺]]经<br>###功效::① [[安神益智]]；<br>② [[交通心肾]]；<br>③ [[祛痰开窍]]；<br>④ [[止咳]]；<br>⑤ [[消散痈肿]]<br>###主治::① [[心肾不交引起的失眠多梦，心悸怔忡，健忘，神志恍惚【*···::助心阳气*】]]；<br>② [[癫痫惊狂【*···::祛痰开窍*】]]；<br>③ [[咳嗽痰多不爽【*···::祛痰止咳*】]]；<br>④ [[疮疡肿毒，乳房肿痛，喉痹]]；<br>⑤ [[交通心肾，安定神志，益智强识佳品]],"用法::煎服，3~10g；炙用可增强化痰止咳功效<br>###注意::<b>「慎用」：</b>1. 实热；2. 痰火内盛；3. 有胃溃疡或胃炎者<br>###常配::远志6-12g，石菖蒲6-12g化痰开窍，交通心肾。远志宁心安神、祛痰开窍，石菖蒲化湿豁痰、醒神健脑。主治痰浊蒙蔽清窍之健忘、失眠、神志恍惚，及心肾不交之惊悸<br><span style=""color:red"">以上仅供参考</span>"
recvfkNCF2cVGb,<div style='text-align: center; font-size: 24px;'><b>首乌藤</b></div>,第2部分:: 安神药::养心安神药,性味归经::性[[平]]；味[[甘]]；归[[心、肝]]经<br>###功效::① [[养血安神]]；<br>② [[通经活络]]；<br>③ [[祛风止痒]]<br>###主治::① [[心神不宁，失眠多梦【*···::血虚*】]]；<br>② [[血虚身痛，风湿痹痛]]；<br>③ [[皮肤痒疹【*···::养血祛风止痒*】]],用法::煎服，9～15g；外用适量，煎水洗<br>###
recvfkNCF2HdX4,<div style='text-align: center; font-size: 24px;'><b>合欢皮</b></div>,第2部分:: 安神药::养心安神药,性味归经::性[[平]]；味[[甘]]；归[[心、肝、肺]]经<br>###功效::① [[解郁安神]]；<br>② [[活血消肿]]<br>###主治::① [[心神不安，忧郁失眠【*···::悦心安神要药*】]]；<br>② [[肺痈，疮痈肿毒【*···::消内外痈*】]]；<br>③ [[跌打骨折，血瘀肿痛]],"用法::煎服，6~12g；外用适量，研末调敷<br>###注意::<b>「慎用」：</b>1. 孕妇<br>###常配::合欢皮10-15g，夜交藤15-30g解郁安神，养血通络。合欢皮疏肝解郁安神，夜交藤养心安神通络。主治肝郁血虚、心神不宁之虚烦不眠、多梦健忘，及肢体酸痛。<br><span style=""color:red"">以上仅供参考</span>"
recvfkNCF2d1uR,<div style='text-align: center; font-size: 24px;'><b>灵芝</b></div>,第2部分:: 安神药::养心安神药,性味归经::性[[平]]；味[[甘]]；归[[心、肺、肝、肾]]经<br>###功效::① [[补气安神]]；<br>② [[止咳平喘]]<br>###主治::① [[心神不宁，失眠心悸【*···::气血不足，心神不养*】]]；<br>② [[肺虚咳喘，痰多]]；<br>③ [[虚劳短气，不思饮食]],用法::煎服，6~12g；研末吞服，1.5~3g<br>###
recvfkNCF24D4M,<div style='text-align: center; font-size: 24px;'><b>石决明</b></div>,第1部分:: 平肝息风药::平抑肝阳药,性味归经::性[[寒]]；味[[咸]]；归[[肝]]经<br>###功效::① [[平肝潜阳]]；<br>② [[清肝明目]]；<br>③ [[收敛制酸]]；<br>④ [[止血]]<br>###主治::① [[肝阳上亢，头痛眩晕【*···::长于潜降肝阳，清泄肝热，兼益肝阴，为平肝凉肝之要药，善治肝肾阴虚，阴不制阳而致肝阳上亢之头痛眩晕*】，也治邪热灼阴所致筋脉拘急、手足蠕动、头晕目眩]]；<br>② [[肝阳上亢兼肝火亢盛之头晕头痛、烦躁易怒]]；<br>③ [[目赤翳障，视物昏花，青盲雀目【*···::清肝火、益肝阴，明目退翳，治目疾之常用药*】]]；<br>④ [[疮疡久溃不敛，胃痛泛酸及外伤出血]],"用法::打碎先煎，6~20g；生用可平肝清肝；煅用水飞可外用点眼<br>###注意::<b>「忌用」：</b>1. 脾胃虚寒；2. 食少便溏<br>###常配::石决明15-30g(先煎)，牡蛎15-30g(先煎)平肝潜阳，重镇安神。二者均为介类潜阳之品，相须为用，善潜降肝阳。主治肝阳上亢之头晕目眩、头胀头痛、耳鸣耳聋，及心神不安之惊悸失眠。<br><span style=""color:red"">以上仅供参考</span>"
recvfkNCF2ZhFJ,<div style='text-align: center; font-size: 24px;'><b>牡蛎</b></div>,第1部分:: 平肝息风药::平抑肝阳药,性味归经::性[[微寒]]；味[[咸]]；归[[肝、胆、肾]]经<br>###功效::① [[潜阳补阴]]；<br>② [[重镇安神]]；<br>③ [[软坚散结]]；<br>④ [[收敛固涩]]；<br>⑤ [[制酸止痛]]<br>###主治::① [[肝阳上亢，眩晕耳鸣【*···::水不涵木，阴虚阳亢*】]]；<br>② [[亦治热病日久，灼烁真阴，虚风内动，四肢抽搐【*···::平肝潜阳，益阴*】]]；<br>③ [[心神不宁，惊悸失眠]]；<br>④ [[瘰疬痰核，癥瘕积聚【*···::痞块*】，瘿瘤]]；<br>⑤ [[滑脱诸证：自汗盗汗，遗精滑精，崩漏带下，尿频、遗尿【*···::煅用*】]]；<br>⑥ [[胃痛泛酸【*···::煅用*】]],"用法::打碎先煎，9~30g；煅用可收敛固涩、制酸止痛；生用用于其余功效<br>###注意::不宜多服、久服，因本品易引起便秘和消化不良<br><b>「忌用」：</b>1. 体虚多寒者；2. 湿热实邪者<br>###常配::石决明15-30g(先煎)，牡蛎15-30g(先煎)平肝潜阳，重镇安神。二者均为介类潜阳之品，相须为用，善潜降肝阳。主治肝阳上亢之头晕目眩、头胀头痛、耳鸣耳聋，及心神不安之惊悸失眠。<br>龙骨15-30g(先煎)，牡蛎15-30g(先煎)重镇安神，平肝潜阳，收敛固涩。二者相须为用，镇潜固涩之力强。主治心神不宁之心悸失眠，肝阳上亢之头晕目眩，及滑脱不禁之遗精、盗汗、崩漏。<br><span style=""color:red"">以上仅供参考</span>"
recvfkNCF28B1M,<div style='text-align: center; font-size: 24px;'><b>代赭石</b></div>,第1部分:: 平肝息风药::平抑肝阳药,性味归经::性[[寒]]；味[[苦]]；归[[肝、心、肺、胃]]经<br>###功效::① [[平肝潜阳]]；<br>② [[重镇降逆]]；<br>③ [[凉血止血]]<br>###主治::① [[肝阳上亢，眩晕耳鸣，小儿急慢惊风]]；<br>② [[呕吐，呃逆，噫气【*···::降胃气*】]]；<br>③ [[气逆喘息【*···::降肺平喘*】]]；<br>④ [[血热吐衄，崩漏【*···::降气降火、气火上逆迫血妄行尤宜*】]],用法::打碎先煎；9~30g；入丸散每次1~3g；生用可降逆平肝；煅用可止血<br>###注意::不宜长期服用，因含微量砷<br><b>「慎用」：</b>1. 虚寒证；2. 孕妇<br>###
recvfkNCF25jFo,<div style='text-align: center; font-size: 24px;'><b>珍珠母</b></div>,第2部分:: 平肝息风药::平抑肝阳药,性味归经::性[[寒]]；味[[咸]]；归[[心、肝]]经<br>###功效::① [[平肝潜阳]]；<br>② [[明目退翳]]；<br>③ [[安神定惊]]；<br>④ [[燥湿收敛]]<br>###主治::① [[肝阳上亢，眩晕头痛]]；<br>② [[目赤翳障【*···::清肝明目*】，视物昏花，夜盲]]；<br>③ [[惊悸失眠，心神不宁【*···::镇惊安神*】，或治癫痫、惊风抽搐]]；<br>④ [[外用治湿疮瘙痒，溃疡久不收口，口疮等]]；<br>⑤ [[用珍珠层粉内服可治胃、十二指肠球部溃疡]]；<br>⑥ [[制成眼药膏外用，可治疗白内障、角膜炎及结膜炎等]],用法::打碎先煎，10~25g；入丸散剂；外用适量<br>###注意::<b>「慎用」：</b>1. 脾胃虚寒者；2. 孕妇<br>###
recvfkNCF2oWBQ,<div style='text-align: center; font-size: 24px;'><b>刺蒺藜</b></div>,第2部分:: 平肝息风药::平抑肝阳药,性味归经::性[[微温]]；味[[苦辛]]；归[[肝]]经；有小<span style='color: red;'>毒</span><br>###功效::① [[平抑肝阳]]；<br>② [[疏肝解郁]]；<br>③ [[活血祛风]]；<br>④ [[明目止痒]]<br>###主治::① [[肝阳上亢，头目胀痛]]；<br>② [[肝郁气滞，胸胁胀痛，乳闭胀痛]]；<br>③ [[风热上攻，目赤翳障【*···::眼科常用*】]]；<br>④ [[风疹瘙痒，白癜风]],用法::煎服，6~10g<br>###注意::<b>「慎用」：</b>1. 阴血不足者；2. 孕妇<br>###
recvfkNCF2wxVn,<div style='text-align: center; font-size: 24px;'><b>罗布麻叶</b></div>,第2部分:: 平肝息风药::平抑肝阳药,性味归经::性[[凉]]；味[[甘苦]]；归[[肝]]经<br>###功效::① [[平肝]]；<br>② [[清肝]]；<br>③ [[安神]]；<br>④ [[清热利水]]<br>###主治::① [[肝阳上亢，头晕目眩，心悸失眠]]；<br>② [[水肿尿少【*···::伴有热者*】]],用法::水煎服或开水泡服，6~12g<br>###注意::<b>「慎用」：</b>1.脾虚慢惊者;<br>###
recvfkNCF2V18T,<div style='text-align: center; font-size: 24px;'><b>羚羊角</b></div>,第1部分:: 平肝息风药::息风止痉药,"性味归经::性[[寒]]；味[[咸]]；归[[肝、心]]经<br>###功效::① [[息风止痉]]；<br>② [[平肝潜阳]]；<br>③ [[清肝明目]]；<br>④ [[清热解毒]]；<br>⑤ [[清肺止咳]]<br>###主治::① [[肝风内动，惊痫抽搐【*···::""要药""*】，妊娠子痫，高热痉厥，癫痫发狂]]；<br>② [[肝阳上亢，头晕目眩]]；<br>③ [[肝火上炎，目赤翳障]]；<br>④ [[温热病壮热神昏，热毒发斑【*···::心*】]]；<br>⑤ [[痈肿疮毒]]；<br>⑥ [[肺热咳喘]]；<br>⑦ [[热极生风所致的高热神昏，惊厥抽搐尤宜]]","用法::煎服，1~3g，宜另煎2小时以上；磨汁或研粉服，0.3~0.6g/次<br>###注意::<b>「忌用」：</b>1.脾虚慢惊者;<br>###常配::羚羊角0.3-0.6g(磨粉冲服)，钩藤10-15g(后下)凉肝熄风，清热止痉（羚角钩藤汤核心）。羚羊角咸寒，凉肝熄风之力强；钩藤甘凉，平肝清热定惊。主治温热病热入厥阴、肝热风动之高热神昏、痉厥抽搐。<br><span style=""color:red"">以上仅供参考</span>"
recvfkNCF2LNGW,<div style='text-align: center; font-size: 24px;'><b>牛黄</b></div>,第1部分:: 平肝息风药::息风止痉药,性味归经::性[[凉]]；味[[苦]]；归[[肝、心]]经<br>###功效::① [[凉肝息风]]；<br>② [[清心豁痰]]；<br>③ [[开窍醒神]]；<br>④ [[清热解毒]]<br>###主治::① [[温热病及小儿急惊风，热盛动风，惊厥抽搐，癫痫发狂【*···::清心凉肝、息风止痉*】]]；<br>② [[热闭神昏，口噤，中风痰迷，痰鸣]]；<br>③ [[咽喉肿痛，溃烂，口舌生疮及痈疽疔毒]],"用法::入丸散；0.15～0.35g/次；外用适量，研末敷患处<br>###注意::<b>「慎用」：</b>1.孕妇；2.非实热证;<br>###常配::麝香0.03-0.1g(入丸散)，冰片0.15-0.3g(入丸散)开窍醒神，辟秽化浊。二者皆为芳香走窜之品，相须为用，开窍回苏之力极强。主治中风、痰厥、热病等所致的神昏窍闭，多入丸散剂，如安宫牛黄丸。<br><span style=""color:red"">以上仅供参考</span>"
recvfkNCF2EtEh,<div style='text-align: center; font-size: 24px;'><b>钩藤</b></div>,第1部分:: 平肝息风药::息风止痉药,性味归经::性[[微寒]]；味[[甘]]；归[[肝、心包]]经<br>###功效::① [[息风定惊]]；<br>② [[止痉]]；<br>③ [[清肝平肝]]；<br>④ [[疏风散热]]<br>###主治::① [[肝风内动，惊痫抽搐，高热惊厥，尤宜于热极生风、四肢抽搐及小儿高热惊厥，可治小儿急惊风、壮热神昏、牙关紧闭、手足抽搐、妊娠子痫等]]；<br>② [[头痛眩晕，可清肝平肝，治肝火上攻或肝阳上亢之头胀头痛、眩晕]]；<br>③ [[感冒夹惊、小儿惊啼、夜啼，可清透热邪、定惊止痛]]；<br>④ [[外感风热，头痛目赤及斑疹透发不畅]],"用法::煎服，3～12g，后下<br>###注意::<b>「忌用」：</b>1.无火者;<br><b>「慎用」：</b>1.脾胃虚寒；2.慢惊风者;<br>###常配::天麻6-12g(后下)，钩藤10-15g(后下)平肝熄风，清热定眩。天麻平肝潜阳，祛风通络；钩藤清热平肝，息风止痉。主治肝阳上亢之头晕目眩、头痛耳鸣，及热盛动风之惊痫抽搐。<br>羚羊角0.3-0.6g(磨粉冲服)，钩藤10-15g(后下)凉肝熄风，清热止痉（羚角钩藤汤核心）。羚羊角咸寒，凉肝熄风之力强；钩藤甘凉，平肝清热定惊。主治温热病热入厥阴、肝热风动之高热神昏、痉厥抽搐。<br><span style=""color:red"">以上仅供参考</span>"
recvfkNCF2k8AM,<div style='text-align: center; font-size: 24px;'><b>天麻</b></div>,第1部分:: 平肝息风药::息风止痉药,性味归经::性[[平]]；味[[甘]]；归[[肝]]经<br>###功效::① [[息风止痉]]；<br>② [[平抑肝阳]]；<br>③ [[祛风通络]]；<br>④ [[止痛]]<br>###主治::① [[肝风内动，小儿急慢惊风，癫痫抽搐，破伤风]]；<br>② [[肝阳上亢，眩晕，头痛]]；<br>③ [[中风不遂，风湿痹痛，肢体麻木【*···::止眩晕良药、内、外风皆可、不论寒热虚实均可*】]],"用法::煎服，3~10g；研末冲服，1~1.5g/次<br>###常配::天麻6-12g(后下)，钩藤10-15g(后下)平肝熄风，清热定眩。天麻平肝潜阳，祛风通络；钩藤清热平肝，息风止痉。主治肝阳上亢之头晕目眩、头痛耳鸣，及热盛动风之惊痫抽搐。<br><span style=""color:red"">以上仅供参考</span>"
recvfkNCF2ZzoJ,<div style='text-align: center; font-size: 24px;'><b>地龙</b></div>,第1部分:: 平肝息风药::息风止痉药,性味归经::性[[寒]]；味[[咸]]；归[[肝、脾、膀胱]]经<br>###功效::① [[清热定惊]]；<br>② [[息风止痉]]；<br>③ [[通经活络]]；<br>④ [[平喘利尿]]；<br>⑤ [[降压]]<br>###主治::① [[高热神昏，惊痫抽搐，癫狂]]；<br>② [[关节痹痛，肢体麻木，半身不遂]]；<br>③ [[肺热喘咳，痰鸣喘息]]；<br>④ [[水肿尿少或尿闭不通]]；<br>⑤ [[高血压病]],"用法::煎服，5~10g<br>###注意::<b>「忌用」：</b>1.脾胃虚寒无实热者；2.孕妇;<br>###常配::地龙6-12g，僵蚕6-12g清热熄风，通络止痛。地龙清热通络、解痉平喘，僵蚕祛风化痰、定惊止痛。主治高热惊痫抽搐，及风痰瘀阻之头痛、偏瘫、关节肿痛。<br><span style=""color:red"">以上仅供参考</span>"
recvfkNCF2ODm0,<div style='text-align: center; font-size: 24px;'><b>全蝎</b></div>,第1部分:: 平肝息风药::息风止痉药,性味归经::性[[平]]；味[[辛]]；归[[肝]]经；有<span style='color: red;'>毒</span><br>###功效::① [[息风镇痉]]；<br>② [[通络止痛]]；<br>③ [[攻毒散结]]<br>###主治::① [[肝风内动，痉挛抽搐，小儿急慢惊风，中风口㖞，半身不遂，破伤风]]；<br>② [[风湿顽痹，偏正头痛]]；<br>③ [[疮疡肿毒，瘰疬结核【*···::痉挛抽搐要药、内外风兼治*】]],"用法::煎服，3～6g；外用适量<br>###注意::<b>「慎用」：</b>1.不可过量；2.血虚生风者;<br><b>「禁用」：</b>1.孕妇;<br>###常配::全蝎1-3g(研末冲服)，蜈蚣1-3g(研末冲服)熄风止痉，通络止痛，攻毒散结。二者皆为有毒之品，性善走窜，相须为用，为熄风止痉之要药。主治顽固性抽搐（如破伤风、癫痫）、剧烈头痛、痹痛、疮疡肿毒、瘰疬结核。<br><span style=""color:red"">以上仅供参考</span>"
recvfkNCF2c5vO,<div style='text-align: center; font-size: 24px;'><b>蜈蚣</b></div>,第1部分:: 平肝息风药::息风止痉药,性味归经::性[[温]]；味[[辛]]；归[[肝]]经；有<span style='color: red;'>毒</span><br>###功效::① [[息风镇痉]]；<br>② [[通络止痛]]；<br>③ [[攻毒散结]]<br>###主治::① [[肝风内动，痉挛抽搐，小儿急慢惊风，中风口喎，半身不遂，破伤风]]；<br>② [[风湿顽痹，顽固性头痛]]；<br>③ [[疮疡肿毒，瘰疬结核，虫蛇咬伤【*···::内外风兼治，息风镇痉、攻毒散结之力比全蝎强*】]],"用法::煎服，3～5g；外用适量<br>###注意::<b>「慎用」：</b>1.用量不宜过大；2.血虚发痉;<br><b>「禁用」：</b>1.孕妇;<br>###常配::全蝎1-3g(研末冲服)，蜈蚣1-3g(研末冲服)熄风止痉，通络止痛，攻毒散结。二者皆为有毒之品，性善走窜，相须为用，为熄风止痉之要药。主治顽固性抽搐（如破伤风、癫痫）、剧烈头痛、痹痛、疮疡肿毒、瘰疬结核。<br><span style=""color:red"">以上仅供参考</span>"
recvfkNCF2fNLK,<div style='text-align: center; font-size: 24px;'><b>僵蚕</b></div>,第1部分:: 平肝息风药::息风止痉药,性味归经::性[[平]]；味[[咸、辛]]；归[[肝、肺]]经<br>###功效::① [[息风止痉]]；<br>② [[祛风通络]]；<br>③ [[疏风散热]]；<br>④ [[止痛止痒]]；<br>⑤ [[化痰散结]]<br>###主治::① [[肝风夹痰，惊痫抽搐，小儿急慢惊风，破伤风【*···::惊风夹痰热尤宜，内外风均可*】]]；<br>② [[风中经络，口眼㖞斜]]；<br>③ [[风热头痛，目赤咽肿或风疹瘙痒，风虫牙痛]]；<br>④ [[痰核，瘰疬，发颐痄腮，疔肿丹毒【*···::乳痈、疔疮*】]],"用法::煎服，5～10g；散剂每服1～1.5g；生用散风热；制用多用于其他病证<br>###常配::地龙6-12g，僵蚕6-12g清热熄风，通络止痛。地龙清热通络、解痉平喘，僵蚕祛风化痰、定惊止痛。主治高热惊痫抽搐，及风痰瘀阻之头痛、偏瘫、关节肿痛。<br><span style=""color:red"">以上仅供参考</span>"
recvfkNCF2QPZj,<div style='text-align: center; font-size: 24px;'><b>珍珠</b></div>,第2部分:: 平肝息风药::息风止痉药,性味归经::性[[寒]]；味[[甘咸]]；归[[心、肝]]经<br>###功效::① [[安神定惊]]；<br>② [[明目消翳]]；<br>③ [[解毒生肌]]；<br>④ [[润肤祛斑]]<br>###主治::① [[惊悸失眠【*···::心虚有热*】]]；<br>② [[惊风癫痫]]；<br>③ [[目赤翳障，视物不清]]；<br>④ [[口舌生疮，咽喉溃烂，溃疡不敛]]；<br>⑤ [[皮肤色斑]],用法::0.1∼0.3g，多入丸散；外用适量<br>###
recvfkNCF2vUiy,<div style='text-align: center; font-size: 24px;'><b>麝香</b></div>,第1部分:: 开窍药,性味归经::性[[温]]；味[[辛]]；归[[心、脾]]经<br>###功效::① [[开窍醒神]]；<br>② [[活血通经]]；<br>③ [[消肿止痛]]；<br>④ [[催产]]<br>###主治::① [[热病神昏，中风痰厥，气郁暴厥，中恶昏迷【*···::走窜之性甚烈，有极强开窍通闭之功，为醒神回苏之要药，可治各种闭证神昏，寒闭热闭均可用，寒闭神昏尤宜*】]]；<br>② [[可治温病热陷心包、痰热蒙蔽心窍、小儿惊风及中风痰厥等热闭神昏]]；<br>③ [[中风卒昏、中恶胸腹满痛等寒浊或痰湿阻闭心窍之寒闭神昏]]；<br>④ [[血瘀经闭，癥瘕，胸痹心痛，心腹暴痛，跌扑伤痛，风湿痹痛麻木【*···::可行血中之瘀滞，开经络之壅遏，可活血通经止痛，为伤科要药*】]]；<br>⑤ [[痈肿疮疡肿毒，痰核瘰疬，咽喉肿痛【*···::可活血散结，消肿止痛*】]]；<br>⑥ [[难产死胎、胞衣不下【*···::可活血通经、催生下胎*】]],"用法::入丸散，每次0.03~0.1g；外用适量，不宜入煎剂<br>###注意::<b>「禁用」：</b>1. 孕妇<br>###常配::麝香0.03-0.1g(入丸散)，冰片0.15-0.3g(入丸散)开窍醒神，辟秽化浊。二者皆为芳香走窜之品，相须为用，开窍回苏之力极强。主治中风、痰厥、热病等所致的神昏窍闭，多入丸散剂，如安宫牛黄丸。<br><span style=""color:red"">以上仅供参考</span>"
recvfkNCF2PkLo,<div style='text-align: center; font-size: 24px;'><b>石菖蒲</b></div>,第1部分:: 开窍药,性味归经::性[[温]]；味[[辛苦]]；归[[心、胃]]经<br>###功效::① [[开窍豁痰]]；<br>② [[醒神益智]]；<br>③ [[化湿和胃]]；<br>④ [[辟秽]]<br>###主治::① [[痰蒙清窍，神昏癫痫【*···::辟秽开窍醒神，善治痰湿秽浊之邪蒙蔽清窍*】]]；<br>② [[健忘失眠，耳鸣耳聋，心悸眩晕嗜睡【*···::宁心安神益智、聪耳明目*】]]；<br>③ [[湿阻中焦，胸闷脘痞不饥，噤口下痢【*···::化湿醒脾和胃*】]]；<br>④ [[声音嘶哑，痈疽疮疡，风湿痹痛，跌打伤痛【*···::第八版教材记载*】]],"用法::煎服，3~10g；鲜品加倍；外用适量<br>###常配::远志6-12g，石菖蒲6-12g化痰开窍，交通心肾。远志宁心安神、祛痰开窍，石菖蒲化湿豁痰、醒神健脑。主治痰浊蒙蔽清窍之健忘、失眠、神志恍惚，及心肾不交之惊悸<br>郁金6-12g，石菖蒲6-12g解郁化痰，开窍醒神。郁金清心解郁，石菖蒲化痰开窍。主治痰热蒙蔽心包之神昏谵语、癫狂痫证，及湿温病湿浊蒙蔽清窍之神识昏蒙<br>薢10-15g，石菖蒲6-12g，利湿化浊，分清祛浊（萆薢分清饮意）。萆薢利湿分清化浊，石菖蒲芳香化浊开窍。主治下焦湿浊所致之膏淋、白浊，症见小便混浊如米泔、频数无痛。<br><span style=""color:red"">以上仅供参考</span>"
recvfkNCF2w1LN,<div style='text-align: center; font-size: 24px;'><b>冰片</b></div>,第2部分:: 开窍药,性味归经::性[[微寒]]；味[[辛苦]]；归[[心、脾、肺]]经<br>###功效::① [[开窍醒神]]；<br>② [[清热止痛]]；<br>③ [[解毒生肌]]<br>###主治::① [[闭证神昏，惊厥，中风痰厥，气郁暴厥，中恶昏迷【*···::宜用于热病神昏，若治寒闭应配伍温开药*】]]；<br>② [[胸痹心痛]]；<br>③ [[目赤肿痛，喉痹【*···::咽喉肿痛*】，口疮，耳道流脓]]；<br>④ [[疮疡肿痛，久溃不敛，水火烫伤]],"用法::不宜入煎剂；入丸散，0.15~0.3g/次；外用适量，研粉敷患处<br>###注意::<b>「慎用」：</b>1. 孕妇<br>###常配::麝香0.03-0.1g(入丸散)，冰片0.15-0.3g(入丸散)开窍醒神，辟秽化浊。二者皆为芳香走窜之品，相须为用，开窍回苏之力极强。主治中风、痰厥、热病等所致的神昏窍闭，多入丸散剂，如安宫牛黄丸。<br><span style=""color:red"">以上仅供参考</span>"
recvfkNCF2CcFB,<div style='text-align: center; font-size: 24px;'><b>苏合香</b></div>,第2部分:: 开窍药,性味归经::性[[温]]；味[[辛]]；归[[心、脾]]经<br>###功效::① [[开窍醒神]]；<br>② [[辟秽止痛]]<br>###主治::① [[中风痰厥，猝然昏倒，惊痫【*···::寒闭/痰闭神昏，长于温通、辟秽*】]]；<br>② [[胸痹心痛，胸腹冷痛，满闷【*···::化浊开郁，祛寒止痛*】]]；<br>③ [[冻疮]],用法::不入煎剂，入丸散；0.3~1g，外用适量<br>###
recvfkNCF2A2ML,<div style='text-align: center; font-size: 24px;'><b>人参</b></div>,第1部分:: 补益药::补气药,性味归经::性[[微温]]；味[[甘、微苦]]；归[[肺、脾、心、肾]]经<br>###功效::① [[大补元气]]；<br>② [[复脉固脱]]；<br>③ [[补脾益肺]]；<br>④ [[生津养血]]；<br>⑤ [[安神益智]]；<br>⑥ [[扶正祛邪]]<br>###主治::① [[元气虚极欲脱证，肢冷脉微]]；<br>② [[肺脾气虚，脾虚食少，肺虚喘咳]]；<br>③ [[热病气虚，津伤口渴及消渴证]]；<br>④ [[阳痿，宫冷【*···::益肾气，助肾阳*】，肾不纳气或肺肾两虚，短气喘促]]；<br>⑤ [[气血亏虚，久病虚羸]]；<br>⑥ [[心气不足，心悸失眠健忘]]；<br>⑦ [[气虚外感或里实热结正虚]]；<br>⑧ [[补气第一要药]]；<br>⑨ [[大补元气之品，拯救危脱要药]]；<br>⑩ [[补元脾肺心肾气+生津+补血]]；<br>⑪ [[治男、妇一切虚证]],"用法::另煎兑服，3～9g；研粉吞服，2g/次，2次/日；挽救虚脱可用15～30g；生晒参性平，多用于气阴不足者；红参性偏温，多用于阳气虚弱者<br>###注意::<b>「忌配」：</b>1. 藜芦、五灵脂<br><b>「忌用」：</b>1. 实证、热证而正气不虚者<br>###常配::人参3-9g(另炖)，黄芪9-30g大补元气，健脾升阳。人参善补五脏元气，黄芪善补脾肺之气而升阳。二者相须，补气之力极强。主治气虚诸证，如神疲乏力、少气懒言、食少便溏、中气下陷、气短喘促。<br><span style=""color:red"">以上仅供参考</span>"
recvfkNCF2SO6x,<div style='text-align: center; font-size: 24px;'><b>西洋参</b></div>,第1部分:: 补益药::补气药,性味归经::性[[凉]]；味[[甘微苦]]；归[[肺、心、肾]]经<br>###功效::① [[补气养阴]]；<br>② [[清热生津]]；<br>③ [[清肠止血]]<br>###主治::① [[气阴两脱证【*···::益气救脱力较人参差*】]]；<br>② [[气虚阴亏，虚热烦倦，咳喘痰血【*···::肺气阴见短气喘促、咳嗽痰少或痰中带血，心气阴见心悸心痛、失眠多梦，脾气阴见纳呆食滞、口渴思饮*】]]；<br>③ [[气虚津伤，口燥咽干，内热消渴【*···::为补气生津清热之清补佳品*】]]；<br>④ [[肠热便血]],用法::另煎兑服，3~6g；入丸散剂，每次0.5~1g<br>###注意::<b>「忌配」：</b>1. 藜芦<br><b>「不宜服用」：</b>1. 性寒凉，能伤阳助湿，中阳衰微，胃有寒湿者不宜服用<br>###
recvfkNCF2V20w,<div style='text-align: center; font-size: 24px;'><b>党参</b></div>,第1部分:: 补益药::补气药,性味归经::性[[平]]；味[[甘]]；归[[脾、肺]]经<br>###功效::① [[补脾益肺]]；<br>② [[养血生津]]<br>###主治::① [[脾肺气虚：食少倦怠，咳嗽虚喘]]；<br>② [[气津两伤：气短口渴，内热消渴]]；<br>③ [[气血两虚，面色萎黄，心悸气短【*···::补肺、脾气+生津+补血，无益气固脱之效*】]],"用法::煎服，9～30g<br>###注意::<b>「忌配」：</b>1. 藜芦<br>###常配::党参10-30g，黄芪10-30g健脾补气。党参健脾益气而不燥，黄芪补气升阳而固表。二者相须，为补气之常用组合。主治脾胃气虚之倦怠乏力、食少便溏，及肺气不足之气短自汗。<br><span style=""color:red"">以上仅供参考</span>"
recvfkNCF2qwbb,<div style='text-align: center; font-size: 24px;'><b>太子参</b></div>,第1部分:: 补益药::补气药,性味归经::性[[平]]；味[[甘微苦]]；归[[脾肺]]经<br>###功效::① [[益气健脾]]；<br>② [[生津润肺]]<br>###主治::① [[脾虚体倦，食欲不振]]；<br>② [[病后虚弱，气阴不足，自汗口渴]]；<br>③ [[心悸失眠，虚热汗多]]；<br>④ [[肺燥干咳]]；<br>⑤ [[【*···::补气药中清补之品，补脾气、肺气阴、胃阴，小儿常用，气阴不足轻证热不盛多用*】]],用法::煎服，9～30g<br>###注意::<b>「慎用」：</b>1. 邪实而正气不虚者<br>###
recvfkNCF2kHlm,<div style='text-align: center; font-size: 24px;'><b>黄芪</b></div>,第1部分:: 补益药::补气药,性味归经::性[[微温]]；味[[甘]]；归[[脾、肺]]经<br>###功效::① [[补气升阳]]；<br>② [[固表止汗]]；<br>③ [[利水消肿]]；<br>④ [[生津养血]]；<br>⑤ [[行滞通痹]]；<br>⑥ [[托毒排脓]]；<br>⑦ [[敛疮生肌]]<br>###主治::① [[脾胃气虚及中气下陷诸证：气虚乏力，食少便溏，久泻脱肛，便血崩漏]]；<br>② [[肺气虚，咳喘气短]]；<br>③ [[表虚自汗【*···::益卫固表以止汗*】，盗汗，气虚外感]]；<br>④ [[气虚浮肿，小便不利]]；<br>⑤ [[血虚证【*···::萎黄*】，气血两虚证]]；<br>⑥ [[内热消渴证【*···::生津止渴*】]]；<br>⑦ [[气虚血滞，肢体麻木，半身不遂、关节痹痛]]；<br>⑧ [[气血亏虚，痈疽难溃或久溃不敛]]；<br>⑨ [[补脾气要药，尤善中气下陷，气虚水肿要药，补气之长，补脾肺卫气、固表、补血、生津]],"用法::煎服，9～30g；生用可用于气虚卫表不固，疮疡脓成不溃，溃后不敛，利水消肿；蜜炙可益气补中<br>###注意::<b>「不宜用」：</b>1. 表实邪盛，内有积滞，阴虚阳亢，疮疡初起或溃后热毒尚盛等证<br>###常配::人参3-9g(另炖)，黄芪9-30g大补元气，健脾升阳。人参善补五脏元气，黄芪善补脾肺之气而升阳。二者相须，补气之力极强。主治气虚诸证，如神疲乏力、少气懒言、食少便溏、中气下陷、气短喘促。<br>党参10-30g，黄芪10-30g健脾补气。党参健脾益气而不燥，黄芪补气升阳而固表。二者相须，为补气之常用组合。主治脾胃气虚之倦怠乏力、食少便溏，及肺气不足之气短自汗。<br><span style=""color:red"">以上仅供参考</span>"
recvfkNCF25u2D,<div style='text-align: center; font-size: 24px;'><b>白术</b></div>,第1部分:: 补益药::补气药,性味归经::性[[温]]；味[[甘苦]]；归[[脾胃]]经<br>###功效::① [[补气健脾]]；<br>② [[燥湿利水]]；<br>③ [[止汗]]；<br>④ [[安胎]]<br>###主治::① [[脾气虚证，食少倦怠，腹胀泄泻]]；<br>② [[痰饮眩悸，水肿带下]]；<br>③ [[气虚自汗【*···::固表止汗*】]]；<br>④ [[胎动不安【*···::益气健脾安胎*】]]；<br>⑤ [[脾脏补气健脾第一要药，补脾气+固表]],"用法::煎服，6～12g；生用燥湿利水；炒用补气健脾；炒焦健脾止泻<br>###注意::<b>「不宜用」：</b>1. 阴虚内热；2. 津液亏耗燥渴者<br>###常配::白术9-15g，山药15-30g补脾益气，固精止带。白术健脾燥湿，山药平补脾肺肾。二者相配，补而不滞，滋而不腻。主治脾胃虚弱之食少、泄泻，及肾虚不固之遗精、带下。<br>枳实6-12g，白术9-15g，健脾消痞，行气导滞（枳术丸）。枳实行气消痞，白术健脾化湿。二者消补兼施，主治脾虚气滞之食积不化、脘腹痞满、不思饮食。<br>泽泻50g，白术20g，健脾利湿，涤饮止眩（泽泻汤）。泽泻利水除饮，白术健脾制水。主治脾虚水停之饮邪上犯，症见头晕目眩、如坐舟车，常伴恶心呕吐、心下逆满。<br><span style=""color:red"">以上仅供参考</span>"
recvfkNCF2nuCj,<div style='text-align: center; font-size: 24px;'><b>山药</b></div>,第1部分:: 补益药::补气药,性味归经::性[[平]]；味[[甘]]；归[[脾肺肾]]经<br>###功效::① [[益气养阴]]；<br>② [[补脾养胃]]；<br>③ [[生津益肺]]；<br>④ [[补肾涩精]]；<br>⑤ [[止带]]；<br>⑥ [[止泻]]<br>###主治::① [[脾虚所致食少久泻、白带过多]]；<br>② [[肺虚喘咳]]；<br>③ [[肾虚所致遗精、带下、尿频]]；<br>④ [[消渴气阴两虚证【*···::虚热消渴*】]]；<br>⑤ [[补脾肺肾气阴]]；<br>⑥ [[平补气阴，不热不燥，补而不腻]],"用法::煎服，15～30g；麸炒可增强补脾止泻作用<br>###注意::<b>「慎用」：</b>1. 湿盛中满或有积滞者不宜使用<br>###常配::白术9-15g，山药15-30g补脾益气，固精止带。白术健脾燥湿，山药平补脾肺肾。二者相配，补而不滞，滋而不腻。主治脾胃虚弱之食少、泄泻，及肾虚不固之遗精、带下。<br><span style=""color:red"">以上仅供参考</span>"
recvfkNCF2XY3H,<div style='text-align: center; font-size: 24px;'><b>甘草</b></div>,第1部分:: 补益药::补气药,"性味归经::性[[平]]；味[[甘]]；归[[心肺脾胃]]经<br>###功效::① [[补脾益气]]；<br>② [[清热解毒]]；<br>③ [[祛痰止咳]]；<br>④ [[缓急止痛]]；<br>⑤ [[调和诸药]]<br>###主治::① [[脾气虚弱，倦怠乏力]]；<br>② [[心气不足的心动悸，脉结代]]；<br>③ [[热毒疮疡，咽喉肿痛【*···::热毒证*】]]；<br>④ [[痰多咳嗽【*···::寒热虚实多种咳喘，有痰无痰均宜*】]]；<br>⑤ [[脘腹及四肢挛急作痛]]；<br>⑥ [[缓解药物毒性、烈性【*···::""国老""""补脾心气""*】]]","用法::煎服，2～10g；生用性偏凉，可清热解毒；蜜炙性微温，可增强补益心脾之气和润肺止咳作用<br>###注意::<b>「忌配」：</b>1. 不宜与海藻、京大戟、红大戟、芫花、甘遂同用<br><b>「慎用」：</b>1. 勿大剂量久服，以免导致浮肿；2. 湿盛胀满、水肿者不宜使用<br>###常配::18干姜6-12g，炙甘草6-12g，温中复阳，健脾和中。干姜温脾散寒，甘草补中益气，二者辛甘化阳。主治脾胃虚寒之脘腹冷痛、喜温喜按、呕吐泄泻，或误汗误下后亡阳之四肢厥冷。<br>白芍10-30g，炙甘草6-15g缓急止痛，酸甘化阴（芍药甘草汤）。白芍养血柔肝，甘草缓急和中。二者合用，善解拘挛疼痛。主治血虚津伤所致之各种痉挛性疼痛，如小腿抽痛（腓肠肌痉挛）、胃痛、腹痛、痛经。<br>桔梗6-12g，甘草6-12g宣肺利咽，化痰排脓（桔梗汤/甘桔汤）。桔梗开提肺气，祛痰排脓；甘草清热解毒，缓急止痛。主治咽喉肿痛、咳嗽痰多、肺痈胸痛。<br><span style=""color:red"">以上仅供参考</span>"
recvfkNCF2FADQ,<div style='text-align: center; font-size: 24px;'><b>白扁豆</b></div>,第2部分:: 补益药::补气药,性味归经::性[[微温]]；味[[甘]]；归[[脾胃]]经<br>###功效::① [[健脾化湿]]；<br>② [[和中]]；<br>③ [[消暑]]；<br>④ [[解毒]]<br>###主治::① [[脾气虚证，食欲不振，大便溏泄，白带过多]]；<br>② [[暑湿吐泻，胸闷腹胀]]；<br>③ [[食物中毒吐泻，酒毒，河豚毒等【*···::补脾气，须和补气药同用*】]],用法::煎服，9~15g；炒用可健脾化湿、止泻止带；生用可和中消暑解毒<br>###
recvfkNCF2IRnX,<div style='text-align: center; font-size: 24px;'><b>大枣</b></div>,第2部分:: 补益药::补气药,性味归经::性[[温]]；味[[甘]]；归[[脾、胃、心]]经<br>###功效::① [[补中益气]]；<br>② [[养血安神]]<br>###主治::① [[脾虚食少，乏力便溏【*···::补脾益气*】]]；<br>② [[妇人脏躁，失眠【*···::养心血，安心神*】]]；<br>③ [[与葶苈子、甘遂、大戟、芫花等药同用，可保护胃气，缓和其毒烈药性【*···::补脾胃气+补血、调补脾胃辅助药*】]],"用法::入煎，6~15g，宜剪破<br>###注意::<b>「慎用」：</b>1. 湿盛中满或有积滞、痰热者不宜服用<br>###常配::葶苈子6-12g(包煎)，大枣5-10枚泻肺行水，下气平喘，顾护胃气（葶苈大枣泻肺汤）。葶苈子峻泻肺中痰水，大枣甘缓补中，以防伤正。主治痰水壅肺之喘咳不得卧、胸胁胀满、一身面目浮肿。<br><span style=""color:red"">以上仅供参考</span>"
recvfkNCF2eGfL,<div style='text-align: center; font-size: 24px;'><b>刺五加</b></div>,第2部分:: 补益药::补气药,性味归经::性[[温]]；味[[辛微苦]]；归[[脾肺心肾]]经<br>###功效::① [[益气健脾]]；<br>② [[补肾]]；<br>③ [[安神]]；<br>④ [[祛痰平喘]]<br>###主治::① [[脾肺气虚，体虚乏力，食欲不振【*···::补脾气，益肺气*】]]；<br>② [[肺肾两虚，久咳虚喘【*···::益肺补肾，略可祛痰平喘*】]]；<br>③ [[肾虚腰膝酸痛【*···::温肾助阳，强健筋骨*】，亦可用于阳痿、小儿行迟及风湿痹证而兼肝肾不足者]]；<br>④ [[心脾不足，失眠多梦【*···::补益心脾之气，并安神益志*】]]；<br>⑤ [[补脾肺肾心气、肾阳及补血]],用法::煎服，9～27g<br>###
recvfkNCF2FA6o,<div style='text-align: center; font-size: 24px;'><b>绞股蓝</b></div>,第2部分:: 补益药::补气药,性味归经::性[[寒]]；味[[甘、苦]]；归[[脾肺]]经<br>###功效::① [[益气健脾]]；<br>② [[化痰止咳]]；<br>③ [[清热解毒]]；<br>④ [[生津止渴]]<br>###主治::① [[脾虚证，肺虚咳嗽证]]；<br>② [[痰浊阻肺证]]；<br>③ [[肿瘤而有热毒证，溃疡，腋臭【*···::补脾肺气阴+生津*】]],用法::煎服，15~30g；亦可泡服<br>###
recvfkNCF2vGwI,<div style='text-align: center; font-size: 24px;'><b>红景天</b></div>,第2部分:: 补益药::补气药,性味归经::性[[平]]；味[[甘苦]]；归[[肺、脾、心]]经<br>###功效::① [[益气活血]]；<br>② [[通脉平喘]]；<br>③ [[清肺止咳]]<br>###主治::① [[血瘀证：气虚血瘀所致胸痹心痛、中风偏瘫]]；<br>② [[脾气虚证所致倦怠气喘]]；<br>③ [[肺热证所致咳嗽、咯血【*···::补脾气+心肺气*】]],用法::煎服，3～6g；外用适量<br>###
recvfkNCF23EWT,<div style='text-align: center; font-size: 24px;'><b>沙棘</b></div>,第2部分:: 补益药::补气药,性味归经::性[[温]]；味[[甘、酸、涩]]；归[[脾、胃、肺、心]]经<br>###功效::① [[健脾消食]]；<br>② [[养阴生津]]；<br>③ [[止咳祛痰]]；<br>④ [[活血祛瘀]]<br>###主治::① [[脾虚食少，食积腹痛]]；<br>② [[咳嗽痰多]]；<br>③ [[瘀血证，瘀血经闭，胸痹心痛，跌扑瘀肿【*···::补脾气+脾胃阴+生津*】]],用法::煎服，3~10g<br>###
recvfkNCF2OgsI,<div style='text-align: center; font-size: 24px;'><b>蜂蜜</b></div>,第2部分:: 补益药::补气药,性味归经::性[[平]]；味[[甘]]；归[[肺、脾、大肠]]经<br>###功效::① [[补中益气，润燥止痛]]；<br>② [[解毒]]；<br>③ [[补益肺气]]；<br>④ [[健脾益气]]；<br>⑤ [[润肺止咳]]；<br>⑥ [[润肠通便]]；<br>⑦ [[外用生肌敛疮]]<br>###主治::① [[脾气虚弱，脘腹挛急疼痛【*···::补脾益气，适用于脾气虚弱、营养不良者，可作食品服用。因其矫味和黏性，补养和缓和药性，多为滋补的丸膏赋形剂，或为炮炙某些补益药的辅料，能补中，缓急止痛，可标本兼顾*】]]；<br>② [[肺燥干咳【*···::润肺止咳，补益肺气，用于润肺止咳，多为炮炙止咳药的辅料，或为润肺止咳的丸膏赋形剂*】]]；<br>③ [[肠燥便秘【*···::润肠通便*】]]；<br>④ [[解乌头类药毒]]；<br>⑤ [[疮疡不敛，水火烫伤]],用法::入煎剂，15~30g，冲服；外用适量<br>###注意::<b>「慎用」：</b>1. 湿阻中满、湿热痰滞、便溏泄泻者慎用<br>###
recvfkNCF25WKJ,<div style='text-align: center; font-size: 24px;'><b>鹿茸</b></div>,第1部分:: 补益药::补阳药,性味归经::性[[温]]；味[[甘咸]]；归[[肾、肝]]经<br>###功效::① [[壮肾阳]]；<br>② [[益精血]]；<br>③ [[强筋骨]]；<br>④ [[调冲任]]；<br>⑤ [[托疮毒]]<br>###主治::① [[肾阳虚衰，精血亏虚证，阳痿遗精，宫冷不孕，眩晕，耳鸣耳聋，羸瘦，神疲，畏寒]]；<br>② [[肾虚或肝肾亏虚，腰脊冷痛，筋骨痿软，小儿发育迟缓，齿迟、行迟、囟门闭合迟，骨折后期愈合不良]]；<br>③ [[冲任虚寒，崩漏带下【*···::固冲止带*】]]；<br>④ [[阴疽疮疡，内陷不起或久溃不敛【*···::峻补之品，补阳力强，补肾阳+补精血*】]],用法::研末冲服，1~2g<br>###注意::<b>「慎用」：</b>1. 应从小量开始，缓缓增加，不可骤用大量，以免阳升风动、头晕目赤、伤阴动血<br><b>「禁用」：</b>1. 发热者禁用<br>###
recvfkNCF2JEd5,<div style='text-align: center; font-size: 24px;'><b>淫羊藿</b></div>,第1部分:: 补益药::补阳药,性味归经::性[[温]]；味[[辛甘]]；归[[肝肾]]经<br>###功效::① [[补肾阳]]；<br>② [[强筋骨]]；<br>③ [[祛风湿]]<br>###主治::① [[肾阳虚衰，阳痿遗精，筋骨痿软【*···::长于壮阳起痿*】]]；<br>② [[肝肾不足或风寒湿痹，麻木拘挛【*···::久病累及肝肾或素体肾虚尤宜]]；<br>③ [[补肾阳+补肝肾*】]],"用法::煎服，6～10g；也可浸酒、熬膏或入丸散<br>###注意::<b>「禁用」：</b>1. 阴虚火旺者<br>###常配::淫羊藿 - 丹参各9-15g补肾活血，通络兴阳。现代男性阳痿多兼血瘀（血管性ED），此对补肾配合活血，通补兼施，改善阴茎血供。<br>淫羊藿9-15g，仙茅3-9g温肾壮阳，起痿兴阳。二者皆为补肾壮阳要药，性温而燥，善补命门之火，直接针对阳痿不举。常配熟地、枸杞以防伤阴。<br><span style=""color:red"">以上仅供参考</span>"
recvfkNCF2BxOe,<div style='text-align: center; font-size: 24px;'><b>巴戟天</b></div>,第1部分:: 补益药::补阳药,性味归经::性[[微温]]；味[[甘辛]]；归[[肝、肾]]经<br>###功效::① [[补肾阳]]；<br>② [[强筋骨]]；<br>③ [[祛风湿]]；<br>④ [[益精血]]<br>###主治::① [[肾阳虚弱，精血不足证，阳痿遗精，宫冷不孕，月经不调，少腹冷痛]]；<br>② [[肝肾不足或风湿久痹，筋骨痿软【*···::补肾阳+补精血+补肝肾*】]],"用法::煎服，3~10g<br>###注意::<b>「禁用」：</b>1. 阴虚火旺；2. 有湿热者<br>###常配::肉苁蓉10-15g，巴戟天10-15g温肾益精，起痿。二者皆温而不燥，补而不峻，为温肾阳、益精血之平补之品，适用于肾阳虚衰之阳痿、腰膝酸软。<br><span style=""color:red"">以上仅供参考</span>"
recvfkNCF2MqFj,<div style='text-align: center; font-size: 24px;'><b>杜仲</b></div>,第1部分:: 补益药::补阳药,性味归经::性[[温]]；味[[甘]]；归[[肝、肾]]经<br>###功效::① [[补肝肾]]；<br>② [[强筋骨]]；<br>③ [[安胎]]<br>###主治::① [[腰膝酸痛，筋骨无力，头晕目眩]]；<br>② [[肝肾亏虚，妊娠漏血，胎动不安【*···::固冲任安胎*】]]；<br>③ [[肝肾虚寒，阳痿尿频]]；<br>④ [[肾虚腰痛要药，补肝肾、补肾阳]],"用法::煎服，6~10g；炒用疗效较生用为佳<br>###注意::<b>「慎用」：</b>1. 阴虚火旺者<br>###常配::杜仲10-15g，桑寄生10-15g。补肝肾，强筋骨，安胎。二者皆入肝肾，能补能固，为治疗肝肾不足、腰膝酸软之要药，且均有安胎之功，用于肝肾亏虚之胎动不安。<br>杜仲、桑寄生各10-15g补肝肾，强筋骨。为治疗肝肾不足之腰膝酸软要药，可辅助治疗因肾虚所致的性功能减退。<br><span style=""color:red"">以上仅供参考</span>"
recvfkNCF2Ckbg,<div style='text-align: center; font-size: 24px;'><b>续断</b></div>,第1部分:: 补益药::补阳药,性味归经::性[[微温]]；味[[甘、苦、辛]]；归[[肝肾]]经<br>###功效::① [[补肝肾]]；<br>② [[强筋骨]]；<br>③ [[续折伤]]；<br>④ [[止崩漏]]；<br>⑤ [[安胎]]<br>###主治::① [[肝肾不足，腰膝酸软，风湿痹痛]]；<br>② [[跌扑损伤，筋伤骨折【*···::活血续伤，消肿止痛*】]]；<br>③ [[肝肾不足，崩漏胎漏，胎动不安【*···::固冲任安胎*】]]；<br>④ [[骨伤科要药，补肝肾]],"用法::煎服，9～15g；崩漏下血宜炒用；外用适量，研末敷<br>###注意::<b>「禁用」：</b>1. 风湿热痹者<br>###常配::续断9-15g，狗脊10-15g，补肝肾，强腰膝。续断补肝肾而活血续伤，狗脊补肝肾而强腰脊。二者相须，常用于肝肾不足之腰膝酸痛、下肢无力、遗精带下。<br>续断9-15g，狗脊10-15g补肝肾，强腰膝。用于肝肾不足之腰膝酸痛、下肢无力，为强壮腰膝、辅助起痿之品。<br><span style=""color:red"">以上仅供参考</span>"
recvfkNCF2VJVe,<div style='text-align: center; font-size: 24px;'><b>菟丝子</b></div>,第1部分:: 补益药::补阳药,性味归经::性[[平]]；味[[辛甘]]；归[[肝、肾、脾]]经<br>###功效::① [[补益肝肾]]；<br>② [[固精缩尿]]；<br>③ [[安胎]]；<br>④ [[明目]]；<br>⑤ [[止泻]]；<br>⑥ [[外用消风祛斑]]<br>###主治::① [[肝肾不足，腰膝酸软，阳痿遗精，遗尿尿频，带下等]]；<br>② [[肾虚胎漏，胎动不安【*···::补肝肾安胎*】]]；<br>③ [[肝肾不足，目昏耳鸣【*···::滋补肝肾、益精养血而明目*】]]；<br>④ [[脾肾虚泻【*···::补肾益脾止泻*】]]；<br>⑤ [[肾虚消渴【*···::补肾益精*】]]；<br>⑥ [[白癜风【*···::外用*】]]；<br>⑦ [[平补肝肾脾，平补阴阳，补肾阳精、肝肾、精血、脾阳，固精尿泻胎]],用法::煎服，6～12g；外用适量<br>###注意::<b>「慎用」：</b>1. 阴虚火旺；2. 大便燥结；3. 小便短赤者<br>###
recvfkNCF2Rli2,<div style='text-align: center; font-size: 24px;'><b>补骨脂</b></div>,第1部分:: 补益药::补阳药,性味归经::性[[温]]；味[[辛、苦]]；归[[脾、肾]]经<br>###功效::① [[温肾助阳]]；<br>② [[纳气平喘]]；<br>③ [[温脾止泻]]；<br>④ [[固精缩尿]]；<br>⑤ [[外用消风祛斑]]<br>###主治::① [[肾阳不足，阳痿不孕，腰膝冷痛]]；<br>② [[肾虚遗精滑精，遗尿尿频]]；<br>③ [[肾虚作喘]]；<br>④ [[脾肾阳虚，五更泄泻]]；<br>⑤ [[白癜风，斑秃]]；<br>⑥ [[【*···::脾肾阳虚下元不固要药，收涩，补肾阳+脾阳，固精+缩尿+止泻*】]],用法::煎服，6~10g；外用，20%~30%酊剂涂患处<br>###注意::<b>「禁用」：</b>1. 阴虚火旺；2. 大便秘结者<br>###
recvfkNCF2f1cG,<div style='text-align: center; font-size: 24px;'><b>紫河车</b></div>,第1部分:: 补益药::补阳药,性味归经::性[[温]]；味[[甘咸]]；归[[肺肝肾]]经<br>###功效::① [[温肾补精]]；<br>② [[益气养血]]；<br>③ [[补肺气]]；<br>④ [[纳气平喘]]<br>###主治::① [[肾阳不足，精血亏虚，阳痿遗精，宫冷不孕，虚劳羸瘦]]；<br>② [[肺肾两虚，久咳虚喘，骨蒸劳嗽]]；<br>③ [[气血两虚，产后少乳，面色萎黄，食少气短，或癫痫久发不止【*···::养阴力强，大补气血，补肾阳、肺气、精血*】]],用法::研末吞服，2~3g，久服方起效<br>###注意::<b>「慎用」：</b>1. 阴虚火旺者不宜单独使用<br>###
recvfkNCF2JEDf,<div style='text-align: center; font-size: 24px;'><b>肉苁蓉</b></div>,第1部分:: 补益药::补阳药,性味归经::性[[温]]；味[[甘咸]]；归[[肾、大肠]]经<br>###功效::① [[补肾阳]]；<br>② [[益精血]]；<br>③ [[润肠通便]]<br>###主治::① [[肾阳不足，精血亏虚证，阳痿不孕，腰膝酸软，筋骨无力]]；<br>② [[肠燥便秘【*···::老人虚人精血虚，温而不燥，补而不腻，暖而不燥，滑而不泄，从容，补肾阳+精血*】]],"用法::煎服，6~10g<br>###注意::<b>「禁用」：</b>1. 阴虚火旺；2. 实热积滞；3. 大便溏泻者<br>###常配::肉苁蓉10-15g，巴戟天10-15g温肾益精，起痿。二者皆温而不燥，补而不峻，为温肾阳、益精血之平补之品，适用于肾阳虚衰之阳痿、腰膝酸软。<br>肉苁蓉10-15g，当归10-15g温肾益精，养血润肠。用于肾虚精亏之便秘，亦可用于肾虚阳痿，因肉苁蓉本身为温肾阳、益精血之良药。<br>肉苁蓉10-15g，当归10-15g，温肾益精，养血润肠。肉苁蓉温补肾阳而润肠，当归养血活血而润燥。主治肾虚精亏、血虚津亏之便秘，症见大便秘结、腰膝酸软、面色无华。<br><span style=""color:red"">以上仅供参考</span>"
recvfkNCF2e4n8,<div style='text-align: center; font-size: 24px;'><b>蛤蚧</b></div>,第1部分:: 补益药::补阳药,性味归经::性[[平]]；味[[咸]]；归[[肺、肾]]经<br>###功效::① [[补肺益肾]]；<br>② [[纳气定喘]]；<br>③ [[助阳益精]]<br>###主治::① [[肺肾虚喘，劳嗽咯血【*···::肺肾两虚，肾不纳气为宜*】]]；<br>② [[阳痿，遗精【*···::补肾阳、益肺气、补精血*】]],用法::多入丸散或酒剂；3~6g<br>###注意::<b>「禁用」：</b>1. 风寒或实热咳喘<br>###
recvfkNCF2e8jf,<div style='text-align: center; font-size: 24px;'><b>冬虫夏草</b></div>,第1部分:: 补益药::补阳药,性味归经::性[[平]]；味[[甘]]；归[[肺、肾]]经<br>###功效::① [[补肾益肺]]；<br>② [[止血化痰]]；<br>③ [[固本益卫]]<br>###主治::① [[肾虚精亏，阳痿遗精，腰膝酸痛]]；<br>② [[久咳虚喘，劳嗽咯血]]；<br>③ [[病后体虚不复或自汗恶寒【*···::平补肺肾之品，可补肾阳、益精血、补肺气、补肺阴，改善体虚*】]],用法::煎服，3～9g<br>###注意::<b>「慎用」：</b>1. 有表邪者；2. 阴虚火旺者；不宜单独使用<br>###
recvfkNCF26IYF,<div style='text-align: center; font-size: 24px;'><b>仙茅</b></div>,第2部分:: 补益药::补阳药,性味归经::性[[热]]；味[[辛]]；归[[肾、肝、脾]]经；有<span style='color: red;'>毒</span><br>###功效::① [[补肾阳]]；<br>② [[强筋骨]]；<br>③ [[祛寒湿]]<br>###主治::① [[肾阳虚衰，阳痿精冷，小便频数]]；<br>② [[风湿久痹，腰膝冷痛，筋骨痿软无力]]；<br>③ [[阳虚冷泻【*···::善补命门兴阴道、补肾阳*】]],"用法::煎服，3~10g<br>###注意::<b>「禁用」：</b>1. 阴虚火旺者；<br><b>「注意」：</b>1. 不宜久服<br>###常配::淫羊藿9-15g，仙茅3-9g温肾壮阳，起痿兴阳。二者皆为补肾壮阳要药，性温而燥，善补命门之火，直接针对阳痿不举。常配熟地、枸杞以防伤阴。<br><span style=""color:red"">以上仅供参考</span>"
recvfkNCF2WENT,<div style='text-align: center; font-size: 24px;'><b>益智仁</b></div>,第2部分:: 补益药::补阳药,性味归经::性[[温]]；味[[辛]]；归[[脾、肾]]经<br>###功效::① [[暖肾固精缩尿]]；<br>② [[温脾止泻摄唾]]<br>###主治::① [[肾气不固证，遗尿，小便频数，遗精白浊]]；<br>② [[脾寒泄泻，多唾涎，腹中冷痛【*···::收涩、补肾阳、脾阳、固精、缩尿、止泻、摄唾*】]],用法::煎服，3~10g<br>###注意::<b>「禁用」：</b>1. 阴虚火旺者；2. 大便秘结者<br>###
recvfkNCF2nvs4,<div style='text-align: center; font-size: 24px;'><b>锁阳</b></div>,第2部分:: 补益药::补阳药,性味归经::性[[温]]；味[[甘]]；归[[肝肾大肠]]经<br>###功效::① [[补肾阳]]；<br>② [[益精血]]；<br>③ [[润肠通便]]<br>###主治::① [[肾阳不足，精血亏虚证，腰膝痿软，阳痿滑精]]；<br>② [[肠燥便秘证【*···::精血亏虚所致*】]],用法::煎服，5～10g<br>###注意::<b>「禁用」：</b>1. 阴虚火旺者；2. 脾虚泄泻者；3. 实热便秘者<br>###
recvfkNCF2m2Cl,<div style='text-align: center; font-size: 24px;'><b>沙苑子</b></div>,第2部分:: 补益药::补阳药,性味归经::性[[温]]；味[[甘]]；归[[肝肾]]经<br>###功效::① [[补肾助阳]]；<br>② [[固精缩尿]]；<br>③ [[养肝明目]]<br>###主治::① [[肾虚腰痛，阳痿遗精早泄，遗尿尿频，白浊带下]]；<br>② [[肝肾不足，头目眩晕，目暗昏花【*···::长于固涩，补肾阳兼补肝肾，固精、缩尿、止带*】]],用法::煎服，9~15g<br>###注意::<b>「慎用」：</b>1. 阴虚火旺者；2. 小便不利者<br>###
recvfkNCF29xpt,<div style='text-align: center; font-size: 24px;'><b>核桃仁</b></div>,第2部分:: 补益药::补阳药,"性味归经::性[[温]]；味[[甘]]；归[[肾、肺、大肠]]经<br>###功效::① [[补肾]]；<br>② [[温肺]]；<br>③ [[润肠]]<br>###主治::① [[肾阳不足，腰膝酸软，阳痿遗精，小便频数]]；<br>② [[肺肾不足，虚寒喘嗽]]；<br>③ [[肠燥便秘【*···::老人津液不足*】]]；<br>④ [[【*···::""补肾阳+温肺""*】]]",用法::煎服，6～9g<br>###注意::<b>「不宜用」：</b>1. 阴虚火旺者；2. 痰热咳嗽者；3. 便溏者<br>###
recvfkNCF2ttUN,<div style='text-align: center; font-size: 24px;'><b>当归</b></div>,第1部分:: 补益药::补血药,性味归经::性[[温]]；味[[甘辛]]；归[[肝、心、脾]]经<br>###功效::① [[补血活血]]；<br>② [[调经止痛]]；<br>③ [[润肠通便]]<br>###主治::① [[血虚诸症，血虚萎黄，眩晕心悸【*···::补血之圣药，配芪、参治气血两虚*】]]；<br>② [[血虚、血瘀之月经不调，经闭痛经【*···::血中之气药，亦血中之圣药，妇科补血活血、调经止痛之要药，尤用于血虚、血瘀有寒者*】]]；<br>③ [[虚寒腹痛，风湿痹痛，跌扑损伤，痈疽疮疡【*···::疮疡初起、肿胀疼痛]]；<br>④ [[痈疽溃后不敛]]；<br>⑤ [[脱疽溃烂，阴血伤败，补血活血、散寒止痛*】]]；<br>⑥ [[血虚肠燥便秘【*···::补血以润肠通便*】]],"用法::煎服，6~12g；酒炒可增强活血通经功效；生当归善补血调经、润肠通便，常用于血虚证、血虚便秘、痈疽疮疡等；酒当归善活血调经，常用于血瘀经闭、痛经、风湿痹痛、跌扑损伤等；当归身偏于补血，当归头偏于止血，当归尾偏于活血，全当归偏于和血（补血活血）<br>###注意::<b>「忌服」：</b>1. 湿盛中满、大便溏泻者；2. 湿热中阻，肺热痰火，阴虚阳亢者<br>###常配::当归6-12g，熟地10-15g补血养血，滋阴填精（四物汤核心）。当归补血活血，熟地滋阴填髓。二者相合，精血同补。主治血虚诸证，如面色萎黄、头晕心悸、月经不调、经闭不行。<br>当归6-12g，川芎6-12g，补血活血，行气止痛（佛手散）。当归养血和血，川芎行气活血。二者气血兼顾，动静结合，为妇科调经要药。主治血虚血瘀之月经不调、痛经、产后腹痛、跌打肿痛。<br>肉苁蓉10-15g，当归10-15g温肾益精，养血润肠。用于肾虚精亏之便秘，亦可用于肾虚阳痿，因肉苁蓉本身为温肾阳、益精血之良药。<br>肉苁蓉10-15g，当归10-15g，温肾益精，养血润肠。肉苁蓉温补肾阳而润肠，当归养血活血而润燥。主治肾虚精亏、血虚津亏之便秘，症见大便秘结、腰膝酸软、面色无华。<br><span style=""color:red"">以上仅供参考</span>"
recvfkNCF2yVWI,<div style='text-align: center; font-size: 24px;'><b>熟地黄</b></div>,第1部分:: 补益药::补血药,性味归经::性[[微温]]；味[[甘]]；归[[肝肾]]经<br>###功效::① [[补血滋阴]]；<br>② [[益精填髓]]<br>###主治::① [[血虚诸症，血虚萎黄，心悸怔忡，月经不调，崩漏下血]]；<br>② [[肝肾阴虚诸证，腰膝酸软，骨蒸潮热，盗汗遗精，内热消渴]]；<br>③ [[肝肾不足，精血亏虚，眩晕耳鸣，须发早白，五迟五软]]；<br>④ [[可滋补肝肾阴血，大补血虚不足，大补五脏真阴，大补阴水，补血兼补肝肾阴、精血]],用法::煎服，9~15g；炒炭后可止血，用于崩漏等血虚出血<br>###注意::<b>「忌服」：</b>1. 气滞痰多者；2. 湿盛中满、食少便溏者；<br><b>「注意」：</b>1. 本品黏腻有碍消化；2. 重用、久服本品时，宜配伍陈皮、砂仁以避免滋腻碍胃<br>###
recvfkNCF2NPhc,<div style='text-align: center; font-size: 24px;'><b>白芍</b></div>,第1部分:: 补益药::补血药,性味归经::性[[微寒]]；味[[苦酸]]；归[[肝、脾]]经<br>###功效::① [[养血调经]]；<br>② [[敛阴止汗]]；<br>③ [[柔肝止痛]]；<br>④ [[平抑肝阳]]<br>###主治::① [[血虚萎黄，月经不调，崩漏]]；<br>② [[自汗，盗汗【*···::“止汗佳品”*】]]；<br>③ [[胁痛，腹痛，四肢挛痛]]；<br>④ [[肝阳上亢证，头痛眩晕【*···::“补肝血阴”*】]],"用法::煎服，6～15g；【生用】平抑肝阳、敛阴止汗；【炒用或酒炒用】养血调经、柔肝止痛<br>###注意::<b>「忌配」：</b>1. 藜芦；<br><b>「不宜用」：</b>1. 阳衰虚寒之证<br>###常配::桂枝6-12g，白芍6-12g，调和营卫，解肌发表。桂枝辛温通阳，白芍酸寒敛阴，二者等量配伍，散中有收，使汗不伤正，闭不留邪。主治外感风寒表虚证之发热、恶风、自汗、脉浮缓<br>白芍10-30g，炙甘草6-15g缓急止痛，酸甘化阴（芍药甘草汤）。白芍养血柔肝，甘草缓急和中。二者合用，善解拘挛疼痛。主治血虚津伤所致之各种痉挛性疼痛，如小腿抽痛（腓肠肌痉挛）、胃痛、腹痛、痛经。<br><span style=""color:red"">以上仅供参考</span>"
recvfkNCF2VaKL,<div style='text-align: center; font-size: 24px;'><b>何首乌</b></div>,第1部分:: 补益药::补血药,性味归经::性[[微温]]；味[[甘、苦、涩]]；归[[肝、心、肾]]经<br>###功效::① [[生首乌解毒消痈]]；<br>② [[截疟]]；<br>③ [[润肠通便]]；<br>④ [[制首乌补肝肾]]；<br>⑤ [[益精血]]；<br>⑥ [[乌须发]]；<br>⑦ [[强筋骨]]；<br>⑧ [[化浊降脂]]<br>###主治::① [[血虚诸证，血虚萎黄，两目干涩，视力减退]]；<br>② [[精血亏虚诸证，眩晕耳鸣，须发早白，腰膝酸软，肢体麻木，崩漏带下]]；<br>③ [[久疟不止，气血虚弱]]；<br>④ [[疮痈，瘰疬及风疹瘙痒]]；<br>⑤ [[肠燥便秘证]]；<br>⑥ [[高脂血症]]；<br>⑦ [[【*···::制首乌不寒不燥不腻，滋补良药]]；<br>⑧ [[尤善乌须发]]；<br>⑨ [[补肝肾、益精血*】]],用法::生用：煎服，3~6g；制用：煎服，6~12g<br>###注意::<b>「制用禁忌」：</b>1. 湿痰壅盛者忌用；<br><b>「生用禁忌」：</b>1. 大便溏泄者忌用；<br><b>「注意」：</b>1. 何首乌可能有引起肝损伤的风险，故不宜长期、大量服用<br>###
recvfkNCF2wZzQ,<div style='text-align: center; font-size: 24px;'><b>阿胶</b></div>,第1部分:: 补益药::补血药,性味归经::性[[平]]；味[[甘]]；归[[肺、肝、肾]]经<br>###功效::① [[补血]]；<br>② [[滋阴]]；<br>③ [[润燥]]；<br>④ [[止血]]<br>###主治::① [[血虚证见血虚萎黄、眩晕心悸、肌痿无力，失血导致血虚者尤宜]]；<br>② [[阴虚证见热病伤阴、心烦不眠、虚风内动、手足瘈疭]]；<br>③ [[出血证见吐血、尿血、便血、崩漏、妊娠胎漏，出血而兼阴虚、血虚者尤宜，可配伍治阴虚血热吐衄、肺破嗽血、血虚血寒妇人崩漏下血、中焦虚寒脾不统血之吐血、衄血、便血、崩漏]]；<br>④ [[肺燥咳嗽、劳嗽咯血，可补血滋阴]],用法::烊化兑服，3~9g；蛤粉炒可润肺；蒲黄炒可止血<br>###注意::<b>「慎用」：</b>1. 脾胃虚弱便溏者<br>###
recvfkNCF269y3,<div style='text-align: center; font-size: 24px;'><b>龙眼肉</b></div>,第2部分:: 补益药::补血药,性味归经::性[[温]]；味[[甘]]；归[[心、脾]]经<br>###功效::① [[补益心脾]]；<br>② [[养血安神]]<br>###主治::① [[气血不足，心悸怔忡，健忘失眠，血虚萎黄]]；<br>② [[为滋补良药，可补血养心脾]],用法::煎服，9~15g<br>###注意::<b>「禁用」：</b>1. 内有郁火、痰饮气滞、湿阻中满者<br>###
recvfkNCF2pF38,<div style='text-align: center; font-size: 24px;'><b>北沙参</b></div>,第1部分:: 补益药::补明药,"性味归经::性[[微寒]]；味[[甘、微苦]]；归[[肺、胃]]经<br>###功效::① [[养阴清肺]]；<br>② [[益胃生津]]<br>###主治::① [[肺阴虚证，肺热燥咳，劳嗽痰血]]；<br>② [[胃阴虚证，热病津伤，咽干口渴【*···::""清肺胃热""""补肺胃阴+生津""*】]]","用法::煎服，5～12g<br>###注意::<b>「配伍禁忌」：</b>1. 藜芦<br>###常配::北沙参10-15g，麦冬10-15g益胃养阴，清热生津。善治胃阴不足之口干、饥不欲食。<br><span style=""color:red"">以上仅供参考</span>"
recvfkNCF2Wx81,<div style='text-align: center; font-size: 24px;'><b>南沙参</b></div>,第1部分:: 补益药::补明药,性味归经::性[[微寒]]；味[[甘]]；归[[肺、胃]]经<br>###功效::① [[养阴清肺]]；<br>② [[益胃生津]]；<br>③ [[化痰]]；<br>④ [[益气]]<br>###主治::① [[肺阴虚证，肺热燥咳，阴虚劳嗽，干咳痰黏]]；<br>② [[胃阴虚证，食少呕吐，气阴不足，烦热口干，尤宜于热病后期气阴两虚而余热未清不受温补]],用法::煎服，9～15g<br>###注意::<b>「配伍禁忌」：</b>1. 藜芦<br>###
recvfkNCF2lGYJ,<div style='text-align: center; font-size: 24px;'><b>麦冬</b></div>,第1部分:: 补益药::补明药,性味归经::性[[微寒]]；味[[甘微苦]]；归[[肺、胃、心]]经<br>###功效::① [[养阴润肺]]；<br>② [[益胃生津]]；<br>③ [[清心除烦]]<br>###主治::① [[胃阴虚证，津伤口渴，内热消渴，肠燥便秘]]；<br>② [[肺阴虚证，肺燥干咳，阴虚劳嗽，喉痹咽痛]]；<br>③ [[心阴虚及温热病热扰心营，心烦失眠【*···::以养胃阴生津液为佳]]；<br>④ [[清肺胃心热]]；<br>⑤ [[补肺胃心阴+生津*】]],"用法::水煎服，6～12g或入丸散；传统认为本品清养肺胃之阴多去心用，滋阴清心大多连心用<br>###注意::<b>「禁用」：</b>1. 脾胃虚寒、食少便溏、外感风寒、痰湿咳嗽者<br>###常配::北沙参10-15g，麦冬10-15g益胃养阴，清热生津。善治胃阴不足之口干、饥不欲食。<br><span style=""color:red"">以上仅供参考</span>"
recvfkNCF2KxRS,<div style='text-align: center; font-size: 24px;'><b>天冬</b></div>,第1部分:: 补益药::补明药,性味归经::性[[寒]]；味[[甘、苦]]；归[[肺、肾]]经<br>###功效::① [[养阴润燥]]；<br>② [[清肺生津]]<br>###主治::① [[肺阴虚证，肺燥干咳，顿咳痰黏，劳嗽咳血]]；<br>② [[肾阴虚证，腰膝酸痛，骨蒸潮热【*···::滋肾阴，兼能降虚火*】]]；<br>③ [[热病伤津所致食欲不振、口渴、肠燥便秘及消渴]],用法::水煎服，6~12g<br>###注意::<b>「禁用」：</b>1. 脾虚便溏、虚寒泄泻、外感风寒、痰湿咳嗽者<br>###
recvfkNCF2v62e,<div style='text-align: center; font-size: 24px;'><b>玉竹</b></div>,第1部分:: 补益药::补明药,"性味归经::性[[微寒]]；味[[甘]]；归[[肺、胃]]经<br>###功效::① [[养阴润燥]]；<br>② [[生津止渴]]<br>###主治::① [[肺阴虚证，燥热咳嗽]]；<br>② [[胃阴虚证，咽干口渴、内热消渴]]；<br>③ [[阴虚外感【*···::""清肺胃热""""养阴不滋腻恋邪""""补肺胃阴+生津""*】]]",用法::煎服，6～12g<br>###
recvfkNCF2BKwW,<div style='text-align: center; font-size: 24px;'><b>石斛</b></div>,第1部分:: 补益药::补明药,性味归经::性[[微寒]]；味[[甘]]；归[[胃、肾]]经<br>###功效::① [[益胃生津]]；<br>② [[滋阴清热]]<br>###主治::① [[胃阴虚证，热病津伤，口干烦渴，食少干呕，病后虚热不退]]；<br>② [[肾阴虚证，目暗不明，筋骨痿软，阴虚火旺，骨蒸劳热]]；<br>③ [[本品为胃阴不足佳品，兼虚热尤宜，可清胃热与虚热，补胃肾阴生津]],用法::干品入汤剂宜先煎，6～12g；鲜品15～30g<br>###注意::<b>「注意」：</b>1. 因能敛邪，温热病不宜早用<br><b>「禁用」：</b>1. 湿温病尚未化燥伤津、脾胃虚寒、大便溏薄、舌苔厚腻者<br>###
recvfkNCF2NQkb,<div style='text-align: center; font-size: 24px;'><b>百合</b></div>,第1部分:: 补益药::补明药,性味归经::性[[寒]]；味[[甘]]；归[[肺、心]]经<br>###功效::① [[养阴润肺]]；<br>② [[清心安神]]；<br>③ [[养胃阴]]；<br>④ [[清胃热]]<br>###主治::① [[肺阴虚证，阴虚燥咳，劳嗽痰血]]；<br>② [[心阴虚证，虚烦惊悸，失眠多梦，精神恍惚]]；<br>③ [[胃阴虚热之胃脘疼痛]]；<br>④ [[热病余热未清心烦失眠常用]]；<br>⑤ [[清肺心胃热]]；<br>⑥ [[补心肺胃阴]],用法::水煎服，6～12g；生用可清心安神；蜜炙可润肺止咳<br>###注意::<b>「慎用」：</b>1. 脾肾虚寒、便溏者<br>###
recvfkNCF2daRL,<div style='text-align: center; font-size: 24px;'><b>黄精</b></div>,第1部分:: 补益药::补明药,性味归经::性[[平]]；味[[甘]]；归[[脾肺肾]]经<br>###功效::① [[补气养阴]]；<br>② [[健脾润肺]]；<br>③ [[益肾]]<br>###主治::① [[肺虚燥咳，劳嗽咳血【*···::肺之气阴两伤，干咳少痰*】]]；<br>② [[或肺肾阴虚之劳嗽久咳]]；<br>③ [[脾胃虚弱，体倦乏力，胃阴不足，口干食少]]；<br>④ [[肾精亏虚，精血不足，腰膝酸软，须发早白，内热消渴【*···::补脾肺肾阴、脾肺气、肝肾、精血*】]],"用法::水煎服，9~15g<br>###注意::<b>「慎用」：</b>1. 痰湿壅滞、中寒便溏、气滞腹胀者<br>###常配::1黄精10-20g，枸杞10-15g补气养阴，益精填髓。黄精平补肺脾肾之气阴，枸杞滋养肝肾之精血。二者相合，气阴双补。主治虚劳精亏、腰膝酸软、须发早白、消渴，为养生保健常用组合。<br><span style=""color:red"">以上仅供参考</span>"
recvfkNCF27bD4,<div style='text-align: center; font-size: 24px;'><b>枸杞子</b></div>,第1部分:: 补益药::补明药,性味归经::性[[平]]；味[[甘]]；归[[肝、肾]]经<br>###功效::① [[滋补肝肾]]；<br>② [[益精明目]]；<br>③ [[补血]]<br>###主治::① [[肝肾亏虚【*···::阴虚*】，精血不足，虚劳精亏，腰膝酸痛，眩晕耳鸣，阳痿遗精，内热消渴，目昏不明]]；<br>② [[阴虚劳嗽]]；<br>③ [[血虚萎黄，失眠多梦，头昏耳鸣【*···::补肝肾阴虚，肾精肝血]]；<br>④ [[肝肾真阴不足，劳乏内热补益之药*】]],用法::6~12g；亦可熬膏、浸酒，或入丸散<br>###注意::<b>「慎用」：</b>1. 脾虚便溏者<br>###
recvfkNCF2DWoe,<div style='text-align: center; font-size: 24px;'><b>墨旱莲</b></div>,第1部分:: 补益药::补明药,性味归经::性[[寒]]；味[[甘酸]]；归[[肝、肾]]经<br>###功效::① [[滋补肝肾]]；<br>② [[凉血止血]]<br>###主治::① [[肝肾阴虚证，牙齿松动，须发早白，眩晕耳鸣，腰膝酸软]]；<br>② [[出血证，阴虚血热吐血，衄血，尿血，血痢，崩漏下血，外伤出血【*···::补肝肾阴]]；<br>③ [[固齿乌须发*】]],用法::6～12g；外用适量<br>###
recvfkNCF26hpd,<div style='text-align: center; font-size: 24px;'><b>女贞子</b></div>,第1部分:: 补益药::补明药,性味归经::性[[凉]]；味[[甘苦]]；归[[肝肾]]经<br>###功效::① [[滋补肝肾]]；<br>② [[明目乌发]]；<br>③ [[清虚热]]<br>###主治::① [[肝肾阴虚证]]；<br>② [[眩晕耳鸣]]；<br>③ [[腰膝酸软]]；<br>④ [[须发早白]]；<br>⑤ [[目暗不明]]；<br>⑥ [[内热消渴]]；<br>⑦ [[骨蒸潮热【*···::补肝肾阴、清虚热*】]],"用法::水煎服，6～12g或入丸散；酒制可增强补肝肾作用<br>###常配::女贞子12-15g，旱莲草10-15g滋补肝肾，凉血止血（二至丸）。女贞子滋补肝肾，旱莲草滋阴止血。主治肝肾阴虚之眩晕耳鸣、失眠多梦、腰膝酸软、须发早白，及阴虚血热之吐衄、尿血。<br><span style=""color:red"">以上仅供参考</span>"
recvfkNCF2EBWx,<div style='text-align: center; font-size: 24px;'><b>龟甲</b></div>,第1部分:: 补益药::补明药,性味归经::性[[微寒]]；味[[咸甘]]；归[[肝肾心]]经<br>###功效::① [[滋阴潜阳]]；<br>② [[益肾强骨]]；<br>③ [[养血补心]]；<br>④ [[固经止崩]]；<br>⑤ [[息风清热]]；<br>⑥ [[止血]]<br>###主治::① [[肝肾阴虚所致阴虚潮热、骨蒸盗汗、阴虚阳亢、头晕目眩、虚风内动【*···::退虚热*】]]；<br>② [[肾虚筋骨痿弱，囟门不合]]；<br>③ [[阴血亏虚之惊悸，失眠、健忘]]；<br>④ [[阴虚血热，崩漏经多【*···::固冲任，补肝肾阴+心血+养肝*】]],用法::打碎先煎，9~24g；外用适量，烧灰研末敷；砂烫醋淬可更易煎出有效成分，除腥气，便于服用<br>###注意::<b>「禁用」：</b>1. 脾胃虚寒者<br><b>「慎用」：</b>1. 孕妇<br>###
recvfkNCF20SXm,<div style='text-align: center; font-size: 24px;'><b>鳖甲</b></div>,第1部分:: 补益药::补明药,性味归经::性[[微寒]]；味[[咸]]；归[[肝肾]]经<br>###功效::① [[滋阴潜阳]]；<br>② [[退热除蒸]]；<br>③ [[软坚散结]]；<br>④ [[息风]]<br>###主治::① [[肝肾阴虚，阴虚发热，骨蒸劳热，阴虚阳亢，头晕目眩，虚风内动，手足瘈疭【*···::退虚热力较龟甲强*】]]；<br>② [[经闭，癥瘕积聚，久疟疟母]]；<br>③ [[为阴虚发热、阴虚阳亢、阴虚动风之要药，可补肝肾之阴]],"用法::9~24g，先煎；生用可滋阴潜阳；醋炙可软坚散结；砂烫醋淬后更易煎出有效成分，除腥气，便于服用<br>###注意::<b>「禁用」：</b>1. 脾胃虚寒者<br><b>「慎用」：</b>1. 孕妇<br>###常配::龟板15-30g(先煎)，鳖甲15-30g(先煎)滋阴潜阳，软坚散结。龟板滋阴力胜，鳖甲退热功强，并能软坚。二者相须，善治阴虚阳亢之头晕目眩、虚风内动，及久病疟母、癥瘕积聚。<br><span style=""color:red"">以上仅供参考</span>"
recvfkNCF2L4b8,<div style='text-align: center; font-size: 24px;'><b>桑椹</b></div>,第2部分:: 补益药::补明药,性味归经::性[[寒]]；味[[甘酸]]；归[[心、肝、肾]]经<br>###功效::① [[滋阴养血]]；<br>② [[生津润燥]]<br>###主治::① [[肝肾阴虚证，眩晕耳鸣，心悸失眠，须发早白]]；<br>② [[津伤口渴，消渴，肠燥便秘【*···::生津止渴，润肠通便*】]]；<br>③ [[益肾脏而固精，久服黑发明目]]；<br>④ [[补肝肾阴、补血、生津]]；<br>⑤ [[单食，主消渴]],用法::水煎服，9~15g<br>###
recvfkNCF2Tgmj,<div style='text-align: center; font-size: 24px;'><b>麻黄根</b></div>,第2部分:: 收涩药::固表止汗药,性味归经::性[[平]]；味[[甘、涩]]；归[[心、肺]]经<br>###功效::① [[固表止汗]]<br>###主治::① [[自汗、盗汗]]；<br>② [[各种虚汗【*···::行肌表实卫气，固腠理闭毛窍，为敛肺固表止汗要药*】]],用法::煎服，3～9g<br>###注意::<b>「禁用」：</b>1. 有表邪者<br>###
recvfkNCF2eUmu,<div style='text-align: center; font-size: 24px;'><b>五味子</b></div>,第1部分:: 收涩药::敛肺涩肠药,性味归经::性[[温]]；味[[酸、甘]]；归[[肺、心、肾]]经<br>###功效::① [[收敛固涩]]；<br>② [[益气生津]]；<br>③ [[补肾宁心]]<br>###主治::① [[久咳虚喘【*···::为治久咳虚喘之要药*】]]；<br>② [[自汗盗汗【*···::可敛肺止汗*】]]；<br>③ [[遗精滑精、遗尿尿频【*···::可固精缩尿*】]]；<br>④ [[久泻不止【*···::可涩肠止泻*】]]；<br>⑤ [[津伤口渴、消渴【*···::能益气生津止渴*】]]；<br>⑥ [[心悸、失眠、多梦【*···::可补心肾安神*】]]；<br>⑦ [[本品涩补兼备，上敛肺止咳，下滋肾阴涩精，外敛肺止汗，内涩肠止泻，可用于喘咳汗精尿泻]],用法::煎服，3~6g；研末服，1~3g<br>###注意::<b>「注意」：</b>内服剂量不宜过大<br><b>「不宜使用」：</b>1. 表邪未解，内有实热者；2. 咳嗽初起；3. 麻疹初期<br>###
recvfkNCF2lBI9,<div style='text-align: center; font-size: 24px;'><b>乌梅</b></div>,第1部分:: 收涩药::敛肺涩肠药,性味归经::性[[平]]；味[[酸、涩]]；归[[肝、脾、肺、大肠]]经<br>###功效::① [[敛肺涩肠]]；<br>② [[生津安蛔]]；<br>③ [[固崩止血]]；<br>④ [[外用消疮毒]]；<br>⑤ [[炒炭止血止泻]]<br>###主治::① [[肺虚久咳【*···::少痰或无痰*】]]；<br>② [[久泻久痢【常用】【*···::涩肠止泻痢*】]]；<br>③ [[蛔厥腹痛、呕吐【*···::安蛔止痛，和胃止呕*】]]；<br>④ [[虚热消渴【*···::生津止烦渴*】]]；<br>⑤ [[崩漏、便血]]；<br>⑥ [[胬肉外突、头疮【*···::外敷，“安蛔止痛良药”“咳泻痢崩血疮”*】]],用法::煎服，6~12g；大剂量可用至30g；外用适量，捣烂或炒炭研末外敷<br>###注意::<b>「不宜使用」：</b>1. 外有表邪；2. 内有实热积滞者<br>###
recvfkNCF2r2PK,<div style='text-align: center; font-size: 24px;'><b>诃子</b></div>,第1部分:: 收涩药::敛肺涩肠药,性味归经::性[[平]]；味[[苦酸涩]]；归[[肺、大肠]]经<br>###功效::① [[涩肠止泻]]；<br>② [[敛肺止咳]]；<br>③ [[降火利咽]]<br>###主治::① [[久泻久痢，便血脱肛]]；<br>② [[肺虚喘咳，久嗽不止，咽痛失音【*···::治久泻久痢常用药，失音要药、喘咳泻痢血*】]],用法::煎服，3~10g；煨用可涩肠止泻；生用可敛肺清热、利咽开音<br>###注意::<b>「禁用」：</b>1. 外有表邪；2. 内有湿热积滞者<br>###
recvfkNCF2fj23,<div style='text-align: center; font-size: 24px;'><b>肉豆蔻</b></div>,第1部分:: 收涩药::敛肺涩肠药,性味归经::性[[温]]；味[[辛]]；归[[脾胃、大肠]]经<br>###功效::① [[温中行气]]；<br>② [[涩肠止泻]]；<br>③ [[止痛]]<br>###主治::① [[虚寒泻痢]]；<br>② [[胃寒气滞，脘腹胀痛，食少呕吐【*···::虚寒泻痢要药*】]],用法::内服须煨熟去油；煎服3~10g；入丸散服0.5~1g/次<br>###注意::<b>「禁用」：</b>1. 湿热泻痢者<br>###
recvfkNCF2LhCE,<div style='text-align: center; font-size: 24px;'><b>赤石脂</b></div>,第1部分:: 收涩药::敛肺涩肠药,性味归经::性[[温]]；味[[甘、酸、涩]]；归[[胃、大肠]]经<br>###功效::① [[涩肠止泻]]；<br>② [[收敛止血]]；<br>③ [[生肌敛疮]]；<br>④ [[收敛止带]]<br>###主治::① [[久泻，久痢，下痢脓血【*···::常用药*】]]；<br>② [[崩漏便血【*···::多用*】，外伤出血]]；<br>③ [[疮疡不敛，湿疮流水]]；<br>④ [[肾虚带脉失约，赤白带下【*···::泻痢崩血带疮*】]],用法::先煎，9~12g；外用适量<br>###注意::<b>「忌用」：</b>1. 湿热积滞泻痢;<br><b>「慎用」：</b>1. 孕妇;<br><b>「忌配」：</b>1. 官桂;<br>###
recvfkNCF22NLV,<div style='text-align: center; font-size: 24px;'><b>五倍子</b></div>,第2部分:: 收涩药::敛肺涩肠药,性味归经::性[[寒]]；味[[酸涩]]；归[[肺、肾、大肠]]经<br>###功效::① [[敛肺降火]]；<br>② [[涩肠止泻]]；<br>③ [[固精止遗]]；<br>④ [[敛汗止血]]；<br>⑤ [[收湿敛疮]]；<br>⑥ [[解毒消肿]]<br>###主治::① [[咳嗽咯血【*···::尤宜*】，肺热痰嗽，肺虚久咳【*···::敛肺止咳，清肺降火*】]]；<br>② [[久泻，久痢]]；<br>③ [[遗精，滑精]]；<br>④ [[自汗，盗汗]]；<br>⑤ [[崩漏，便血痔血，外伤出血]]；<br>⑥ [[外用治湿疮肿毒【*···::痈肿疮毒，皮肤湿烂*】、湿疮流水，溃疡不敛，脱肛不收，子宫脱垂]]；<br>⑦ [[消渴]]；<br>⑧ [[【*···::咳泻痢精汗崩血疮*】]],用法::煎服，3~6g；入丸散服，1~1.5g/次；外用适量，研末外敷或煎汤外洗<br>###注意::<b>「注意」：</b>1. 不宜过量;<br><b>「忌用」：</b>1. 湿热泻痢;<br>###
recvfkNCF2QQlw,<div style='text-align: center; font-size: 24px;'><b>罂粟壳</b></div>,第2部分:: 收涩药::敛肺涩肠药,"性味归经::性[[平]]；味[[酸涩]]；归[[肺、肾、大肠]]经；有<span style='color: red;'>毒</span><br>###功效::① [[敛肺]]；<br>② [[涩肠]]；<br>③ [[止痛]]；<br>④ [[固肾止遗]]<br>###主治::① [[肺虚久咳]]；<br>② [[久泻久痢，脱肛]]；<br>③ [[疼痛证，脘腹疼痛，筋骨疼痛]]；<br>④ [[肾虚不固之遗精滑泄【*···::""涩肠止泻之圣药""""咳泻刺痛""*】]]",用法::煎服，3～6g；蜜炙用，止咳；醋炒用，止痛<br>###注意::<b>「注意」：</b>1. 不宜常服;<br><b>「忌用」：</b>1. 咳嗽或泻痢初起邪实者;<br><b>「禁用」：</b>1. 孕妇及儿童;<br><b>「慎用」：</b>1. 运动员;<br>###
recvfkNCF2sGEd,<div style='text-align: center; font-size: 24px;'><b>禹余粮</b></div>,第2部分:: 收涩药::敛肺涩肠药,性味归经::性[[微寒]]；味[[甘涩]]；归[[胃、大肠]]经<br>###功效::① [[涩肠止泻]]；<br>② [[收敛止血]]；<br>③ [[固涩止带]]<br>###主治::① [[久泻，久痢]]；<br>② [[便血，崩漏]]；<br>③ [[肾虚带脉不固之带下清稀【*···::泻痢崩血带*】]],用法::先煎，9~15g；或入丸散<br>###注意::<b>「忌用」：</b>1. 邪实者;<br><b>「慎用」：</b>1. 孕妇;<br>###
recvfkNCF2zZ7r,<div style='text-align: center; font-size: 24px;'><b>石榴皮</b></div>,第2部分:: 收涩药::敛肺涩肠药,性味归经::性[[温]]；味[[酸涩]]；归[[大肠]]经<br>###功效::① [[涩肠止泻]]；<br>② [[收敛止血]]；<br>③ [[驱虫]]；<br>④ [[涩精止带]]<br>###主治::① [[久泻，久痢，脱肛【*···::常用*】]]；<br>② [[便血，崩漏，带下]]；<br>③ [[虫积腹痛【*···::蛲虫、蛔虫、绦虫*】]]；<br>④ [[遗精【*···::泻痢崩血带精*】]],用法::煎服，3~9g；生用入汤剂；炒用入丸散；炒炭用止血<br>###注意::<b>「忌用」：</b>1. 泻痢初起;<br>###
recvfkNCF2wkgF,<div style='text-align: center; font-size: 24px;'><b>鸡冠花</b></div>,第2部分:: 收涩药::敛肺涩肠药,性味归经::性[[凉]]；味[[甘、涩]]；归[[肝、大肠]]经<br>###功效::① [[收敛凉血止血]]；<br>② [[止带]]；<br>③ [[止痢]]<br>###主治::① [[吐血，崩漏，便血，痔血【*···::可收敛凉血止血，治血热妄行之崩漏，可配伍治冲任虚寒之崩漏，也治血热便血、痔血*】]]；<br>② [[赤白带下【*···::收敛止带，为带下证之常用药，治脾虚带下与湿热带下*】]]；<br>③ [[久痢不止，赤白下痢【*···::凉血涩肠止痢*】]]；<br>④ [[本药可概括为崩血带痢]],用法::煎服，6～12g<br>###
recvfkNCF2HfVZ,<div style='text-align: center; font-size: 24px;'><b>山茱萸</b></div>,第1部分:: 收涩药::固精缩尿止带药,"性味归经::性[[微温]]；味[[酸、涩]]；归[[肝、肾]]经<br>###功效::① [[补益肝肾]]；<br>② [[收敛固涩]]<br>###主治::① [[肝肾不足所致眩晕耳鸣、腰膝酸痛、阳痿]]；<br>② [[遗精滑精、遗尿尿频【*···::固精缩尿*】]]；<br>③ [[崩漏带下、月经过多【*···::固冲止血*】]]；<br>④ [[大汗不止、体虚欲脱【*···::敛汗固脱*】]]；<br>⑤ [[消渴]]；<br>⑥ [[【*···::""精尿血带汗""，""平补阴阳，固精止遗要药""*】]]","用法::煎服，6～12g；急救固脱可用20～30g<br>###注意::<b>「忌用」：</b>1. 素有湿热而致小便淋涩者;<br>###常配::熟地10-15g，山茱萸6-12g滋肾填精，养肝固脱（六味地黄汤核心）。熟地滋肾阴、填精髓，山茱萸养肝肾、固精脱。主治肝肾阴虚之腰膝酸软、头晕耳鸣、遗精盗汗、消渴。<br><span style=""color:red"">以上仅供参考</span>"
recvfkNCF2iUar,<div style='text-align: center; font-size: 24px;'><b>覆盆子</b></div>,第1部分:: 收涩药::固精缩尿止带药,性味归经::性[[温]]；味[[甘酸]]；归[[肝、肾、膀胱]]经<br>###功效::① [[益肾固精]]；<br>② [[缩尿]]；<br>③ [[养肝明目]]<br>###主治::① [[肾虚不固，遗精滑精，遗尿尿频，阳痿早泄【*···::固精缩尿，补益肝肾*】]]；<br>② [[肝肾不足，目暗不明【*···::养肝明目*】]],用法::煎服，6~12g<br>###注意::<b>「忌用」：</b>1. 阴虚火旺，膀胱蕴热而小便短涩;<br>###
recvfkNCF2cKTD,<div style='text-align: center; font-size: 24px;'><b>椿皮</b></div>,第1部分:: 收涩药::固精缩尿止带药,性味归经::性[[寒]]；味[[苦、涩]]；归[[大肠、胃、肝]]经<br>###功效::① [[清热燥湿]]；<br>② [[收敛止带]]；<br>③ [[止血]]；<br>④ [[止泻]]；<br>⑤ [[杀虫]]<br>###主治::① [[湿热泻痢，久泻，久痢]]；<br>② [[赤白带下【*···::止带常用*】]]；<br>③ [[崩漏经多，便血痔血【*···::血热尤宜*】]]；<br>④ [[蛔虫腹痛，疥癣，瘙痒【*···::泻痢带崩血*】]],用法::煎服，6～9g<br>###注意::<b>「慎用」：</b>1. 脾胃虚寒;<br>###
recvfkNCF2rPEm,<div style='text-align: center; font-size: 24px;'><b>桑螵蛸</b></div>,第1部分:: 收涩药::固精缩尿止带药,性味归经::性[[平]]；味[[甘咸]]；归[[肝、肾]]经<br>###功效::① [[固精缩尿]]；<br>② [[补肾助阳]]<br>###主治::① [[肾虚不固所致遗精滑精、遗尿尿频、白浊]]；<br>② [[肾虚阳痿]],用法::煎服，5~10g<br>###注意::<b>「忌用」：</b>1. 阴虚多火或内有湿热之遗精，膀胱湿热而小便频数;<br>###
recvfkNCF2oPXs,<div style='text-align: center; font-size: 24px;'><b>海螵蛸</b></div>,第1部分:: 收涩药::固精缩尿止带药,性味归经::性[[温]]；味[[咸、涩]]；归[[肝、肾]]经<br>###功效::① [[收敛止血]]；<br>② [[固精止带]]；<br>③ [[制酸止痛]]；<br>④ [[收湿敛疮]]<br>###主治::① [[崩漏便血，吐血衄血，外伤出血]]；<br>② [[遗精滑精，带下]]；<br>③ [[胃痛吐酸]]；<br>④ [[湿疮湿疹，溃疡不敛【*···::固涩力强，崩血精带疮*】]],用法::煎服，5~10g；外用适量，研末撒患处<br>###注意::不宜久服，久服易致便秘<br><b>「慎用」：</b>1. 阴虚多热者<br>###
recvfkNCF277ni,<div style='text-align: center; font-size: 24px;'><b>金樱子</b></div>,第1部分:: 收涩药::固精缩尿止带药,性味归经::性[[平]]；味[[酸、甘、涩]]；归[[肾、膀胱、大肠]]经<br>###功效::① [[固精缩尿]]；<br>② [[固崩止带]]；<br>③ [[涩肠止泻]]<br>###主治::① [[遗精滑精，遗尿尿频，崩漏带下]]；<br>② [[久泻，久痢]]；<br>③ [[脱肛，子宫脱垂【*···::功专固敛，精尿崩带泻痢*】]],用法::煎服，6～12g<br>###注意::<b>「慎用」：</b>1. 有实火者；2. 邪实者<br>###
recvfkNCF29VWe,<div style='text-align: center; font-size: 24px;'><b>莲子</b></div>,第1部分:: 收涩药::固精缩尿止带药,性味归经::性[[平]]；味[[甘涩]]；归[[脾、肾、心]]经<br>###功效::① [[补脾止泻]]；<br>② [[止带]]；<br>③ [[益肾固精]]；<br>④ [[养心安神]]<br>###主治::① [[脾虚泄泻]]；<br>② [[带下证，妇女崩漏]]；<br>③ [[肾虚遗精滑精，遗尿尿频]]；<br>④ [[虚烦，心悸，失眠【*···::补涩兼佳，泻带精*】]],用法::去心打碎，煎服；6~15g<br>###注意::<b>「慎用」：</b>1. 大便燥结者不宜服（五版）<br>###
recvfkNCF2btF6,<div style='text-align: center; font-size: 24px;'><b>芡实</b></div>,第1部分:: 收涩药::固精缩尿止带药,性味归经::性[[平]]；味[[甘涩]]；归[[脾、肾]]经<br>###功效::① [[益肾固精]]；<br>② [[健脾止泻]]；<br>③ [[除湿止带]]<br>###主治::① [[遗精滑精，遗尿，尿频]]；<br>② [[脾虚久泻]]；<br>③ [[带下、白浊【*···::治虚、实带下证佳品，精尿泻带*】]],用法::煎服，9～15g<br>###
recvfkNCF2VYcF,<div style='text-align: center; font-size: 24px;'><b>常山</b></div>,第1部分:: 涌吐药,性味归经::性[[寒]]；味[[苦辛]]；归[[肺肝心]]经；有<span style='color: red;'>毒</span><br>###功效::① [[涌吐痰涎]]；<br>② [[截疟]]<br>###主治::① [[胸中痰饮证，胸膈痞塞]]；<br>② [[疟疾【*···::宜在寒热发作前半天或2小时服用，以间日疟与三日疟为佳，为治疟要药*】]],用法::煎服，5~9g；或入丸散；生用涌吐；酒炒截疟<br>###注意::有催吐作用，用量不宜过大<br><b>「慎用」：</b>1. 体虚及孕妇<br>###
recvfkNCF2FeJ6,<div style='text-align: center; font-size: 24px;'><b>瓜蒂</b></div>,第2部分:: 涌吐药,性味归经::性[[寒]]；味[[苦]]；归[[胆、胃]]经；有<span style='color: red;'>毒</span><br>###功效::① [[涌吐痰食]]；<br>② [[祛湿退黄]]<br>###主治::① [[热痰，风痰，宿食，食物中毒]]；<br>② [[湿热黄疸【*···::行水湿退黄*】，湿家头痛]]；<br>③ [[善涌吐热痰、宿食]],用法::煎服，2.5~5g；入丸散剂，0.3~1g；外用适量，研末吹鼻，待鼻中流出黄水即可停药<br>###注意::<b>「禁用」：</b>1. 体虚者；2. 吐血者；3. 咯血者；4. 胃弱者；5. 孕妇；6. 上焦无实邪者<br>###
recvfkNCF2AuAC,<div style='text-align: center; font-size: 24px;'><b>胆矾</b></div>,第2部分:: 涌吐药,性味归经::性[[寒]]；味[[酸辛]]；归[[肝胆]]经；有<span style='color: red;'>毒</span><br>###功效::① [[涌吐痰涎]]；<br>② [[解毒收湿]]；<br>③ [[祛腐蚀疮]]<br>###主治::① [[风痰壅盛，误食毒物，喉痹，癫痫【*···::涌吐风痰毒物*】]]；<br>② [[口疮牙疳，风眼赤烂]]；<br>③ [[胬肉，肿毒不溃【*···::疮疡不溃*】]],用法::温水化服，0.3~0.6g；外用适量，煅后研末撒或调敷，或以水溶化后外洗<br>###注意::<b>「禁用」：</b>1. 孕妇；2. 体虚者<br>###
recvfkNCF2zpdh,<div style='text-align: center; font-size: 24px;'><b>雄黄</b></div>,第1部分:: 攻毒杀虫止痒药,性味归经::性[[温]]；味[[辛]]；归[[肝、大肠]]经；有<span style='color: red;'>毒</span><br>###功效::① [[解毒杀虫]]；<br>② [[燥湿祛痰]]；<br>③ [[截疟]]<br>###主治::① [[痈肿疔疮，湿疹疥癣，虫蛇咬伤]]；<br>② [[虫积腹痛，惊痫，疟疾，哮喘【*···::现少用*】]],用法::内服入丸散，0.05~0.1g；外用适量，熏涂患处<br>###注意::水飞入药，切忌火煅；内服宜慎；不可长期、大量使用<br><b>「禁用」：</b>1. 孕妇<br>###
recvfkNCF2IoeG,<div style='text-align: center; font-size: 24px;'><b>硫黄</b></div>,第1部分:: 攻毒杀虫止痒药,性味归经::性[[温]]；味[[酸]]；归[[肾、大肠]]经；有<span style='color: red;'>毒</span><br>###功效::① [[外用解毒疗疮、杀虫止痒]]；<br>② [[内服补火助阳、通便]]<br>###主治::① [[疥癣，湿疹，秃疮，阴疽疮疡【*···::解毒杀虫，止痒疗疮*】]]；<br>② [[阳痿足冷，虚寒哮喘，虚冷便秘【*···::治疥疮要药、大补命门真火*】]],用法::内服1.5~3g，炮制后入丸散；外用适量，研末油调涂敷患处<br>###注意::内服宜慎用，过量易中毒<br><b>「禁用」：</b>1. 阴虚火旺者<br><b>「慎用」：</b>1. 孕妇<br><b>「配伍禁忌」：</b>1. 不宜与芒硝、玄明粉同用<br>###
recvfkNCF2XyLe,<div style='text-align: center; font-size: 24px;'><b>蟾酥</b></div>,第1部分:: 攻毒杀虫止痒药,性味归经::性[[温]]；味[[辛]]；归[[心]]经；有<span style='color: red;'>毒</span><br>###功效::① [[解毒]]；<br>② [[止痛]]；<br>③ [[开窍醒神]]<br>###主治::① [[痈疽疔疮瘰疬，咽喉肿痛，牙痛]]；<br>② [[中暑神昏，痧胀腹痛吐泻【*···::解毒消肿，麻醉止痛]]；<br>③ [[辟秽化浊，开窍醒神*】]],用法::内服0.015~0.03g，多入丸散；外用适量<br>###注意::内服慎勿过量，外用不可入目<br><b>「禁用」：</b>1. 孕妇<br>###
recvfkNCF2Iygk,<div style='text-align: center; font-size: 24px;'><b>蛇床子</b></div>,第1部分:: 攻毒杀虫止痒药,性味归经::性[[温]]；味[[辛苦]]；归[[肾]]经；有小<span style='color: red;'>毒</span><br>###功效::① [[燥湿祛风]]；<br>② [[杀虫止痒]]；<br>③ [[温肾壮阳]]<br>###主治::① [[阴部湿痒，湿疹瘙痒，疥癣]]；<br>② [[寒湿带下，湿痹腰痛]]；<br>③ [[肾虚阳痿，宫冷不孕【*···::皮肤病及妇科病常用药*】]],用法::外用适量，多煎汤熏洗或研末调敷；内服3~10g<br>###注意::<b>「禁用」：</b>1. 阴虚火旺者；2. 下焦湿热者<br>###
recvfkNCF2Zzju,<div style='text-align: center; font-size: 24px;'><b>土荆皮</b></div>,第2部分:: 攻毒杀虫止痒药,性味归经::性[[温]]；味[[辛]]；归[[肺、脾]]经；有<span style='color: red;'>毒</span><br>###功效::① [[杀虫]]；<br>② [[疗癣]]；<br>③ [[止痒]]<br>###主治::① [[体癣，手足癣，头癣]]；<br>② [[湿疹，皮炎，疥疮，皮肤瘙痒【*···::杀虫疗癣、祛湿止痒*】]],用法::外用适量，酒或醋浸涂擦；或研末调敷患处<br>###注意::<b>「禁用」：</b>1. 只供外用，不可内服<br>###
recvfkNCF2WGLL,<div style='text-align: center; font-size: 24px;'><b>白矾</b></div>,第2部分:: 攻毒杀虫止痒药,性味归经::性[[寒]]；味[[酸涩]]；归[[肺脾肝大肠]]经<br>###功效::① [[外用解毒杀虫，燥湿止痒]]；<br>② [[内服止血止泻，祛除风痰，燥湿退黄]]<br>###主治::① [[湿疹瘙痒，疮疡疥癣，脱肛，痔疮，耳流脓]]；<br>② [[便血，吐衄，崩漏，久泻久痢]]；<br>③ [[癫痫发狂，脑卒中昏厥]]；<br>④ [[湿热黄疸，女劳疸【*···::疮面湿烂或瘙痒尤宜*】]],用法::内服0.6～1.5g，入丸散服；外用适量，研末敷或化水洗患处<br>###注意::<b>「禁用」：</b>1. 体虚胃弱者；2. 无湿热痰火者<br>###
recvfkNCF2VYZg,<div style='text-align: center; font-size: 24px;'><b>蜂房</b></div>,第2部分:: 攻毒杀虫止痒药,性味归经::性[[平]]；味[[甘]]；归[[胃]]经<br>###功效::① [[攻毒杀虫]]；<br>② [[祛风止痛]]；<br>③ [[止痒]]<br>###主治::① [[疮疡肿毒，乳痈，瘰疬，癌肿【*···::攻毒杀虫，攻坚破积，外科常用*】]]；<br>② [[风疹瘙痒，皮肤顽癣，鹅掌风，牙痛，风湿痹痛【*···::性善走窜，能祛风止痛、止痒*】]]；<br>③ [[阳痿、喉痹、出血证，蛔虫、绦虫病等，也可用治恶性肿瘤]],用法::煎服3~5g；外用适量，研末油调敷患处，或煎水漱口，或洗患处<br>###
recvfkNCF2TIc6,<div style='text-align: center; font-size: 24px;'><b>大蒜</b></div>,第2部分:: 攻毒杀虫止痒药,性味归经::性[[温]]；味[[辛]]；归[[脾、胃、肺]]经<br>###功效::① [[解毒杀虫]]；<br>② [[消肿止痢]]；<br>③ [[健脾温胃]]；<br>④ [[增强食欲]]<br>###主治::① [[痈肿疮疡【*···::如背疽漫肿无头*】或疔毒、疥癣]]；<br>② [[蛲虫病、钩虫病]]；<br>③ [[肺痨、百日咳]]；<br>④ [[痢疾、泄泻]]；<br>⑤ [[脘腹冷痛、食欲减退、饮食不消]]；<br>⑥ [[防治流感、流脑、乙脑等流行性传染病，治疗食蟹中毒]],用法::内服5～15g；外用适量，捣敷，切片搽或隔蒜灸<br>###注意::<b>「禁用」：</b>1. 孕妇忌灌肠用<br><b>「慎用」：</b>1. 阴虚火旺及目、舌、喉、口、齿诸疾者不宜内服<br><b>「注意」：</b>1. 外用可引起皮肤发红、灼热甚至起泡，故不可敷之过久<br>###
recvfkNCF2S4PA,<div style='text-align: center; font-size: 24px;'><b>红粉</b></div>,第1部分:: 拔毒化腐生肌药,"性味归经::性[[热]]；味[[辛]]；归[[肺脾]]经；有大<span style='color: red;'>毒</span><br>###功效::① [[拔毒除脓]]；<br>② [[去腐生肌]]<br>###主治::① [[痈疽疔疮]]；<br>② [[梅毒下疳]]；<br>③ [[一切恶疮]]；<br>④ [[肉暗紫黑]]；<br>⑤ [[腐肉不去]]；<br>⑥ [[窦道瘘管]]；<br>⑦ [[脓水淋漓]]；<br>⑧ [[久不收口]]；<br>⑨ [[[注：外科良药""升药""系以水银、火硝、白矾为原料加工而成的升华物。其中，红色升华物称为""红升""【*···::2015版药典称为""红粉""*】,黄色升华物称为""黄升""]]]",用法::外用适量，研极细粉单用或与其他药味配制成散剂或药捻<br>###注意::<b>「禁用」：</b>1. 孕妇禁用<br><b>「注意」：</b>1. 只可外用，不可内服，且不宜久用<br>###
recvfkNCF26j3G,<div style='text-align: center; font-size: 24px;'><b>炉甘石</b></div>,第1部分:: 拔毒化腐生肌药,性味归经::性[[平]]；味[[甘]]；归[[肝、脾]]经<br>###功效::① [[解毒明目退翳]]；<br>② [[收湿止痒、敛疮]]<br>###主治::① [[目赤肿痛，眼睑溃烂，翳膜遮睛，胬肉攀睛【*···::眼科外用常用药*】]]；<br>② [[溃疡不敛，湿疮，湿疹，脓水淋漓【*···::生肌敛疮、收湿止痒、解毒*】]],用法::外用适量，研末撒布或调敷，水飞点眼<br>###注意::<b>「禁用」：</b>1. 专供外用，不作内服<br><b>「注意」：</b>1. 宜炮制后用<br>###
recvfkNCF2v9OY,<div style='text-align: center; font-size: 24px;'><b>硼砂</b></div>,第1部分:: 拔毒化腐生肌药,性味归经::性[[凉]]；味[[甘咸]]；归[[肺、胃]]经<br>###功效::① [[外用清热解毒]]；<br>② [[内服清肺化痰]]<br>###主治::① [[咽喉肿痛，口舌生疮，目赤翳障【*···::外用能清热解毒、消肿防腐，为喉科及眼科常用药*】]]；<br>② [[痰热咳嗽]],用法::内服入丸散，1.5~3g；外用适量，研极细末干撒或调敷患处；或化水含漱<br>###注意::<b>「慎用」：</b>1. 内服宜慎<br><b>「注意」：</b>1. 本品以外用为主<br>###
recvfkNCF2hrJN,<div style='text-align: center; font-size: 24px;'><b>砒石</b></div>,第2部分:: 拔毒化腐生肌药,性味归经::性[[大热]]；味[[辛]]；归[[肺、脾、肝]]经；有大<span style='color: red;'>毒</span><br>###功效::① [[外用攻毒杀虫、蚀疮祛腐]]；<br>② [[内服劫痰平喘、截疟、攻毒抑癌]]<br>###主治::① [[恶疮、瘰疬、顽癣、走马牙疳、痔疮]]；<br>② [[寒痰哮喘]]；<br>③ [[古方治疟疾，现少用]]；<br>④ [[癌症]],用法::内服入丸散，一次0.002~0.004g；外用适量，研末撒敷，宜作复方散剂或入膏药、药捻用<br>###注意::<b>「禁用」：</b>1. 孕妇及体虚者<br><b>「忌配」：</b>1. 水银<br><b>「注意」：</b>1. 须严格掌握用量；2. 内服宜慎，不可持续服用；外用亦不可过量；3. 不可做酒剂服；忌火煅<br>###
recvfkNCF2VGvM,<div style='text-align: center; font-size: 24px;'><b>铅丹</b></div>,第2部分:: 拔毒化腐生肌药,性味归经::性[[寒]]；味[[辛咸]]；归[[心、脾、肝]]经；有<span style='color: red;'>毒</span><br>###功效::① [[外用拔毒生肌，杀虫止痒]]；<br>② [[内服坠痰镇惊，祛痰截疟]]<br>###主治::① [[疮疡溃烂，湿疹瘙痒，疥癣顽癣，狐臭，酒齄鼻]]；<br>② [[惊痫癫狂，心神不宁]]；<br>③ [[疟疾【*···::现少用*】]]；<br>④ [[为制备外用膏药的重要原料，常与植物油或解毒、活血、生肌药熬制成外贴膏药应用]],用法::内服0.3~0.6g/次，入丸散；外用适量，研末撒布或熬膏贴敷<br>###注意::<b>「禁用」：</b>1. 孕妇禁用<br><b>「慎用」：</b>1. 本品有毒，用之不当可引起铅中毒；2. 不可持续使用以防蓄积中毒<br>###
recvfkNCF2s6ay,<div style='text-align: center; font-size: 24px;'><b>轻粉</b></div>,第2部分:: 拔毒化腐生肌药,性味归经::性[[寒]]；味[[辛]]；归[[大肠、小肠]]经；有<span style='color: red;'>毒</span><br>###功效::① [[外用杀虫攻毒敛疮]]；<br>② [[内服祛痰消积，逐水通便]]<br>###主治::① [[疮疡溃烂，疥癣瘙痒，臁疮，湿疹，酒齄鼻，梅毒下疳【*···::攻毒杀虫止痒、生肌敛疮*】]]；<br>② [[痰涎积滞，水肿臌胀，二便不利]],用法::外用适量，研末掺敷患处；内服每次0.1~0.2g，每日1~2次，多入丸剂或装胶囊服，服后及时漱口，以免口腔糜烂<br>###注意::<b>「禁用」：</b>1. 体虚者；2. 孕妇<br><b>「慎用」：</b>1. 不可过量或久服；2. 内服宜慎；3. 服后应漱口<br>###
