ID,主字段,章节,知识解析,知识拓展
recveFKVuyN27s,"<div style=""text-align: center; font-size: 24px;""><b>麻黄汤</b></div>",解表剂::辛温解表剂,"方歌::[[麻黄汤中用桂枝]],[[杏仁炙草四般施]]。<br>[[恶寒发热头身痛]],[[外感风寒表实宜]]<br>###组成::[[「麻黄」、桂枝、杏仁、炙甘草]]<br>###主治::[[外感风寒表实证]]。恶寒发热，头身疼痛，无汗而喘，舌苔薄白，脉浮紧<br>###功用::[[发汗解表，宣肺平喘]]",用法::上四味，以水九升，先煮麻黄，减二升，去上沫，内诸药，煮取二升半，去滓，温服八合。覆取微似汗，不须啜粥，余如桂枝法将息<br>###加减::①(麻黄加术汤)加白术四两，功能发汗解表，散寒祛湿，治湿家身烦疼；<br>②(麻杏苡甘汤)去桂枝，加薏苡仁，功能解表祛湿，治风湿一身尽疼，发热，日哺所剧者；<br>③(大青龙汤)加石膏、生姜、大枣，麻黄、炙甘草用量增加一倍，功能发汗解表，清热除烦，治外感风寒，发热恶寒，寒热俱重，脉浮紧，身疼痛，不汗出而烦躁；<br>④(三拗汤)去桂枝，加姜五片，余药等分，功能宣肺解表，主治感冒风邪，鼻塞声重，语音不出，或伤风伤冷，头痛目眩，四肢拘挛，咳嗽痰多，胸满气短；<br>⑤(华盖散)去桂枝，加桑白皮、紫苏子、茯苓、陈皮，功能宣肺解表，祛痰止咳，主治肺感风寒，咳嗽上气，痰气不利，呀呷有声，脉浮紧者<br>###方解::<b>「君」：</b>麻黄:发汗解表，宣肺平喘<br><b>「臣」：</b>桂枝:解肌发表，温经散寒，通达营卫麻桂相须:①加强发汗解表之力；②温通经脉止痛；③发卫分之郁，透营分之邪<br><b>「佐」：</b>杏仁:降利肺气平喘杏麻相配:一宣一降，利肺平喘，复肺宣降，增强止咳平喘之功<br><b>「佐使」：</b>炙甘草:①调和麻杏宣降；②缓和麻桂峻烈<br>###注意::辛温发汗之峻剂，当中病即止，不可过服。疮家、淋家、蛔家、亡血家以及外感表虚自汗、血虚而脉见“尺中迟”、误下而见“身重心悸”，虽有表寒证，亦皆当禁用<br>###特点::外感风寒表实证基础方，辛温发汗法代表方
recveFKWJu4wzh,"<div style=""text-align: center; font-size: 24px;""><b>桂枝汤</b></div>",解表剂::辛温解表剂,"方歌::[[桂枝汤治太阳风]],[[芍药甘草姜枣同]]。<br>[[解肌发表调营卫]],[[风寒表虚营卫通]]<br>###组成::[[「桂枝」、芍药、生姜、大枣、炙甘草]]<br>###主治::1.[[外感风寒表虚证]]。头痛发热，汗出恶风，或鼻鸣干呕，苔白不渴，脉浮缓或浮弱者<br>2.[[病后、产后、体弱表现的营卫阴阳不和证]]<br>###功用::[[解肌发表，调和营卫]]",用法::上五味，上㕮咀，以水七升，微火煮取三升，去滓，适寒温，服一升。服已须臾，啜热稀粥一升余，以助药力。温覆令一时许，遍身黎禁微似有汗者益佳，不可令如水流滴，病必不除。若一服汗出病瘥，停后服，不必尽剂；若不汗，更服如前法；又不汗，后服小促其间，半日许令三服尽。若病重者，一日一夜服，周时观之。服一剂尽，病证犹在者，更作服；若汗不出，乃服至二三剂。禁生冷、黏滑、肉面、五辛、酒酪、臭恶等物<br>###加减::若见项背强几几，宜加葛根。素有喘病，外感风寒，加厚朴、杏仁；太阳病发汗太过，发奔豚，加重桂枝<br>###方解::<b>「君」：</b>桂枝:助卫阳，通经络，解肌发表而祛在表之风邪(透营达卫，解肌散寒)<br><b>「臣」：</b>芍药:益阴敛营，敛固外泄之营阴。桂芍等量合用(桂枝:芍药=1:1)，寓意有三:一为针对卫强营弱，体现营卫同治，邪正兼顾；二为相辅相成，桂枝得芍药，使汗而有源，芍药得桂枝，则滋而能化；三为相制相成，散中有收，汗中寓补<br><b>「佐」：</b>生姜:助桂枝解表，和胃止呕。大枣:既能益气补中(健脾益气)，协芍药补营阴，可滋脾生津生姜大枣相配:补脾和胃，化气生津，益营助卫<br><b>「佐使」：</b>炙甘草:①益气和中，与桂辛甘化阳扶卫，与芍酸甘化阴助营；②调和诸药特色:仲景群方之冠，滋阴和阳，调和营卫，解肌发汗之总方<br>###注意::表实无汗或表寒里热证，不汗出而烦躁，以及温病初起，见发热口渴，咽痛脉数时，均不宜使用1.本方用于“外证”，当谨遵服法，方能解肌和营卫，否则入里化气和阴阳<br>②.药煎取汁，适寒温服之<br>③.服须臾，吸热粥:借水谷之气充养中焦，不但酿汗，更可使得外邪速去不致复感(助汗祛外邪)<br>④.温覆一时许:避风助汗<br>⑤.遍身微似汗出:肺胃已和，津液得通，营卫和谐，腠理复固，故云“益佳”<br>⑥.至于服后汗出病瘥，停后服；或不效，再服；以及禁生冷黏腻、酒肉、臭恶等，尤其是“不可令如水流漓，病必不除”等均为服解表剂应该注意之通则<br>###特点::外感风寒表虚证基础方。调和营卫，调和阴阳法代表方
recveFKWJuASNS,"<div style=""text-align: center; font-size: 24px;""><b>小青龙汤</b></div>",解表剂::辛温解表剂,"方歌::[[小青龙汤治水气]],[[喘咳呕哕渴利慰]]。<br>[[姜桂麻黄芍药甘]],[[细辛半夏兼五味]]<br>###组成::[[「麻黄」、桂枝、干姜、细辛、半夏、五味子、芍药、炙甘草]]<br>###主治::[[【*外寒内饮证::原文:“伤寒表不解，心下有水气，干呕，发热而咳，或渴，或利，或噎，或小便不利，少腹满，或喘者，小青龙汤主之。”*】]]。恶寒发热，头身疼痛，无汗，喘咳，痰稀量多，胸痞，或干呕，或痰饮咳喘，不得平卧，或身体疼重，头面四肢浮肿，舌苔白滑，脉浮滑或紧。<br>###功用::[[解表散寒，温肺化饮]]",用法::以上八味，以水一斗，先煮麻黄，减二升，去上沫，内诸药。煮取三升，去滓，温服一升<br>###加减::①外邪表闭重，恶寒无汗:重麻、桂；<br>②外寒已解，喘咳未止:去麻、桂；<br>③寒痰水饮重，胸满痰多:重细辛、半夏；<br>④里饮郁热，喘而烦躁:加石膏；<br>⑤郁热伤津口渴:去半夏加瓜蒌根；<br>⑥里饮偏重小便不利，小腹满:去麻黄，加茯苓附方:1.射干麻黄汤(减桂枝、芍药、甘草；增射干、款冬花、紫菀等药)。功用:宣肺祛痰，降气止咳。可解表化饮，祛痰降气之力强，功偏治里。适用于风寒较轻，痰饮郁结，肺气上逆较重者。主治:痰饮郁结，气逆喘咳证。症见咳而上气，喉中有水鸡声者。<br>②.小青龙加石膏汤(加石膏)。功用:解表蠲饮，清热除烦。主治:外感风寒、内有饮邪郁热之证。肺胀，心下有水气。症见咳而上气，烦躁而喘，脉浮者<br>###方解::<b>「君」：</b>麻黄、桂枝相须:发汗解表。麻:宣肺平喘；桂:化气行水化饮<br><b>「臣」：</b>干姜、细辛:①温肺化饮；②助麻桂解表<br><b>「佐」：</b>半夏:燥湿化痰，和胃降逆散结<br><b>佐制：</b>五味子:敛肺止咳喘；芍药:益阴血敛津液。五味子、芍药:和营养血二药与辛散配伍:①散中有收，增强止咳平喘；②防诸药辛散温燥耗气伤津<br><b>「佐使」：</b>炙甘草:①益气和中；②调和药性(辛散酸收)<br>###注意::阴虚干咳无痰或痰热喘咳禁用
recveFKWJuZNqE,"<div style=""text-align: center; font-size: 24px;""><b>九味羌活汤</b></div>",解表剂::辛温解表剂,"方歌::[[九味羌活防风苍]],[[辛芷芎苓草地黄]]。<br>[[发汗祛湿兼清热]],[[分经论治变通良]]<br>###组成::[[「羌活」、防风、苍术、细辛、川芎、白芷、生地黄、黄芩、甘草]]<br>###主治::[[外感风寒湿邪，内有蕴热证]]。恶寒发热，肌表无汗，头痛项强，肢体酸楚疼痛，口苦微渴，舌苔白或微黄，脉浮或浮紧<br>###功用::[[发汗祛湿，兼清里热]]",用法::㕮咀，水煎服。若急汗热服，以羹粥投入；若缓汗温服，而不用汤投之也<br>###加减::①无口苦口渴者，去黄芩、生地黄；<br>②苔白厚腻者，去黄芩、生地黄，重用苍术，加枳壳、厚朴。<br>③附方:大羌活汤(少白芷，多黄连、知母、防己、独活、白术)，清热祛湿之功较强，宜于外感风寒湿邪而兼见里热较甚者。功用:发散风寒，祛湿清热。主治:外感风寒湿邪兼有里热证。症见头痛身重，发热恶寒，口干烦满而渴，舌苔白腻，脉浮数<br>###方解::<b>「君」：</b>羌活:祛风湿，利关节，止痹痛(善祛除在表之风寒湿邪)<br><b>「臣」：</b>防风:①散一身之风；②胜湿止痛苍术:①主人太阴，除湿力强；②祛风散寒防风、苍术:助羌活以发汗除风湿，祛风散寒，除湿止痛<br><b>「佐」：</b>细辛:主人少阴，散寒通络，尤能止痛白芷:主人阳明，祛风散寒，兼能宣痹川芎:主人少阳、厥阴，祛风而能行气活血，宣痹止痛生地、黄芩:①清泄里热；②兼制辛温香燥以防助热伤津<br><b>「使」：</b>炙甘草:调和诸药<br>###注意::风热表证、里热亢盛以及阴虚内热者不宜使用1.寒邪较重，表证重，宜热服并吸热粥助药力，以助酿汗祛邪<br>②.若邪不甚，表证较轻，则不必啜粥，温服即可<br>###特点::外感风寒湿邪，兼有里热常用方。体现“分经论治”思想的代表方
recveFKWJufj6A,"<div style=""text-align: center; font-size: 24px;""><b>香苏散</b></div>",解表剂::辛温解表剂,"方歌::[[香苏散内草陈皮]],[[疏散风寒中理气]]。<br>[[外感风寒兼气滞]],[[寒热无汗胸脘痞]]<br>###组成::[[「紫苏叶」、香附、陈皮、炙甘草]]<br>###主治::[[外感风寒内有气滞证]]。恶寒发热，头痛无汗，胸脘痞闷，不思饮食，舌苔薄白，脉浮<br>###功用::[[疏风散寒，理气和中]]",用法::为粗末。每服三钱，水一盏，煎七分，去滓，不拘时，日三服；若作细末，只服二钱，入盐点服<br>###加减::①(加味香苏散)加荆芥、秦艽、防风、蔓荆子、川穹、生姜，功能发汗解表，主治四时感冒，头痛项强，鼻塞流涕，身体疼痛，发热恶寒或恶风，无汗，舌苔薄白，脉浮；<br>②(香苏葱鼓汤)加葱鼓汤(葱白、淡豆鼓)，功能发汗解表，调气安胎，主治妊妇伤寒<br>###方解::<b>「君」：</b>苏叶:①开腠理而散风寒；②兼芳香化浊，善理肺胃气滞<br><b>「臣」：</b>香附:理三焦之气，与君配伍发汗解表，行气和血<br><b>「佐」：</b>陈皮:理肺脾之气，化湿散滞陈皮、香附合用:调气和血，助君臣以散表畅里<br><b>「使」：</b>炙甘草:和中调药<br>###注意::风寒表实重证非本方所宜
recveFKWJu6dnk,"<div style=""text-align: center; font-size: 24px;""><b>正柴胡饮</b></div>",解表剂::辛温解表剂,"方歌::[[正柴胡饮景岳方]],[[芍药陈草生姜防]]。<br>[[疏散风寒效平和]],[[风寒轻证服之康]]<br>###组成::[[「柴胡」、防风、陈皮、芍药、甘草、生姜]]<br>###主治::[[【*外感风寒轻证::《景岳全书》:“凡外感风寒，发热恶寒，头痛身痛，痰疟初起等证，凡血气平和，宜从平散者，此方主之。*】]]。微恶风寒，发热，无汗，头痛身痛，舌苔薄白，脉浮<br>###功用::[[解表散寒]]",用法::水一盅半，煎七八分，热服
recveFKWJuxck1,"<div style=""text-align: center; font-size: 24px;""><b>大青龙汤</b></div>",解表剂::辛温解表剂,"方歌::[[大青龙汤桂麻黄]],[[杏草石膏姜枣藏]]。<br>[[太阳无汗兼烦躁]],[[发表清里此方良]]<br>###组成::[[「麻黄」、桂枝、炙甘草、杏仁、石膏、生姜、大枣]]<br>###主治::1.[[外感风寒，内有郁热证。恶寒发热]]，头身疼痛不汗出而烦躁，脉浮紧<br>2.[[溢饮]]。身体疼重，或四肢浮肿，恶寒身热，无汗，烦，脉浮紧<br>###功用::[[发汗解表，兼清里热]]",用法::上七味，以水九升，先煮麻黄，减二升，去上沫，内诸药，煮取三升，去滓，温服一升，取微似汗。汗出多者，温粉扑之。一服汗者，停后服。若复服，汗多亡阳，遂虚，恶风烦躁，不得眠也<br>###注意::表虚者不可用，原书强调:“若脉微弱，汗出恶风者，不可服。”本方发汗之功居解表诸方之冠，故“一服得汗者，停后服”，以防过剂；原书要求“取微似汗”，“汗出多者，温粉扑之”
recveFKWJu316M,"<div style=""text-align: center; font-size: 24px;""><b>射干麻黄汤</b></div>",解表剂::辛温解表剂,"方歌::[[射干麻黄与生姜]],[[细辛紫菀款冬藏]]。<br>[[大枣半夏五味子]],[[寒饮喘咳水鸡降]]<br>###组成::[[射干、麻黄、生姜、细辛、紫菀、款冬花、大枣、半夏、五味子]]<br>###主治::[[痰饮/寒饮郁结，气逆喘咳证]]。症见咳而上气，喉中有水鸡声者<br>###功用::[[宣肺祛痰，降(下)气止咳]]",用法::上九味，以水一斗二升，先煮麻黄两沸，去上沫，内诸药，煮取三升，分温三服
recveFKWJuLq8T,"<div style=""text-align: center; font-size: 24px;""><b>荆防败毒散</b></div>",解表剂::辛温解表剂,"方歌::[[荆防败毒【*二活胡::二活:羌活,独活；二胡:前胡,柴胡*】]],[[枳桔苓芎甘草需]]。<br>[[发汗解表消疮痛]],[[疮肿初起表证除]]<br>###组成::[[羌活、独活、柴胡、前胡、枳壳、茯苓、荆芥、防风、桔梗、川芎、甘草]]<br>###主治::[[疮肿初起]]。症见红肿疼痛，恶寒发热，无汗不渴，舌苔薄白，脉浮数<br>###功用::[[发汗解表，消疮止痛]]",用法::用水一盅半，煎至八分，温服
recveFKWJuDt6I,"<div style=""text-align: center; font-size: 24px;""><b>银翘散</b></div>",解表剂::辛凉解表剂,"方歌::[[银翘散主上焦病]],[[竹叶荆牛豉薄荷]]。<br>[[甘桔芦根凉解法]],[[辛凉透表热毒瘥]]<br>###组成::[[「连翘」、「银花」、苦桔梗、薄荷、竹叶、生甘草、荆芥穗、淡豆豉、牛蒡子、鲜苇根]]<br>###主治::[[温病初起(邪在卫分)]]。发热无汗，或有汗不畅，微恶风寒，头痛口渴，咳嗽咽痛，舌尖红，苔薄白或薄黄，脉浮数<br>###功用::[[辛凉透表，清热解毒]]",用法::上杵为散，每服六钱，鲜苇根汤煎，香气大出，即取服，勿过煮。肺药取轻清，过煮则味厚而入中焦矣。病重者，约二时一服，日三服，夜一服；轻者三时一服，日二服，夜一服；病不解者，作再服<br>###加减::原书加减法:“胸膈闷者，加霍香三钱，郁金三钱，护膻中；渴甚者，加花粉(清热生津)；项肿咽痛者，加马勃、元参(清热解毒)；衄者，去芥穗、豆豉(因其辛温发散而动血)，加白茅根三钱，侧柏炭三钱，栀子炭三钱(清热凉血以止衄咳者)；咳者，加杏仁利肺气；二三日病犹在肺，热渐入里，加细生地、麦冬保津液；再不解，或小便短者，加知母、黄芩、栀子之苦寒，与麦、地之甘寒，合化阴气，而治热淫所胜”<br>###方解::<b>「君」：</b>银花、连翘:①辛凉疏散风热；②清热解毒；③芳香辟秽<br><b>「臣」：</b>薄荷、牛蒡子:①疏散风热；②清利头目；③解毒利咽荆芥穗、淡豆豉:解表散邪，助君药透散以助祛邪<br><b>「佐」：</b>芦根:清肺生津以止渴；竹叶:清泄上焦以除烦。芦根、竹叶:清热生津桔梗:宣肺利咽<br><b>「佐使」：</b>甘草:①清热解毒，合桔梗利咽；②调和药性<br>###注意::药物多芳香轻宣之品，不宜久煎，“过煮则味厚入中焦”<br>###特点::体现治上焦如羽，非轻莫举。辛凉平剂代表方
recveFKWJuUFP6,"<div style=""text-align: center; font-size: 24px;""><b>桑菊饮</b></div>",解表剂::辛凉解表剂,"方歌::[[桑菊饮中桔杏翘]],[[芦根甘草薄荷饶]]。<br>[[清疏肺卫轻宣剂]],[[风温咳嗽服之消]]<br>###组成::[[「桑叶」、「菊花」、杏仁、连翘、薄荷、苦桔梗、生甘草、苇根]]<br>###主治::[[风温初起，邪客肺络证]]。但咳，身热不甚，口微渴，脉浮数<br>###功用::[[疏风清热，宣肺止咳]]",用法::水二杯，煮取一杯，日二服<br>###加减::气粗似喘，为气分渐盛，加石膏、知母清解气分之热；舌绛，暮热，甚燥，邪初入营，加元参、犀角；在血分，去薄荷、芦根，加麦冬、细生地、玉竹、丹皮；肺热甚，加黄芩；渴者加花粉<br>###方解::<b>「君」：</b>桑叶:①疏散风热；②清肺止咳菊花:①清散上焦风热；②清利头目；③肃肺<br><b>「臣」：</b>薄荷:辛凉透表，助君散上焦风热杏仁:肃降肺气；桔梗:开宣肺气杏桔相须:①宣降相伍，助君以祛邪；②理肺气而止咳<br><b>「佐」：</b>连翘:善清膈上浮游之热，透邪解毒；芦根:清热生津止渴<br><b>「佐使」：</b>生甘草:润肺止咳，调和诸药<br>###注意::不宜久煎；风寒咳嗽者忌用<br>###特点::辛凉轻剂。本方从“辛凉微苦”立法
recveFKWJuxkJu,"<div style=""text-align: center; font-size: 24px;""><b>麻黄杏仁甘草石膏汤</b></div>",解表剂::辛凉解表剂,"方歌::[[仲景麻杏甘石汤]],[[辛凉宣肺清热良]]。<br>[[邪热壅肺咳喘急]],[[有汗无汗均可尝]]<br>###组成::[[「麻黄」、杏仁、炙甘草、石膏]]<br>###主治::[[外感风邪，邪热壅肺证(肺热壅盛)]]。身热不解，有汗或无汗，咳逆气急，甚或鼻煽，口渴，舌苔薄白或黄，脉浮滑而数<br>###功用::[[辛凉疏表，清肺平喘(辛凉宣泄清肺平喘)]]",用法::以水七升，煮麻黄去上沫，内诸药，煮取二升，去滓，温服一升<br>###加减::①若风寒未尽，无汗恶寒:加荆芥、豆豉；<br>②风热不解，微恶风寒:加银花、薄荷；<br>③肺中热甚，汗大出:重用石膏；<br>④表郁不畅，汗少或无汗:增麻黄量；<br>⑤肺热气壅，胸满喘急:加桑白皮、葶苈子；<br>⑥邪热灼津成痰，咳痰稠黄:加瓜蒌、贝母；<br>⑦热甚津伤，烦热渴饮:加知母、芦根<br>###方解::<b>「君」：</b>麻黄:①宣肺平喘:宣肺开表以使里热得以外达，火郁发之(开肺)；②解散表邪(泄邪)<br><b>「臣」：</b>石膏:清泄肺胃，兼透热生津麻黄、石膏:1.宣散肺中风热；使肺气宣通而不助里热(麻黄得石膏)②.清宣肺中郁热:清泻肺热而不碍畅表(石膏得麻黄)③.共成辛凉宣泄之功石膏倍麻黄，相制为用，全方主以辛凉杏仁:降气平喘，配麻黄宣降相因；配石膏清肃协同<br><b>「佐使」：</b>炙甘草:1.益气和中，与麻黄相配，使宣散肺邪而无耗气之忧②.与石膏相合，清热生津而无伤中之弊③.调和诸药(寒温宣降之间)<br>###注意::①方中麻黄宜先煎；<br>②风寒实喘和虚证喘逆者禁用<br>###特点::表邪未解，邪热壅肺而致喘咳基础方
recveFKWJukt4s,"<div style=""text-align: center; font-size: 24px;""><b>越婢汤</b></div>",解表剂::辛凉解表剂,"方歌::[[越婢石膏与麻黄]],[[甘草大枣与生姜]]。<br>[[发汗行水风水热]],[[恶风身肿自汗良]]<br>###组成::[[麻黄、石膏、生姜、甘草、大枣]]<br>###主治::[[风水夹热证]]。恶风，一身悉肿，脉浮不渴，续自汗出，无大热者<br>###功用::[[发汗行水]]",用法::上五味，以水六升，先煮麻黄，去上沫内诸药，煮取三升，分温三服
recveFKWJueBwa,"<div style=""text-align: center; font-size: 24px;""><b>升麻葛根汤</b></div>",解表剂::辛凉解表剂,"方歌::[[升麻葛根芍药甘]],[[麻疹初起不透方]]。<br>[[辛凉解肌热毒解]],[[疹发不畅舌红良]]<br>###组成::[[「升麻」、白芍药、炙甘草、葛根]]<br>###主治::[[麻疹初起证]]。麻疹初起未发，或发而不透，身热恶风，头痛身痛，喷嚏咳嗽，目赤流泪，口渴，舌红苔干，脉浮数<br>###功用::[[辛凉解肌，解毒透疹(解肌透疹)]]",用法::上为粗末。每服三钱，用水一盏半，煎取一中盏，去滓，稍热服，不计时候，一日二三次。以病气去，身清凉为度<br>###注意::①此方为麻疹未发，或发而不透基础方；<br>②升麻主要作用在于透疹解毒，但亦可散阳明风邪，升胃中清阳；<br>③本方白芍原方为芍药。
recveFKWJu994X,"<div style=""text-align: center; font-size: 24px;""><b>柴葛解肌汤</b></div>",解表剂::辛凉解表剂,"方歌::[[柴葛解肌芷桔羌]],[[膏芩芍草枣生姜]]。<br>[[辛凉解肌清里热]],[[邪在三阳热势张]]<br>###组成::[[「柴胡」、「干葛根」、羌活、白芷、黄芩、桔梗、芍药、甘草、生姜、大枣、石膏]]<br>###主治::[[外感风寒，邪郁化热，三阳合病]]。恶寒渐轻，身热增盛，无汗头痛，目痛鼻干，心烦不眠，咽干耳聋，眼眶痛，舌苔薄黄，脉浮微洪<br>###功用::[[辛凉解肌，清泄里热(解肌清热)]]",用法::水二盅，加生姜三片，大枣二枚，槌法加石膏末一钱，煎之热服<br>###加减::1.本方出自《伤寒六书》。陶氏在原书中记载了本方的化裁方法:“本经无汗，恶寒甚者，去黄芩，加麻黄。冬月宜加，春宜少，夏秋去之，加苏叶。”可知黄芩用量亦不宜过大，免苦寒之性，有碍解肌疏邪。<br>②.《医学心悟》也有柴葛解肌汤，组成为柴胡、葛根、甘草、芍药、黄芩、知母、生地、丹皮、贝母。心烦加淡竹叶，谵语加石膏。功用:解肌清热。主治:春温夏热之病，外感风热，里热亦盛证。症见不恶寒而口渴，舌苔黄，脉浮数。程氏《医学心悟》方比陶氏《伤寒六书》柴葛解肌汤少羌活、白芷、桔梗，是因其主治为外感风热，而里热较重，故减辛温香燥之品，以防助热伤津；虽去石膏，但配人知母、贝母、丹皮、生地，不仅清热，尚能滋阴；若见谵语，则其力不逮，故又加入石膏。程氏方重在清里，陶氏方重在解肌<br>###方解::<b>「君」：</b>葛根辛能外透肌热，凉能内清郁热；柴胡既为“解肌要药”，且有疏畅气机之功，又可助葛根外透郁热。善于祛邪解表退热。二药相须，解肌清热之力著<br><b>「臣」：</b>羌活、白芷助君药辛散发表，并止诸痛；黄芩、石膏清泄里热。(葛根配白芷、石膏，清透阳明之邪热；柴胡配黄芩，透解少阳之邪热；羌活发散太阳之风寒，如此配合，三阳兼治，以治阳明为主)<br><b>「佐」：</b>桔梗宣畅肺气以利解表；白芍、大枣敛阴养血，防止疏散太过而伤阴(既防热邪伤阴，又制疏散太过)；生姜发散风寒<br><b>「使」：</b>甘草调和诸药<br>###注意::本方原书各药均未标注用量，陶氏唯于《杀车槌法》中特别注明石膏只加一钱，可知本方侧重在解肌散邪，所主证候虽属太阳阳明同病，但以太阳阳明表证为主。(邪初入阳明，入里之热不甚，解肌又多辛凉之品，故石膏用量不宜过大，免大寒之性，有碍辛凉之品解肌疏散)
recveFKWJuVo1Q,"<div style=""text-align: center; font-size: 24px;""><b>葱鼓桔梗汤</b></div>",解表剂::辛凉解表剂,"方歌::[[葱豉桔梗薄荷翘]],[[山栀竹叶合甘草]]。<br>[[热邪束肺嗽咽痛]],[[风温初起此方疗]]<br>###组成::[[「鲜葱白」、苦桔梗、焦山栀、「淡豆豉」、苏薄荷、青连翘、生甘草、鲜淡竹叶]]<br>###主治::[[风温初起证]]。头痛身热，微恶风寒，咳嗽，咽痛，口渴，舌尖红，苔薄白，脉浮数<br>###功用::[[疏风清热(疏风解表，清肺泄热)]]",用法::水煎服<br>###加减::俞氏加减法:“如咽阻喉痛者，加紫金锭两粒磨冲，大青叶三钱；如胸痞，原方去甘草，加生枳壳二钱，白蔻末八分冲；如发疹，加蝉衣十二只，皂角刺五分，大力子三钱；如咳甚痰多，加苦杏仁三钱，广橘红钱半；如鼻衄，加生侧柏叶四钱，鲜茅根五十支、去衣；如热盛化火，加条芩二钱，绿豆二两煎药；如火旺就燥，加生石膏八钱，知母四钱。”
recveFKWJuPAQt,"<div style=""text-align: center; font-size: 24px;""><b>败毒散</b></div>",解表剂::扶正解表剂,"方歌::[[人参败毒茯苓草]],[[枳桔柴前羌独穹]]。<br>[[薄荷少许姜三片]],[[益气解表有奇功]]<br>###组成::[[「羌活」、「独活」、柴胡、川芎、桔梗、枳壳、前胡、茯苓、人参、甘草、生姜、薄荷]]<br>###主治::[[气虚外感风寒湿邪证]]。憎寒壮热，无汗，头项强痛，肢体酸痛，鼻塞声重，咳嗽有痰，胸膈痞满，舌苔白腻，脉浮濡，或浮数而重取无力<br>###功用::[[益气解表，散寒祛湿(散风祛湿)]]",用法::上为末，每服二钱，人生姜、薄荷煎。去滓，不拘时服，寒多则热服，热多则温服<br>###加减::①气不虚者:去人参；<br>②风毒瘾疹:加蝉蜕、苦参；<br>③内有蕴热，口苦苔黄:加黄芩；<br>④疮疡初起:去人参，加金银花、连翘；<br>⑤内停湿浊，寒热往来，舌苔厚腻:加草果、槟榔<br>###方解::<b>「君」：</b>羌活、独活:通治一身上下风寒湿邪，祛风散寒，除湿通络止痛<br><b>「臣」：</b>柴胡:发散退热，助君解表；川芎:行气活血，祛风宣痹止痛川芎、柴胡助「君」：解表退热、宣痹止痛<br><b>「佐」：</b>桔梗:宣肺；枳壳:降气；前胡:祛痰；茯苓:渗湿四药合用:升降相合，宽胸利气，化痰止咳少量人参:①益气扶正以助祛邪；②使祛邪不伤正防邪复入<br><b>「佐使」：</b>生姜、薄荷(引):发散外邪。甘草:①调和诸药；②益气和中<br>###注意::外感病邪已入里(外感风热)及阴虚外感者均忌用。若时疫、湿温、湿热蕴结肠中而成之痢疾，切不可用<br>###特点::原名人参败毒散。益气解表常用方。亦可治疗小儿外感
recveFKWJur5rw,"<div style=""text-align: center; font-size: 24px;""><b>再造散</b></div>",解表剂::扶正解表剂,"方歌::[[再造散用参芪甘]],[[桂附羌防芎芍参]]。<br>[[细辛大枣煨姜煎]],[[益气助阳表散寒]]<br>###组成::[[熟附子、桂枝、细辛、羌活、防风、川芎、黄芪、人参、甘草、煨生姜、炒白芍、大枣]]<br>###主治::[[阳气虚弱，外感风寒表证]]。恶寒发热，寒重热轻，无汗肢冷，倦怠嗜卧，面色苍白，语言低微，(神疲懒言)，舌淡苔白，脉沉无力，或浮大无力<br>###功用::[[助阳益气，散寒解表]]",用法::水二盅，枣二枚，煎至一盅。(杀车槌法)加炒芍药一撮，煎三沸，温服<br>###加减::①表闭无汗:加苏叶、荆芥；<br>②中焦虚寒，腹痛便溏:煨姜易干姜，加白术；<br>③内有寒饮，咳嗽痰稀:加半夏、茯苓<br>###方解::熟附、桂枝、细辛:温里助阳，散寒解表黄芪、人参:补元气，固肌表。①助药势以鼓邪外出；②防阳随汗脱羌活、川芎、防风:疏风行血，加强解表散寒之力白芍:①凉血益阴和营；②兼制附桂羌辛之辛温燥；③炒用防止其寒性及碍其解表甘草:①益气和中缓峻；②使汗出不猛而邪尽去且正不伤，是佐助又有佐制之意生姜、大枣:①升腾脾胃气液；②调和营卫而助汗出<br>###注意::血虚感寒或湿温初起者，本方忌用
recveFKWJuVZv6,"<div style=""text-align: center; font-size: 24px;""><b>加减葳蕤汤</b></div>",解表剂::扶正解表剂,"方歌::[[加减葳蕤用白薇]],[[豆豉葱白桔梗随]]。<br>[[草枣薄荷八味共]],[[滋阴发汗功可慰]]<br>###组成::[[「葳蕤(玉竹)」、白薇、生葱白、淡豆豉、「薄荷」、桔梗、红枣、炙甘草]]<br>###主治::[[阴虚外感风热证]]。头痛身热，微恶风寒，无汗或有汗不多，咳嗽心烦，口渴咽干，舌赤脉数<br>###功用::[[滋阴清热，发汗解表(滋阴解表)]]",用法::水煎，分温再服<br>###加减::①表证较重，恶寒无汗:加防风、葛根；<br>②风热上攻，咽喉肿痛:加牛蒡子、僵蚕；<br>③阴虚痰热，咳痰不爽:加瓜蒌皮、浙贝母；<br>④心烦口渴较甚:加竹叶、天花粉；<br>⑤肺燥肠枯，大便干结:加杏仁、瓜萎仁<br>###方解::<b>「君」：</b>葳蕤(玉竹):滋阴养液以资汗源，兼润肺燥薄荷:疏散风热，清利咽喉(温病宜汗解之要药)<br><b>「臣」：</b>葱白、淡豆豉:助薄荷发散表邪<br><b>「佐」：</b>白薇:益阴凉血清热。桔梗:宣肺止咳。红枣:①养血；②合白薇滋阴液<br><b>「使」：</b>甘草:调和诸药<br>###注意::外感表证无阴虚者不宜使用
recveFKWJuqt4N,"<div style=""text-align: center; font-size: 24px;""><b>麻黄细辛附子汤</b></div>",解表剂::扶正解表剂,"方歌::[[麻黄附子细辛汤]],[[助阳解表两法彰]]。<br>[[少阴反发热脉沉]],[[寒邪外解不伤阳]]<br>###组成::[[「麻黄」、炮附子、细辛]]<br>###主治::1.[[素体阳虚，外感风寒表证]]。发热，恶寒甚剧，其寒不解，神疲欲寐，脉沉微。<br>2.[[暴哑]]。突发声音嘶哑，甚至失音不语，或咽喉疼痛，恶寒发热，神疲欲寐，舌淡苔白，脉沉无力<br>###功用::[[助阳解表]]",用法::上三味，以水一斗，先煮麻黄，减二升，去上沫，内诸药，煮取三升，去滓。温服一升，日三服<br>###特点::阳虚外感风寒表证代表方，助阳解表基础方
recveFKWJuiIhl,"<div style=""text-align: center; font-size: 24px;""><b>参苏饮</b></div>",解表剂::扶正解表剂,"方歌::[[参苏饮内用陈皮]],[[枳壳前胡半夏齐]]。<br>[[干葛木香甘桔茯]],[[气虚外感痰湿宜]]<br>###组成::[[紫苏叶、干葛根、人参、姜半夏、茯苓、前胡、桔梗、枳壳、木香、陈皮、炙甘草、生姜、大枣]]<br>###主治::[[气虚外感风寒，内有痰湿证]]。恶寒发热，无汗，头痛鼻塞，咳嗽痰白，胸膈满闷，倦怠无力，气短懒言，苔白脉弱<br>###功用::[[益气解表，理气化痰]]",用法::每服四钱，水一盏半，姜七片，枣一个，煎六分，去滓，微热服，不拘时候<br>###特点::气虚外感风寒，内有痰湿证代表方化痰药与理气药兼顾，寓“治痰先治气”之意(半夏前胡桔梗；陈皮木香枳壳茯苓)
recveFKWJu7VLW,"<div style=""text-align: center; font-size: 24px;""><b>葱白七味饮</b></div>",解表剂::扶正解表剂,"方歌::[[葱白七味外台方]],[[新豉葛根与生姜]]。<br>[[麦冬生地千扬水]],[[血虚外感最相当]]<br>###组成::[[「葱白」、「干葛」、生麦冬、干生地黄、豆豉、生姜、千扬水]]<br>###主治::[[血虚外感风寒证]]。病后阴血亏虚，或失血(吐血、咳血、衄血、便血)之后，调摄不慎，复感风寒，头痛身热，微寒无汗<br>###功用::[[养血滋阴，解表散邪(养血解表)]]",用法::劳水八升，以杓扬之一千遍。上药用劳水煎之三分减二，去渣，分三次温服相去行八九里，如觉欲汗，渐渐覆之<br>###特点::血虚外感风寒证代表方
recveFKWJutPJ8,"<div style=""text-align: center; font-size: 24px;""><b>大承气汤</b></div>",泻下剂::寒下剂,"方歌::[[大承气汤用芒硝]],[[枳实大黄厚朴饶]]。<br>[[去硝名曰小承气]],[[调胃承气硝黄草]]<br>###组成::[[「大黄」、炙厚朴、炙枳实、芒硝]]<br>###主治::1.[[阳明腑实热结]]。大便不通，腹中转气，脘腹痞满，绕脐痛，拒按，按之硬，甚或烦躁谵语潮热，手足泄然汗出，舌红苔黄燥起刺，或焦黑燥裂，脉沉实<br>2.[[热结旁流]]。自利清水，色纯青，其气臭秽，脐腹疼痛，按之坚硬有块，口舌干燥，脉滑实<br>3.[[里热实证之热厥、痉病或发狂]]等,症状特点:痞满燥实<br>###功用::[[峻下热结]]",用法::上四味，以水一斗，先煮二物，取五升，去滓，内大黄，更煮取二升，去滓，内芒硝，更上微火一、二沸，分温再服。得下，余勿服<br>###加减::①痞满气滞与燥屎坚结之偏颇，调整厚朴、枳实与大黄、芒硝的用量；<br>②兼气虚者加人参补气；<br>③阴伤较重者，加玄参、麦冬、生地黄等<br>###方解::<b>「君」：</b>大黄:泻热攻积通便，荡涤肠胃积滞<br><b>「臣」：</b>芒硝:泻热通便，软坚润燥，善除燥坚，助大黄峻下热结大黄，芒硝:①苦寒泻下；②软坚润燥<br><b>「佐使」：</b>厚朴:行气消胀除满(一说厚朴重用亦为君)枳实:①下气消痞破结；②佐厚朴行气除痞厚枳:合助大黄、芒硝加速积滞的下行厚朴倍大黄(大黄四两、厚朴半斤)，以气药为主，故称为大承气承气:峻下行气，通导大便，承接胃气下行的特点<br>###注意::1.热结不甚、年老体弱及孕妇者不宜用。药力峻猛，应中病即止，慎勿过剂<br>②.原方煎药时，先煮枳实，厚朴，后下大黄，汤成去滓溶入芒硝，因大黄煎煮过久，减缓泻下之力<br>###特点::阳明腑实证代表方，峻下热结基础方峻下热结:釜底抽薪法，急下存阴法。热结旁流用寒下法:体现通因通用。热厥之四肢厥逆使用寒下法，体现寒因寒用
recveFKWJuAYWu,"<div style=""text-align: center; font-size: 24px;""><b>大陷胸汤</b></div>",泻下剂::寒下剂,"方歌::[[大陷胸汤用硝黄]],[[甘遂为末共成方]]。<br>[[专治水热结胸证]],[[泻热逐水效非常]]<br>###组成::[[大黄、芒硝、「甘遂」]]<br>###主治::[[水热互结之大结胸证]]。心下疼痛，拒按，按之硬，或从心下至少腹硬痛不可近，大便秘结，日晡潮热，心中懊恼，烦躁短气，头汗出，舌上燥而渴，舌红，苔黄腻，脉沉紧，按之有力<br>###功用::[[泻热逐水(破结)]]","用法::上三味，以水六升，先煮大黄，取二升，去滓，内芒硝，煮一二沸，内甘遂末，温服一升，得快利，止后服<br>###加减::①腑气不通偏重:大黄后下；<br>②热邪偏重:加黄连、瓜蒌<br>###方解::<b>「君」：</b>甘遂:泄水逐饮，泻热散结(直达水气所结之处，泄水圣药，水结胸中，非此不能除)<br><b>「臣佐」：</b>大黄:先煮，荡涤胸腹邪热(煎法为大黄先煮，以求""熟者行迟""，是""治上者治宜缓""之意)芒硝:①泻热通滞；②软坚润燥，合大黄助泻热逐水<br>###注意::①甘遂宜研末冲服，应先煎大黄；<br>②本方药力峻猛，中病即止，服药得快利后不可再服，健脾养胃以善后；<br>③素体弱及孕妇等禁用<br>###特点::水热互结之大结胸证代表方"
recveFKWJulP5z,"<div style=""text-align: center; font-size: 24px;""><b>大黄牡丹汤</b></div>",泻下剂::寒下剂,"方歌::[[金匮大黄牡丹汤]],[[桃仁瓜子芒硝襄]]。<br>[[肠痈初起腹按痛]],[[泻热逐瘀肿结康]]<br>###组成::[[「大黄」、「桃仁」、丹皮、冬瓜仁、芒硝]]<br>###主治::[[湿热瘀滞之肠痈初起(肠痈初起，湿热瘀滞证)]]。右下腹疼痛拒按，按之其痛如淋，甚则局部肿痞，或右足屈而不伸，伸则痛甚，小便自调，或时时发热，自汗恶寒，舌苔薄腻而黄，脉滑数<br>###功用::[[泻热破瘀，散结消肿]]",用法::上药前四味，以水六升，煮取一升，去滓，内芒硝，再煎沸，顿服之<br>###加减::①热毒重:加蒲公英、金银花、败酱草；<br>②血瘀重:加赤芍、乳香、没药<br>###方解::<b>「君」：</b>大黄:通腑行滞，泻热逐瘀，荡涤肠中湿热瘀毒；桃仁:破血散瘀二药相伍:泻热逐瘀，散结消肿，通降下行<br><b>「臣」：</b>芒硝:清热泻下，软坚散结丹皮:清热凉血，活血散淤，善“疗痈肿”，合桃仁散瘀消肿，助君药逐瘀通滞<br><b>「佐」：</b>冬瓜仁:清肠利湿热，排脓散结，善治内痛(治肠痈)<br>###注意::①痈脓已溃者，不宜使用；<br>②老人、孕妇及体质虚弱者均应慎用；<br>③《金匮要略》云:“脉洪大者，脓已成，不可下也。”但在本方的用法中又说:“有脓当下，如无脓当下血。”后世医家对此认识不一，现在一般认为肠痈初起，证属湿热血瘀之实证者，脓未成或脓成未溃，均可用之<br>###特点::湿热瘀滞之肠痈初起常用方。泻热逐瘀法
recveFKWJu1w5F,"<div style=""text-align: center; font-size: 24px;""><b>温脾汤</b></div>",泻下剂::温下剂,"方歌::[[温脾参附与干姜]],[[甘草当归硝大黄]]。<br>[[寒热并行治寒积]],[[脐腹绞结痛非常]]。<br>[[攻下寒积温脾阳]],[[阳虚冷积秘痛安]]<br>###组成::[[「大黄」、「附子」、干姜、人参、甘草、芒硝、当归]]<br>###主治::[[阳虚冷积证]]。便秘腹痛，脐周绞痛，手足不温，苔白不渴，脉沉弦而迟(卷十五方主治为脾阳不足。冷积便秘，或下利赤白，连年不止，腹痛，及霍乱，脾胃冷积不消，手足欠温，苔白不渴，脉沉弦而迟)<br>###功用::[[攻下冷积，温补脾阳]]",用法::分温三服<br>###加减::①寒凝气滞，腹中胀痛:加厚朴、木香；<br>②胃逆呕吐:加半夏、砂仁；<br>③脾肾虚寒，腹中冷痛:加肉桂；<br>④积滞不化，苔白厚腻:加厚朴、莱菔子；<br>⑤久利赤白，损伤阴血，舌淡脉细:加当归、白芍<br>###方解::<b>「君」：</b>附子:温脾散寒；大黄:泻下通便荡积滞。附子，大黄:温下攻逐寒积<br><b>「臣」：</b>干姜:温中祛寒，助附子温阳散寒；芒硝:助大黄泻下攻积<br><b>「佐」：</b>人参:健脾益气，合附子干姜温阳健脾(有阳虚先益气之意)当归:养血润燥(润肠泻下，下不伤正)<br><b>「佐使」：</b>甘草:助人参健脾益气，防大黄泻下伤中<br>###注意::便秘属热结或阴虚者忌用<br>###特点::脾阳不足，冷积内停证常用方
recveFKWJuKC8F,"<div style=""text-align: center; font-size: 24px;""><b>大黄附子汤</b></div>",泻下剂::温下剂,"方歌::[[大黄附子细辛汤]],[[寒积腹痛便秘方]]。<br>[[寒积里实需止痛]],[[温里散寒通便强]]<br>###组成::[[「大黄」、「炮附子」、细辛]]<br>###主治::[[寒积里实证]]。腹痛便秘，或胁下偏痛，发热，手足不温(畏寒肢冷)，舌苔白腻，脉弦紧<br>###功用::[[温里散寒，通便止痛(温阳散寒，泻结行滞)]]",用法::以水五升，煮取二升，分温三服。若强人煮取二升半，分温三服，服后如人行四五里，进一服<br>###特点::温下法基础方，治疗寒积里实证代表方，体现“去性存用”。方中附子用量应大于大黄，以达温里散寒、泻结行滞之目的
recveFKWJuAx5A,"<div style=""text-align: center; font-size: 24px;""><b>济川煎</b></div>",泻下剂::润下剂,"方歌::[[济川归膝肉苁蓉]],[[泽泻升麻枳壳从]]。<br>[[肾阳津亏肠中燥]],[[温肾益精润便通]]<br>###组成::[[「肉苁蓉」、当归、牛膝、枳壳、泽泻、升麻]]<br>###主治::[[肾阳虚弱，阴津不足之便秘(肾虚便秘)]]。大便秘结，小便清长，头目眩晕，腰膝酸软，舌淡苔白，脉沉迟或沉涩(虚弱)<br>###功用::[[温肾益精，润肠通便]]",用法::水一盅半，煎七八分，食前服<br>###加减::如气虚者，但加人参无碍；如有火，加黄芩；如肾虚，加熟地；虚甚者，枳壳不必用①肾虚精亏重:加熟地黄、枸杞子；<br>②津枯肠燥:加火麻仁、杏仁；<br>③筋骨失充，痿软无力:加杜仲、锁阳；<br>④脾胃气虚，食少神疲:加人参、白术<br>###方解::<b>「君」：</b>肉苁蓉:温肾益精，暖腰润肠<br><b>「臣」：</b>当归:养血和血，润肠通便，助君益精血，润肠燥牛膝:补肝肾，壮腰强筋骨，善下行，助肉苁蓉、当归补肝肾强腰膝<br><b>「佐使」：</b>枳壳:下气宽肠助通便；泽泻:渗利泄浊，使药补而不滞升麻:少量，升举清阳，使清升浊降以助通便。配牛膝泽泻，欲降先升，升清降浊<br>###注意::凡热邪伤津及阴虚者忌用
recveFKWJurQnw,"<div style=""text-align: center; font-size: 24px;""><b>麻子仁丸</b></div>",泻下剂::润下剂,"方歌::[[麻子仁丸小承气]],[[杏芍麻仁治便秘]]。<br>[[胃热津亏解便难]],[[润肠泻热脾约济]]<br>###组成::[[「麻子仁」、芍药、大黄、枳实、炙厚朴、杏仁、蜂蜜]]<br>###主治::[[脾约证]]。胃肠燥热，津液不足。大便秘结，小便频数，或脘腹胀痛，舌红，苔微黄，脉数<br>###功用::[[润肠泄热，行气通便]]","用法::上六味，蜜和丸，如梧桐子大，饮服十丸，日三服，渐加，以知为度<br>###特点::又称脾约丸。脾主为胃行其津液者，今胃强脾弱，约束津液，不得四布，但输膀胱，致小便数而大便硬，故曰其脾为约。胃热肠燥便秘常用方。内含小承气汤(朴实黄)。用法中要求“饮服十丸”，强调“渐加，以知为度""，即应从小剂量逐渐加量，以取效为度"
recveFKWJutuVM,"<div style=""text-align: center; font-size: 24px;""><b>十枣汤</b></div>",泻下剂::逐水剂,"方歌::[[十枣逐水效堪夸]],[[大戟甘遂与芫花]]。<br>[[悬饮内停胸胁痛]],[[实水腹胀用无差]]<br>###组成::[[甘遂、大戟、芫花、大枣]]<br>###主治::1.[[悬饮]]。咳唾胸胁引痛，心下痞硬，干呕短气，头痛目眩，胸背掣痛不得息。舌苔白滑，脉沉弦<br>2.[[实水水肿]]。(水肿)一身悉肿，尤以身半以下肿甚，腹胀喘满，二便不利。脉沉实<br>###功用::[[攻逐水饮]]",用法::三味等分，各别捣为散，以水一升半，先煮大枣肥者十枚，取八合去滓，内药末。强人服一钱匕，赢人服半钱，温服之，平旦服。若下少病不除者，明日更服，加半钱，得快下利后，糜粥自养<br>###加减::水肿实证病情重者，去大枣，加黑丑、轻粉等(舟车丸)伏痰证:去芫花、大枣，加白芥子，改为丸剂(控涎丹)<br>###方解::芫花:消胸胁伏饮痰癖；甘遂:逐经隧水湿；大戟:善泻脏腑之水；三药合用，峻泻攻逐祛胸腹水大枣:培土制水(益气培土护胃)，缓诸药峻烈及毒性，不伤正，减少药后反应<br>###注意::本方服法:①三药为末，大枣煎汤送服；<br>②清晨空腹服用，从小量开始，以免量大下多伤正，若服后下少，次日加量；<br>③服药得快利后，宜食糜粥以保养脾胃；<br>④年老体弱者慎用，孕妇忌服；<br>⑤只宜暂用，不可久服；<br>⑥忌与甘草伍用
recveFKWJujN2e,"<div style=""text-align: center; font-size: 24px;""><b>舟车丸</b></div>",泻下剂::逐水剂,"方歌::[[舟车牵牛及大黄]],[[遂戟芫花槟木香]]。<br>[[青皮橘皮轻粉入]],[[行气逐水热壅强]]<br>###组成::[[黑丑(黑牵牛)、「甘遂」、「大戟」、「芫花」、大黄、轻粉、槟榔、青皮、陈皮、木香]]<br>###主治::[[水热内壅，气机阻滞证]]。水肿水胀，口渴，气粗，腹坚，大小便秘，脉沉数有力<br>###功用::[[行气逐水]]",用法::上为末，水糊丸如小豆大，空心温水下，初服五丸，日三服，以快利为度
recveFKWJuxVSk,"<div style=""text-align: center; font-size: 24px;""><b>黄龙汤</b></div>",泻下剂::攻补兼施剂,"方歌::[[黄龙汤枳朴硝黄]],[[参归甘桔枣生姜]]。<br>[[阳明腑实气血弱]],[[泻热通便益养良]]<br>###组成::[[「大黄」、芒硝、厚朴、枳实、人参、当归、甘草、桔梗、生姜、大枣]]<br>###主治::[[阳明腑实，气血不足证(或阳明热结，气血不足证)]]。心下硬痛，下利清水，色纯青，或大便秘结，脘腹胀满，腹痛拒按，身热口渴，神疲少气，口干咽燥，谵语，甚则循衣撮空，神昏肢厥，舌苔焦黄或焦黑燥裂，脉虚<br>###功用::[[攻下通便，补气养血(或攻下热结，益气养血；或泻热通便，益气养血)]]",用法::水二盅，姜三片，枣子二枚，煎之后，再入桔梗一撮，热服为度<br>###加减::①原注云:“老年气血虚者，去芒硝”，以减缓泻下之力，示人以保护正气之意。或适当增加参、归用量，以加强补虚扶正之力；<br>②阴液大伤，舌苔焦黄燥裂，脉细:加玄参、生地黄；<br>③脘腹胀满不甚，可去枳实，厚朴<br>###方解::<b>「君」：</b>大黄:泻热通便，荡涤积滞<br><b>「臣」：</b>芒硝:①润燥软坚；②助大黄泻热攻逐<br><b>「佐」：</b>枳实，厚朴:行气导滞(即大承气汤)，泻热通便，荡涤胃肠实热积滞人参:益气；当归:补血。与前药合用:扶正助祛邪，使攻下不伤正桔梗:开宣肺气通肠腑(寓欲降先升之妙)<br><b>「佐使」：</b>生姜:醒胃和中布津。大枣:益脾胃扶正。甘草:①益脾胃扶正；②调和诸药<br>###注意::攻下力强，需要根据气血虚衰程度，选择补益药。①中病即止；<br>②孕妇忌用<br>###特点::阳明腑实，兼气血不足证基础方。热结旁流:大便秘结，下利清水，色纯青
recveFKWJuirTS,"<div style=""text-align: center; font-size: 24px;""><b>新加黄龙汤</b></div>",泻下剂::攻补兼施剂,"方歌::[[新加黄龙草硝黄]],[[参归麦地玄海姜]]。<br>[[滋阴益气热便泻]],[[热结里实气阴伤]]<br>###组成::[[大黄、芒硝、生地、麦冬、玄参、当归、海参、人参、姜汁、生甘草]]<br>###主治::[[热结里实，气阴不足证]]。大便秘结，腹胀而硬，神倦少气，口干咽燥，唇裂舌焦，苔焦黄或焦黑燥裂，脉沉细<br>###功用::[[滋阴益气，泄热通便(泻结泄热)]]",用法::以水八杯，煮取三杯。先用一杯，冲参汁五分，姜汁二匙，顿服之。如腹中有响声，或转矢气者，为欲便也，候一二时不便，再如前法服一杯；候二十四刻不便，再服第三杯。如服一杯，即得便，止后服，酌服益胃汤(沙参、麦冬、冰糖、细生地、玉竹)一剂。余参或可加入<br>###注意::大黄、芒硝、甘草(调胃承气汤):缓下热结人参、甘草、当归:益气养血生地、玄参、麦冬、海参:重用，滋阴增液人参:振奋胃气。姜汁:①防止拒药；②振奋胃气；既可防呕逆拒药，更借姜以振胃气，不可单纯理解为反佐之意
recveFKWJu74va,"<div style=""text-align: center; font-size: 24px;""><b>增液承气汤</b></div>",泻下剂::攻补兼施剂,"方歌::[[增液承气玄地冬]],[[更加硝黄力量雄]]。<br>[[温病阴亏实热结]],[[养阴泻热肠道通]]<br>###组成::[[「玄参」、麦冬、细生地、大黄、芒硝]]<br>###主治::[[阳明热结阴亏证(热结阴虚燥结便秘)]]。燥屎不行，下之不通，脘腹胀满，口干唇燥，舌红苔黄或焦黄而干，脉细数；也可治痔疮日久，大便燥结不通，属于阴虚血少，肠中燥热者<br>###功用::[[滋阴增液，泄热通便]]",用法::水八杯，煮取二杯，先服一杯，不知，再服<br>###特点::热结阴亏，肠燥便秘基础方。体现增水行舟
recveFKWJu2glP,"<div style=""text-align: center; font-size: 24px;""><b>小柴胡汤</b></div>",和解剂::和解少阳剂,"方歌::[[小柴胡汤和解功]],[[半夏人参甘草从]]。<br>[[更加黄芩生姜枣]],[[少阳百病此为宗]]<br>###组成::[[「柴胡」、黄芩、人参、炙甘草、半夏、生姜、大枣]]<br>###主治::1.[[伤寒少阳证]]。往来寒热，胸胁苦满，默默不欲饮食，心烦喜呕，口苦，咽干，目眩，舌苔薄白，脉弦<br>2.[[妇人中风/伤寒]]，热入血室。经水适断，寒热发作有时<br>3.[[疟疾、黄疸以及内伤杂病而见少阳]]证者<br>###功用::[[和解少阳]]",用法::上七味，以水一斗二升，煮取六升，去滓，再煎，取三升，温服一升，日三服<br>###加减::胸中烦而不呕(热聚在胸):去半夏、人参，加瓜蒌清热理气宽胸渴者(热伤津液):去半夏，加天花粉止渴生津腹中痛(木来乘土):去黄芩，加芍药柔肝缓急止痛胁下痞硬(瘀滞痰凝):去大枣，加牡蛎(软坚散结)心下悸，小便不利(水气凌心):去黄芩，加茯苓(利水宁心)不渴，外有微热(表邪仍在):去人参，加桂枝疏风解表咳者(素有肺寒留饮):宜去人参、大枣、生姜，加五味子、干姜温肺止咳胆热犯肺见咳嗽胁胀:加芦根、桑叶；热入血室:加牡丹皮、赤芍、桃仁；黄疸:加茵陈、山栀疟疾:加草果、常山；内伤杂病，正气不虚:去人参、大枣<br>###方解::<b>「君」：</b>柴胡:透散少阳半表之邪，疏泄气机之郁滞<br><b>「臣」：</b>黄芩:善解肌热，清泄少阳半里之热柴芩相配:一散一清，和解少阳基本配伍，解少阳之邪，邪热外透内清<br><b>「佐」：</b>半夏:和胃降逆止呕；生姜:和胃，制半夏毒人参、炙甘草、大枣:益气健脾。①扶正祛邪；②益气防邪内陷。枣姜相配:调和营卫<br><b>「佐使」：</b>炙甘草:①助参枣扶正；②调和诸药“上焦得通，津液得下，胃气因和，身溉然汗出而解”<br>###注意::阴虚血少及脾胃虚寒者慎用1.原方“去滓再煎”:使药液更少，药性醇和，减少了汤液对胃的刺激，避免停饮致呕<br>②.服药后或不经汗出而病解，或汗出而愈(上焦得通，津液得下，胃气因和，身泄然汗出而解)<br>③.若正虚服用本方，可见寒战后发热汗出之战汗(属正气来复，祛邪外出)<br>###特点::少阳病基础方，和解少阳法代表方
recveFKWJu7T3Y,"<div style=""text-align: center; font-size: 24px;""><b>蒿芩清胆汤</b></div>",和解剂::和解少阳剂,"方歌::[[蒿芩清胆碧玉需]],[[陈夏赤苓枳竹茹]]。<br>[[热重寒轻兼痰湿]],[[清胆利湿胃痰除]]<br>###组成::[[「青蒿脑（青蒿新发之嫩芽）」、「黄芩」、半夏、赤茯苓、淡竹茹、生枳壳、陈皮、碧玉散（滑石、甘草、青黛）、甘草]]<br>###主治::[[少阳湿热(痰浊)证]]。往来寒热，胸胁胀痛，胸膈痞闷，口苦，吐酸苦水，或呕黄涎而黏，或干呕呃逆，小便黄赤，舌质红，苔白或黄腻，间现杂色，脉数而右滑左弦者(也可治[[暑湿成疟，热重于湿]]者；湿热弥漫气分，热重于湿气机不畅，小便黄少者)<br>###功用::[[清胆利湿，和胃化痰]]","用法::水煎服(碧玉散包煎)<br>###加减::①胆热犯胃，呕吐重者:合用左金丸；<br>②湿热发黄:加茵陈、栀子；<br>③经脉郁滞，胁痛明显:加川楝子、延胡索；<br>④痰热扰心，心烦失眠:加瓜蒌皮、琥珀；<br>⑤痰热蕴肺，咳嗽痰多:加冬瓜仁、芦根；<br>⑥湿热下注，小便淋涩:加木通、山栀；<br>⑦湿热壅滞肠腑，便秘:加大黄、杏仁；<br>⑧湿热阻滞经络，肢体酸痛:加苡仁、丝瓜络；<br>⑨呕多，加黄连，苏叶；<br>⑩湿重，加藿香，薏苡仁，白蔻仁；""\textcircled""11小便不利，加车前子、泽泻、通草<br>###方解::<b>「君」：</b>青蒿脑:①清透少阳邪热；②化湿辟秽。黄芩:清泄胆热，燥湿蒿芩相合:①内清少阳湿热；②祛少阳之邪，透邪外出<br><b>「臣」：</b>竹茹:清胆胃热，化痰止呕；半夏:燥湿化痰，和胃降逆止呕茹夏相伍:清化痰浊，和胃止呕枳壳:下气宽胸；陈皮:理气化痰，宽胸畅膈。积陈相合:疏畅气机以利湿化痰消四药相配:清湿热化痰<br><b>「佐使」：</b>碧玉散(滑石、甘草、青黛)、赤茯苓:清热利湿，引湿热下行从小便出甘草:和中调药<br>###注意::体虚脾弱者慎用<br>###特点::治疗少阳湿热证代表方"
recveFKWJuazkJ,"<div style=""text-align: center; font-size: 24px;""><b>达原饮</b></div>",和解剂::和解少阳剂,"方歌::[[达原槟榔草果仁]],[[厚朴知芍草黄芩]]。<br>[[开达膜原治温疫]],[[辟秽化浊功用神]]<br>###组成::[[「槟榔」、厚朴、草果仁、知母、芍药、黄芩、甘草]]<br>###主治::[[瘟疫或疟疾，邪伏膜原]]证。憎寒壮热，或一日三次，或一日一次，发无定时，胸闷呕恶，头痛烦躁，舌边深红，苔垢腻或如积粉，脉弦或滑数<br>###功用::[[开达膜原，辟秽化浊]]",用法::上用水二盅，煎八分，午后温服<br>###加减::兼胁痛，寒热，耳聋，呕吐口苦(邪热溢于少阳经):加柴胡引经兼腰背项疼(邪热溢于太阳经):加羌活引经兼目痛，眉棱骨痛，眼眶痛，鼻干不眠(邪热溢于阳明经):加葛根引经①疟疾:加常山、青蒿、柴胡；<br>②热重口苦烦热明显:加连翘、黄连、栀子；<br>③初起头痛寒重:加羌活、防风，或加柴胡、薄荷、川芎；<br>④湿浊重，胸闷呕恶:去知母、芍药，加苍术、藿香；<br>⑤气滞胸闷胁胀:加枳壳、桔梗、郁金<br>###方解::<b>「君」：</b>槟榔:辛散湿邪，下气化痰破结，使邪速溃，疏通壅滞<br><b>「臣」：</b>厚朴:芳香化浊，理气祛湿(燥湿除满，下气化浊)草果:辛香辟秽化浊，燥湿止呕，宣透伏邪君臣相合:直达膜原，使邪气速溃<br><b>「佐」：</b>黄芩:清热燥湿。白芍、知母:①清热滋阴；②防厚朴、草果温燥伤阴<br><b>「使」：</b>甘草:①清热解毒；②调和诸药<br>###注意::温度与温病属于热盛阴伤者忌用<br>###特点::温疫秽浊毒邪，伏于膜原。膜原:三焦之关键，一身之半表半里
recveFKWJum0t7,"<div style=""text-align: center; font-size: 24px;""><b>柴胡桂枝干姜汤</b></div>",和解剂::和解少阳剂,"方歌::[[柴胡桂枝干姜汤]],[[楼根黄芩牡蛎甘]]。<br>[[和解少阳温水饮]],[[伤寒少阳寒饮方]]<br>###组成::[[柴胡、桂枝、干姜、栝楼根、黄芩、牡蛎、炙甘草]]<br>###主治::[[伤寒邪入少阳，兼有寒饮]]。伤寒，胸胁满微结，小便不利，渴而不呕，但头汗出，往来寒热，心烦；亦治疟疾寒多微有热，或但寒不热<br>###功用::[[和解少阳，温化水饮]]",用法::上七味，以水一斗二升，煮取六升，去滓，再煎。取三升，温服一升，日三服。初服微烦，复服，汗出便愈
recveFKWJuIuJZ,"<div style=""text-align: center; font-size: 24px;""><b>柴胡加龙骨牡蛎汤</b></div>",和解剂::和解少阳剂,"方歌::[[柴胡加龙牡蛎汤]],[[桂枝参苓夏铅丹]]。<br>[[黄芩大黄生姜枣]],[[少阳痰热心神安]]<br>###组成::[[柴胡、龙骨、牡蛎、生姜、人参、桂枝、茯苓、半夏、黄芩、铅丹、大黄、大枣]]<br>###主治::[[伤寒少阳兼痰热扰心]]证(少阳气郁津凝，热扰心神)。症见胸满烦惊，小便不利，谵语，一身尽重，不可转侧<br>###功用::[[和解少阳，通阳泻热，重镇安神]]",用法::上十二味，以水八升，煮取四升，内大黄，切如棋子，更煮一二沸，去滓，温服一升
recveFKWJuXnlI,"<div style=""text-align: center; font-size: 24px;""><b>四逆散</b></div>",和解剂::调和肝脾剂,"方歌::[[四逆散方用柴胡]],[[芍药枳实甘草须]]。<br>[[证为阳郁成厥逆]],[[疏肝解郁厥自除]]<br>###组成::[[「柴胡」、枳实、白芍药、炙甘草]]<br>###主治::1.[[阳郁厥逆证]]。手足不温，或身微热，或咳，或悸，或小便不利，或腹中痛，或泄利下重，脉弦<br>2.[[肝脾不和证]]。胁肋胀闷，脘腹疼痛，脉弦<br>###功用::[[透邪解郁，疏肝理脾(疏肝理气，调理气机)]]",用法::上四味，捣筛，白饮和服方寸匕，日三服<br>###加减::若咳者，加五味子、干姜；悸者，加桂枝；小便不利者，加茯苓；腹中痛者，加炮附子；泄利下重者，加薤白<br>###方解::<b>「君」：</b>柴胡:疏肝解郁，透邪外出，升阳<br><b>「臣」：</b>白芍:敛阴泻热，补血柔肝柴芍相配:补肝血，条达肝气，使柴胡升散不耗伤阴血(散敛互用，体用兼顾，气血兼调)<br><b>「佐」：</b>枳实:理气解郁，泄热破结枳柴相合:一升一降，①并调肝脾；②增舒畅气机之力；③升清降浊枳芍相合:理气和血，使气血调和<br><b>：</b>甘草:①健脾和中；②合白芍缓急止痛；③调和诸药。原方用白饮(米汤)和服，亦取其中气和则阴阳之气自相顺接之意<br>###注意::阴阳偏盛之寒厥和热厥忌用<br>###特点::原治阳郁厥逆，后世开拓成疏肝理脾之基础方此处四逆，必不甚冷，或指头微温或脉不沉微:外邪传经入里，气机阻滞，不能宣泄，导致阳气内郁，不能达于四末
recveFKWJuV29T,"<div style=""text-align: center; font-size: 24px;""><b>逍遥散</b></div>",和解剂::调和肝脾剂,"方歌::[[逍遥散用当归芍]],[[柴苓术草加姜薄]]。<br>[[疏肝养血又健脾]],[[肝郁血虚脾气弱]]<br>###组成::[[「柴胡」、当归、白芍药、茯苓、白术、炙甘草、烧生姜、薄荷]]<br>###主治::[[肝郁血虚脾弱证]]。两胁胀痛，头痛目眩，口燥咽干，神疲食少，或往来寒热，或月经不调，乳房胀痛，苔薄，脉弦而虚者<br>###功用::[[疏肝解郁，养血健脾]]",用法::上为粗末，每服二钱，水一大盏，烧生姜一块切破，薄荷少许，同煎至七分，去渣热服，不拘时服<br>###加减::疏肝:君柴胡；血虚:当归、白芍为君；脾气虚:白术为君；脾虚湿盛:茯苓为君①加味逍遥散(逍遥散加丹皮、栀子，又称丹栀逍遥散)。功用:养血健脾，疏肝清热。主治:肝郁血虚内热证。症见烦躁易怒，或自汗盗汗，或头痛目涩，或颊赤口干，或月经不调，少腹胀痛，或经期吐衄，舌红苔薄黄，脉弦虚数<br>②黑道遥散(逍遥散加生地或熟地。若血虚而有内热者，宜加生地黄；血虚无热象者，应加熱地黄)。功用:疏肝健脾，养血调经。主治:肝脾血虚，临经腹痛，脉弦虚<br>###方解::<b>「君」：</b>柴胡:①疏肝解郁；②条达肝气；③兼使药引经<br><b>「臣」：</b>白芍:养血敛阴，柔肝缓急；当归:养血活血和血(血中气药)归芍相合:①养肝体以助肝用；②制柴胡疏泄太过<br><b>「佐」：</b>白术、茯苓、甘草:①健脾益气，实土以御木乘；②使营血生化有源烧生姜:①温胃降逆和中；②辛散达郁薄荷:①助柴胡疏肝郁；②透达肝经郁热<br><b>「佐使」：</b>甘草:①健脾益气；②调和药性<br>###注意::阴虚阳亢者慎用<br>###特点::调肝养血代表方，也是治疗肝郁血虚脾弱证基础方。妇科调经常用方
recveFKWJuS0Eu,"<div style=""text-align: center; font-size: 24px;""><b>痛泻要方</b></div>",和解剂::调和肝脾剂,"方歌::[[痛泻要方陈皮芍]],[[防风白术煎丸酌]]。<br>[[泻肝补脾湿缓痛]],[[脾虚肝郁见痛泻]]<br>###组成::[[「炒白术」、炒白芍、炒陈皮、防风]]<br>###主治::[[脾虚肝郁之痛泻]]。肠鸣腹痛，大便泄泻，泻必腹痛，泻后痛缓，舌苔薄白，脉两关不调，关脉左弦右缓或虚<br>###功用::[[补脾柔肝，祛湿止泻(健脾泻肝，缓痛止泻)]]",用法::上锉，分八帖，水煎或丸服<br>###加减::久泻者加炒升麻六钱，因久泻者，脾气益虚，清阳陷下，故加升麻以升清阳而增止泻之功<br>###方解::<b>「君」：</b>白术补脾燥湿以培土<br><b>「臣」：</b>白芍柔肝缓急止痛，兼敛脾阴；与白术相配，于土中泻木<br><b>「佐」：</b>陈皮理气燥湿，醒脾和胃<br><b>「佐使」：</b>配伍少量防风，具升散之性，与术、芍相伍，辛能散肝郁，香能舒脾气，散肝舒脾，升阳胜湿；合白芍疏肝，伍白术鼓舞脾阳，并祛湿以助止泻，又为脾经引经药<br>###注意::脾肾阳虚者慎用，湿热泻痢忌用
recveFKWJuLuSi,"<div style=""text-align: center; font-size: 24px;""><b>当归芍药散</b></div>",和解剂::调和肝脾剂,"方歌::[[当归芍药用川芎]],[[白术苓泽六味同]]。<br>[[妊娠腹中绵绵痛]],[[调肝理脾可为功]]<br>###组成::[[当归、芍药、茯苓、白术、泽泻、川芎]]<br>###主治::[[肝脾两虚，血瘀湿滞]]证(或[[肝血不足，脾虚湿停]]证)。症见腹中拘急，绵绵作痛，或脘胁疼痛，头目眩晕，食少神疲，或下肢浮肿，小便不利，舌淡苔白，脉细弦或濡缓。<br>###功用::[[养肝和血，健脾祛湿(或养血调肝，健脾祛湿，缓急止痛)]]",用法::上六味，杵为散，取方寸匕，酒服。日三服
recveFKWJus4eX,"<div style=""text-align: center; font-size: 24px;""><b>半夏泻心汤</b></div>",和解剂::调和寒热剂,"方歌::[[半夏泻心黄连芩]],[[干姜草枣人参行]]。<br>[[辛开苦降消痞满]],[[治在调阳与和阴]]<br>###组成::[[「半夏」、干姜、黄芩、人参、黄连、大枣、炙甘草]]<br>###主治::[[寒热互结之痞]]证。心下痞，但满而不痛，或呕吐，或肠鸣下利，食欲不振，舌淡苔薄黄腻，脉濡或数<br>###功用::[[寒热平调，散结除痞(和胃降逆，开结除痞)]]",用法::上七味，以水一斗，煮取六升，去滓，再煎，取三升，日三服<br>###加减::1.生姜泻心汤(减干姜二两，加生姜四两):功用和胃消痞，宣散水气，主治水热互结痞证，症见:心下痞硬，干噫食臭，腹中雷鸣下利<br>②.甘草泻心汤(加重炙甘草用量:四两):功用和胃补中，降逆消痞，主治胃气虚弱痞证，症见:下利日数十行，谷不化，腹中雷鸣，心下痞硬而满，干呕，心烦不得安<br>③.黄连汤(加黄连二两，黄芩易为桂枝):功用寒热并调，和胃降逆，主治胃热肠寒证，症见:腹中痛，心烦不得安，欲呕吐者<br>###方解::<b>「君」：</b>半夏:散结消痞，和胃降逆止呕<br><b>「臣」：</b>干姜:①温中散寒；②助半夏温胃消痞以和阴黄连、黄芩:泄里热以和阳开痞。君臣相配:寒热平调，辛开苦降<br><b>「佐」：</b>人参、大枣、甘草:①健脾益气，补虚和中；②兼生津液；③既防芩、连苦寒伤阳，又防夏、姜辛热伤阴<br><b>「佐使」：</b>炙甘草:①补脾和中；②调和诸药<br>###注意::脾胃阴虚证者忌用。本方主治虚实互见之证，若因气滞或食积所致的心下痞满，不宜使用<br>###特点::治疗中气虚弱，寒热互结，升降失常的基础方，又是寒热平调，散结除痞的代表方体现辛开苦降，寒热平调法(半夏、干姜、黄芩、黄连)，补泻兼用法。本方即小柴胡汤去柴胡、生姜，加黄连、干姜而成。因无半表证，故去解表之柴胡、生姜，痞因寒热错杂而成，故加寒热平调之黄连、干姜，变和解少阳之剂，而为调和肠胃之方。后世师其法，随证加减，广泛应用于中焦寒热错杂、升降失调诸症
recveFKWJuQRPK,"<div style=""text-align: center; font-size: 24px;""><b>生姜泻心汤</b></div>",和解剂::调和寒热剂,"方歌::[[生姜泻心生干姜]],[[炙草参枣夏芩连]]。<br>[[和胃消痞散水气]],[[水热互结痞硬良]]<br>###组成::[[生姜、炙甘草、人参、干姜、黄芩、半夏、黄连、大枣]]<br>###主治::[[水热互结痞]]证。症见心下痞硬，干噫食臭，腹中雷鸣下利<br>###功用::[[和胃消痞，宣散水气(和胃消痞，散结除水)]]",用法::上八味，以水一斗，煮取六升，去滓，再煎，取三升，温服一升，日三服<br>###注意::生姜泻心汤即半夏泻心汤减干姜二两，加生姜四两而成。生姜泻心汤旨在温胃止呕而散水气，适用于水气偏重，呕逆突出，并伴干噫食臭者
recveFKWJuml0a,"<div style=""text-align: center; font-size: 24px;""><b>甘草泻心汤</b></div>",和解剂::调和寒热剂,"方歌::[[甘草泻心有干姜]],[[炙草参枣夏芩连]]。<br>[[和胃补中降逆痞]],[[胃气虚痞下利将]]<br>###组成::[[炙甘草、黄芩、人参、干姜、黄连、大枣、半夏]]<br>###主治::[[胃气虚弱痞]]证。症见下利日数十行，谷不化，腹中雷鸣，心下痞硬而满，干呕，心烦不得安，少气乏力<br>###功用::[[和胃补中，降逆消痞(益气和胃，消痞止呕)]]",用法::上七味，以水一斗，煮取六升，去滓，再煎，取三升，温服一升，日三服<br>###注意::甘草泻心汤即半夏泻心汤加重炙甘草用量至四两，甘草泻心汤加甘草一两，使补脾益气、甘缓和中之力增加，适用于脾胃受损较重，下利日数十行，水谷不化，心烦气短等症
recveFKWJuUOqi,"<div style=""text-align: center; font-size: 24px;""><b>白虎汤</b></div>",清热剂::清气分热剂,"方歌::[[白虎膏知甘梗镶]],[[气分热盛此方良]]。<br>[[热渴汗出脉洪大]],[[又加人参气津强]]<br>###组成::[[「石膏」、知母、粳米、炙甘草]]<br>###主治::[[阳明气分热盛]]证。壮热面赤，烦渴引饮，汗出恶热，脉洪大有力(身大热，汗大出，口大渴，脉洪大)<br>###功用::[[清热生津(清热泻火，除烦生津)]]",用法::上四味，以水一斗，煮米熟汤成，去滓，温服一升，日三服<br>###加减::①加人参，为白虎加人参汤。功用:清热，益气，生津。主治:气分热盛，气津两伤证。汗、吐、下后，里热炽盛而见四大症者(阳明气分热盛，壮热面赤，汗多口渴，脉大无力)；以及白虎汤证见有背微恶寒，或饮不解渴，或脉浮大而芤者(暑温热盛津伤，身热，汗出口渴，背微恶寒)；以及暑热病见有身大热属气津两伤者。<br>②加桂枝，为白虎加桂枝汤。功用:清热，通络，和营卫。主治:温疟。症见其脉如平，身无寒但热，骨节疼烦，时呕；以及风湿热痹而见壮热，气粗烦躁，关节肿痛，口渴，苔白，脉弦数。<br>③加苍术，为白虎加苍术汤。功用:清热祛湿。主治:湿温病。症见身热胸痞，汗多，舌红苔白腻等；以及风湿热痹，身大热，关节肿痛等<br>###方解::<b>「君」：</b>石膏:大清阳明气分之热，清热不伤阴(清中有透，寒而不遏)，生津止渴除烦<br><b>「臣」：</b>知母:清热养阴。①助石膏清肺胃实热；②滋阴润燥(救已伤之津液)君臣相须为用，增清热生津之力。阳明气分大热之最佳配伍<br><b>「佐」：</b>粳米、炙甘草:①益胃护津；②防君臣药大寒伤中<br><b>「佐使」：</b>炙甘草:①同前；②调和诸药<br>###注意::①表证未解的无汗发热，口不渴者；<br>②脉见浮细或沉者；<br>③血虚发热，脉洪不胜重按；<br>④真寒假热之阴盛格阳证均忌用本方。“伤寒脉浮，发热无汗，其表不解者，不可与白虎汤。”(《伤寒论·辨太阳病脉证并治》)“白虎本为达热出表，若其人脉浮弦而细者，不可与也；脉沉者，不可与也；不渴者，不可与也；汗不出者，不可与也。常须识此，勿令误也。”(《温病条辨》)<br>###特点::治疗伤寒阳明经证或温病气分热盛之基础方。吴瑭称之为“辛凉重剂”白虎汤(伤寒化热内传阳明或温病邪热传入气分)→白虎加人参汤(气分热盛，气津两伤)→竹叶石膏汤(热病之后，气分余热未清，气津已伤，胃气不和)→生脉散(感受暑热之邪或温热病后期，伤气耗津)
recveFKWJu1Gjq,"<div style=""text-align: center; font-size: 24px;""><b>竹叶石膏汤</b></div>",清热剂::清气分热剂,"方歌::[[竹叶石膏汤人参]],[[麦冬半夏甘粳临]]。<br>[[热病后期热未清]],[[清热益气养阴津]]<br>###组成::[[「石膏」、粳米、炙甘草、麦门冬、人参、半夏、竹叶]]<br>###主治::[[【*热病后期，余热未清，气津两伤::《伤寒论》中治“伤寒解后，虚赢少气，气逆欲吐”证*】]]证。身热多汗，心胸烦闷，气逆欲呕，口干喜饮，虚赢少气，或虚烦不寐，舌红苔少，脉细虚数<br>###功用::[[清热生津，益气和胃]]",用法::上七味，以水一斗，煮取六升，去滓，内粳米，煮米熟汤成，去米，温服一升，日三服<br>###加减::①阴虚火逆，口舌糜烂，舌红而干者:加石斛、天花粉、沙参；<br>②胃火炽盛，消谷善饥，舌红脉数者:加知母、黄连、玄参<br>###方解::<b>「君」：</b>石膏:清热生津，除烦止渴<br><b>「臣」：</b>人参:益气生津；麦冬:养阴生津，合而气津双补<br><b>「佐」：</b>半夏:降逆和胃以止呕逆；其性虽温，但配入清热生津药中，则温燥之性去而降逆之用存，且有助于转输津液，使参、麦补而不滞，使石膏清而不寒(麦冬:半夏=2:1)竹叶:清热除烦，兼以生津；粳米:养胃和中<br><b>「使」：</b>炙甘草:①健脾益气和中；②调和诸药本方清、补两顾，使余热得清，气津得复，胃气因和，则诸症可愈<br>###注意::本方清凉质润，如内有痰湿，或阳虚发热，均应忌用<br>###特点::本方与白虎汤相比。“以大寒之剂，易为清补之方”。寓“去性存用”之意。本方在实际运用中，凡热病过程中见气津已伤、身热有汗不退、胃失和降等均可使用。对于暑温病发热气津已伤者，尤为适合
recveFKWJuXZAW,"<div style=""text-align: center; font-size: 24px;""><b>栀子豉汤</b></div>",清热剂::清气分热剂,"方歌::[[栀子鼓汤治懊恼]],[[虚烦不眠此方好]]。<br>[[热郁胸膈宣郁热]],[[呕姜少气加甘草]]<br>###组成::[[「栀子」、豆豉]]<br>###主治::[[热郁胸膈]]证。(伤寒汗吐下后)虚烦不眠，身热懊恼，反复颠倒，胸脘痞闷，饥不能食，舌红苔微黄，脉数<br>###功用::[[清宣郁热(清宣郁热，除烦止躁)]]",用法::以水四升，先煮栀子，得二升半，纳鼓，煮取一升半，去滓分为二服，温进一服，得吐者，止后服
recveFKWJumZaZ,"<div style=""text-align: center; font-size: 24px;""><b>清营汤</b></div>",清热剂::清营凉血剂,"方歌::[[清营汤治热传营]],[[清营解毒透热宁]]。<br>[[犀地银翘玄连竹]],[[丹麦养阴营热清]]<br>###组成::[[「犀角(水牛角代)」、生地黄、玄参、麦冬、银花、连翘、竹叶心、黄连、丹参]]<br>###主治::[[热人营分]]证。身热夜甚，神烦少寐，时有谵语，目常喜开或喜闭，口渴或不渴，或斑疹隐隐，舌绛而干，脉细数<br>###功用::[[清营解毒，透热养阴]]","用法::上药，水八杯，煮取三杯，日三服<br>###加减::①气分热盛，宜重用金银花、连翘、竹叶，减少水牛角、生地黄、玄参的用量；<br>②神昏谵语重，加服安宫牛黄丸；<br>③寸脉细数，舌干较甚，去黄连；<br>④高热烦躁抽搐，加羚羊角，钩藤，地龙，并服紫雪丹<br>###方解::<b>「君」：</b>犀角:清灵透发，寒而不遏，清营热而“能解疫毒”(清营解毒)<br><b>「臣」：</b>生地黄:清营凉血滋阴；玄参:滋阴尤善清热降火解毒；麦冬:清热养阴生津三味相合:既助君清营凉血解毒，又可养阴生津君臣相合:①咸寒与甘寒并用；②清营热而滋营阴；③祛邪扶正兼顾<br><b>「佐」：</b>金银花、连翘:清热解毒，轻宣透泄；竹叶:清心除烦使营分之热邪转出气分而解，""入营犹可透热转气""黄连:清心解毒；丹参:清心凉血活血，防热与血<br>###注意::舌绛而干为要。舌苔白滑者，忌用本方注:舌白滑，不惟热重，湿亦重矣，湿重忌柔润药(防滋腻而助湿留邪)<br>###特点::“透热转气”法之代表方，治疗热邪初入营分证常用方遵“热淫于内，治以咸寒，佐以苦甘”之旨，治宜咸寒清营解毒为主，辅以透热养阴"
recveFKWJudr5n,"<div style=""text-align: center; font-size: 24px;""><b>犀角地黄汤</b></div>",清热剂::清营凉血剂,"方歌::[[犀角地黄芍药丹]],[[热入血分吐衄斑]]。<br>[[蓄血发狂舌质绛]],[[解毒凉血散瘀安]]<br>###组成::[[「犀角」、生地黄、芍药、牡丹皮]]<br>###主治::[[热入血分]]证。(热扰心营)身热谵语，斑疹密布，斑色紫黑，或(热伤血络)吐血、衄血、便血、尿血(各种出血)，舌质深绛或起刺，脉细数；或(蓄血留瘀)蓄血，喜忘如狂，漱水不欲咽，自觉腹满，大便色黑易解<br>###功用::[[清热解毒，凉血散淤]]",用法::上药四味，㕮咀，以水九升，煮取三升，分三服<br>###加减::原著记载其加减:“有热如狂者，加黄芩二两；其人脉大来迟，腹不满，自言满者，为无热，不用黄芩。”(“喜忘如狂者，加大黄、黄芩”。热与血结留下焦，故加用苦寒清泄里热，所谓“甚者先平”，其瘀热速消)<br>###方解::<b>「君」：</b>犀角:清心凉血解毒<br><b>「臣」：</b>生地黄:①清热凉血滋阴；②助水牛角清热凉血；③复已失阴血；④止血<br><b>「佐」：</b>芍药、牡丹皮:清热凉血，活血散瘀，收斑<br>###特点::温病热入血分证的基础方。本方证不清其热则血不宁，不散其血则瘀不去，即“入血就恐耗血动血，直须凉血散血”，故组方配伍当以清热解毒，凉血散淤
recveFKWJuXPRF,"<div style=""text-align: center; font-size: 24px;""><b>清瘟败毒饮</b></div>",清热剂::气血两清剂,"方歌::[[清瘟败毒地连芩]],[[丹石栀甘竹叶寻]]。<br>[[犀角玄翘知芍桔]],[[气血两燔此方真]]<br>###组成::[[生石膏、知母、甘草、黄连、黄芩、栀子、犀角、生地、赤芍、丹皮、连翘、竹叶、玄参、桔梗]]<br>###主治::[[瘟疫热毒]]，[[气血两燔]]证。大热渴饮，头痛如劈，干呕狂躁，谵语神昏，或发斑，或吐血、衄血，或四肢抽搐，或厥逆，舌绛唇焦，脉沉细而数，或沉数，或浮大数<br>###功用::[[清热泻火，凉血解毒]]",用法::疫证初起，恶寒发热，头痛如劈，烦躁谵妄，身热肢冷，舌刺唇焦，上呕下泄，六脉沉细而数，即用大剂；沉而数者，用中剂；浮大而数者，用小剂。如斑一出，即用大青叶，量加升麻4∼5分，引毒外透。先煮石膏数十沸，后下诸药，犀角磨汁和服<br>###加减::①原书指出:“如斑一出，即加大青叶，并少佐升麻四、五分，引毒外透，此内化外解，浊降清升之法”；<br>②头痛殊甚，两目昏花:加菊花、夏枯草；<br>③骨节疼烦，腰如被杖:黄柏、知母；<br>④热盛动风，四肢抽搐:加羚羊角、钩藤；<br>⑤热闭心包，神昏谵语，加安宫牛黄丸；<br>⑥体虚；加西洋参<br>###方解::1.重用石膏配知母、甘草，取法白虎汤，大清气分之热且保津②.黄连、黄芩、栀子同用，效仿黄连解毒汤，通泄三焦火毒③.犀角、生地黄、赤芍、牡丹皮相配，即犀角地黄汤加味，旨在清热解毒，凉血散瘀④.三方相合，大败热毒，气血两清连翘、竹叶:清气分热；玄参:清热凉血；桔梗:载药上行<br>###注意::根据疫毒轻重，斟酌药物用量。方中石膏、生地黄、犀角、黄连的用量宜大，应根据热疫之轻重选定。如六脉沉细而数，即用大剂；沉而数者，用中剂；浮大而数者，用小剂。斑一出，即用大青叶，量加升麻<br>④∼<br>⑤分，引毒外透，此内化外解，浊降清升之法<br>###特点::热毒充斥，气血两燔之代表方。本方黄连解毒汤+犀角地黄汤+白虎汤+连翘、玄参、竹叶、桔梗
recveFKWJuBAU6,"<div style=""text-align: center; font-size: 24px;""><b>凉膈散</b></div>",清热剂::清热解毒剂,"方歌::[[凉膈硝黄栀子翘]],[[黄芩甘草薄荷饶]]。<br>[[竹叶蜜煎疗膈热]],[[上中二焦热盛消]]<br>###组成::[[川大黄、芒硝、炙甘草、山栀、黄芩、薄荷、连翘、竹叶、白蜜]]<br>###主治::[[上中二焦邪热炽盛]]证。身热口渴(烦躁)，面赤唇焦，胸膈烦热，口舌生疮，睡卧不宁，谵语狂妄，便秘溲赤，或咽痛吐衄，或大便不畅，舌红苔黄，脉滑数<br>###功用::[[泻火通便，清上泄下]]","用法::上药为粗末，每服二钱，水一盏，入竹叶七片，蜜少许，煎至七分，去滓，食后温服。小儿可服半钱，更随岁数加减服之。得利下，住服<br>###加减::①大便燥结较重:硝、黄用量可适当增加；<br>②上焦热甚，壮热口渴烦躁:去芒硝，加石膏、天花粉；<br>③心经火盛，口舌生疮:加黄连；<br>④吐衄不止:加鲜茅根、鲜藕节；<br>⑤咽喉肿痛溃烂:加板蓝根、山豆根、桔梗<br>###方解::<b>「君」：</b>连翘:清热解毒，以除上焦之热<br><b>「臣」：</b>黄芩:清胸膈郁热；山栀:通泻三焦，引火下行<br><b>「佐」：</b>薄荷、竹叶:轻清疏散，协君、臣以疏散上焦之郁火大黄、芒硝:泻火通便，以荡热于中，既可除中焦有形燥结，又可使上焦无形之热借阳明为出路从下而去，以加强君臣清火之力，即所谓""以泻代清""<br><b>「佐使」：</b>白蜜，甘草:①缓硝、黄峻泻之力；②兼以益胃护津；③调和诸药，且白蜜可润肠通便<br>###注意::虽有通腑之力，然治重在胸膈之热，而不在大便之秘，即使无大便秘结，但胸隔灼热如焚者，亦可用之。①服用本方，得利下后，应当停服；<br>②孕妇以及体虚者慎用<br>###特点::治疗上中二焦火热炽盛之常用方。亦为以泻代清代表方"
recveFKWJujEgh,"<div style=""text-align: center; font-size: 24px;""><b>普济消毒饮</b></div>",清热剂::清热解毒剂,"方歌::[[普济消毒蒡芩连]],[[甘桔蓝根勃翘玄]]。<br>[[升柴陈僵参或薄]],[[大头瘟毒服之痊]]<br>###组成::[[黄芩、黄连、连翘、鼠黏子(即牛蒡子)、人参、白僵蚕、玄参、板蓝根、马勃、桔梗、生甘草、橘红、升麻、柴胡、薄荷]]<br>###主治::[[风热疫毒，壅于上焦之大头瘟]]。头面红肿掀痛，目不能开，咽喉肿痛，恶寒发热，舌燥口渴，舌红苔白兼黄，脉浮数有力<br>###功用::[[清热解毒，疏风散邪]]","用法::上为细末，半用汤调，时时服之；半蜜为丸，噙化之<br>###加减::①《东垣试效方》论“时毒治验”中，称本方“或加防风、薄荷、川芎、当归”，“如大便硬，加酒煨大黄一钱或二钱以利之""；<br>②《温病条辨》以本方去升麻、柴胡，加银花、荆芥，治“温毒咽痛喉肿，耳前耳后肿，颊肿，面正赤，后喉不痛，但外肿甚则耳聋，俗称大头瘟“者<br>###方解::<b>「君」：</b>黄芩、黄连:清热泻火解毒，以祛上焦头面热毒；(酒炒令药通行周身，直达病所)<br><b>「臣」：</b>连翘、牛蒡子、薄荷、僵蚕:疏散头面、肌表之风热<br><b>「佐」：</b>玄参、马勃、板蓝根:增强清热解毒；合薄荷、桔梗、甘草:清利咽喉，玄参滋阴，又可防苦燥升散之品伤阴；桔梗载药上行以助升、柴之力陈皮:理气疏壅，以利散邪郁结消肿；人参:补气，扶正祛邪<br><b>「佐使」：</b>升麻、柴胡:疏散风热，并引诸药上达头面，使风热疫毒之邪得以宣散透发，寓有“火郁发之”之意；苓连得升麻、柴胡引药上行；升柴得芩连，升中有降，防升发太过，二者相反相成甘草:①清利咽喉；②兼和诸药<br>###注意::素体阴虚以及脾虚便溏者慎用本方<br>###特点::治疗大头癌之代表方。体现:火郁发之"
recveFKWJu2sWW,"<div style=""text-align: center; font-size: 24px;""><b>仙方活命饮</b></div>",清热剂::清热解毒剂,"方歌::[[仙方活命金银花]],[[防芷归陈草芍加]]。<br>[[贝母花粉及乳没]],[[山甲皂刺酒煎佳]]。<br>[[热毒肿坚活血痛]],[[初起疮毒用无差]]<br>###组成::[[金银花、当归尾、赤芍、乳香、没药、皂角刺、炙穿山甲、白芷、防风、贝母、天花粉、陈皮、生甘草(酒)]]<br>###主治::[[痈疡肿毒初起]]。(阳证痈疽初起)红肿掀痛，或身热凛寒，舌苔薄白或黄，脉数有力<br>###功用::[[清热解毒，消肿溃坚，活血止痛]]",用法::上用酒一大碗，煎五、七沸服<br>###加减::①疮痈瘀滞不甚而疼痛较轻:去乳香、没药；<br>②热毒甚而见局部红肿热痛明显，伴舌红，脉数，宜加蒲公英、紫花地丁、野菊花、连翘；<br>③本方出自《校注妇人良方》。《医方集解》亦有仙方活命饮，较本方少赤芍<br>###方解::<b>「君」：</b>金银花:善清热解毒疗疮，既能泻热清气，又能清解血毒，且具有芳香透散之性而助消痛散结，“疮疡圣药”<br><b>「臣」：</b>当归尾、赤芍:活血通滞和营；乳香、没药:散瘀消肿止痛陈皮:理气行滞，有利于消肿止痛。共合:行气活血通络，消肿止痛<br><b>「佐」：</b>白芷、防风:辛温发散，疏散外邪，通滞散结，正合“汗之则疮已”贝母、天花粉:清热化痰散结穿山甲、皂角刺:通行经络，透脓溃坚，解毒消肿<br><b>「使」：</b>甘草:清热解毒，调和诸药煎药加酒:通瘀而行周身，助药力直达病所<br>###注意::①痈疽已溃者，不宜使用；<br>②阴疽者忌用；体虚者慎用<br>###特点::疮疡之圣药，外科之首方。热毒痈肿常用方。使脓未成者即散，已成者即溃此疡门开手攻毒第一方也。较全面体现外科阳证疮疡内治消法的基本配伍法则
recveFKWJui7h6,"<div style=""text-align: center; font-size: 24px;""><b>黄连解毒汤</b></div>",清热剂::清热解毒剂,"方歌::[[黄连解毒汤四味]],[[黄芩黄柏栀子备]]。<br>[[三焦火毒炎炎盛]],[[泻火解毒此方推]]<br>###组成::[[「黄连」、黄芩、黄柏、栀子]]<br>###主治::[[三焦火毒热盛]]证。大热烦躁，口燥咽干，错语不眠；或热病吐血、衄血；或热甚发斑，或身热下痢，或湿热黄疸；或外科痈疡疗毒。小便黄赤，舌红苔黄，脉数有力<br>###功用::[[泻火解毒]]",用法::上四味切，以水六升，煮取二升，分二服<br>###加减::若便秘者可加大黄以泻下实热。吐血、衄血、发斑可加生地、元参、丹皮以凉血化斑，清热止血。瘀热发黄，加茵陈、大黄，以加强清热解毒，祛湿退黄之功<br>###方解::<b>「君」：</b>黄连既入上焦以清泻心火，泻中焦之火<br><b>「臣」：</b>黄芩清上焦之火，黄柏泻下焦之火<br><b>「佐使」：</b>栀子清泻三焦之火，导热下行，引邪热从小便而出“苦寒直折”法之代表方。苦寒直折，清热解毒的基础方。本证乃火毒热盛，充斥三焦，波及上下内外所致。根据“诸痛痒疮，皆属于心”。本方对于热毒壅聚肌膝之痈肿疗毒，亦可泻心火、解热毒而治之<br>###注意::本方为大苦大寒之剂，久服或过量服用易伤脾胃，故非壮实体质，非火盛者不宜使用。津液受损较重者，不宜使用
recveFKWJubCVQ,"<div style=""text-align: center; font-size: 24px;""><b>泻心汤</b></div>",清热剂::清热解毒剂,"方歌::[[泻心大黄黄连芩]],[[泻火燥湿毒痞停]]。<br>[[火炽出血黄疸痞]],[[目肿舌疮疮疡清]]<br>###组成::[[「大黄」、黄连、黄芩]]<br>###主治::[[邪火内炽、迫血妄行]]所致之[[吐血、衄血，便秘，溲赤]]等；或湿热内蕴之黄疸，见胸痞烦热，舌苔黄腻；或积热上冲而致目赤且肿，口舌生疮；或外科疮疡，见有心胸烦热，大便干结等。或邪热壅滞心下，气机痞塞证。心下痞满，按之柔软(心下痞，按之濡)，心烦口渴，小便黄赤，大便不爽或秘结，或吐血衄血，舌红苔薄黄，脉数<br>###功用::[[泻火解毒，燥湿泄痞(泻火消痞)]]",用法::上三味，以水三升，煮取一升，顿服之
recveFKWJuNi53,"<div style=""text-align: center; font-size: 24px;""><b>五味消毒饮</b></div>",清热剂::清热解毒剂,"方歌::[[五味消毒疗诸疗]],[[银花野菊蒲公英]]。<br>[[紫花地丁天葵子]],[[煎加酒服效非轻]]。<br>[[清热解毒疗疮散]],[[火毒结聚疮粟疔]]<br>###组成::[[「金银花」、蒲公英、紫花地丁、野菊花、紫背天葵子(加无灰酒)]]<br>###主治::[[火毒结聚之疗疮]]。疮形如粟，坚硬根深，其状如钉，或有恶寒发热，以及痈疡疖肿，红肿热痛，舌红，苔黄，脉数<br>###功用::[[清热解毒，消散疗疮]]",用法::水二盅，煎八分，加无灰酒半盅，再滚二三沸时热服。渣，如法再煎服，被盖出汗为度<br>###特点::火毒疗疮常用方。疗无散法，本方治疗不宜加用发散之品
recveFKWJuyQVj,"<div style=""text-align: center; font-size: 24px;""><b>四妙勇安汤</b></div>",清热剂::清热解毒剂,"方歌::[[四妙勇安用当归]],[[玄参银花甘草栖]]。<br>[[清热解毒痛活血]],[[热毒脱疽此方魁]]<br>###组成::[[「金银花」、玄参、当归、生甘草]]<br>###主治::[[热毒炽盛之脱疽]]。患肢皮色黯红，微肿灼热，疼痛剧烈，久则溃烂腐臭，甚则趾节脱落，延及足背，烦热口渴，舌红脉数<br>###功用::[[清热解毒，活血止痛]]",用法::水煎服，一连十剂，永无后患，药味不可少，减则不效，并忌抓擦为要<br>###方解::<b>「君」：</b>金银花善清热解毒而治痈疽<br><b>「臣」：</b>玄参长于清热凉血，泻火解毒，并能散结软坚。与君药合用，既清气分之邪热，又解血分之热毒，则清热解毒之力尤著；当归养血活血，既可行气血、化瘀通脉而止痛，又合玄参养血滋阴而生新<br><b>「佐使」：</b>甘草生用，既清热解毒(既助金银花清热解毒，合当归、玄参养阴生津)，又调和诸药<br>###注意::本方服法独特，“水煎服，一连十剂，永无后患，药味不可少”，旨在示人服用本方一则要大剂连服，二则不可缺味。如此，方能获药精力宏之“妙”
recveFKWJuTSVm,"<div style=""text-align: center; font-size: 24px;""><b>牛蒡解肌汤</b></div>",清热剂::清热解毒剂,"方歌::[[牛蒡解肌翘丹栀]],[[夏枯荆薄石斛玄]]。<br>[[疏风清热又散肿]],[[牙痛颈毒皆可医]]<br>###组成::[[「牛蒡子」、连翘、薄荷、荆芥、夏枯草、山栀、丹皮、石斛、玄参]]<br>###主治::[[风邪热毒上攻之痛疮]]。颈项痰毒，风热牙痛，头面风热兼有表热证者；外痈局部红肿热痛，热重寒轻，汗少口渴，小便黄，苔白或黄，脉浮数<br>###功用::[[疏风清热，凉血消肿]]",用法::水煎服。<br>###方解::本方主要用于头面颈项疮疡。方中牛蒡子辛散风热，解毒消肿；薄荷、荆芥疏风散邪，以增强牛蒡子疏散风热之力，使邪从表解；连翘、夏枯草清热解毒，散结消痈；牡丹皮、山栀子、玄参清热泻火，凉血散血；玄参与石斛相配可滋阴清热。诸药合用，共奏疏风清热，凉血消肿之功。<br>###特点::清散合法，发越郁火，尤能散解肌表之邪，故名“解肌”(散中有清、清中有养)寓火郁发之:薄荷、荆芥、连翘
recveFKWJuSK9D,"<div style=""text-align: center; font-size: 24px;""><b>龙胆泻肝汤</b></div>",清热剂::清脏腑热剂,"方歌::[[龙胆泻肝栀茶柴]],[[生地车前泽泻偕]]。<br>[[木通甘草当归合]],[[肝火湿热力能排]]<br>###组成::[[龙胆草、黄芩、栀子、泽泻、木通、车前子、当归、生地、黄柴胡、生甘草]]<br>###主治::1.[[肝胆实火上炎]]证。头痛目赤，胁痛口苦(尿赤)，耳聋，耳肿，舌红苔黄，脉弦数有力<br>2.[[肝经湿热下注]]证。阴肿阴痒，筋痿阴汗，小便淋浊，或妇女带下黄臭，舌红苔黄腻，脉弦数有力或濡数<br>###功用::[[清泻肝胆实火，清利肝胆湿热]]",用法::水煎服，亦可制成丸剂，每服6∼9g，日二次，温开水送下<br>###加减::本方见于《医方集解》，而在《校注妇人良方》中本方少柴胡一味①肝胆实火较甚:去木通、车前子，加黄连；<br>②风火上炎，头痛眩晕，目赤易怒:加菊花、桑叶、夏枯草；<br>③湿盛热轻，去黄芩，生地，加滑石，薏苡仁；<br>④玉茎生疮，或阴囊红肿痛热，去柴胡，加大黄、金银花、连翘<br>###方解::<b>「君」：</b>龙胆草:①清泻肝胆实火；②清利肝胆湿热；③泻火除湿<br><b>「臣」：</b>黄芩、栀子:泻火解毒、燥湿清热，加强君药泻火除湿泽泻、木通、车前子:清热利湿，导邪下行<br><b>「佐」：</b>生地、当归:滋阴养血以顾肝体，使祛邪而不伤正(防苦燥渗利伤阴)柴胡:①舒畅肝胆之气；②引药入肝胆经柴胡与归地相配:养肝体而调肝用，符合肝体阴用阳之性<br><b>「使」：</b>甘草:①调和诸药；②护胃安中；③防苦寒败胃<br>###注意::本方不宜多服久服，脾胃虚弱者慎用<br>###特点::含火郁发之之意。肝胆实火与肝经湿热下注常用方
recveFKWJuPCOj,"<div style=""text-align: center; font-size: 24px;""><b>左金丸</b></div>",清热剂::清脏腑热剂,"方歌::[[左金黄连与吴萸]],[[胁痛吞酸悉能除]]。<br>[[清肝泻火降逆呕]],[[肝火犯胃此方摧]]。<br>[[再加芍药名戊己]],[[专治泻痢痛在脐]]<br>###组成::[[黄连、吴茱萸]]<br>###主治::[[肝火犯胃]]证。胁肋胀痛，嘈杂吞酸，呕吐口苦，脘痞嗳气，舌红苔黄，脉弦数<br>###功用::[[清泻肝火，降逆止呕]]",用法::上药为末，水丸或蒸饼为丸，白汤下五十丸<br>###加减::戊己丸:本方加白芍(兼见腹痛泄泻)。功用:疏肝理脾，清热和胃。主治:肝火横逆犯脾胃，肝脾胃不和证。症见胃痛吞酸，腹痛泄泻①胁肋痛甚:可加四逆散、川楝子、延胡索；<br>②吞酸重者:加乌贼骨、煅瓦楞子<br>###方解::<b>「君」：</b>黄连:①配吴茱萸清肝；②善清胃热；③善泻心火，有“实则泻其子”之意(清肝清胃清心)<br><b>「佐使」：</b>吴茱萸:疏肝解郁，和胃降逆。①助黄连和胃降逆止呕；②制约黄连苦寒(反佐)；③引黄连入肝经<br>###特点::又称回令丸，萸连丸。肝火犯胃，肝胃不和常用方。体现辛开苦降，寒热并治
recveFKWJuLuPn,"<div style=""text-align: center; font-size: 24px;""><b>泻白散</b></div>",清热剂::清脏腑热剂,"方歌::[[泻白桑皮地骨皮]],[[甘草粳米四般宜]]。<br>[[泻肺清热平咳喘]],[[肺热伏火喘咳需]]<br>###组成::[[桑白皮、地骨皮、炙甘草、粳米]]<br>###主治::[[肺热伏火之喘咳]]证。咳嗽，甚则气急欲喘，皮肤蒸热，日晡尤甚，舌红苔黄，脉细数<br>###功用::[[清泻肺热，止咳平喘]]",用法::上药锉散，入粳米一撮，水二小盏，煎七分，食前服<br>###加减::①肺经热甚:加黄芩知母；<br>②燥热咳嗽:加瓜蒌皮、川贝母；<br>③阴虚潮热，加鳖甲，青蒿，银柴胡；<br>④烦热口渴，加天花粉，芦根，麦冬；<br>⑤兼有表热，加银翘散<br>###方解::<b>「君」：</b>桑白皮:清肺热，泻肺气，平喘咳<br><b>「臣」：</b>地骨皮:助君清肺中伏火，并退虚热<br><b>「佐使」：</b>炙甘草、粳米:养胃和中，培土生金，兼调诸药<br>###特点::肺热伏火之喘咳证常用方。体现培土生金
recveFKWJuyf0h,"<div style=""text-align: center; font-size: 24px;""><b>清胃散</b></div>",清热剂::清脏腑热剂,"方歌::[[清胃散中升麻连]],[[当归生地丹皮全]]。<br>[[或加石膏清胃热]],[[凉血牙痛与牙宣]]<br>###组成::[[黄连、升麻、生地黄、牡丹皮、当归身]]<br>###主治::[[胃火上攻(牙痛)]]证。牙痛牵引头痛，面颊发热，其齿恶热喜冷，或牙宣出血，或牙龈肿痛溃烂，或唇舌颊腮肿痛，口气热臭，口干舌燥，舌红苔黄，脉滑大而数<br>###功用::[[清胃凉血]]",用法::上药为末，都作一服，水一盏半，煎至七分，去滓，放冷服之<br>###加减::《医方集解》载本方有石膏，其清胃之力更强①大便秘结:加大黄；<br>②胃热较甚，口渴饮冷:重用石膏，加玄参、天花粉；<br>③牙衄:加牛膝；<br>④口臭甚:加茵陈，藿香，白豆蔻<br>###方解::<b>「君」：</b>黄连:直泻胃中实火<br><b>「臣」：</b>升麻:①清热解毒；②轻清升散透发，可宣达郁遏之火，有“火郁发之”之意；③引经(使)黄连得升麻:降中寓升，泻火而不凉遏；升麻得黄连，散火而不升焰生地黄:凉血止血，滋阴生津；牡丹皮:凉血清热<br><b>「佐」：</b>当归:①养血活血；②合生地滋阴养血；③合丹皮消肿止痛<br><b>「使」：</b>升麻:引诸药入阳明经，兼为使药<br>###特点::胃火牙痛常用方。体现火郁发之
recveFKWJuC7wf,"<div style=""text-align: center; font-size: 24px;""><b>玉女煎</b></div>",清热剂::清脏腑热剂,"方歌::[[玉女煎用熟地黄]],[[膏知牛膝麦冬襄]]。<br>[[胃火阴虚相因病]],[[牙痛齿衄宜煎尝]]<br>###组成::[[生石膏、知母、熟地、麦冬、牛膝]]<br>###主治::[[胃热阴虚]]证。头痛，牙痛，或牙齿松动，牙龈出血，烦热干渴，舌红苔黄而干。脉浮洪滑大，重按无力。亦治消渴，消谷善饥等<br>###功用::[[清胃热，滋肾阴]]",用法::上药用水一盅半，煎七分，温服或冷服<br>###加减::①火盛而烦热明显:加山栀子、地骨皮；<br>②热伤津液，烦渴舌干:加沙参、石斛；<br>③热伤血络，齿衄出血多:去熟地黄，加生地黄、牡丹皮、墨旱莲；<br>④肾阴虚甚，腰膝酸软:重用熟地，加龟甲，女贞子<br>###方解::<b>「君」：</b>石膏:①清阳明胃热；②兼生津止渴<br><b>「臣」：</b>熟地黄:滋肾水之不足君臣相配:清火壮水，虚实兼顾<br><b>「佐」：</b>知母:①助石膏以清胃热止烦渴；②助熟地以滋肾阴麦冬:①清热养阴；②滋肺生津助熟地滋肾(寓金水相生之意)；③生津而润胃燥；④且可清心除烦<br><b>「佐使」：</b>牛膝:①导热下行；②兼补肝肾<br>###注意::大便溏泄者，不宜使用本方<br>###特点::胃热阴虚牙痛常用方。寓金水相生之意
recveFKWJuHGAF,"<div style=""text-align: center; font-size: 24px;""><b>芍药汤</b></div>",清热剂::清脏腑热剂,"方歌::[[芍药汤中槟大黄]],[[芩连归桂草木香]]。<br>[[清热燥湿调气血]],[[湿热痢疾自安康]]<br>###组成::[[黄连、黄芥、芍药、当归、槟榔、木香、炙甘草、大黄、官桂]]<br>###主治::[[湿热痢疾]]。腹痛，便脓血，赤白相兼，里急后重，肛门灼热，小便短赤，舌苔黄腻，脉滑数<br>###功用::[[清热燥湿，调气和血]]",用法::上药㕮咀，每服半两，水二盏，煎至一盏，食后温服<br>###加减::1.原方后注“如血痢，则渐加大黄；如汗后脏毒，加黄柏半两，依前服”；<br>②.香连丸。组成:黄连二十两(用茱萸十两同炒令赤，去茱萸不用)，木香四两八钱八分。用法:上为细末，醋糊为丸，如梧桐子大。每服二十丸，饭饮吞下。功用:清热燥湿，行气化滞。主治:湿热痢疾。症见下痢，赤白相兼，腹痛，里急后重。<br>③.黄芩汤。组成:黄芩三两，芍药二两，炙甘草二两，大枣十二枚。用法:上四味，以水一斗，煮取三升，去滓。温服一升，日再，夜一服。功用:清热止利，和中止痛。主治:热泻热痢。症见身热，口苦，腹痛下利，舌红苔黄，脉数。<br>④.如苔黄而干，热甚伤津者，可去肉桂，加乌梅，避温就凉；如苔腻脉滑，兼有食积，加山楂、神曲以消导；如热毒重者，加白头翁、银花以增强解毒之力；如痢下赤多白少，或纯下血痢，加丹皮、地榆凉血止血<br>###方解::<b>「君」：</b>黄连、黄芩:清热泻火、解毒燥湿，除病因<br><b>「臣」：</b>(重用)芍药:功擅“止下痢腹痛后重”，故重用以养血和营，缓急止痛当归助芍药:①养血活血，取“行血则便脓自愈”之意；②兼顾湿热伤肠络，耗伤阴血木香、槟榔:行气导滞，寓“调气则后重自除”之理。四药兼顾:调气和血<br><b>「佐」：</b>大黄:①泻热通便，以除肠中积滞；②合芩连增强清热燥湿；③合归芍增强活血行气体现“通因通用”之法肉桂:①防芩连苦寒伤中及冰伏湿热之邪；②助归芍行血和营；③防呕逆拒药<br><b>「佐使」：</b>甘草:①益胃和中；②调和诸药；③配芍药缓急止痛<br>###注意::痢疾初起有表证忌用<br>###特点::湿热痢疾常用方。体现调和气血，通因通用之法
recveFKWJuIMfj,"<div style=""text-align: center; font-size: 24px;""><b>白头翁汤</b></div>",清热剂::清脏腑热剂,"方歌::[[白头翁汤治热痢]],[[黄连黄柏与秦皮]]。<br>[[凉血止痢清热毒]],[[热毒痢疾功效奇]]<br>###组成::[[白头翁、黄连、黄柏、秦皮]]<br>###主治::[[热毒痢疾]]。腹痛，里急后重，肛门灼热，下痢脓血，赤多白少，渴欲饮水，舌红苔黄，脉弦数<br>###功用::[[清热解毒，凉血止痢]]",用法::上药四味，以水七升，煮取二升，去滓，温服一升。不愈，再服一升<br>###加减::妇人产后血虚热痢，心烦不眠，加甘草、阿胶(白头翁加甘草阿胶汤)①兼恶寒发热，表邪未解而里热炽盛:加葛根、金银花、连翘；<br>②腹痛里急明显:加木香、槟榔、白芍；<br>③夹食滞，腹痛拒按，苔厚腻:加枳实、山楂；<br>④血分热盛，见纯下赤痢，加丹皮，赤芍，地榆<br>###方解::<b>「君」：</b>白头翁:清热解毒，凉血止痢，治疗热毒血痢之要药<br><b>「臣」：</b>黄连:清热解毒，燥湿厚肠止痢(治痢要药)黄柏:清下焦湿热，助君清热解毒，燥湿止痢<br><b>「佐」：</b>秦皮:清热燥湿，收涩止痢<br>###特点::热毒血痢常用方
recveFKWJuR8ZS,"<div style=""text-align: center; font-size: 24px;""><b>导赤散</b></div>",清热剂::清脏腑热剂,"方歌::[[导赤生地与木通]],[[草梢竹叶四般供]]。<br>[[口糜淋痛小肠火]],[[引热同归小便中]]<br>###组成::[[木通、生地黄、生甘草梢、竹叶]]<br>###主治::[[心经火热证]]。心胸烦热，口渴面赤，意欲饮冷，口舌生疮；或心热移于小肠，小便赤涩刺痛，舌红脉数<br>###功用::[[清心养阴，利水通淋(清心利水养阴)]]",用法::上药为末，每服三钱，水一盏，入竹叶同煎至五分，食后温服<br>###加减::一方不用甘草，用黄芩，是为加强清心降火而设<br>###方解::<b>「君」：</b>生地凉血滋阴以制心火；木通上清心经之火，下导小肠之热，两药相配，滋阴制火而不恋邪，利水通淋而不伤阴<br><b>「臣」：</b>竹叶清心除烦，淡渗利窍，导心火下行<br><b>「佐使」：</b>生甘草梢清热解毒，尚可直达茎中而止淋痛，并能调和诸药，且防木通、生地之寒凉伤胃<br>###注意::1.本方临证应用时，应据成人、小儿及火热虚实之异，相应增减生地、木通之用量，据证之需，易其君臣，以“变”求“用”(“精”)也。<br>②.方中木通苦寒，生地阴柔寒凉，故脾胃虚弱者慎用
recveFKWJuuPQy,"<div style=""text-align: center; font-size: 24px;""><b>苇茎汤</b></div>",清热剂::清脏腑热剂,"方歌::[[苇茎汤方出千金]],[[桃仁薏苡冬瓜仁]]。<br>[[瘀热结肺成痈毒]],[[清热排脓痰淤宁]]<br>###组成::[[「苇茎」、薏苡仁、瓜瓣、桃仁]]<br>###主治::[[肺痈，热毒壅滞，痰瘀互结]]证。身有微热，咳嗽痰多，甚则吐腥臭脓痰，胸中隐隐作痛(胸痛)，咳则痛增，舌质红，苔黄腻，脉滑数<br>###功用::[[清肺化痰，逐瘀排脓]]",用法::上四味，㕮咀，以水一斗，先煮苇令得五升，去滓，悉内诸药，煮取二升，分再服，当吐如脓<br>###加减::在临床运用中，肺痈在脓未成阶段，常结合使用清热解毒药，如金银花、鱼腥草以加强清热解毒作用。脓已成时，常加开肺排痰之品，如桔梗、生甘草、贝母，以利气道通畅<br>###方解::<b>「君」：</b>苇茎甘寒轻浮，善清肺热，为肺痈必用之品<br><b>「臣」：</b>瓜瓣清热化痰，利湿排脓，能清上彻下，肃降肺气，与苇茎配合则清肺宣壅，涤痰排脓；薏苡仁上清肺热而排脓，下利肠胃而渗湿<br><b>「佐」：</b>桃仁活血逐瘀，可助消痈；且润燥滑肠而通下，使痰淤之邪从下而解<br>###注意::方中苇茎，现代临床多用芦根；瓜瓣，《张氏医通》认为“瓜瓣即甜瓜子”，后世常以冬瓜子代替，两者功用相似
recveFKWJudyC6,"<div style=""text-align: center; font-size: 24px;""><b>泻黄散</b></div>",清热剂::清脏腑热剂,"方歌::[[泻黄甘草与防风]],[[石膏栀子藿香充]]。<br>[[炒香蜜酒调和服]],[[脾热口疮可见功]]<br>###组成::[[石膏、山栀子仁、藿香叶、防风、甘草、蜂蜜酒]]<br>###主治::[[脾胃伏火]]证。口疮口臭，烦渴易饥，口燥唇干，舌红脉数，以及脾热弄舌等<br>###功用::[[泻脾胃伏火]]",用法::上药锉，同蜜、酒微炒香，为细末。每服一至二钱，水一盏，煎至五分，温服清汁，无时
recveFKWJuXojA,"<div style=""text-align: center; font-size: 24px;""><b>清心莲子饮</b></div>",清热剂::清脏腑热剂,"方歌::[[清心莲子芩麦冬]],[[地骨车前炙甘从]]。<br>[[莲肉人参黄芪茯]],[[心火气阴淋浊通]]<br>###组成::[[黄芩、麦冬去心、地骨皮、车前子、炙甘草、石莲肉去心、白茯苓、黄芪、蜜炙人参]]<br>###主治::[[心火偏旺，气阴两虚，湿热下注]]证。遗精淋浊，血崩带下，遇劳则发；或肾阴不足，口舌干燥，烦躁发热<br>###功用::[[清心火，益气阴，止淋浊]]",用法::上锉散，每服三钱，麦门冬十粒，水一盏半，煎取八分，去滓，水中沉冷，空心，食前服
recveFKWJuLhO2,"<div style=""text-align: center; font-size: 24px;""><b>青蒿鳖甲汤</b></div>",清热剂::清虚热剂,"方歌::[[青蒿鳖甲知地丹]],[[热伏阴分仔细看]]。<br>[[夜热早凉无汗出]],[[透热养阴服之安]]<br>###组成::[[青蒿、鳖甲、生地黄、知母、丹皮]]<br>###主治::[[温病后期，邪伏阴分证]]。夜热早凉，热退无汗，舌红少苔，脉细数<br>###功用::[[养阴透热]]",用法::上药以水五杯，煮取二杯，日再服<br>###加减::①肺痨骨蒸，阴虚火旺:加北沙参、墨旱莲；<br>②气阴两伤、口渴神倦:加人参、麦冬；<br>③小儿夏季热属阴虚发热:酌加白薇、荷梗；<br>④《温病条辨》(中焦篇)比本方多桑叶、花粉，而去生地；清热力较重，侧重透少阳气分之热<br>###方解::<b>「君」：</b>青蒿:清热透络，引阴分伏热外达鳖甲:①滋阴退热养血；②且入络搜邪，清深伏阴分之热两药合用:滋阴清热，内清外透，使阴分伏热而外达此方有先人后出之妙，青蒿不能直入阴分，有鳖甲领之人也；鳖甲不能独出阳分，有青蒿领之出也<br><b>「臣」：</b>生地:滋阴清热凉血；知母:滋阴降火，助君药养阴退热<br><b>「佐」：</b>牡丹皮:泻血中伏火，助青蒿清透阴分伏热，使火退阴自生<br>###注意::①青蒿后人或以沸药汁泡服为宜；<br>②阴虚欲作抽搐者，不宜使用本方<br>###特点::阴虚发热常用方。有先人后出之妙
recveFKWJuHD6P,"<div style=""text-align: center; font-size: 24px;""><b>清骨散</b></div>",清热剂::清虚热剂,"方歌::[[清骨散用银柴胡]],[[胡连秦艽鳖甲辅]]。<br>[[地骨青蒿知母草]],[[骨蒸劳热一并除]]<br>###组成::[[「银柴胡」、胡黄连、地骨皮、知母、秦艽、青蒿、制鳖甲、甘草]]<br>###主治::[[肝肾阴虚，虚火内扰]]证。虚劳骨蒸，潮热盗汗，或低热日久不退，唇红颧赤，形体消瘦，或口渴心烦，困倦乏力，舌红少苔，脉细数<br>###功用::[[清虚热，退骨蒸]]",用法::水二盅，煎八分，食远服<br>###特点::治骨蒸劳热之常用方。原方后注“血虚甚加当归、芍药、生地；嗽多加阿胶、麦冬、五味子”
recveFKWJukg7S,"<div style=""text-align: center; font-size: 24px;""><b>秦艽鳖甲散</b></div>",清热剂::清虚热剂,"方歌::[[秦艽鳖甲治风劳]],[[地骨柴胡及青蒿]]。<br>[[当归知母乌梅合]],[[阴血除蒸热亦消]]<br>###组成::[[地骨皮、柴胡、鳖甲、秦艽、知母、当归、青蒿、乌梅]]<br>###主治::[[风劳病]]。骨蒸盗汗，肌肉消瘦，唇红颧赤，午后潮热，咳嗽困倦，脉微数<br>###功用::[[滋阴养血，清热除蒸]]",用法::上药为粗末，每服五钱，水一盏，青蒿五叶，乌梅一个，煎至七分，去滓温服，空心、临卧各一服
recveFKWJupbd6,"<div style=""text-align: center; font-size: 24px;""><b>当归六黄汤</b></div>",清热剂::清虚热剂,"方歌::[[当归六黄二地黄]],[[芩连芪柏共煎尝]]。<br>[[滋阴泻火兼固表]],[[阴虚火旺盗汗良]]<br>###组成::[[「当归」、「生地黄」、「熟地黄」、黄芩、黄连、黄柏、黄芪]]<br>###主治::[[阴虚火旺之盗汗]]证。发热盗汗，面赤心烦，口干唇燥，大便干结，小便黄赤，舌红苔黄，脉数<br>###功用::[[滋阴泻火，固表止汗]]",用法::上药为粗末，每服五钱，水二盏，煎至一盏，食前服，小儿减半服之
recveFKWJuZhkH,"<div style=""text-align: center; font-size: 24px;""><b>新加香薷饮</b></div>",祛暑剂::祛暑解表剂,"方歌::[[新加香薷扁豆花]],[[厚朴连翘金银花]]。<br>[[祛暑解表湿热化]],[[暑温夹湿复寒佳]]<br>###组成::[[香薷、鲜扁豆花、厚朴、金银花、连翘]]<br>###主治::[[暑温夹湿，复感于寒]]。发热头痛，恶寒无汗，口渴面赤，胸闷不舒，舌苔白腻，脉浮而数<br>###功用::[[祛暑解表，清热化湿]]",用法::水五杯，煮取二杯，先服一杯，得汗，止后服；不汗再服；服尽不汗，更作服<br>###加减::①暑热重，加青蒿、滑石；<br>②里热盛，加大黄；<br>③湿偏重，加藿香、茯苓<br>###方解::<b>「君」：</b>香薷:①芳香质轻，辛温发散；②解表散寒；③祛暑化湿<br><b>「臣」：</b>厚朴:行气化湿解胸闷<br><b>「佐」：</b>扁豆花:①健脾和中；②渗湿消暑。银花、连翘:清热解暑<br>###注意::①汗自出者，不可用之；若用后汗出，勿再服，避免过汗伤阴；<br>②使用本方，一般不宜热饮；<br>③不宜久煎；<br>④本方治暑夹寒邪，闭塞膝理，以“汗不出者”为使用要点。若纯属暑温为病，发热有汗者，虽有恶寒，辛温解表的香薷不宜用；若无胸闷苔腻是不挟湿，厚朴也非所宜<br>###特点::暑湿寒三气交感，表里同病。本方为香薷散加银花、连翘，扁豆易为扁豆花而成
recveFKWJu1DGM,"<div style=""text-align: center; font-size: 24px;""><b>香薷散</b></div>",祛暑剂::祛暑解表剂,"方歌::[[香薷扁豆厚朴先]],[[阴暑证治此方牵]]。<br>[[祛暑和中表化湿]],[[新加银翘豆花煎]]<br>###组成::[[「香薷」、白扁豆姜厚朴]]<br>###主治::[[阴暑]]证。恶寒发热，无汗头痛，身重困倦，胸闷泛恶，或腹痛吐泻，舌苔白腻，脉浮<br>###功用::[[祛暑解表，化湿和中]]",用法::上粗末，每三钱，水一盏，人酒一分，煎七分，去滓，水中沉冷，连吃二服，立有神效，随病不拘时
recveFKWJuqZ9D,"<div style=""text-align: center; font-size: 24px;""><b>清络饮</b></div>",祛暑剂::祛暑清热剂,"方歌::[[清络饮用荷叶边]],[[竹丝银扁翠衣添]]。<br>[[祛暑清热轻清剂]],[[暑伤肺络气分显]]<br>###组成::[[「鲜银花」、「鲜扁豆花」、西瓜翠衣、丝瓜皮、鲜荷叶边、鲜竹叶心]]<br>###主治::[[暑热伤肺，邪在气分之轻]]证。身热口渴不甚，头目不清，昏眩微胀，舌淡红，苔薄白<br>###功用::[[祛暑清热]]",用法::水二杯，煮取一杯，日二服
recveFKWJuP775,"<div style=""text-align: center; font-size: 24px;""><b>六一散</b></div>",祛暑剂::祛暑利湿剂,"方歌::[[六一散用滑石草]],[[清暑利湿有功效]]。<br>[[益元碧玉与鸡苏]],[[砂黛薄荷加之好]]<br>###组成::[[「滑石」、甘草]]<br>###主治::[[暑湿(轻)]]证。身热烦渴，小便不利，或泄泻，苔黄腻<br>###功用::[[清暑利湿]]",用法::为细末，每服三钱，加蜜少许，温水调下，或无蜜亦可，每日三服；或欲冷饮者，新井泉水调下亦得；解利伤寒，发汗，煎葱白、豆豉汤下，每服一盏，葱白五寸，豆豉五十粒，煮取七分服<br>###特点::原名益元散。后世通称六一散或有一方益元散(加朱砂清心安神)；碧玉散(加青黛清肝)；鸡苏散(加薄荷叶疏风散热)
recveFKWJuglBq,"<div style=""text-align: center; font-size: 24px;""><b>桂苓甘露饮</b></div>",祛暑剂::祛暑利湿剂,"方歌::[[桂苓甘露猪苓膏]],[[术泽寒水滑石草]]。<br>[[祛暑化气热利湿]],[[暑湿热渴吐泻消]]<br>###组成::[[茯苓、甘草、白术、泽泻、桂、石膏、寒水石、「滑石」、猪苓]]<br>###主治::[[暑湿]]证([[中暑并水湿内停]]证)。发热头痛，烦渴引饮，小便不利，以及霍乱吐下<br>###功用::[[祛暑清热，化气利湿]]",用法::上为末，每服三钱，温汤调下，新水亦得，生姜汤尤良。小儿每服一钱，同上法<br>###注意::本方是由六一散合五苓散、甘露饮(石膏、寒水石、甘草，《普济方》卷三百九十五)而成。(同名方:本桂苓甘露饮方出自《宣明方论》。《儒门事亲》则以本方去猪苓，减三石用量为一半，加人参、藿香半两，葛根一两，木香一分，亦名桂苓甘露饮，主治伏暑烦渴，脉虚水逆，以及大人小儿暴注泻水不已)
recveFKWJuSRZs,"<div style=""text-align: center; font-size: 24px;""><b>清暑益气汤</b></div>",祛暑剂::祛暑益气剂,"方歌::[[王氏清暑益气汤]],[[善治中暑气津伤]]。<br>[[洋参冬斛荷瓜翠]],[[连竹知母甘粳襄]]<br>###组成::[[西瓜翠衣、西洋参、荷梗、石斛、麦冬、黄连、竹叶、知母、粳米、甘草]]<br>###主治::[[暑热气津两伤]]证。身热汗多，心烦口渴，体倦少气，精神不振，小便短赤，舌质红，舌苔薄白或薄黄而干，脉虚数<br>###功用::[[清暑益气，养阴生津]]",用法::水煎服<br>###加减::本方出自王士雄(字孟英)之《温热经纬》，又称王氏清暑益气汤。另有一清暑益气汤，出自李杲(东垣)之《内外伤辨惑论》，称李氏清暑益气汤。李氏清暑益气汤(组成:黄芪、苍术、升麻、人参、炒神曲、橘皮、白术、麦门冬、当归身、炙甘草、青皮、黄柏、葛根、泽泻、五味子；功用:清暑益气，除湿健脾；主治:平素气虚，又感暑湿证。症见身热头痛，口渴自汗，四肢困倦，不思饮食，胸满身重，大便溏薄，小便短赤，苔腻，脉虚)。两方具有相同的药物为麦冬、甘草。两方均能益气，主治暑病兼有气虚证，但王氏方除清暑益气之外，重在养阴生津，宜于暑热伤津耗气证；李氏方解暑生津之力略差，重在健脾燥湿，用于元气本虚，伤于暑湿之证<br>###方解::<b>「君」：</b>西瓜翠衣:清热解暑，生津止渴；西洋参:益气养阴，清热生津<br><b>「臣」：</b>荷梗:助西瓜翠衣清热解暑；石斛、麦冬:助西洋参养阴清热<br><b>「佐」：</b>知母:清热滋阴；竹叶:清热除烦；黄连:清热泻火，助清热祛暑之力<br><b>「使」：</b>甘草、粳米:①益气养胃和中；②调和诸药<br>###注意::湿热较甚者不宜。本方因有滋腻之品，故暑病夹湿者不宜使用
recveFKWJu2RY1,"<div style=""text-align: center; font-size: 24px;""><b>理中丸</b></div>",温里剂::温中祛寒剂,"方歌::[[理中丸主温中阳]],[[甘草人参术干姜]]。<br>[[中焦虚寒痹惊血]],[[补气健脾又祛寒]]<br>###组成::[[人参、干姜、白术、炙甘草]]<br>###主治::1.[[脾胃虚寒]]证(中焦虚寒)。脘腹疼痛(脘腹绵绵作痛或冷痛)，喜温喜按，呕吐便溏([[自利不渴]])，脘痞食少，畏寒肢冷，口淡不渴，舌质淡、苔白润，脉沉细或沉迟无力<br>2.[[【*阳虚失血::脾胃虚寒，阳气虚弱，脾不统血所致*】]]证。便血、吐血、衄血或崩漏等，血色暗淡，质清稀，面色眺白，气短神疲，脉沉细或虚大无力<br>3.中阳不足，阴寒上乘而致胸阳不振之[[【*胸痹::胸痹一病，总由上焦阳气不足，阴寒之邪上乘，胸中之气痹阻所致。若心中痞坚，逆气上冲心胸，是中焦阳虚，又有痰饮上犯所致。可用本方温中祛寒，益气健脾，使中焦气旺，则上焦之气开发，逆气可平，胸痹可愈*】]]<br>4.[[脾气虚寒]]，不能摄津之病后【*多涎唾::病后多生涎唾，久久不已，是脾气虚寒，不能摄津，津上溢于口所致。以本方丸剂缓治，亦可徐徐收功*】，甚则流涎不止<br>5.[[中阳虚损]]，[[【*小儿慢惊::小儿慢惊，总由先天不足，后天失调，或过服寒凉之品，或大病后调理不善，戕害脾胃阳气所致。若形气羸瘦、手足不温、呕吐泄泻、神疲食少、舌淡苔白、脉细迟或沉细缓弱者，纯属中焦虑寒，亦可用本方治疗*】]]<br>6.食欲不节，损伤脾胃阳气，清浊相干，升降失常之[[霍乱]]等<br>###功用::[[温中祛寒，补气健脾]]",用法::上四味，捣筛，蜜和为丸，如鸡子黄许大。以沸汤数合和一丸，研碎，温服之。日三四，夜二服。腹中未热，益至三四丸，然不及汤。汤法:以四物依两数切，用水八升，煮取三升，去滓，温服一升，日三服，服汤后，如食顷，饮热粥一升许，微自温，勿发揭衣被<br>###加减::附子理中丸(加附子):温阳祛寒，补气健脾，主治脾胃虚寒或脾肾阳虚证桂枝人参汤(加桂枝):温阳健脾，解表散寒，主治脾胃虚寒，复感风寒证①根据病情轻缓、急重分别选用丸或汤剂；<br>②寒甚重用干姜，虚甚重人参，虚寒与姜参并重；<br>③胃气上逆呕吐重:加生姜、半夏、砂仁；<br>④湿浊下注见下利较重:重白术，或加茯苓、薏苡仁<br>###方解::<b>「君」：</b>干姜:温中祛寒(温脾暖胃，助阳祛寒)<br><b>「臣」：</b>人参:补气健脾，补虚助阳姜参相合:寒虚并治，温中健脾<br><b>「佐」：</b>白术:①健脾补虚助阳；②燥湿运脾，合人参复脾运而正升降<br><b>「佐使」：</b>炙甘草:①益气健脾和中；②缓急止痛；③调和诸药<br>###注意::服方后当“饮热粥”，且温覆“勿发揭衣被”。药后当觉腹中似有热感，若腹中未热，应适当加量，加至三四丸，或易为汤剂<br>###特点::治疗中焦虚寒证基础方。作汤剂又称人参汤，汤剂作用强而迅速
recveFKWJuaPIu,"<div style=""text-align: center; font-size: 24px;""><b>小建中汤</b></div>",温里剂::温中祛寒剂,"方歌::[[小建中汤芍药多]],[[桂甘饴糖姜枣和]]。<br>[[温中补虚里缓急]],[[中焦虚寒虚劳瘥]]<br>###组成::[[桂枝、炙甘草、大枣、芍药、生姜、胶饴]]<br>###主治::[[中焦虚寒，肝脾失调，阴阳不和]]证。脘腹拘急疼痛，时发时止，喜温喜按，神疲乏力，虚怯少气；或心中悸动，虚烦不宁，面色无华；或伴四肢酸楚，兼见手足烦热，咽干口燥等，舌淡苔白，脉细弦(而缓)。<br>###功用::[[温中补虚，和里缓急]]",用法::以水七升，煮取三升，去滓，内饴，更上微火消解，温服一升，日三服<br>###加减::①原书后方注明“若其人去血过多，崩伤内衄不止，加地黄六两，阿胶二两”；<br>②虚劳里急诸不足者，加黄芪一两半，是为黄芪建中汤；<br>③产后羸弱不足，腹中疗痛不止，吸吸少气，或者少腹拘急，痛引腹背，不能饮食者，加当归四两，是为当归建中汤<br>###方解::<b>「君」：</b>饴糖:①温中补虚，益阴润燥；②缓急止痛<br><b>「臣」：</b>桂枝:①温脾阳散虚寒；②合饴糖辛甘化阳，温中益气芍药:①滋养营阴，以补营血之亏虚；②柔缓肝急止腹痛，与饴糖相伍，酸甘化阴，养阴缓急而止腹痛拘急；③与桂枝相配，调和营卫、燮理阴阳<br><b>「佐」：</b>生姜:温中散寒，助桂温中；大枣:益脾滋液，助饴糖补益脾虚，辅白芍养血姜枣相合:鼓舞脾胃生发之气，调营卫，和阴阳<br><b>「佐使」：</b>炙甘草:①助饴、桂益气补虚温中；②合饴芍益脾养肝，缓急止痛；③调和诸药<br>###注意::呕家，或中满者不宜使用。阴虚发热不宜，脾虚停湿及吐蛔者忌用<br>###特点::中焦虚寒，肝脾失调，阴阳不和常用方
recveFKWJuvv9A,"<div style=""text-align: center; font-size: 24px;""><b>吴茱萸汤</b></div>",温里剂::温中祛寒剂,"方歌::[[吴茱萸汤参姜枣]],[[肝胃虚寒此方好]]。<br>[[阳明寒呕少阴利]],[[厥阴头痛皆能保]]<br>###组成::[[「吴茱萸」、人参、大枣、生姜]]<br>###主治::1.[[【*胃寒呕吐::阳明寒呕*】]]。食谷欲呕，胸膈满闷，胃脘冷痛，吞酸嘈杂，舌淡，脉沉弦而迟<br>2.[[肝寒上逆]]。干呕，吐涎沫，巅顶痛甚，舌淡，脉沉弦<br>3.[[肾寒上逆]]。呕吐下利，手足厥冷，烦躁欲死。舌淡脉沉细<br>###功用::[[温胃暖肝，温中补虚，降逆止呕]]",用法::上四味，以水七升，煮取二升，去滓。温服七合，日三服<br>###加减::若吐利而无手足逆冷，烦躁欲死等证，可以党参加量代人参<br>###方解::<b>「君」：</b>吴茱萸入肝、肾、脾、胃经，上可温胃散寒，下可温暖肝肾，又能降逆止呕，一药而三经并治。(既能温胃暖肝以祛寒，又善和胃降逆以止呕。)“吴茱萸能下三阴之逆气”<br><b>「臣」：</b>重用生姜。温胃散寒，降逆止呕。吴茱萸与生姜配伍，相须为用，温降并行，颇宜阴寒气逆之机。“吴茱萸辛烈善降，得姜之温通，用以破除阴气有余矣。”<br><b>「佐」：</b>人参补益中焦脾胃之虚<br><b>「佐使」：</b>大枣益气补脾，调和诸药。人参、大枣并用，补益中气。(大枣益气滋脾，甘缓和中，兼顾气津，既助人参补脾养胃，又制吴茱萸辛热燥烈，且与生姜相配，调和脾胃)<br>###注意::呕吐吞酸有寒热之异，临证必须以呕吐涎沫，舌质不红，苔白滑，脉细迟或弦细不数为据。胃热呕吐，阴虚呕吐，或肝阳上亢之头痛均禁用本方
recveFKWJuppeG,"<div style=""text-align: center; font-size: 24px;""><b>大建中汤</b></div>",温里剂::温中祛寒剂,"方歌::[[大建中汤建中阳]],[[蜀椒干姜参饴糖]]。<br>[[中阳虚衰阴寒盛]],[[温中降逆止痛强]]<br>###组成::[[「蜀椒」、干姜、人参、饴糖]]<br>###主治::[[中阳虚衰，阴寒内盛之脘腹疼痛]]，([[虚寒腹痛重]]证)。心胸中大寒痛，呕不能食，腹中寒，上冲皮起出见有头足，上下痛而不可触近，舌苔白滑，脉细沉紧，甚则肢厥脉伏<br>###功用::[[温中散寒补虚，降逆缓急止痛(温中补虚，降逆止痛)]]",用法::上三味，以水四升，煮取二升，去渣，内饴糖，微火煮取一升半，分温再服，如一炊顷，可饮粥二升，后更服，当一日食糜，温覆之<br>###特点::虚寒腹痛重证代表方。此种腹痛，病情较重，病势较急，素体又虚，故方后强调，初服后“如一炊顷，可饮粥二升”，取粥之温热助药力以祛寒邪。饮粥后“更服”药，使药力相继。且药后“当一日食糜”，以养脾胃之气，使中虚得复。同时，药后“温覆之”，以防寒邪外侵而病复加重
recveFKWJuxa0Z,"<div style=""text-align: center; font-size: 24px;""><b>四逆汤</b></div>",温里剂::回阳救逆剂,"方歌::[[四逆汤中附草姜]],[[四肢厥逆急煎尝]]。<br>[[脉微吐利阴寒盛]],[[回阳救逆赖此方]]<br>###组成::[[生附子、干姜、半炙甘草]]<br>###主治::[[少阴病阳衰阴盛]]证。四肢厥逆，恶寒蜷卧，神衰欲寐，面色苍白，呕吐不渴，腹痛下利，舌苔白滑，脉沉微细；或太阳病误汗亡阳证<br>###功用::[[回阳救逆]]",用法::以水三升，煮取一升二合，去滓，分温再服，强人可大附子一枚，干姜三两<br>###加减::1.通脉四逆汤(加重姜附):破阴回阳，通达内外，主治少阴病阴盛格阳证。症见:下利清谷，里寒外热，手足厥逆，脉微欲绝，身反不恶寒，其人面色赤，或腹痛，或干呕，或咽痛，或利止，脉不出者<br>②.通脉四逆加猪胆汁汤(通脉四逆基础上加猪胆汁半合):吐已下断，汗出而厥，四肢拘急不解，脉微欲绝者<br>③.白通汤(四逆汤去甘草，减少干姜用量，再加葱白而成):手足厥逆，下利，脉微，面赤。若利不止，厥逆无脉，干呕烦者，加猪胆汁一合，人尿五合，即白通加猪胆汁汤<br>④.四逆加人参汤(加入参一两):少阴病。四肢厥逆，恶寒蜷卧，脉微而复自下利，利虽止而余症仍在①体壮之人:加生附子；<br>②一服未愈而有气虚:加人参益气固脱；<br>③阳浮脉微:加龙骨、牡蛎<br>###方解::<b>「君」：</b>生附子:温心肾之阳，回阳救逆，破阴逐寒(走而不守)<br><b>「臣」：</b>干姜:①温中散寒，助阳通脉；②助附子破阴回阳(守而不走)<br><b>「佐使」：</b>炙甘草:①益气补中，合姜附辛甘扶阳治虚寒；②缓其峻烈之性，解生附子毒；③调和药性<br>###注意::①非阴盛阳衰者不宜服用，生附子有毒，需审慎用量，且需先煎久煎；<br>②若服药后出现呕吐拒药，可将药液置凉后服用；<br>③纯用辛热之品，中病手足温和即止，不可久服；<br>④真热假寒者禁用<br>###特点::少阴病心肾阳衰寒厥证基础方
recveFKWJupTEH,"<div style=""text-align: center; font-size: 24px;""><b>回阳救急汤</b></div>",温里剂::回阳救逆剂,"方歌::[[回阳救急麝六君]],[[桂附两姜五味寻]]。<br>[[回阳固脱益气脉]],[[三阴寒厥建奇勋]]<br>###组成::[[熟附子、干姜、人参、白术、茯苓、炙甘草、陈皮、半夏、肉桂、五味子、麝香、生姜]]<br>###主治::[[寒邪直中三阴，真阳衰微]]证。恶寒蜷卧，四肢厥冷，吐泻腹痛，口淡不渴，神疲欲寐，或身寒战栗，或唇甲青紫，或口吐涎沫，舌淡苔白，脉沉微甚或无脉<br>###功用::[[回阳固脱，益气生脉]]",用法::水二盏，姜三片，煎之。临服入麝香三厘调服。中病以手足温和即止，不得多服<br>###加减::1.原方加减法:“若呕吐涎沫，或少腹痛，加盐炒萸”，是取其温胃暖肝，下气止呕之功。“无脉加猪胆汁”，是阴盛阳微而真阳不足又进一步，故用为反佐，以防阳脱之变。“泄泻不止加升麻、黄芪”，是虚阳不能固阴，故用益气升阳之品，防阴气下脱；“呕吐不止加姜汁”是加强温胃止呕，使不妨饮药之法<br>②.俞根初又将本方去茯苓，加麦冬，治上证而有干呕心烦、厥逆无脉者<br>③.同名方:本方为《伤寒六书》回阳救急汤。本方与《重订通俗伤寒论》之回阳救急汤均为回阳救逆之剂，但《重订》回阳救急汤去茯苓，加养阴之麦冬，与人参、五味子配伍(即生脉散)，非但大有益气生脉之功，且有养阴生津之用；与附子、干姜相伍，回阳之中有益阴之意，故对于阳衰而吐泻伤津，脉细欲绝，服之颇宜。(《重订通俗伤寒论》回阳救急汤，组成为黑附块、紫瑶桂、别直参、原麦冬、川姜、姜半夏、湖广术、北五味、炒广皮、清炙草、真麝香等，功能回阳救逆，益气生脉，主治少阴病，阳衰阴竭证。下利脉微，甚则利不止，肢厥无脉，干呕心烦者)<br>###注意::①麝香应冲服，用量不可过大；<br>②服药后手足温和即止<br>###特点::寒邪直中三阴，真阳衰微证常用方
recveFKWJu2Odj,"<div style=""text-align: center; font-size: 24px;""><b>当归四逆汤</b></div>",温里剂::温经散寒剂,"方歌::[[当归四逆桂芍枣]],[[细辛甘草与通草]]。<br>[[血虚寒厥手足冷]],[[温经散寒血脉好]]<br>###组成::[[当归、芍药、桂枝、细辛、大枣、炙甘草、通草]]<br>###主治::[[【*血虚寒厥::血虚寒凝经脉证*】]]证。手足厥寒，口不渴，舌淡苔白，脉细欲绝或沉细者；或寒入经络，腰、股、腿、足、肩臂疼痛<br>###功用::[[温经散寒，养血通脉]]",用法::上七味，以水八升，煮取三升，去滓，温服一升，日三服<br>###加减::当归四逆加吴茱萸生姜汤:主治血虚寒凝，手足厥冷，兼寒邪在胃，呕吐腹痛①寒重凝滞经脉，四肢身冷痛:加川乌；<br>②血脉瘀滞见肢端青紫:加桃仁、红花；<br>③寒凝厥阴，妇女月经后错或痛经:加川芎、乌药、香附<br>###方解::<b>「君」：</b>当归:补血和血活血<br><b>「臣」：</b>白芍:益阴敛营；合归养血和血；细辛:温经散寒，助桂温通血脉桂枝:温经散寒，活血通脉，助归温通血脉；合芍调和营卫<br><b>「佐」：</b>通草:通利血脉畅血行<br><b>「佐使」：</b>大枣，炙甘草:益气健脾，养血补虚重用大枣:①合归芍补血；②防桂辛燥烈伤阴血炙甘草:①益气健脾；②调和诸药<br>###特点::血虚寒厥代表方
recveFKWJurr9R,"<div style=""text-align: center; font-size: 24px;""><b>阳和汤</b></div>",温里剂::温经散寒剂,"方歌::[[阳和汤法解寒凝]],[[贴骨流注鹤膝风]]。<br>[[熟地鹿胶姜炭桂]],[[麻黄白芥甘草从]]<br>###组成::[[熟地黄、鹿角胶、肉桂、炮姜炭、麻黄、白芥子、生甘草]]<br>###主治::[[阴疽]]。如贴骨疽、脱疽、流注、痰核、鹤膝风等，患处漫肿无头，皮色不变，酸痛无热，口中不渴，舌淡苔白，脉沉细或迟细<br>###功用::[[温阳补血，散寒通滞]]",用法::水煎服<br>###加减::①阳虚寒甚，畏寒肢冷:加附子；<br>②气血不足:加黄芪、当归<br>###方解::<b>「君」：</b>熟地黄:温补营血，填精补髓；鹿角胶:温肾阳益精血，生精补髓，强筋壮骨两者合用:益精补血助阳<br><b>「臣」：</b>肉桂、炮姜炭:温阳散寒，温通血脉<br><b>「佐」：</b>白芥子:善消皮里膜外之痰，温化寒痰，通络散结；少量麻黄:发阳气，开腠理，散寒凝<br><b>「使」：</b>生甘草:①解毒；②调和诸药地鹿得姜桂芥麻宣通，则补而不滞；姜桂芥麻得地鹿滋补，则温散不伤正<br>###注意::阳证疮疡红肿热痛，或阴虚有热，或疽已破溃，乳岩不宜使用本方(不可沾唇)<br>###特点::治疗阴疽代表方
recveFKWJufjgG,"<div style=""text-align: center; font-size: 24px;""><b>黄芪桂枝五物汤</b></div>",温里剂::温经散寒剂,"方歌::[[黄芪桂枝五物汤]],[[芍药大枣与生姜]]。<br>[[益气温经营通痹]],[[营卫虚弱血痹良]]<br>###组成::[[「黄芪」、桂枝、芍药、生姜、大枣]]<br>###主治::[[【*血痹::营卫气血虚+风寒*】]]。肌肤麻木不仁，或肢节疼痛，或汗出恶风，舌淡苔白，脉微涩而紧<br>###功用::[[益气温经，和营通痹(和血通痹)]]",用法::上药，以水六升，煮取二升，温服七合，日三服<br>###特点::治疗血痹常用方，亦可用于气虚血滞中风之后，半身不遂，或肢体不用，或半身汗出，肌肉消瘦，气短乏力，以及产后，经后身痛。本方为桂枝汤去炙甘草，倍生姜，加黄芪而成
recveFKWJuoweC,"<div style=""text-align: center; font-size: 24px;""><b>大柴胡汤</b></div>",表里双解剂::解表攻里剂,"方歌::[[大柴胡汤用大黄]],[[枳芩夏芍枣生姜]]。<br>[[少阳阳明同合病]],[[和解少阳热结镶]]<br>###组成::[[柴胡、黄芩、芍药、半夏、枳实、大黄、大枣、生姜]]<br>###主治::[[少阳阳明合病]]。往来寒热，胸胁苦满，呕不止，郁郁微烦，心下满痛或心下痞硬，大便不解或协热下利，舌苔黄，脉弦数有力<br>###功用::[[和解少阳，内泻热结]]",用法::上八味，以水一斗二升，煮取六升，去渣再煎。温服一升，日三服<br>###加减::①胁脘痛剧:加川楝子、延胡索、郁金；<br>②恶心呕吐剧烈:加姜竹茹、黄连、旋覆花；<br>③伴黄疸:加茵陈、栀子；<br>④胆结石:加金钱草、海金砂<br>###方解::<b>「君」：</b>重用柴胡:专人少阳，疏散透达半表之邪；黄芩:擅清少阳半里之郁热。二者:和解少阳<br><b>「臣」：</b>大黄:入阳明，泻热通腑枳实:行气破结，与大黄配合，内泻热结，行气消痞<br><b>「佐」：</b>半夏:和胃降逆，辛开散结生姜:重用。①增强和胃止呕之力；②解半夏毒；③兼制大黄、黄芩苦寒伤中芍药:缓急止痛，与大黄相伍治腹中实痛，与枳实相配，调和气血，以除心下满痛<br><b>「佐使」：</b>大枣:和中益气，与生姜配，调和营卫，调和诸药；与芍药相伍，生津益阴而缓急<br>###注意::少阳阳明合病热结尚未成实者不宜使用<br>###特点::少阳阳明合病代表方(小柴胡+小承气加减)
recveFKWJu18fM,"<div style=""text-align: center; font-size: 24px;""><b>防风通圣散</b></div>",表里双解剂::解表攻里剂,"方歌::[[防风通圣大黄硝]],[[荆芥麻黄栀芍翘]]。<br>[[甘桔芎归膏滑石]],[[薄荷芩术力偏饶]]。<br>[[疏风解表热便泻]],[[表里俱实风热消]]<br>###组成::[[麻黄、防风、薄荷叶、连翘、大黄、芒硝、川芎、当归、芍药、桔梗、黄芩、石膏、滑石、甘草、荆芥、白术、栀子、生姜]]<br>###主治::[[风热壅盛，表里俱实]]证。憎寒壮热，头目昏眩，目赤睛痛，口苦而干，咽喉不利，胸膈痞闷，咳呕喘满，涕唾黏稠，大便秘结，小便赤涩，舌苔黄腻，脉数有力。并治疮疡肿毒，肠风痔漏，鼻赤，丹斑瘾疹等<br>###功用::[[疏风解表，泻热通便]]",用法::上为末，每服二钱，水一大盏，加生姜三片，煎至六分，温服<br>###加减::①表寒不甚，无憎寒者:去麻黄；<br>②内热不盛:去石膏；<br>③无便秘:去大黄、芒硝；<br>④体质壮实:去当归、芍药、白术；<br>⑤疮疡肿毒:加金银花、皂角刺、穿山甲<br>###方解::麻黄、防风、荆芥、薄荷:发汗散邪，疏风解表黄芩、石膏:清解肺胃之热；连翘、桔梗:清宣上焦，解毒利咽栀子、滑石:清热利湿，引热从小便出；芒硝、大黄:泻热通腑，引热从大便出当归、芍药、川芎:养血和血；白术、甘草:健脾和中，并监制苦寒伤胃注:煎药时加生姜三片，和胃助运<br>###注意::本方汗下之力峻猛，年老体虚之人及孕妇慎用<br>###特点::表里气血三焦通治，汗下清利于一方，治疗表里俱实代表方。汗不伤表，下不伤里，名曰通圣，极言其用之效耳
recveFKWJuOH4y,"<div style=""text-align: center; font-size: 24px;""><b>疏凿饮子</b></div>",表里双解剂::解表攻里剂,"方歌::[[疏凿槟榔及商陆]],[[苓皮大腹同椒目]]。<br>[[赤豆艽羌泻木通]],[[煎加生姜阳水服]]<br>###组成::[[泽泻、赤小豆、「炒商陆」、羌活去芦、大腹皮、椒目、木通、秦艽去芦、槟榔、茯苓皮、生姜]]<br>###主治::[[阳水]]。遍身水肿，喘呼气急，烦躁口渴，二便不利，脉沉实<br>###功用::[[泻下逐水，疏风消肿]]",用法::上咀，每服四钱，水一盏半，生姜五片，煎至七分，去滓，温服，不拘时候<br>###注意::本方治疗水湿壅盛，表里俱病之阳水实证，逐水发表，内攻外散，使壅盛之水湿自上下内外分消，犹如大禹治水，疏江凿河，以利水势，故有“疏凿”之名
recveFKWJuGrFj,"<div style=""text-align: center; font-size: 24px;""><b>葛根黄芩黄连汤</b></div>",表里双解剂::解表清里剂,"方歌::[[葛根黄芩黄连汤]],[[再加甘草共煎尝]]。<br>[[邪陷阳明成热痢]],[[清里解表保安康]]<br>###组成::[[葛根、黄芩、黄连、炙甘草]]<br>###主治::[[表证未解，邪热入里]]证。身热，下利臭秽，胸脘烦热，口干渴，喘而汗出，舌红苔黄，脉数或促<br>###功用::[[解表清里(清泄里热，解肌散邪)]]",用法::上四味，以水八升，先煮葛根，减二升。内诸药，煮取二升，去滓，分温再服<br>###加减::①腹痛者:加炒白芍；<br>②里急后重:加木香、槟榔；<br>③兼呕吐:加半夏、竹茹；<br>④夹食滞:加焦山楂、焦神曲；<br>⑤恶寒发热:加麻黄、防风<br>###方解::<b>「君」：</b>葛根:主人阳明经。外解肌表之邪，内清阳明之热，升津止利透邪先煎葛根后纳诸药:解肌之力优，而清中之气锐<br><b>「臣」：</b>黄芩、黄连:清热燥湿，厚肠坚阴止利<br><b>「佐使」：</b>甘草:和中，调和诸药<br>###注意::虚寒下利者禁用<br>###特点::表证未解，邪热入里，协热下利证基础方。有无表证均可使用
recveFKWJuhiXo,"<div style=""text-align: center; font-size: 24px;""><b>石膏汤</b></div>",表里双解剂::解表清里剂,"方歌::[[石膏汤用芩柏连]],[[麻黄豆鼓山栀全]]。<br>[[清热解毒兼发汗]],[[表里三焦热盛宣]]<br>###组成::[[麻黄、「石膏」、黄芩、黄连、黄柏、栀子、香豉]]<br>###主治::[[伤寒表证未解，里热已炽]]证。壮热无汗，身体沉重拘急，鼻干口渴，烦躁不眠，神昏谵语，或发斑，脉滑数<br>###功用::[[清热解毒，发汗解表]]",用法::上七味，切，以水一斗，煮取三升，分为三服，一日并服，出汗。初服一剂，小汗，其后更合一剂，分二日服，常令微汗出，拘挛烦愦即差，得数行利，心开令语，毒折也。忌猪肉、冷水<br>###特点::表证未解，里热炽盛。黄连解毒汤+栀子豉汤+麻黄、石膏
recveFKWJudATf,"<div style=""text-align: center; font-size: 24px;""><b>五积散</b></div>",表里双解剂::解表温里剂,"方歌::[[五积散治五般积]],[[麻黄苍茫芍归芎]]。<br>[[枳桔桂苓甘草朴]],[[陈皮半夏两姜葱]]。<br>[[表里气痰血积活]],[[寒湿气血痰积从]]<br>###组成::[[苍术、陈皮、甘草、茯苓、半夏、「白芷」、桔梗、枳壳、厚朴、芍药、川芎、当归、肉桂、干姜、「麻黄」、生姜]]<br>###主治::[[外感风寒，内伤生冷之五积]]证。身热无汗，头痛身疼，项背拘急，胸满恶食，呕吐腹痛，以及妇女血气不调，寒凝气滞所致心腹疼痛，月经不调等<br>###功用::[[发表温里，顺气化痰，活血消积]]",用法::上除肉桂，枳壳两味，余锉细，用慢火炒，令色转，摊冷，次入桂、枳壳末令匀。每服三钱，水一盏，加生姜三片，煎至半盏，去滓，热服；凡被伤头痛，伤风发寒，每服二钱，加生姜葱白煎，食后服<br>###特点::气血寒湿痰五积
recveFKWJu4NKL,"<div style=""text-align: center; font-size: 24px;""><b>四君子汤</b></div>",补益剂::补气剂,"方歌::[[四君子汤中和义]],[[参术茯苓甘草比]]。<br>[[益以夏陈名六君]],[[祛痰补益气虚饵]]。<br>[[除却半夏名异功]],[[或加香砂气滞使]]<br>###组成::[[人参、白术、茯苓、炙甘草]]<br>###主治::[[脾胃气虚]]证。面色萎白，语声低微，四肢乏力，食少便溏，舌淡苔白，脉虚弱<br>###功用::[[益气健脾]]",用法::上为细末，每服二钱，水一盏，煎至七分，通口服，不拘时；入盐少许，白汤点亦得<br>###加减::兼有气滞，加陈皮(异功散)；兼痰湿，加陈皮、半夏(六君子汤)兼痰阻气滞，加陈皮、半夏(木香、砂仁/香附、砂仁)(香砂六君子汤)。《医方集解》之香砂六君子汤为四君子汤加香附、砂仁、陈皮、半夏<br>###方解::<b>「君」：</b>人参:补益脾胃之气<br><b>「臣」：</b>白术:①助君补气健脾；②燥湿健脾助运。君臣相伍:益气健脾<br><b>「佐」：</b>茯苓:健脾渗湿，合白术增强健脾祛湿之力<br><b>「佐使」：</b>炙甘草:①益气，助参术益气补中；②调和诸药<br>###注意::据脾为后天之本，气血生化之源，大凡肺脾气虚证，以及气血不足之证，均可以此方随症加减。原方在运用时有汤、散两种剂型，原书所载本方的用法“入盐少许，白汤点亦得”是指散剂的服法。《圣济总录》载本方四药，茯苓为赤茯苓，无用量，名为“白术汤”，主治“水气渴，腹胁胀满”。《太平惠民和剂局方》收录本方，名为“四君子汤”，主治“荣卫气虚，脏腑怯弱，心腹胀满，全不思食，肠鸣泄泻，呕唠吐逆”，始明确本方治疗脾胃虚弱之证，云其有“温和脾胃，进益饮食，辟寒邪瘴雾气”之功，犹如宽厚平和之君子，故有“四君子汤”之名<br>###特点::补气之基础方
recveFKWJuoXHM,"<div style=""text-align: center; font-size: 24px;""><b>参苓白术散</b></div>",补益剂::补气剂,"方歌::[[参苓白术扁豆陈]],[[山药甘莲砂苡仁]]。<br>[[桔梗上浮兼保肺]],[[枣汤调服益脾神]]。<br>[[益气健脾祛湿气]],[[脾虚夹湿是方能]]<br>###组成::[[人参、白术、白茯苓、炒甘草、莲子肉、山药、薏苡仁、缩砂仁、白扁豆、桔梗、大枣]]<br>###主治::[[脾虚湿盛证]]。饮食不化，胸脘痞闷，肠鸣泄泻，气短四肢乏力，纳差食少，形体消瘦，(或吐或泻)，面色萎黄，舌淡苔白腻，脉虚缓。亦可用治肺脾气虚，痰湿咳嗽，痰多色白<br>###功用::[[益气健脾，渗湿止泻(益气健脾，祛湿理气)]]",用法::上为细末，每服二钱，枣汤调下。小儿量岁数加减<br>###加减::1.《古今医鉴》所载参苓白术散，较本方多陈皮一味，其行气化湿之力略增<br>②.七味白术散，原名白术散，组成为人参、白茯苓、炒白术、甘草、霍香叶、木香、葛根，功用健脾益气，升阳生津。主治脾胃虚弱，清阳不升证。呕吐泄泻，频作不止，烦渴欲饮<br>###方解::<b>「君」：</b>人参、白术:益气健脾燥湿；茯苓:健脾利水渗湿<br><b>「臣」：</b>山药:益气补脾；莲子:补脾涩肠；扁豆:健脾化湿；薏苡仁:健脾利湿<br><b>「佐」：</b>砂仁:化湿醒脾止泻，行气和胃桔梗:①宣利肺气；②配砂仁调畅气机；③开提肺气，通利水道；④舟楫之药，载诸药上行，以益肺气而成培土生金之功<br><b>「佐使」：</b>炒甘草、大枣:补脾益气和中，调和诸药<br>###特点::健脾渗湿止泻常用方。脾肺双补之剂，用于肺脾久虚咳证。体现培土生金
recveFKWJuvNpx,"<div style=""text-align: center; font-size: 24px;""><b>完带汤</b></div>",补益剂::补气剂,"方歌::[[完带汤中用白术]],[[山药人参白芍促]]。<br>[[苍术车前黑芥穗]],[[陈皮甘草与柴胡]]。<br>[[补脾疏肝止带湿]],[[脾虚肝郁湿带除]]<br>###组成::[[白术、山药、人参、白芍、苍术、车前子、甘草、陈皮、黑芥穗、柴胡]]<br>###主治::[[脾虚肝郁，湿浊下注之带下]]证。带下色白，清稀无臭，肢体倦怠，大便溏薄，舌淡苔白，脉缓或濡弱<br>###功用::[[补脾疏肝，化湿止带]]",用法::水煎服<br>###加减::①带下日久，肾气亏虚而见腰膝酸痛者加菟丝子、杜仲、续断；<br>②肝气郁结甚而见胸胁疼痛者，加香附、青皮、川芎；<br>③肝脉寒凝而见少腹疼痛，可加小茴香、乌药；<br>④肾经虚寒而见带下清稀，色白量多者，可加鹿角霜、巴戟天<br>###方解::<b>「君」：</b>白术、山药:补脾益气。白术土炒增健脾燥湿化浊之功，山药补肾固带脉，带下可止<br><b>「臣」：</b>人参:益气补中，助君药补脾；苍术:燥湿运脾，助白术祛湿；白芍:柔肝抑木养血<br><b>「佐」：</b>柴胡:疏肝理气而解郁；黑芥穗:祛风而胜湿，炒黑以助收涩止带柴胡、黑芥穗:①得白术升发脾胃清阳；②配白芍疏肝解郁车前子:利湿泄浊，配二术使湿浊之邪从小便而去(利小便所以实大便)陈皮:理气燥湿和中，令气行而湿化，配参术亦使补而不滞<br><b>「佐使」：</b>甘草:①益气补中；②调和诸药<br>###注意::湿热带下，非本方所宜
recveFKWJuUIpx,"<div style=""text-align: center; font-size: 24px;""><b>补中益气汤</b></div>",补益剂::补气剂,"方歌::[[补中益气芪术陈]],[[升柴参草当归身]]。<br>[[升阳举陷功独擅]],[[气虚发热亦堪珍]]<br>###组成::[[黄芪、人参、白术、炙甘草、陈皮、当归身、升麻、柴胡]]<br>###主治::1.[[脾气虚弱]]证。饮食减少，体倦肢软，少气懒言，面色跳白或萎黄，大便稀溏，脉虚软。<br>2.[[气虚发热]]证。身热，自汗，渴喜热饮，气短乏力，舌嫩红，脉大无力<br>3.[[中气下陷]]证。脱肛，子宫脱垂，久泻久痢，崩漏等，伴气短乏力，纳差便溏，舌淡，脉虚软<br>###功用::[[补中益气，升阳举陷]]",用法::上㕮咀，都作一服，水二盏，煎至一盏，去渣，食远，稍热服<br>###加减::①兼头痛:加蔓荆子、川芎；<br>②兼气滞脘腹痞胀:加枳壳、木香、砂仁；<br>③兼腹痛:加白芍；<br>④久泻不愈:加莲子肉、诃子、肉豆寇；<br>⑤烦热较甚:加黄柏、生地黄<br>###方解::<b>「君」：</b>黄芪:补中气，固表气，升阳举陷(益气补中，补肺实卫，固表止汗)<br><b>「臣」：</b>人参:大补元气；炙甘草:补脾和中(芪参草三药:除湿热烦热之圣药)<br><b>「佐」：</b>白术:健脾益气；当归:养血和营，协助人参、黄芪补气养血；陈皮:理气和胃，使药补而不滞<br><b>「佐使」：</b>升麻、柴胡:引气上升，升阳举陷(脾胃引经最要药)升麻:升阳明之气；柴胡:升少阳之气炙甘草:健脾益气，调和诸药<br>###注意::本方发热特点:病程较长，或发有休时，手心热甚于手背特点，兼见中气不足之证阴虚火旺及实证发热者禁用；肾元虚愈者忌用<br>###特点::“甘温除热”代表方，治疗气虚发热及脾虚气陷代表方；本方亦可用于虚人感冒，加苏叶少许增辛散之力
recveFKWJuvrvk,"<div style=""text-align: center; font-size: 24px;""><b>玉屏风散</b></div>",补益剂::补气剂,"方歌::[[玉屏风散最有灵]],[[芪术防风鼎足形]]。<br>[[表虚汗多易感冒]],[[益气固表止汗行]]<br>###组成::[[炙黄芪、白术、防风、大枣]]<br>###主治::[[表虚自汗]]。汗出恶风，面色跳白，易感风邪，舌淡苔薄白，脉浮虚。亦治虚人膝理不固，易于感冒<br>###功用::[[益气固表止汗]]",用法::上㕮咀，每服三钱，水一盏半，加大枣一枚，煎七分，去滓，食后热服<br>###加减::①汗出量多:加浮小麦、煅牡蛎、麻黄根；<br>②表虚外感风寒，头痛鼻塞，汗出恶风，表证较重:可与桂枝汤合用<br>###方解::<b>「君」：</b>黄芪:①补中气；②益肺气；③实卫气固表止汗<br><b>「臣」：</b>白术:益气健脾，培土生金，助黄芪固表止汗；芪术:补脾助运，补肺实表<br><b>「佐」：</b>防风:走表祛风，且黄芪得防风功愈大相畏相激:防风得黄芪祛邪而不伤正，黄芪得防风固表不留邪加少量大枣，增益气补虚之力<br>###注意::邪多虚少之自汗以及阴虚发热之盗汗，均不宜使用本方<br>###特点::表虚自汗常用方。体现培土生金，以补为固
recveFKWJuFIfu,"<div style=""text-align: center; font-size: 24px;""><b>生脉散</b></div>",补益剂::补气剂,"方歌::[[生脉麦味与人参]],[[益气养阴敛汗神]]。<br>[[气少汗多兼口渴]],[[气阴两伤急煎斟]]<br>###组成::[[人参、麦冬、五味子]]<br>###主治::1.[[温热、暑热伤气耗阴]]。汗多神疲，肢体倦怠(乏力)，气短声低，懒言，咽干口渴。舌干红少苔，脉虚数<br>2.[[久咳肺虚，气阴两虚]]。干咳少痰，短气自汗，口干舌燥，脉虚细<br>###功用::[[益气生津，敛阴止汗(益气养阴，敛汗生脉)]]",用法::长流水煎，不拘时服<br>###加减::①久咳不愈，肺阴重损:可加生熟地、玄参；<br>②阴虚内热，五心烦热:可加生地黄、知母、鳖甲；<br>③汗出较多:可加山茱萸、麻黄根、煅龙骨、煅牡蛎<br>###方解::<b>「君」：</b>人参:大补元气，益肺生津止渴，固脱止汗<br><b>「臣」：</b>麦冬:清热生津，润肺止咳，与人参相配，气阴双补<br><b>「佐」：</b>五味子:益气生津，敛阴止汗。与参麦相伍，既可固气津之外泄，又能复气阴之耗损<br>###注意::兼实邪者不宜使用。本方为补中有敛之剂，适用于气阴两虚，纯虚无邪者。若温病气阴两伤，而余热未清，或久咳肺虚，兼有痰热者，则非本方所宜<br>###特点::益气养阴生脉代表方。一补、一润、一敛(气阴两虚常用方)
recveFKWJuCH2O,"<div style=""text-align: center; font-size: 24px;""><b>人参蛤蚧散</b></div>",补益剂::补气剂,"方歌::[[人参蛤蚧作散服]],[[杏苓桑皮草二母]]。<br>[[肺肾气虚蕴痰热]],[[咳喘痰血一并除]]<br>###组成::[[「蛤蚧」、「人参」、茯苓、炙甘草、桑白皮、杏仁、知母、贝母]]<br>###主治::肺肾气虚，痰热内蕴之[[咳喘]]证。咳嗽气喘，呼多吸少，声音低怯，痰稠色黄，或咳吐脓血，胸中烦热，身体羸瘦，或遍身浮肿，脉浮虚<br>###功用::[[补肺益肾，止咳定喘]]",用法::上为细末，入杏仁拌匀研细。每服半钱，加生姜二片，酥少许，水八分，煎沸热服。如以汤点频服亦妙
recveFKWJu71jY,"<div style=""text-align: center; font-size: 24px;""><b>保元汤</b></div>",补益剂::补气剂,"方歌::[[保元肉桂参草芪]],[[生姜一片元气齐]]。<br>[[益气温阳劳虚损]],[[倦怠畏寒痘疮虚]]<br>###组成::[[黄芪、人参、炙甘草、肉桂、生姜]]<br>###主治::[[虚损劳怯，元气不足]]证。症见倦怠乏力，少气畏寒；以及小儿痘疮，阳虚顶陷，不能发起灌浆者<br>###功用::[[益气温阳]]",用法::上加生姜一片，水煎，不拘时服
recveFKWJubxRT,"<div style=""text-align: center; font-size: 24px;""><b>举元煎</b></div>",补益剂::补气剂,"方歌::[[举元煎用人参草]],[[黄芪升麻白术好]]。<br>[[益气举陷气虚陷]],[[血崩血脱亡阳了]]<br>###组成::[[人参、黄芪、炙甘草、升麻、白术炒]]<br>###主治::[[气虚下陷]]，[[血崩血脱]]，[[亡阳垂危]]等证<br>###功用::[[益气举陷(补气固脱，升提摄血)]]",用法::水一盅半，煎七八分，温服
recveFKWJu7qhc,"<div style=""text-align: center; font-size: 24px;""><b>升陷汤</b></div>",补益剂::补气剂,"方歌::[[升陷黄芪与柴胡]],[[升麻桔梗同知母]]。<br>[[益气升陷大气陷]],[[气短不足危似无]]<br>###组成::[[黄芪、知母、柴胡、桔梗、升麻]]<br>###主治::[[大气下陷]]证。症见气短不足以息，或努力呼吸，有似乎喘，或气息将停，危在顷刻，脉沉迟微弱，或叁伍不调<br>###功用::[[益气升陷]]",用法::水煎服
recveFKWJucJaf,"<div style=""text-align: center; font-size: 24px;""><b>升阳益胃汤</b></div>",补益剂::补气剂,"方歌::[[升阳益胃参芪甘]],[[羌独陈夏术苓防]]。<br>[[柴泽白芍连姜枣]],[[益气升阳湿热彰]]<br>###组成::[[黄芪、半夏、人参、炙甘草、独活、防风、白芍药、羌活、橘皮、茯苓、柴胡、泽泻、白术、黄连、生姜、大枣]]<br>###主治::[[脾胃气虚，湿热内停]]证。症见怠惰嗜卧，四肢不收，肢体重痛，口苦舌干，饮食无味，食不消化，大便不调，小便赤涩(或脾胃虚弱，湿热滞留中焦证。饮食无味，食不消化，脘腹胀满，面白，畏风恶寒，头眩耳鸣，怠惰嗜卧，肢体重痛，大便不调，小便赤涩，口干舌干)<br>###功用::[[益气升阳，清热除湿]]",用法::上咀，每服三钱至五钱，加生姜五片，大枣二枚，用水三盏，煎至一盏，去滓，早饭后温服
recveFKWJubwhx,"<div style=""text-align: center; font-size: 24px;""><b>四物汤</b></div>",补益剂::补血剂,"方歌::[[四物地芍与归穹]],[[营血虚滞此方宗]]。<br>[[妇女经病凭加减]],[[补血和营可变通]]<br>###组成::[[熟地、当归、川芎、白芍]]<br>###主治::[[营血虚滞]]证。心悸失眠，头晕目眩，面色(唇甲)无华，形瘦乏力，妇人月经不调，量少或经闭不行，脐腹作痛，舌淡，脉细弦或细涩<br>###功用::[[补血和营(补血调血)]]",用法::每服三钱，水一盏半，煎至七分，空心热服<br>###加减::原方四药各用等分，意在补血调血并行，主治“伤重，肠内有瘀血者”。然后世多以四物汤为补血之剂，重用熟地黄以增强滋补营血之功；少用川芎，取其活血化淤，意在补而不滞。《蒲辅周医疗经验》云:“此方为一切血病通用之方。凡血淤者，俱改白芍为赤芍；血热者，改熟地为生地。川芎量宜小，大约为当归之半，地黄为当归的两倍。附方:①妊娠胎漏者，加阿胶、艾叶、甘草，此为胶艾汤(芎归胶艾汤)。功用:养血止血，调经安胎。主治:妇人冲任虚损，血虚有寒证。症见崩漏下血，月经过多，淋漓不止；产后或流产损伤冲任，下血不绝；或妊娠下血，腹中疼痛。若“妊娠胎动不安，下血不止者”“血脂虚冷，崩漏，去血过多者”，原方注明宜加入阿胶、艾叶。<br>②加桃仁，红花，此为桃红四物汤。功用:养血活血。主治:血虚兼血淤证。症见妇女经期超前，血多有块，色紫稠黏，腹痛等。<br>③肝血不足头目眩晕，加酸枣仁、木瓜、甘草，(熟地易为生地)，此为补肝汤。养血柔肝，活血调经。主治:肝血不足。症见头目眩晕，少寐，月经量少，以及血不养筋，肢体麻木，小腿转筋。<br>④加人参、黄芪，此为圣愈汤。功用:益气，补血，摄血。主治:妇女月经先期而至，量多色淡，精神倦怠，四肢乏力<br>###方解::<b>「君」：</b>熟地黄:滋补营血<br><b>「臣」：</b>当归:补血和血(补血养肝，和血调经，既可助熟地补血，又可行脉道之滞)<br><b>「佐」：</b>白芍:养血敛阴，柔肝和营，可缓急而止腹痛川芎:辛散温通，擅活血行气，祛瘀止痛，上行头目，下行血海，中开郁结，旁通络脉<br>###注意::湿盛中满，大便溏泄者忌用。对于阴虚发热，以及血崩气脱之证，非其所宜<br>###特点::原为“重伤肠内有瘀血者”之外科疾患，又治妇人诸疾，后世延伸至凡属血虚血滞均可使用
recveFKWJurjee,"<div style=""text-align: center; font-size: 24px;""><b>归脾汤</b></div>",补益剂::补血剂,"方歌::[[归脾汤用参术芪]],[[归草茯神远志齐]]。<br>[[酸枣木香龙眼肉]],[[煎加姜枣益心脾]]。<br>[[益气补血补心脾]],[[气血心脾不统血]]<br>###组成::[[黄芪、人参、白术、炙甘草、龙眼肉、酸枣仁、当归、远志、茯神、木香、生姜、大枣]]<br>###主治::1.[[心脾气血两虚]]证。心悸怔忡，健忘失眠，盗汗虚热，体倦食少，气短乏力，面色萎黄，舌淡苔薄白，脉细弱<br>2.[[脾不统血证]]。便血，皮下紫癜，妇女崩漏，月经超前，量多色淡，或淋漓不止，舌淡，脉细弱<br>###功用::[[益气补血，健脾养心]]",用法::上㕮咀，每服四钱，水一盏半，加生姜五片，大枣一枚，煎至七分，去滓温服，不拘时候<br>###加减::本方原载于宋·严用和的《济世方》，但无当归、远志。至明·薛已在《内科摘要》补入此二药，沿用至今。其适用范围随后世医家的临证实践而不断扩充。《济世方》原治思虑过度，劳伤心脾，健忘怔忡之证。元·危亦林在《世医得效方》中增加治疗脾不统血之吐、下血证。明·薛己在《内科摘要》中增补治疗惊悸、盗汗、嗜卧、食少、月经不调、赤白带下等。至清《医宗金鉴》则又增虚劳烦热，时时恍惚⋯⋯经断复来，痘色灰白陷下等<br>###方解::<b>「君」：</b>黄芪:益气健脾；龙眼肉:补脾气，养心血<br><b>「臣」：</b>人参、白术:助黄芪益气补脾；当归、酸枣仁:助龙眼肉养血补心<br><b>「佐」：</b>茯神:养心安神；远志:宁心益智；木香:理气醒脾，使诸药补而不滞<br><b>「佐使」：</b>炙甘草:①补益心脾之气；②调和诸药<br><b>「引」：</b>生姜、大枣:调和脾胃，以资化源<br>###特点::补益心脾常用方。有止血功用，治疗脾不统血证。原方无当归、远志
recveFKWJuwDhI,"<div style=""text-align: center; font-size: 24px;""><b>当归补血汤</b></div>",补益剂::补血剂,"方歌::[[当归补血东垣笼]],[[黄芪一两归二钱]]。<br>[[血虚发热口烦渴]],[[脉大而虚宜此煎]]<br>###组成::[[黄芪、当归]]<br>###主治::1.[[血虚阳浮发热]]证。肌热面红，烦渴欲饮，脉洪大而虚，重按无力。2.治妇人经期、产后血虚发热头痛；或疮疡溃后，久不愈合者。<br>###功用::[[补气生血]]",用法::上㕮咀。以水二盏，煎至一盏，去滓，空腹时温服<br>###加减::①血虚津亏，口干舌燥:加人参、麦冬、生地黄；<br>②阳浮较甚，肌热脉数:加白薇、桑叶、银柴胡；<br>③气不摄血之出血:加仙鹤草、血余炭等以加强止血之力<br>###方解::<b>「君」：</b>重用黄芪:补气固表，重用急固浮散之阳气(大补肺脾元气)<br><b>「臣」：</b>当归:养血和营，补虚治本<br>###注意::阴虚发热者禁用。血虚发热，证象白虎，当须鉴别，误服白虎汤必死<br>###特点::血虚发热代表方，体现补气生血法，甘温除热法(失血过多，阳气浮越，身热烦渴者亦可使用)
recveFKWJu97VW,"<div style=""text-align: center; font-size: 24px;""><b>补肝汤</b></div>",补益剂::补血剂,"方歌::[[补肝生地芍归芎]],[[酸枣木瓜甘草同]]。<br>[[养血柔肝经活血]],[[肝血眩晕经筋松]]<br>###组成::[[当归、生地、芍药、川芎、酸枣仁、木瓜、甘草]]<br>###主治::[[肝血不足]]。症见头目眩晕，少寐，月经量少，以及血不养筋，肢体麻木，小腿转筋<br>###功用::[[养血柔肝，活血调经]]",用法::水煎服
recveFKWJuF3N8,"<div style=""text-align: center; font-size: 24px;""><b>内补黄芪汤</b></div>",补益剂::气血双补剂,"方歌::[[内补黄芪地芍冬]],[[参苓远志加川芎]]。<br>[[当归甘草官桂并]],[[力补痈疽善后功]]。<br>[[温补气血又生肌]],[[气血两虚敛疮从]]<br>###组成::[[黄芪、人参、茯苓、炙甘草、肉桂、熟地、白芍、当归、川芎、麦冬、远志、生姜、大枣]]<br>###主治::[[痈疽溃后，气血两虚]]证。痈疽发背，溃后虚赢少气，溃疡作痛，或疮口经久不敛，脓水清稀，倦怠懒言，少食乏味，夜寐不安，自汗口干，间有发热、经久不退，舌淡苔白，脉细弱<br>###功用::[[温补气血，生肌敛疮]]",用法::作一剂，水二盅，姜三片，枣一枚，煎八分，食远服<br>###加减::如痛者，加乳香没药以定痛；硬者，加穿山甲、皂角刺以消硬也<br>###方解::<b>「君」：</b>黄芪:善补肺脾之气，兼能生肌敛疮；人参:大补元气，补脾益肺合用:益气生肌敛疮之力著<br><b>「臣」：</b>肉桂:温阳散寒，通畅气血。合君药:温补阳气，鼓舞气血化生熟地黄:滋养阴血。合黄芪:益气养血，以益去腐生肌，收敛疮口之效<br><b>「佐」：</b>当归、川芎:活血养血，行滞通络；麦冬、白芍:滋阴补血，敛阴以配阳远志:宁心安神，疏泄壅滞而消痈疽；茯苓:健脾泄浊生姜、大枣:调补脾胃，助君药以益中州、促运化<br><b>「佐使」：</b>炙甘草:益气和中，调和诸药<br>###注意::本方为补虚而设，溃后虽气血亏虚但毒邪未尽时切勿使用，以免留邪为患，犯“实实之戒”；疮疡早期、成脓期热毒尚盛者禁用<br>###特点::痈疽溃后，气血不足，疮口经久不敛证之常用方。十全大补汤去白术，加麦冬远志而成
recveFKWJumemc,"<div style=""text-align: center; font-size: 24px;""><b>炙甘草汤</b></div>",补益剂::气血双补剂,"方歌::[[炙甘草汤参姜桂]],[[麦冬生地大麻仁]]。<br>[[大枣阿胶加酒服]],[[虚劳肺痿效如神]]。<br>[[气血阴阳定心悸]],[[通阳复脉肺得润]]<br>###组成::[[炙甘草、生姜、人参、生地黄、桂枝、阿胶、麦门冬、麻仁、大枣、清酒]]<br>###主治::1.[[阴血不足，阳气虚弱]]证。脉结代，心动悸，虚赢少气，舌光(红)少苔，或舌干而瘦小者<br>2.[[虚劳肺痿]]。咳嗽，涎唾多，形瘦短气，虚烦不眠，自汗盗汗，咽干舌燥，大便干结，脉虚数<br>###功用::[[滋阴养血，益气通阳，复脉定悸(润燥补肺宁嗽)(益气滋阴，通阳复脉)]]",用法::以清酒七升，水八升，先煮八味，取三升，去滓，纳胶烊消尽，温服一升，一日三次<br>###加减::①心悸怔仲较甚，加酸枣仁、柏子仁等助养心定悸之效，或加龙齿、磁石以增重镇安神之功；<br>②肺痿阴伤肺燥较著，酌减桂枝、生姜、酒，以防温药耗阴劫液之弊<br>###方解::<b>「君」：</b>生地黄:滋阴补血，充脉养心<br><b>「臣」：</b>炙甘草:益气养心；麦门冬:滋养心阴；桂枝:温通心阳<br><b>「佐」：</b>人参:补中益气，兼能生津；阿胶:滋阴养血，助生地养阴充脉；麻仁:养血滋阴润燥大枣:益气养血。生姜:①合桂温阳通脉；②配大枣益脾胃，滋化源，调阴阳，和气血用法中加酒煎服，清酒可温通血脉，以行药势<br>###注意::阴虚内热者慎用；中虚湿阻者不宜<br>###特点::气血阴阳并补，补心补肺补脾补肾。又称复脉汤
recveFKWJuCcr7,"<div style=""text-align: center; font-size: 24px;""><b>八珍汤</b></div>",补益剂::气血双补剂,"方歌::[[双补气血八珍汤]],[[四君四物益枣姜]]。<br>[[再加黄芪与肉桂]],[[十全大补效更强]]<br>###组成::[[「熟地」、白芍、当归、川芎、「人参」、白术、茯苓、炙甘草、生姜、大枣]]<br>###主治::[[气血两虚]]证。面色苍白或萎黄，头晕目眩，四肢倦怠，乏力，气短懒言，心悸怔忡，失眠，饮食减少，舌淡苔薄白，脉细弱或虚大无力<br>###功用::[[益气补血]]",用法::加生姜三片，大枣五枚，水煎服
recveFKWJusu9b,"<div style=""text-align: center; font-size: 24px;""><b>人参养荣汤</b></div>",补益剂::气血双补剂,"方歌::[[人参养荣用四君]],[[熟归白芍五味寻]]。<br>[[黄芪桂心陈远志]],[[益气补血养心神]]<br>###组成::[[黄芪、当归、桂心、炙甘草、人参、白术、陈皮、茯苓、熟地、白芍、五味子、远志、生姜、大枣]]<br>###主治::[[心脾气血两虚]]证。倦怠乏力，食少无味，惊悸健忘，夜寐不安，虚热自汗，咽干唇燥，形体消瘦，皮肤干枯，咳嗽气短，动则喘甚，或疮疡溃后气血不足，寒热不退，疮口久不收敛<br>###功用::[[益气补血，养心安神]]",用法::上锉散，每服四钱，水一盏半，加生姜三片，大枣两个，煎至七分，去滓，空腹服
recveFKWJuntBB,"<div style=""text-align: center; font-size: 24px;""><b>泰山磐石散</b></div>",补益剂::气血双补剂,"方歌::[[泰山磐石八珍全]],[[去苓加芪芩断联]]。<br>[[再益砂仁及糯米]],[[妇人胎动可安全]]。<br>[[益气健脾胎养血]],[[堕胎滑胎气血连]]<br>###组成::[[黄芪、人参、白术、炙甘草、当归、川芎、白芍、熟地黄、续断、糯米、黄芩、砂仁]]<br>###主治::[[气血虚弱胎元不固]]证。症见妇人妊娠胎动不安，面色淡白，倦怠无力，不思饮食，舌淡，脉浮滑无力(或沉弱)，或屡有堕胎史者。<br>###功用::[[益气健脾，养血安胎]]",用法::上用水一蛊半，煎七分，食远服。但觉有孕，三五日常用一服，四月之后方无虑也<br>###注意::若气虚明显者，重用人参、黄芪以益气；若血虚重者，多用熟地以养血。觉有热者，倍黄芩，少用砂仁；觉胃弱者，多用砂仁，少加黄芩。本方系十全大补汤减肉桂、茯苓，加续断、黄芩、砂仁、糯米而成。减去肉桂，是防其辛动阳能助阳动火致因热动胎。减去莸苓，因其淡渗易使津液下行外泄，对养胎不利
recveFKWJuc2pS,"<div style=""text-align: center; font-size: 24px;""><b>六味地黄丸</b></div>",补益剂::补明剂,"方歌::[[六味地黄益肾肝]],[[山药茱萸苓泽丹]]。<br>[[阴虚火旺加知柏]],[[养肝明目杞菊煎]]。<br>[[若加五味成都气]],[[再入麦冬长寿丸]]<br>###组成::[[熟地黄、山萸肉、干山药、泽泻、丹皮、茯苓]]<br>###主治::[[肾阴虚]]证、[[肾阴精不足]]证、[[肝肾阴虚]]证。腰膝酸软，头晕目眩，耳鸣耳聋，盗汗，遗精，消渴，骨蒸潮热，手足心热，舌燥咽痛(口燥咽干)，牙齿动摇，足跟作痛，小便淋沥，以及小儿囟门不合，舌红少苔，脉沉细数<br>###功用::[[填精滋阴补肾/滋补肝肾]]",用法::上为末，炼蜜为丸，如梧桐子大。空心温水化下三丸。亦可水煎服<br>###加减::1.知柏地黄丸。即六味地黄丸加知母、黄柏。功用:滋阴降火。主治:肝肾阴虚，虚火上炎证。症见头目昏眩，耳鸣耳聋，虚火牙痛，五心烦热，腰膝酸痛，血淋尿痛，遗精梦泄，骨蒸潮热，盗汗颧红，咽干口燥，舌质红，脉细数。或阴虚火旺而致的骨蒸劳热，烦盗汗，腰脊痛遗精等证。<br>②.杞菊地黄丸。即六味地黄丸加枸杞子、菊花。功用:滋肾养肝明目。主治:肝肾阴虚证。症见两目昏花，视物模糊，或眼睛干涩，迎风流泪等。<br>③.都气丸。即六味地黄丸加五味子。功用:滋肾纳气。主治:肺肾两虚证。症见咳嗽气喘，呃逆滑精，腰痛。或肾阴虚气喘，呃逆之证。<br>④.麦味地黄丸(原名八味地黄丸，八仙长寿丸)。即六味地黄丸加麦冬、五味子。功用:滋补肺肾或敛肺纳肾。主治:肺肾阴虚证。症见虚烦劳热，咳嗽吐血，或喘逆，潮热盗汗<br>###方解::<b>「君」：</b>重用熟地黄:滋阴补肾，填精益髓<br><b>「臣」：</b>山茱萸:滋补肝肾，涩精；山药:双补脾肾，健脾补虚，涩精固肾君臣相配，三阴并补，补肝脾肾<br><b>「佐」：</b>泽泻:利湿泄浊，以防熟地之滋腻恋邪；牡丹皮:清泻相火，制山茱萸之温涩茯苓:淡渗脾湿，助泽泻以泄肾浊，又助山药之健运以充养后天之本<br>###注意::脾虚食少便溏者不宜使用<br>###特点::三补三泻法代表方。补肾填精基础方。幼科补肾专药本方为金匮所载崔氏八味丸(肾气丸)减去桂枝，附子而成
recveFKWJusrui,"<div style=""text-align: center; font-size: 24px;""><b>一贯煎</b></div>",补益剂::补明剂,"方歌::[[一贯煎中生地黄]],[[沙参归杞麦冬藏]]。<br>[[少佐川楝泄肝气]],[[阴虚肝郁此方良]]<br>###组成::[[生地黄、麦冬、北沙参、当归、枸杞子、川楝子]]<br>###主治::1.[[肝肾阴虚，肝气郁滞]]证。胸脘胁痛，吞酸吐苦，咽干口燥，舌红少津，脉细弱或虚弦<br>2.亦治[[疝气瘕聚]]<br>###功用::[[滋阴疏肝]]",用法::水煎服<br>###加减::①大便秘结，加瓜萎仁；<br>②有虚热或汗，加地骨皮；<br>③痰多加贝母；<br>④舌红干阴亏甚，加石斛；<br>⑤胁胀，加芍药、甘草；<br>⑥脚弱，加牛膝，薏苡仁；<br>⑦不寐，加酸枣仁；<br>⑧口苦燥，加黄连<br>###方解::<b>「君」：</b>生地黄:益肾养肝，滋水涵木<br><b>「臣」：</b>枸杞子:补肝肾，益精血；当归:养血补肝，且养血之中有调血，补肝之中寓疏达<br><b>「佐」：</b>北沙参、麦冬:滋养肺胃，养阴生津，润燥止渴，寓佐金平木，培土抑木之意<br><b>「佐使」：</b>川楝子:疏肝泄热，理气止痛配伍甘寒滋阴养血药之中，既无苦燥伤阴之弊，又可泄肝火而平横逆<br>###注意::肝郁脾虚停湿者不宜使用。因制方重在滋补，虽时行无形之气，但不能祛有形之邪，且药多甘腻，故有停痰积饮而舌苔白腻、脉沉弦者，不宜使用<br>###特点::阴虚气滞常用方。涵养肝阴第一良方
recveFKWJujbFG,"<div style=""text-align: center; font-size: 24px;""><b>补肺阿胶汤</b></div>",补益剂::补明剂,"方歌::[[补肺阿胶马兜铃]],[[鼠黏甘草杏糯停]]。<br>[[肺虚火盛人当服]],[[顺气生津嗽哽宁]]<br>###组成::[[「阿胶」、鼠黏子(牛蒡子)、马兜铃、杏仁、糯米、炙甘草]]<br>###主治::[[【*肺虚热盛::病机:肺阴虚而感受外邪，邪从热化)咳嗽气喘，咽喉干燥，喉中有声，咯痰不爽或痰中带血，舌红少苔，脉细数*】]]，或(小儿)肺阴虚有热证。<br>###功用::[[养阴补肺，清热止血(养阴补肺，镇咳止血)]]",用法::上为细末，每服一二钱，水煎，食后温服
recveFKWJuQu2N,"<div style=""text-align: center; font-size: 24px;""><b>石斛夜光丸</b></div>",补益剂::补明剂,"方歌::[[石斛夜光枳膝芎]],[[二地二冬杞丝苁]]。<br>[[青葙草决犀羚角]],[[参味连苓蒺草风]]。<br>[[再与杏菊山药配]],[[养阴明目第一功]]<br>###组成::[[熟地、生地、天冬、麦冬、石斛、人参、茯苓、山药、炙甘草、枸杞子、菟丝子、五味子、沙苑、蒺藜、牛膝、肉苁蓉、防风、川芎、枳壳、杏仁、羚羊角、生乌犀、黄连、决明子、青葙子、甘菊]]<br>###主治::[[肝肾不足，虚火上扰]]证。瞳神散大，视物昏花，畏光流泪，头晕目眩，以及内障等症<br>###功用::[[滋补肝肾，清热明目(平肝息风，滋阴明目)]]",用法::上除另捣外，为极细末，炼蜜为丸，如梧桐子大。每服三五十丸，空心温酒送下，盐汤亦可
recveFKWJu3zCY,"<div style=""text-align: center; font-size: 24px;""><b>大补阴丸</b></div>",补益剂::补明剂,"方歌::[[大补阴丸知柏黄]],[[龟板脊髓蜜成方]]。<br>[[咳嗽咯血骨蒸热]],[[阴虚火旺制亢阳]]<br>###组成::[[「熟地黄」、「龟板」、黄柏、知母、猪骨髓、蜂蜜]]<br>###主治::[[阴虚火旺]]证。骨蒸潮热，盗汗遗精，咳嗽咯血，心烦易怒，足膝疼热，或消渴易饥，舌红少苔，尺脉数而有力<br>###功用::[[滋阴降火]]",用法::上为细末，猪骨髓蒸熟，炼蜜为丸。服七十丸，空心盐白汤送下<br>###方解::<b>「君」：</b>熟地滋补真阴，填精益髓；龟板滋阴潜阳，补肾健骨。二药相须，补阴固本，滋水亦可制火(壮水制火)。即所谓培其本<br><b>「臣」：</b>黄柏之苦寒降泄，“专泻肾与膀胱之火”，泻相火以坚阴；知母味苦性寒质润，既能清泄肺、胃、肾三经之火，又能滋三经之阴(上能清润肺金，下能滋清肾水)。知母、黄柏相须为用，苦寒降火，保存阴液，平抑亢阳，即所谓清其源。知母滋阴清热，黄柏虽无滋阴之功，确属“坚阴”之品，二者善能清降阴虚之火<br><b>「佐使」：</b>丸用猪脊髓补髓养阴，蜂蜜补中润燥，共增滋补真阴之效。此乃血肉甘润之品，填精益髓，既能助熟地、龟板以滋阴，又能制黄柏之苦燥<br>###注意::若脾胃虚弱、食少便溏，以及火热属于实证者不宜使用
recveFKWJuDc0g,"<div style=""text-align: center; font-size: 24px;""><b>虎潜丸</b></div>",补益剂::补明剂,"方歌::[[虎潜足疾是妙方]],[[虎骨陈皮并锁阳]]。<br>[[龟板干姜知母芍]],[[再加柏地作丸尝]]。<br>[[滋阴降火强壮骨]],[[肝肾不足虚热良]]<br>###组成::[[熟地黄、龟板、黄柏、知母、白芍、锁阳、虎骨、干姜、陈皮]]<br>###主治::肝肾不足，阴虚内热之[[痿证]]。腰膝酸软，筋骨痿弱，步履乏力，遗尿，或眩晕，耳鸣，遗精，舌红少苔，脉细弱<br>###功用::[[滋阴降火，强壮筋骨]]",用法::上为细末，炼蜜为丸，淡盐水或温开水送下，亦可水煎服
recveFKWJu79e3,"<div style=""text-align: center; font-size: 24px;""><b>左归丸</b></div>",补益剂::补明剂,"方歌::[[左归丸内山药地]],[[萸肉牛膝与枸杞]]。<br>[[菟丝龟鹿二胶合]],[[滋阴补肾精髓齐]]<br>###组成::[[「熟地」、山药、山茱萸肉、枸杞子、菟丝子、鹿角胶、龟板胶、川牛膝]]<br>###主治::[[真阴不足]]证。腰酸腿软，头晕眼花，(形体羸瘦)耳聋失眠，遗精滑泄，自汗盗汗，口燥舌干，舌红少苔，脉细(真阴不足，精髓亏损)<br>###功用::[[滋阴补肾，填精益髓(滋肾填阴，育阴潜阳)]]",用法::上先将熟地蒸烂，杵膏，炼蜜丸，梧桐子大。每食前用滚汤或淡盐汤送下百余丸
recveFKWJuVFYp,"<div style=""text-align: center; font-size: 24px;""><b>左归饮</b></div>",补益剂::补明剂,"方歌::[[左归饮来补肾阴]],[[熟地山药茱萸跟]]。<br>[[枸杞苓草同煎服]],[[肾阴不足此方寻]]<br>###组成::[[熟地、山药、山茱萸、枸杞子、茯苓、炙甘草]]<br>###主治::[[真阴不足]]证。腰酸遗泄，盗汗，口燥咽干，口渴欲饮，舌尖红，脉细数<br>###功用::[[补肾益阴]]",用法::水二盅，煎至七分，食远服
recveFKWJuNzhj,"<div style=""text-align: center; font-size: 24px;""><b>肾气丸</b></div>",补益剂::补阳剂,"方歌::[[金匮肾气肾阳虚]],[[地黄山药及山茱]]。<br>[[丹皮苓泽加桂附]],[[补肾助阳此方居]]<br>###组成::[[干地黄、山药、山茱萸、泽泻、茯苓、丹皮、桂枝、炮附子]]<br>###主治::[[肾阳不足证]]。<br>1.腰痛脚软，身半以下常有冷感，少腹拘急，小便不利，或小便反多，入夜尤甚，阳痿早泄，舌淡而胖，脉虚弱，尺部沉细或沉弱而迟。<br>2.痰饮，水肿，脚气，转胞，消渴<br>###功用::[[补肾助阳，化生肾气]]",用法::上为末，炼蜜为丸，如梧桐子大。每服十五丸，日再服<br>###加减::①加味肾气丸(即济生肾气丸，由肾气丸加车前子、牛膝而成)。方中地黄等“三补”“三泻”之品用量锐减，而附子之量倍增，重在温阳利水，适用于阳虚水肿而肾虚不著者。功用:温助肾阳，利水消肿。主治:肾阳虚水肿。症见腰重脚肿，小便不利<br>②十补丸(肾气丸加入鹿茸、五味子，且亦减“三补”“三泻”之量，而增附子之量，遂易温补肾气之方而为补肾阳、益精血之剂，适用于肾阳虚损、精血不足之证)。功用:补肾阳，益精血。主治:肾阳虚损，精血不足证。症见面色黧黑，足冷足肿，耳鸣耳聋，肢体羸瘦，足膝软弱，小便不利，腰脊疼痛，或阳痿，遗精，舌淡苔白，脉沉迟尺弱<br>③方中干地黄，现多用熟地；桂枝改用肉桂，如此效果更好；若夜尿多者，宜肾气丸加五味子；小便数多，色白体赢，为真阳亏虚，宜加补骨脂、鹿茸等，加强温阳之力；若用于阳痿，证属命门火衰者，酌加淫羊藿、补骨脂、巴戟天等以助壮阳起痿之力<br>###方解::<b>「君」：</b>干地黄(今多用熟地黄):滋补肾阴，益精填髓(干地黄乃补肾家之要药，益阴血之上品)<br><b>「臣」：</b>山茱萸:补肝肾，涩精气；薯蓣(山药):健脾气，固肾精；二药补肝脾而益精血(二药配地黄，补肾填精，此为三补)附子、桂枝:温肾助阳，生发少火，鼓舞肾气(补肾阳之虚，助气化之复，益火之源，以消阴翳)<br><b>「佐」：</b>茯苓:健脾益肾；泽泻、丹皮:降相火而制虚阳浮动；茯苓、泽泻:利水渗湿(渗湿泄浊、通调水道)(此三药为三泻)<br>###注意::①若咽干口燥、舌红少苔属肾阴不足，虚火上炎者，不宜应用。<br>②肾阳虚而小便正常者，为纯虚无邪，不宜使用本方。吴仪洛称:“此亦为虚中夹邪滞而设尔，若纯虚之证，而兼以渗利，未免减去药力，当用右归丸或右归饮。”<br>③阴虚火旺之遗精滑泄忌用<br>###特点::原名崔氏八味丸。补肾助阳，化生肾气代表方。遣药配伍寓有温阳以助化气利水之义
recveFKWJuqFt0,"<div style=""text-align: center; font-size: 24px;""><b>右归丸</b></div>",补益剂::补阳剂,"方歌::[[右归饮中用附桂]],[[地杞萸药杜草需]]。<br>[[温补肾阳填精血]],[[肾阳不足效亦追]]<br>###组成::[[熟地、山药、山茱萸、枸杞、肉桂、制附子、杜仲、炙甘草]]<br>###主治::[[肾阳不足]]证。气怯神疲，腹痛腰酸，手足不温，及阳痿遗精，大便溏薄，小便频多，舌淡苔薄，脉来虚细者，或阴盛洛阳，真寒假热之证<br>###功用::[[温补肾阳，填精补血]]",用法::以上水二盅，煎至七分，食远温服
recveFKWJuF6TB,"<div style=""text-align: center; font-size: 24px;""><b>地黄饮子</b></div>",补益剂::阴阳并补剂,"方歌::[[地黄饮子山茱斛]],[[麦味菖蒲远志茯]]。<br>[[苁蓉桂附巴戟天]],[[少入薄荷姜枣服]]。<br>[[滋阴补肾窍痰化]],[[暗痱舌强与足废]]<br>###组成::[[熟干地、肉苁蓉、巴戟天、山茱萸、石斛、炮附子、五味子、官桂、白茯苓、麦冬、远志、石菖蒲、生姜、大枣、薄荷]]<br>###主治::下元虚衰，痰浊上逆之喑[[痱证]]。舌强不能言，足废不能用，口干不欲饮，足冷面赤，脉沉细弱<br>###功用::[[滋肾阴，补肾阳，开窍化痰]]",用法::上为粗末，每服三钱，水一盏半，生姜五片，大枣一枚，薄荷五、七叶同煎至八分，不计时候<br>###加减::①肾虚痱证，减石菖蒲、远志；<br>②兼气虚神疲倦怠，酌加黄芪、人参；<br>③喑痱以阴虚为主，痰火盛者，去桂、附，酌加浙贝母、竹沥、胆南星<br>###方解::<b>「君」：</b>熟地黄、山茱萸:滋补肾阴，补肾填精；肉苁蓉、巴戟天:温壮肾阳四药相配:阴阳并补，益肾填精<br><b>「臣」：</b>附子、肉桂:助阳益火，协肉苁蓉、巴戟天温暖下元，补肾壮阳，并可摄纳浮阳，引火归原石斛、麦冬:滋阴益胃，补后天以充养先天五味子:酸涩收敛，合山茱萸可固肾涩精，伍肉桂能摄纳浮阳，纳气归肾<br><b>「佐」：</b>石菖蒲、远志、茯苓:化痰开窍，以治痰浊阻窍之标，且与诸补肾药相伍，又可交通心肾<br><b>「佐使」：</b>加薄荷数叶:疏郁利咽，并增轻清宣窍之力<br>###注意::喑痱兼气火升逆，或肝阳偏亢者禁用<br>###特点::治疗肾虚暗症代表方。暗症即:舌强不能言(喑)，足废不能用(痱)
recveFKWJuY8Kk,"<div style=""text-align: center; font-size: 24px;""><b>七宝美髯丹</b></div>",补益剂::阴阳并补剂,"方歌::[[七宝美髯何首乌]],[[菟丝牛膝茯苓俱]]。<br>[[骨脂枸杞当归合]],[[专益肝肾精血虚]]<br>###组成::[[「赤白何首乌」、枸杞子、菟丝子、当归、补骨脂、牛膝、赤白茯苓]]<br>###主治::[[肝肾不足]]证。须发早白，脱发，牙齿动摇，腰膝酸软，梦遗滑精，肾虚不育<br>###功用::[[补益肝肾，乌发壮骨]]",用法::上药捣为末，炼蜜为丸，如弹子大，每次一丸，日三次，清晨温酒下，午时姜汤下，卧时盐汤下
recveFKWJubFp2,"<div style=""text-align: center; font-size: 24px;""><b>龟鹿二仙胶</b></div>",补益剂::阴阳并补剂,"方歌::[[龟鹿二仙最守真]],[[补人三宝精气神]]。<br>[[人参枸杞和龟鹿]],[[益寿延年实可珍]]。<br>[[滋阴填精气阳壮]],[[腰酸目昏精血损]]<br>###组成::[[「鹿角胶」、「龟板胶」、人参、枸杞子、酒]]<br>###主治::[[真元虚损，精血不足]]证。腰膝酸软，形体瘦削，两目昏花，发脱齿摇，阳痿遗精，久不孕育<br>###功用::[[滋阴填精，益气壮阳]]",用法::熬胶，空心以酒少许送服
recveFKWJuE7Gs,"<div style=""text-align: center; font-size: 24px;""><b>补天大造丸</b></div>",补益剂::阴阳并补剂,"方歌::[[补天大造治虚劳]],[[参芪术归枣白芍]]。<br>[[龟鹿用胶河车远]],[[枸杞熟地苓山药]]<br>###组成::[[人参、黄芪、白术、当归、枣仁、远志、白芍、山药、茯苓、枸杞子、大熟地、「紫河车」、鹿角胶、龟板胶]]<br>###主治::[[虚劳]]。气短乏力，食少神疲，心悸失眠，腰膝酸软，头晕目眩等<br>###功用::[[补五脏磨损]]",用法::以龟、鹿胶和药，加炼蜜为丸，每早开水下四钱<br>###注意::原书记载本方加减:“阴虚内热甚者，加丹皮二两；阳虚内寒者，加肉桂五钱。”
recveFKWJuLPSb,"<div style=""text-align: center; font-size: 24px;""><b>朱砂安神丸</b></div>",安神剂::重镇安神剂,"方歌::[[朱砂安神东垣方]],[[归连甘草合地黄]]。<br>[[怔仲不寐心烦乱]],[[镇心泻火养阴康]]<br>###组成::[[朱砂、黄连、炙甘草、生地黄、当归、]]<br>###主治::[[心火偏亢，阴血不足]]证。心神烦乱，惊悸怔忡，失眠多梦，甚则欲吐不果，或胸中懊憹，舌尖红，脉细数<br>###功用::[[镇心安神，泻火养阴(镇心安神，清热养血；重镇安神，清心泻火)]]",用法::上四味为细末，另研朱砂，水飞如尘，阴干，为衣，汤浸蒸饼为丸，如黍米大，每服十五丸至二十丸，津唾咽之，食后，或温水、凉水送下亦得<br>###加减::①心火较重，烦热不寐较甚者:加栀子或莲子心；<br>②神乱而魂魄不宁，兼惊恐、易惊者:加龙骨、牡蛎、磁石<br>###方解::<b>「君」：</b>朱砂:人心经，镇心神，清心火，平怔仲，定惊悸(上清心火，下益肾水)<br><b>「臣」：</b>黄连:清心泄火除烦。二药相合，一镇一清，加强镇心安神，清心泻火之力<br><b>「佐」：</b>当归:补养心血；生地:滋阴清热。两者相合:清热滋阴养血<br><b>「佐使」：</b>甘草:①和中益胃；②制黄连苦寒；③防朱砂质重碍胃<br>###注意::朱砂内含硫化汞，有毒，不宜水煎，不宜多服或久服；阴虚或素体脾胃虚弱者慎用；不宜与碘化物或溴化物同用，以防导致医源性肠炎<br>###特点::心火偏亢，阴血不足而致神志不宁
recveFKWJuRxgF,"<div style=""text-align: center; font-size: 24px;""><b>珍珠母丸</b></div>",安神剂::重镇安神剂,"方歌::[[珍珠母丸归地参]],[[犀沉龙齿柏枣仁]]。<br>[[朱砂为衣茯神人]],[[镇心潜阳又宁神]]<br>###组成::[[「珍珠母」、当归、熟地、人参、酸枣仁、柏子仁、犀角、茯神、沉香、「龙齿」、朱砂]]<br>###主治::[[心肝阳亢，阴血不足，神志不宁]]证。入夜少寐，时而惊悸，头目眩晕，脉细弦<br>###功用::[[镇心安神，平肝潜阳，滋阴养血]]",用法::上药研细末，炼蜜为丸，如梧桐子大，辰砂为衣，每服四、五十九，金银薄荷汤下，日午、夜卧服，亦可作汤剂
recveFKWJu2CPB,"<div style=""text-align: center; font-size: 24px;""><b>磁朱丸</b></div>",安神剂::重镇安神剂,"方歌::[[磁朱丸中有神曲]],[[重镇安神交心肾]]。<br>[[心悸失眠耳目疾]],[[癫狂痫证亦宜服]]<br>###组成::[[「磁石」、朱砂、神曲]]<br>###主治::[[心肾不交，神志不安]]证。视物昏花，耳鸣耳聋，心悸失眠。亦治[[癫痫]]等<br>###功用::[[重镇安神，(益阴)聪耳明目，交通心肾(重镇安神，潜阳明目)]]",用法::三味末之，炼蜜为丸，如梧子大，饮服三丸，日三服
recveFKWJulGev,"<div style=""text-align: center; font-size: 24px;""><b>酸枣仁汤</b></div>",安神剂::补养安神剂,"方歌::[[酸枣仁汤治失眠]],[[川芎知草茯苓煎]]。<br>[[养血除烦清内热]],[[安然入睡梦乡甜]]<br>###组成::[[炒酸枣仁、知母、川芎、茯苓、生甘草]]<br>###主治::[[肝血不足]]，虚热内扰之虚烦[[失眠]]证。虚烦失眠，心悸不安，头目眩晕，咽干口燥，舌红，脉弦细<br>###功用::[[养血安神，清热除烦]]",用法::上五味，以水八升，煮酸枣仁得六升，内诸药，煮取三升，分温三服<br>###加减::①虚热逼津外泄兼见盗汗:加牡蛎、浮小麦、五味子；<br>②心胆气虚而心悸易惊甚者:加龙齿、人参；<br>③虚火内扰较甚，烦躁不安者:加白芍、栀子、生地<br>###方解::<b>「君」：</b>酸枣仁:入心肝之经，养血补肝，宁心安神<br><b>「臣」：</b>茯苓:宁心安神；知母:滋阴润燥，清热除烦<br><b>「佐」：</b>川芎:调肝血，疏肝气(调畅气机，疏达肝气)川芎与酸枣仁:酸收辛散，寓散于收，补中有行，相反相成，达养血调肝之妙<br><b>「佐使」：</b>生甘草:生用，和中缓急，调和诸药<br>###注意::酸枣仁宜重用，捣碎先煎，方能取效<br>###特点::治疗肝血虚而致虚烦失眠常用方
recveFKWJuBJBj,"<div style=""text-align: center; font-size: 24px;""><b>天王补心丹</b></div>",安神剂::补养安神剂,"方歌::[[补心丹用柏枣仁]],[[二冬生地当归身]]。<br>[[三参桔梗朱砂味]],[[远志茯苓养心神]]。<br>[[补心滋阴与清热]],[[血虚阴亏可安神]]<br>###组成::[[生地黄、天门冬、麦门冬、玄参、柏子仁、酸枣仁、远志、当归身、丹参、人参、茯苓、五味子、桔梗、朱砂]]<br>###主治::[[阴虚血少，心神不宁]]证。虚烦失眠，心悸怔忡，神疲健忘，或梦遗，手足心热，口舌生疮，大便干结，舌红少苔，脉细数<br>###功用::[[滋阴养血，补心安神(补心安神，滋阴清热)]]",用法::上为末，炼蜜为丸，如梧桐子大，用朱砂为衣，每服二三十丸，临卧竹叶煎汤送下。忌胡荽、大蒜、萝卜、鱼腥、烧酒<br>###加减::①虚热不甚:去玄参、天冬、麦冬；<br>②失眠较重:加龙齿、夜交藤；<br>③精关不固，遗精滑泄较甚:加金樱子、芡实、牡蛎<br>###方解::<b>「君」：</b>生地:上养心血，下滋肾水，并清泻虚火(滋阴养血，清虚热)<br><b>「臣」：</b>天冬、麦冬:滋阴清热；酸枣仁、柏子仁:养心安神；当归:补心血，共助生地滋阴补血<br><b>「佐」：</b>茯苓、远志:养心安神，交通心肾；玄参:滋阴降火，制虚火上炎丹参:养心血活血，使诸药补而不滞；朱砂:镇心安神；五味子:与酸枣仁酸以收敛心气而安神；人参:与茯苓益气宁心<br><b>「佐使」：</b>桔梗:载药上行，使药力上人心经<br>###注意::本方不宜脾胃虚寒、食少便溏、湿痰留滞者。服药期间忌食辛辣之物<br>###特点::治疗心肾阴血亏虚，虚火上炎常用方
recveFKWJu3eIh,"<div style=""text-align: center; font-size: 24px;""><b>甘麦大枣汤</b></div>",安神剂::补养安神剂,"方歌::[[甘麦大枣脏躁汤]],[[养心安神与柔肝]]。<br>[[妇人恍惚常哭诉]],[[心阴受损肝失常]]<br>###组成::[[甘草、小麦、大枣]]<br>###主治::心阴受损，肝气失和之[[脏躁]]。精神恍惚，常悲伤欲哭，不能自主，心中烦乱，睡眠不安，甚则言行失常，呵欠频作，舌淡红苔少，脉细略数等<br>###功用::[[养心安神，和中缓急(养心安神，柔肝缓急)]]",用法::上三味，以水六升，煮取三升，分温三服
recveFKWJuAyYH,"<div style=""text-align: center; font-size: 24px;""><b>养心汤</b></div>",安神剂::补养安神剂,"方歌::[[养心汤用草芪参]],[[二茯芎归柏子寻]]。<br>[[夏曲远志兼桂味]],[[姜枣酸枣总宁心]]<br>###组成::[[「炙黄芪」、白茯苓、茯神、半夏曲、当归、川芎、远志、辣桂(即肉桂)、柏子仁、酸枣仁、北五味子、「人参」、炙甘草、生姜、大枣]]<br>###主治::[[气血不足，心神不宁]]证。神思恍惚，心悸易惊，失眠健忘，舌淡苔白，脉细弱<br>###功用::[[补益气血，养心安神]]",用法::上粗末，每服三钱，姜五片，大枣二枚，煎，食前服<br>###注意::本方出自《仁斋直指方论》，另《古今医统大全》也有“养心汤”，组成为当归身、生地黄、熟地黄、茯神、人参、麦门冬、五味子、柏子仁、酸枣仁、炙甘草。功用养血滋阴，宁心安神。主治阴血不足，心神失养之失眼心悸
recveFKWJumW3a,"<div style=""text-align: center; font-size: 24px;""><b>黄连阿胶汤</b></div>",安神剂::交通心肾剂,"方歌::[[黄连阿胶鸡子黄]],[[黄芩白芍合成方]]。<br>[[水亏火炽烦不卧]],[[滋阴降火心神安]]<br>###组成::[[黄连、黄芩、芍药、鸡子黄、阿胶]]<br>###主治::[[阴虚火旺，心肾不交]]证。心中烦热，失眠不得卧，口燥咽干，舌红苔少，脉细数<br>###功用::[[滋阴降火，除烦安神，交通心肾]]",用法::上五味，以水六升，先煮三物，取二升，去滓，内胶烊尽，小冷，内鸡子黄，搅令相得，温服七合，日三服<br>###方解::<b>「君」：</b>黄连苦寒人心，清降心火；阿胶甘平入肾，滋阴补血。二药相伍，降心火，滋肾阴，使心火降、肾水旺，水火共济，心神安宁<br><b>「臣」：</b>黄芩苦寒，助黄连清热泻火；芍药酸甘，养血滋阴，助阿胶滋补肾水<br><b>「佐」：</b>鸡子黄上以养心，下以补肾，并能安中
recveFKWJuZnVN,"<div style=""text-align: center; font-size: 24px;""><b>交泰丸</b></div>",安神剂::交通心肾剂,"方歌::[[交泰心肾不交丸]],[[一份桂心十份连]]。<br>[[怔忡不寐心阳亢]],[[心肾交时自可安]]<br>###组成::[[「川黄连」、肉桂心]]<br>###主治::[[心火偏亢，心肾不交]]证。怔忡不宁，或夜寐不安，口舌生疮<br>###功用::[[交通心肾，清火安神]]",用法::上为末，炼蜜为丸，空心淡盐水送下
recveFKWJumCiP,"<div style=""text-align: center; font-size: 24px;""><b>安宫牛黄丸</b></div>",开窍剂::凉开剂,"方歌::[[安宫牛黄开窍方]],[[岑连栀郁朱雄黄]]。<br>[[犀角珍珠冰麝箔]],[[热闭心包功效良]]<br>###组成::[[牛黄、郁金、犀角、黄连、黄芩、山栀、朱砂、雄黄、梅片、麝香、珍珠(金箔衣)]]<br>###主治::1.[[邪热内陷心包]]证。高热烦躁，神昏谵语，口干舌燥，或舌謇肢厥，舌红或绛，脉数<br>2.亦治[[中风昏迷，小儿惊厥，属邪热内闭]]者<br>###功用::[[清热解毒，豁痰开窍(醒神)]]",用法::上为极细末，炼老蜜为丸，每九一钱，金箔为衣，蜡护。脉虚者人参汤下(取人参补气扶正，托邪外出)，脉实者银花、薄荷汤下(增强清热透散之力)，每服一丸。大人病重体实者，日再服，甚至日三服；小儿服半丸，不知，再服半丸<br>###注意::原书在用法中指出:“脉虚者，人参汤下。”脉虚为正不胜邪之兆，取人参补气扶正、托邪外出之功，此时应严密观察病情的变化，慎防其由闭转脱；“脉实者，银花、薄荷汤下”，是增强其清热透散之效。《温病条辨》清宫汤煎汤送服本方，可加强清心解毒之力。本方孕妇慎用<br>###特点::鉴别：至宝丹与安宫牛黄丸、紫雪皆为凉开之常用方，有清热开窍作用，合称“凉开三宝”。相比而言，“安宫牛黄丸最凉，紫雪次之，至宝又次之”。安宫牛黄丸长于清热解毒，适于痰热偏盛而神昏较重者；紫雪长于息风止痉，适于热闭神昏而见痉厥抽搐者；至宝丹长于芳香开窍，化浊辟秽，适于痰浊偏盛而热邪略轻者。
recveFKWJulxXv,"<div style=""text-align: center; font-size: 24px;""><b>紫雪</b></div>",开窍剂::凉开剂,"方歌::[[紫雪羚犀朱朴硝]],[[硝磁寒水滑石膏]]。<br>[[丁沉木麝升玄草]],[[更用赤金法亦超]]<br>###组成::[[黄金、石膏、寒水石、滑石、磁石、「犀角屑」、「羚羊角屑」、玄参、沉香、青木香、丁香、升麻、炙甘草、硝石/芒硝、朴硝、朱砂、「麝香」]]<br>###主治::温热病，[[热邪内陷心包、热盛动风]]证。高热烦躁，神昏谵语，痉厥，斑疹吐衄，口渴引饮，唇焦齿燥，尿赤便秘，舌红绛苔干黄，脉数有力或弦数，以及小儿热盛惊厥<br>###功用::[[清热开窍，息风止痉(安神)]]",用法::上十三味，以水一斛，先煮五重金石药，得四斗，去滓后，内八物，煮取一斗五升，去滓。取硝石四升，芒硝亦可，用朴硝精者十斤投汁中，微炭火上煮，柳木篦搅，勿住手，有七升，投在木盆中，半日欲凝，内研朱砂三两，细研磨香当门子五分，内中搅调，寒之二日成霜雪紫色。病人强壮者，一服二分，当利热毒；老弱人或热毒微者，一服一分，以意节之，合得一剂<br>###注意::本方以金石重坠与辛香走窜之品为主，服用过量有损元气，故应中病即止<br>###特点::鉴别：至宝丹与安宫牛黄丸、紫雪皆为凉开之常用方，有清热开窍作用，合称“凉开三宝”。相比而言，“安宫牛黄丸最凉，紫雪次之，至宝又次之”。安宫牛黄丸长于清热解毒，适于痰热偏盛而神昏较重者；紫雪长于息风止痉，适于热闭神昏而见痉厥抽搐者；至宝丹长于芳香开窍，化浊辟秽，适于痰浊偏盛而热邪略轻者。
recveFKWJuxIOX,"<div style=""text-align: center; font-size: 24px;""><b>至宝丹</b></div>",开窍剂::凉开剂,"方歌::[[至宝朱砂麝息香]],[[雄黄犀角与牛黄]]。<br>[[金银二箔兼龙脑]],[[琥珀还同玳瑁良]]<br>###组成::[[生乌犀屑(水牛角代)、朱砂、雄黄、生玳瑁、琥珀、麝香、龙脑、金箔、银箔、牛黄、安息香]]<br>###主治::1.[[中暑、中风及温病痰热内闭心包]]证。神昏谵语，身热烦躁，痰盛气粗，舌红苔黄垢腻，脉滑数<br>2.[[小儿惊厥属于痰热内闭]]者。小儿诸痫，急惊心热，卒中客竹，不得眠睡，烦躁风涎搐搦<br>###功用::[[清热开窍，化浊解毒]]",用法::将生犀、玳瑁为细末，人余药研匀，将安息香膏重汤煮，凝成后，入诸药中和搜成剂，盛不津器中，并旋圆如桐子大，用人参汤化下三至五丸。又疗小儿诸痫，急惊心热，卒中客忤，不得眠睡，烦躁风涎搐搦<br>###注意::原书用法为人参汤送服，意在借人参之力以益气扶正祛邪，适用于病情较重，正气虚弱者。又有“血病，生姜、小便化下”一法，意取童便滋阴降火行瘀，生姜辛散祛痰止呕之功，以痰热尤盛、脉实者为宜<br>###特点::鉴别：至宝丹与安宫牛黄丸、紫雪皆为凉开之常用方，有清热开窍作用，合称“凉开三宝”。相比而言，“安宫牛黄丸最凉，紫雪次之，至宝又次之”。安宫牛黄丸长于清热解毒，适于痰热偏盛而神昏较重者；紫雪长于息风止痉，适于热闭神昏而见痉厥抽搐者；至宝丹长于芳香开窍，化浊辟秽，适于痰浊偏盛而热邪略轻者。
recveFKWJu7F9p,"<div style=""text-align: center; font-size: 24px;""><b>紫金锭(玉枢丹)</b></div>",开窍剂::温开剂,"方歌::[[紫金锭用麝朱雄]],[[慈戟千金五倍同]]。<br>[[太乙玉枢名又别]],[[祛痰逐秽及惊风]]<br>###组成::[[「山慈菇」、红大戟、千金子、霜五倍子、「麝香」、雄黄、朱砂]]<br>###主治::1.[[秽恶痰浊之时疫]]。脘腹胀闷疼痛，恶心呕吐，泄泻，痢疾，舌苔厚腻或浊腻及小儿痰厥<br>2.外敷疗疮疖肿，虫咬损伤，无名肿毒，以及痄腮、丹毒、喉风等<br>###功用::[[化痰开窍，辟秽解毒，消肿止痛]]",用法::上为细末，糯米糊作锭子，阴干。口服或外用醋磨，调敷患处<br>###注意::本方原名太乙神丹，又名追毒丹、紫金丹、玉枢丹。《丹溪心法附余》记载，本方可用生姜、薄荷汁入井华水磨服，以辟秽解毒开窍；大人中风、诸痫用酒磨服，以助行散之力；小儿急慢惊风、五疵八痢，入薄荷一叶，同井华水磨服，以辟秽解毒；痈疽、发背、疔肿，一切恶疮，用井华水磨服及涂患处，未溃者觉痒即消；头痛，用酒入薄荷同研烂，外敷太阳穴上，以疏风通络。因方中含有毒之品，性猛峻烈，不宜过量、久服，孕妇忌用
recveFKWJuh1Xs,"<div style=""text-align: center; font-size: 24px;""><b>苏合香丸</b></div>",开窍剂::温开剂,"方歌::[[苏合香丸麝息香]],[[木丁熏陆荜檀香]]。<br>[[犀冰术沉诃香附]],[[衣用朱砂中恶尝]]<br>###组成::[[吃力伽(白术)、「苏合香」、「麝香」、「龙脑香(冰片)」、「安息香」、青木香、香附、沉香、白檀香、丁香、熏陆香(乳香)、犀角、荜茇、朱砂、诃子、蜂蜜、酒]]<br>###主治::1.[[寒闭证]]。突然昏倒，牙关紧闭，不省人事，苔白，脉迟<br>2.亦治[[心腹卒痛]]，甚则昏厥<br>3.中风、中气及感受时行瘴疠之邪等属于寒凝气滞之[[闭证]]者<br>###功用::[[温通开窍，行气止痛(温中止痛、芳香开窍)]]",用法::上为细末，入研药匀。用安息香膏并炼白蜜和剂，每服旋丸如梧桐子大，取井华水化服四丸，老人、小儿可服一丸，温酒化服也得，并空心服之<br>###注意::①本方原载《外台秘要》引《广济方》，名吃力伽丸(吃力伽即白术)，《苏沈良方》更名为苏合香丸。原方以白术命名，提示开窍行气之方，勿忘补气扶正之意。<br>②方中药物辛香走窜，有损胎气，孕妇忌用
recveFKWJuhq2x,"<div style=""text-align: center; font-size: 24px;""><b>牡蛎散</b></div>",固涩剂::固表止汗剂,"方歌::[[牡蛎散内用黄芪]],[[小麦麻黄根最宜]]。<br>[[自汗盗汗心液损]],[[固表敛汗见效奇]]<br>###组成::[[黄芪、麻黄根、煅牡蛎、小麦]]<br>###主治::[[体虚自汗、盗汗]]证。常自汗出，或盗汗，夜卧尤甚，心悸惊惕，短气烦倦，舌淡红，脉细弱<br>###功用::[[敛阴止汗，益气固表]]",用法::上三味为粗散。每服三钱，水一盏半，小麦百余粒，同煎至八分，去渣热服，日二服，不拘时候<br>###加减::①本方为《太平惠民和剂局方》之牡蛎散。而《医方集解》牡蛎散方将小麦改为浮小麦，则止汗之力更强，但养心之力稍逊。<br>②《备急千金要方》牡蛎散。组成:牡蛎、白术、防风各三两。止汗之验无出于此方，一切泄汗服之，三日皆愈，神验。功用:固表敛汗，兼能疏风。主治:自汗、盗汗，以及体虚外感风邪引起的头痛等症<br>###方解::<b>「君」：</b>牡蛎:敛阴潜阳，镇惊安神，固涩止汗<br><b>「臣」：</b>黄芪:益气实卫，固表止汗。君臣相配，止汗力尤优<br><b>「佐」：</b>麻黄根:收涩止汗；小麦:养心阴，益心气，并能清心除烦<br>###注意::①阴虚火旺之盗汗，不宜使用；<br>②亡阳汗出，大汗淋漓，如珠如油者，当速用独参汤或者参附汤益气回阳救脱，忌用本方<br>###特点::治疗卫外不固，阴伤心阳不潜之自汗盗汗常用方
recveFKWJu3P3G,"<div style=""text-align: center; font-size: 24px;""><b>九仙散</b></div>",固涩剂::敛肺止咳剂,"方歌::[[九仙散中罂粟君]],[[参胶梅味共为臣]]。<br>[[款冬贝桑桔佐使]],[[敛肺止咳益气阴]]<br>###组成::[[人参、款冬花、桑白皮、桔梗、五味子、阿胶、乌梅、贝母、罂粟壳]]<br>###主治::[[久咳伤肺，气阴两虚]]证。久咳不已，咳甚则气喘自汗，痰少而黏，脉虚数<br>###功用::[[敛肺止咳，益气养阴]]",用法::上为末，每服三钱，白汤点服，嗽住止后服<br>###加减::①肺肾亏虚而喘甚，呼多吸少，加蛤蚧、胡桃肉；<br>②气虚明显，气短乏力，可加黄芪、西洋参；<br>③阴虚口燥咽干，舌红苔干，酌加麦冬，沙参；<br>④燥热伤肺痰中带血，可加白及、白茅根、仙鹤草<br>###方解::<b>「君」：</b>罂粟壳:善敛肺止咳，蜜制兼润肺<br><b>「臣」：</b>五味子、乌梅:收敛肺气，助君敛肺止咳人参:益气补肺；阿胶:滋阴润肺。合用:补肺气阴<br><b>「佐」：</b>款冬花:化痰止咳，降气平喘；桑白皮:清肺泄热，止咳平喘；贝母:润肺化痰，清热止咳<br><b>「佐使」：</b>桔梗:宣肺祛痰，载药上行<br>###注意::①本方不宜久服，方中罂粟壳原方为重用之品，但其有毒，当慎酌用量，不宜多服久服，当遵嗽住止后服之训；<br>②久咳而内多痰涎，久咳兼有表邪者忌用，以免留邪<br>###特点::治疗久咳伤肺，气阴两虚证常用方
recveFKWJuHh6N,"<div style=""text-align: center; font-size: 24px;""><b>真人养脏汤</b></div>",固涩剂::涩肠固脱剂,"方歌::[[真人养脏诃粟壳]],[[肉蔻当归桂木香]]。<br>[[术芍参甘为涩剂]],[[脱肛久痢早煎尝]]<br>###组成::[[人参、当归、白术、肉豆蔻、肉桂、炙甘草、白芍、药木香、诃子、罂粟壳]]<br>###主治::[[久泻久痢、脾肾虚寒]]证。久泻，或下痢日久，赤白已尽，后重已除，泻痢无度，大便滑脱不禁，甚则脱肛坠下，腹痛喜温喜按，或便下脓血，下痢赤白，脐腹疼痛，里急后重，日夜无度，不思饮食(倦怠食少)，舌淡苔白，脉沉迟细<br>###功用::[[涩肠固脱，温补脾肾]]",用法::上锉为粗末，每服二大钱，水一盏半，煎至八分，去渣，食前温服。忌酒、面、生、冷、鱼腥、油腻<br>###加减::①原书注曰:“如脏腑滑泄夜起久不瘥者，可加炮附子三四片煎服。”<br>②脾肾虚寒、手足不温者，可加附子以温肾暖脾；脱肛坠下者，加升麻、黄芪以益气升陷<br>###方解::<b>「君」：</b>重用罂粟壳:涩肠固脱止泻<br><b>「臣」：</b>诃子:涩肠止泻；肉豆寇:温中散寒，涩肠止泻；共助君药增强涩肠固脱止泻君臣相配，体现“急则治其标”之法<br><b>「佐」：</b>肉桂:益火壮阳散寒，温肾暖脾；人参、白术、炙甘草:益气健脾当归、白芍:养血和血；白芍又治下痢腹痛；当归、白芍、木香:调气和营木香:芳香醒脾导滞，行气止痛，使补而不滞<br><b>「佐使」：</b>炙甘草:①调和诸药；②合芍药缓急止痛<br>###注意::①因罂粟壳有毒，临证慎酌用量且不宜久服；<br>②泄泻，下痢初起，积滞热毒未去者禁用<br>###特点::治疗泻痢日久，脾肾虚寒常用方。体现急则治其标法
recveFKWJuqA3u,"<div style=""text-align: center; font-size: 24px;""><b>四神丸</b></div>",固涩剂::涩肠固脱剂,"方歌::[[四神骨脂吴茱萸]],[[肉蔻五味四般需]]。<br>[[大枣百枚姜八两]],[[五更肾泄火衰扶]]<br>###组成::[[肉豆寇、五味子、补骨脂、吴茱萸、生姜、大枣]]<br>###主治::[[脾肾阳虚之肾泄]]证。五更泄泻，不思饮食，食不消化，或久泻不愈，或腹痛喜温，腰酸肢冷，神疲乏力，舌淡，苔薄白，脉沉迟无力<br>###功用::[[温肾暖脾，固肠止泻]]",用法::上为末，生姜八两，红枣一百枚，煮熟，取枣肉和末丸，如桐子大，每服五七十九，空心或食前白汤下<br>###加减::①久泄中气下陷而见脱肛者:加黄芪、升麻；<br>②脾肾阳虚甚见洞泄无度，畏寒肢冷:加肉桂、附子<br>###方解::<b>「君」：</b>补骨脂:补命门之火以暖脾土<br><b>「臣」：</b>肉豆蔻:温中涩肠<br><b>「佐」：</b>吴茱萸:温脾胃肾散寒；五味子:温敛固涩止泻，固肾益气<br><b>「佐使」：</b>生姜:温胃散寒；大枣:补脾养胃。姜枣同用:补脾胃，助运化<br>###注意::注意临睡前时淡盐汤或白开水送下:若平日服之，至夜药力已尽，不能敌一夜阴寒<br>###特点::命门火衰，火不暖土所致五更泄泻或久泻代表方
recveFKWJu7RIn,"<div style=""text-align: center; font-size: 24px;""><b>桑螵蛸散</b></div>",固涩剂::涩精止遗剂,"方歌::[[桑螵蛸散用龙龟]],[[参茯菖远及当归]]。<br>[[尿频遗尿精不固]],[[滋肾宁心法勿违]]<br>###组成::[[桑螵鞘、人参、茯神、龙骨、龟甲、远志、菖蒲、当归]]<br>###主治::[[心肾两虚]]证。小便频数，或尿如米泔色，或遗尿，或遗精，心神恍惚，健忘，舌淡苔白，脉细弱。<br>###功用::[[调补心肾，涩精止遗]]",用法::上为末，临卧人参汤调下二钱<br>###方解::<b>「君」：</b>桑螵鞘:补肾助阳，固精止遗缩尿<br><b>「臣」：</b>人参:补益心气，安神定志；龙骨:镇心安神，收涩固精；龟甲:滋阴益肾，补血养心<br><b>「佐」：</b>当归:补心血；茯神:宁心安神，使心气下降远志:安神定志，通肾气上达；石菖蒲:开心窍，益心志<br>###注意::①下焦湿热或相火妄动所致之尿频、遗尿或遗精滑泄，非本方所宜。<br>②原方作散剂，各药用量相等，而在服用时，又以人参汤调服，说明人参用量独大，于方中寓意有二:一为益心气以安心神，二为补元气以摄津液。意在增强益气涩精之力<br>###特点::心肾两虚，水火不交证常用方
recveFKWJuTNUe,"<div style=""text-align: center; font-size: 24px;""><b>金锁固精丸</b></div>",固涩剂::涩精止遗剂,"方歌::[[金锁固精芡实研]],[[莲须龙牡沙苑填]]。<br>[[莲粉糊丸盐汤下]],[[肾虚精滑此方先]]<br>###组成::[[「沙苑蒺」、藜芡、实莲须、龙骨、煅牡蛎、莲子]]<br>###主治::[[肾虚不固之遗精]]。遗精滑泄，腰痛耳鸣，四肢酸软，神疲乏力，舌淡苔白，脉细弱<br>###功用::[[补肾涩精]]",用法::莲子粉糊为丸，盐汤下
recveFKWJunwHM,"<div style=""text-align: center; font-size: 24px;""><b>缩泉丸</b></div>",固涩剂::涩精止遗剂,"方歌::[[缩泉丸治小便频]],[[膀胱虚寒遗尿斟]]。<br>[[乌药益智各等分]],[[山药糊丸效更珍]]<br>###组成::[[天台、乌药、「益智仁」、山药]]<br>###主治::[[下元虚寒之小便频数]]证。小便频数或遗尿不止，舌淡，脉沉弱<br>###功用::[[温肾祛寒，缩尿止遗]]",用法::上为末，酒煎山药末为糊，丸桐子大，每服七十丸，盐、酒或米饮下
recveFKWJuVUDb,"<div style=""text-align: center; font-size: 24px;""><b>固冲汤</b></div>",固涩剂::固前止带剂,"方歌::[[固冲汤中用术芪]],[[龙牡芍萸茜草施]]。<br>[[倍子海蛸棕榈炭]],[[崩中漏下总能医]]<br>###组成::[[山萸肉、煅龙骨、煅牡蛎、白术、生黄芪、白芍、棕榈炭、五倍子、海螵鞘、茜草]]<br>###主治::[[脾肾两虚，冲脉不固]]证。血崩或月经过多，或漏下不止，色淡质稀，头晕肢冷，心悸气短，神疲乏力，腰膝酸软，舌淡，脉细弱<br>###功用::[[固冲摄血，益气健脾(固冲摄血，补脾益肾)]]",用法::水煎服<br>###方解::<b>「君」：</b>白术、黄芪:补气益胃山茱萸:收敛固涩，补益肝肾，调冲任(一说山茱萸为臣药)<br><b>「臣」：</b>生白芍:养血敛阴；龙骨、牡蛎:助君固涩滑脱，收涩止血<br><b>「佐」：</b>棕榈炭、五倍子:收敛止血；海螵蛸、茜草:固涩化瘀止血<br>###特点::脾肾亏虚，冲脉不固的崩漏，月经过多常用方
recveFKWJu6t1X,"<div style=""text-align: center; font-size: 24px;""><b>固经丸</b></div>",固涩剂::固前止带剂,"方歌::[[固经丸用龟板君]],[[黄柏椿皮香附群]]。<br>[[黄芩芍药酒丸服]],[[漏下崩中色黑殷]]<br>###组成::[[黄芩、「白芍」、「龟板」、黄柏、椿根皮、香附、香附、酒]]<br>###主治::[[阴虚血热之崩漏]]。月经过多(经水过期不止，或下血量过多)，或崩中漏下，血色深红或紫黑稠黏，手足心热，腰膝酸软，或小腹疼痛，舌红，脉弦数<br>###功用::[[滋阴清热，固经止血]]",用法::上为末，酒糊丸，如梧桐大。每服五十丸，空心温酒或白汤下<br>###方解::<b>「君」：</b>龟板滋养肝肾，潜阳制火(益肾滋阴而降火)；白芍敛阴益血以养肝。二药合用，肝肾同补<br><b>「臣」：</b>黄芩清热泻火止血；黄柏泻火坚阴，既助黄芩以清热，又助龟板以降火<br><b>「佐」：</b>椿根皮苦涩而凉，固经止血。又恐寒凉太过，止血留瘀，故用少量辛苦微温之香附行气以助活血，并有调经之效。诸药合用，使阴血得养，火热得清，气血调畅，诸症自愈
recveFKWJuOX4S,"<div style=""text-align: center; font-size: 24px;""><b>易黄汤</b></div>",固涩剂::固前止带剂,"方歌::[[易黄白果与芡实]],[[车前黄柏加山药]]。<br>[[脾肾两虚湿热带]],[[补脾益肾清祛湿]]<br>###组成::[[「山药」、「芡实」、黄柏、车前子、白果]]<br>###主治::[[脾肾两虚，湿热带下]]证。带下黏稠量多，色黄如浓茶汁，其气腥秽，食少体倦，腰膝酸软，舌红，苔黄腻，脉濡滑<br>###功用::[[补脾益肾，清热祛湿，收涩止带(固肾止带，清热祛湿)]]",用法::水煎服，连服四剂
recveFKWJuI9al,"<div style=""text-align: center; font-size: 24px;""><b>清带汤</b></div>",固涩剂::固前止带剂,"方歌::[[清带山药与茜草]],[[龙骨牡蛎海螺蛸]]。<br>[[健脾收涩瘀止带]],[[带下赤白清稀好]]<br>###组成::[[生山药、生龙骨、生牡蛎、海螵蛸、茜草]]<br>###主治::[[赤白带下]]。带下赤白，清稀量多，连绵不断，腰酸乏力，舌淡苔白，脉沉细者<br>###功用::[[健脾收涩，化淤止带]]",用法::水煎服
recveFKWJubMHg,"<div style=""text-align: center; font-size: 24px;""><b>越鞠丸</b></div>",理气剂::行气剂,"方歌::[[越鞠丸治六般郁]],[[气血湿痰食火因]]。<br>[[芎苍香附兼栀曲]],[[气畅郁疏痛闷伸]]<br>###组成::[[「香附」、川芎、苍术、神曲、栀子]]<br>###主治::[[气血痰火湿食六郁]]。胸膈满闷，脘腹胀满或疼痛，嗳腐吞酸，恶心呕吐，饮食不消<br>###功用::[[行气解郁]]",用法::上为末，水泛为丸如绿豆大<br>###加减::本方示人以治郁大法，临床使用时可视何郁为重，以调整相应药物之用量。若气郁偏重，可重用香附；血郁偏重，可重用川芎；湿郁偏重，可重用苍术；食郁偏重，可重用神曲；火郁偏重，可重用栀子；痰郁偏重，宜酌加瓜蒌、半夏等以助化痰行滞<br>###方解::<b>「君」：</b>香附行气解郁以治气郁<br><b>「臣佐」：</b>川芎为血中之气药，功善行气活血，以解血郁(既可活血祛瘀治血郁，又可助香附行气解郁)；苍术燥湿运脾，以解湿郁；栀子清热泻火，以解火郁；神曲消食和胃导滞，以解食郁。至于痰郁，多因气滞湿聚而生，或因饮食积滞而致，或因火邪炼液而成，气机流畅，湿祛火清，五郁得解，则痰郁自消，故不另加祛痰药丹溪立方原义:“凡郁皆在中焦”，其治重在调理中焦而升降气机。然临证难得六郁并见，宜“得古人之意而不泥古人之方”，应视何郁为主而调整其君药并加味运用，使方证相符，切中病机。(注:本方又名“芎术丸”)<br>###特点::治六郁证基础方
recveFKWJuHBPI,"<div style=""text-align: center; font-size: 24px;""><b>柴胡疏肝散</b></div>",理气剂::行气剂,"方歌::[[柴胡疏肝香附芎]],[[陈草枳壳白芍从]]。<br>[[疏肝解郁并行气]],[[肝郁气滞兼止痛]]<br>###组成::[[柴胡、香附、枳壳、陈皮、川芎、芍药、炙甘草]]<br>###主治::[[肝气郁滞]]证。胁肋(胀闷)疼痛，胸闷善太息，情志抑郁或易怒，或嗳气，脘腹胀满，脉弦<br>###功用::[[疏肝解郁，行气止痛]]",用法::水一盅半，煎八分，食前服<br>###加减::柴胡疏肝散与木香顺气散均有香附、陈皮、枳壳、炙甘草，具行肝脾之气的作用。但柴胡疏肝散中又用柴胡配伍川芎、芍药，在行气之中兼以理血，治疗肝气郁结兼血行不畅之证；而木香顺气散行气之力大于柴胡疏肝散，又有厚朴、苍术、砂仁既行气又祛湿，治疗气机郁滞兼有脾胃湿阻之证。木香顺气散组成:木香、香附、槟榔、青皮、陈皮、厚朴、苍术、枳壳、砂仁、炙甘草。用法:水二盅，加生姜三片，煎八分，食前服。功用:开郁化滞，行气止痛。主治:气滞不舒，肝胃不和，腹胁胀满或胀痛，胸闷食少，大便不利<br>###方解::<b>「君」：</b>柴胡:调达肝气，疏散郁结<br><b>「臣」：</b>香附:疏肝理气止痛；川芎:疏肝开郁止痛，行气活血。相合:助柴疏肝解郁，行气止痛<br><b>「佐」：</b>陈皮:理气行滞和胃，醋炒入肝；枳壳:理气行滞止痛调中白芍:养血柔肝，缓急止痛，防诸辛香之品耗伤气血<br><b>「佐使」：</b>甘草:①调和药性；②合芍增强缓急止痛<br>###注意::①芳香辛辣，不宜久煎；<br>②易耗气伤阴，不宜久服；<br>③孕妇慎用<br>###特点::治疗肝气郁结代表方
recveFKWJuXlQa,"<div style=""text-align: center; font-size: 24px;""><b>半夏厚朴汤</b></div>",理气剂::行气剂,"方歌::[[半夏厚朴痰气疏]],[[茯苓生姜共紫苏]]。<br>[[加枣同煎名四七]],[[痰凝气滞皆能除]]<br>###组成::[[半夏、厚朴、茯苓、生姜、紫苏叶]]<br>###主治::[[痰气郁结之梅核气]]。咽中如有物阻，咯吐不出，吞咽不下，胸膈满闷，或咳或呕，舌苔白润或白腻，脉弦缓或弦滑<br>###功用::[[行气散结，降逆化痰]]",用法::以水七升，煮取四升，分温四服，日三夜一服<br>###加减::若气郁较甚者，可酌加香附、郁金助行气解郁之功；胁肋疼痛者，酌加川楝子、玄胡索以疏肝理气止痛；咽痛者，酌加玄参、桔梗以解毒散结，宣肺利咽<br>###方解::<b>「君」：</b>半夏:化痰散结，降逆和胃<br><b>「臣」：</b>厚朴:行气开郁，下气除满。二药相配:痰气并治<br><b>「佐」：</b>茯苓:渗湿健脾，增强半夏化痰之力；苏叶:理肺疏肝，协厚朴行气宽胸，开郁散结生姜:宣散水气，降逆止呕，助半夏化痰散结、和胃止呕，并解半夏之毒<br>###注意::阴虚津亏或火旺者，不宜使用<br>###特点::治疗痰气互结之梅核气。方中多辛温苦燥之品，仅适用痰气互结无热者，如见颧红口苦，舌红少苔，属于气郁化火，阴伤津少者，虽具梅核气之特征，亦不宜使用本方
recveFKWJuCQqA,"<div style=""text-align: center; font-size: 24px;""><b>瓜蒌薤白白酒汤</b></div>",理气剂::行气剂,"方歌::[[瓜蒌薤白白酒汤]],[[胸痹胸闷痛难当]]。<br>[[喘息短气时咳唾]],[[难卧当加半夏良]]<br>###组成::[[瓜蒌实、薤白、白酒、]]<br>###主治::[[胸痹]]，胸阳不振，痰气互结证(轻证)。胸中闷痛，甚至胸痛彻背，喘息咳睡，短气，苔白腻，脉沉弦或紧<br>###功用::[[通阳散结，行气祛痰]]",用法::三味同煮，取二升，分温再服<br>###加减::①胸痹痰浊较甚，胸痛彻背，不能安卧，加半夏(瓜蒌薤白半夏汤)；<br>②胸痹气结在胸，胸满而痛，甚或气从胁下上逆抢心，去白酒，加枳实、厚朴、桂枝(枳实薤白桂枝汤)<br>###方解::<b>「君」：</b>瓜蒌:涤痰散结，理气宽胸利膈<br><b>「臣」：</b>薤白:宣通胸阳散结，散寒化痰，行气止痛君臣相合:①散胸寒；②化上焦痰浊；③宣胸阳宽胸；为治疗胸痹之要药<br><b>「佐」：</b>白酒:辛散温通，行气活血，增薤白行气通阳之功<br>###特点::胸阳不振，气滞痰阻胸痹基础方
recveFKWJuUGO7,"<div style=""text-align: center; font-size: 24px;""><b>枳实薤白桂枝汤</b></div>",理气剂::行气剂,"方歌::[[枳实薤白桂枝汤]],[[厚蒌合治胸痹方]]。<br>[[胸阳不振痰气结]],[[通阳散结下气强]]<br>###组成::[[瓜蒌实、薤白、桂枝、厚朴、枳实]]<br>###主治::[[胸阳不振，痰气互结之胸痹]]。胸满而痛，(甚或胸痛彻背，喘息咳唾，短气)，心中痞气，气从胁下上逆抢心，舌苔白腻，脉沉弦或紧<br>###功用::[[通阳散结，祛痰下气]]",用法::以水五升，先煮枳实、厚朴，取二升，去滓，内诸药，煮数沸，分温三服<br>###加减::①寒重者:酌加干姜、附子；<br>②气滞重者:加重厚朴、枳实用量；<br>③痰浊重者:酌加半夏、茯苓<br>###方解::<b>「君」：</b>瓜蒌:涤痰散结，开胸通痹；薤白:通阳散结，化痰散寒<br><b>「臣」：</b>枳实:下气破结，消痞除满；厚朴:燥湿化痰，下气除满二药同用:共助君药宽胸散结、下气除满、通阳化痰<br><b>「佐」：</b>桂枝:主以降逆平冲，合薤白、枳实则通阳散寒散结
recveFKWJuC5eC,"<div style=""text-align: center; font-size: 24px;""><b>天台乌药散</b></div>",理气剂::行气剂,"方歌::[[天台乌药木苗香]],[[巴豆制楝青槟姜]]。<br>[[行气疏肝散寒痛]],[[寒疝腹痛是良方]]<br>###组成::[[天台乌药、木香、茴香、青橘皮、槟榔、高良姜、川楝子、巴豆、酒]]<br>###主治::1.[[寒凝气滞]]证。小肠疝气，少腹痛引睾丸，偏坠肿胀，舌淡苔白，脉弦<br>2.妇女痛经，瘕聚等属寒凝气滞者<br>###功用::[[行气疏肝，散寒止痛]]",用法::上八味，先将巴豆微打破，同川楝子用麸炒黑，去巴豆及麸皮不用，合余药共研为末，和匀，每服一钱，温酒送下<br>###加减::①睾丸痛而偏坠肿胀:酌加荔枝核、橘核；<br>②寒甚而下身冷痛:酌加肉桂、吴茱萸<br>###方解::<b>「君」：</b>乌药:行气疏肝，散寒止痛；“气雄性温，故快气宣通，疏散凝滞，甚于香附”<br><b>「臣」：</b>青皮:疏肝破气；木香:理气止痛；茴香:暖肝散寒；高良姜:散寒止痛。共助行气疏肝，散寒止痛<br><b>「佐」：</b>槟榔:直达下焦，破坚下气导滞；川楝子:行气止痛散结<br><b>「佐使」：</b>巴豆:①制川楝子苦寒之性；②增行气散结<br>###注意::疝痛属肝肾阴虚气滞或兼热者本方忌用<br>###特点::寒凝肝脉所致疝痛
recveFKWJu7kAX,"<div style=""text-align: center; font-size: 24px;""><b>暖肝煎</b></div>",理气剂::行气剂,"方歌::[[暖肝煎中茯杞归]],[[茴沉乌药姜肉桂]]。<br>[[下焦虚寒疝气痛]],[[温补肝肾此方推]]<br>###组成::[[肉桂、小茴香、乌药、沉香、茯苓、当归、枸杞子、生姜]]<br>###主治::[[肝肾不足，寒滞肝脉]]证。睾丸冷痛，或小腹疼痛，疝气，畏寒喜暖，舌淡苔白，脉沉迟<br>###功用::[[温补肝肾，行气止痛]]",用法::水一盅半，加生姜三五片，煎七分，食远温服<br>###加减::如寒甚者，加吴茱萸、干姜，再甚者加附子<br>###方解::<b>「君」：</b>肉桂:温肾暖肝，散寒止痛；小茴香:暖肝散寒，理气止痛<br><b>「臣」：</b>当归:养血补肝；枸杞子:补益肝肾。二药养血补益肝肾乌药、沉香:行气散寒止痛<br><b>「佐」：</b>茯苓:渗湿健脾；少加生姜:温散寒凝，增强止痛<br>###注意::疝气郁热者，本方禁用；因湿热下注，阴囊红肿热痛者，切不可误用
recveFKWJuuyFi,"<div style=""text-align: center; font-size: 24px;""><b>枳实消痞丸(失笑丸)</b></div>",理气剂::行气剂,"方歌::[[枳实消痞四君全]],[[麦芽夏曲朴姜连]]。<br>[[消积除满又和胃]],[[脾虚气滞寒热结]]<br>###组成::[[黄连、干生姜、炙甘草、麦芽曲、白茯苓、白术、人参、半夏曲、厚朴、枳实]]<br>###主治::[[脾虚气滞，寒热互结]]证。心下痞满，不欲饮食，倦怠乏力，大便不畅，苔腻而微黄，脉弦<br>###功用::[[行气消痞，健脾和胃]]",用法::上为细末，汤浸蒸饼为丸，如梧桐子大小。每服五七十九，白汤下，食远服<br>###加减::①脾虚甚者:重用人参、白术；<br>②脘腹胀满重者:可加陈皮、木香；<br>③偏寒者:减黄连，加重干姜用量，或再加高良姜、肉桂等<br>###方解::<b>「君」：</b>枳实:行气消痞<br><b>「臣」：</b>厚朴:行气除满，助君消痞。君臣合用:增强行气消痞之效<br><b>「佐」：</b>黄连:清热燥湿除痞；半夏曲:降逆和胃，散结开痞；干姜:温中祛寒散痞三药:辛开苦降，寒热并调，助枳朴行气开痞麦芽:消食和胃；人参、白术、茯苓、炙甘草:补中健脾祛湿<br><b>「佐使」：</b>炙甘草:益气和中，调和诸药<br>###特点::又称失笑丸。本方由枳术汤、半夏泻心汤、四君子汤三方加减而成，体现辛开苦降。本证所治痞满为脾胃虚弱，升降失司，寒热互结，气壅湿聚所致
recveFKWJu86lY,"<div style=""text-align: center; font-size: 24px;""><b>金铃子散</b></div>",理气剂::行气剂,"方歌::[[金铃子散止痛方]],[[玄胡酒调效更强]]。<br>[[疏肝清热行气血]],[[心腹胸胁痛经良]]<br>###组成::[[「金铃子(即川楝子)」、延胡索、酒]]<br>###主治::[[肝郁化火]]证。心胸腹胁肋脘腹诸痛，或痛经，或疝痛，时发时止，口苦，舌红苔黄，脉弦数。<br>###功用::[[疏肝清热，活血止痛]]",用法::上为末，每服二三钱，酒调下，温汤亦可
recveFKWJu8tNr,"<div style=""text-align: center; font-size: 24px;""><b>厚朴温中汤</b></div>",理气剂::行气剂,"方歌::[[厚朴温中陈草苓]],[[干姜草蔻木香停]]。<br>[[煎服加姜治腹痛]],[[虚寒胀满用皆灵]]<br>###组成::[[「厚朴」、陈皮、炙甘草、茯苓、草豆蔻仁、木香、干姜、生姜]]<br>###主治::[[脾胃气滞寒湿]]证。脘腹胀满或疼痛，不思饮食，四肢倦怠无力，舌苔白腻，脉沉弦。<br>###功用::[[行气除满，温中燥湿]]",用法::合为粗散，每服五钱匕，水二盏，加生姜三片，煮至一盏，去滓，食前温服。忌一切冷物
recveFKWJu92jw,"<div style=""text-align: center; font-size: 24px;""><b>加味乌药汤</b></div>",理气剂::行气剂,"方歌::[[加味乌药汤砂仁]],[[香附木香乌药伦]]。<br>[[延胡甘草生姜入]],[[经前胀痛效堪珍]]<br>###组成::[[乌药、缩砂、木香、延胡索、「香附」、甘草、生姜]]<br>###主治::[[肝郁气滞之痛经]]。经前或月经初行时少腹胀痛，胀甚于痛，或胸胁乳房胀痛，舌淡苔薄白，脉弦紧<br>###功用::[[行气活血，调经止痛]]",用法::上细锉，每服七钱，水一盏半，生姜三片，煎至七分，不拘时温服
recveFKWJuQgH0,"<div style=""text-align: center; font-size: 24px;""><b>橘核丸</b></div>",理气剂::行气剂,"方歌::[[橘核丸中川楝桂]],[[朴实延胡藻带昆]]。<br>[[桃仁木通木香合]],[[寒疝顽痛盐酒吞]]<br>###组成::[[「橘核」、海藻、昆布、海带、川楝子、桃仁、厚朴、木通、枳实、延胡索、桂心、木香、盐酒]]<br>###主治::[[寒湿疝气]]。睾丸肿胀偏坠，或坚硬如石，或痛引脐腹，甚则阴囊肿大，轻者时出黄水，重者成脓溃烂<br>###功用::[[行气止痛，软坚散结]]",用法::上为细末，酒糊为丸，如桐子大，每服七十丸，空心温酒盐汤送下<br>###注意::原著曾载:“虚寒甚者，加炮川乌一两；坚胀久不消者，加硇砂二钱，醋煮旋入”
recveFKWJuDZ4c,"<div style=""text-align: center; font-size: 24px;""><b>苏子降气汤</b></div>",理气剂::降气剂,"方歌::[[苏子降气半夏归]],[[前胡桂朴草姜苏]]。<br>[[上实下虚痰嗽喘]],[[集解加沉去肉桂]]<br>###组成::[[紫苏子、半夏、当归、前胡、厚朴、肉桂、炙甘草、生姜、大枣、紫苏叶]]<br>###主治::[[上实下虚之喘咳]]。喘咳痰多，短气，胸膈满闷，呼多吸少，或腰疼脚软，或肢体浮肿，舌苔白滑或白腻，脉弦滑<br>###功用::[[降气平喘，祛痰止咳]]",用法::上为细末，每服二大钱，水一盏半，入生姜二片，枣子一个，苏叶五片，同煮至八分，去滓热服，不拘时候<br>###加减::1.原书注“一方有陈皮去白一两半”。则燥湿祛痰之力增强<br>②.《医方集解》载:“一方无桂，有沉香。”则温肾之力减弱，纳气平喘之力增强。若痰涎壅盛，喘咳气逆难卧者，可酌加沉香以加强其降气平喘之功<br>③.兼气虚者，可酌加人参等益气<br>###方解::<b>「君」：</b>紫苏子:降肺气祛痰，所谓“除喘定嗽，消痰顺气之良剂”<br><b>「臣」：</b>半夏:燥湿化痰降逆；厚朴:下气消痰，降逆平喘，宽胸除满。二药合用:助君药降气祛痰<br><b>「佐」：</b>前胡:降气祛痰，辛散宣通。①增降逆化痰之效；②降中寓宣，复肺气宣降之职肉桂:温肾纳气当归:养血补虚。①助桂心温补下元；②治“咳逆上气”；③兼制半夏、厚朴之辛燥<br><b>「佐使」：</b>生姜、苏叶:散寒宣肺；大枣、甘草:①和中益气；②调和诸药<br>###注意::1.本方药性偏温燥，以降气祛痰为主，对于肺肾阴虚的喘咳以及肺热痰喘之证，均不宜使用<br>②.下元虚甚之喘逆，本方不宜<br>###特点::痰涎壅盛，上实下虚喘咳常用方。上(肺)实下(肾阳)虚“上实”，是指痰涎上壅于肺，使肺气不得宣降，而见胸膈满闷、喘咳痰多“下虚”，是指肾阳虚衰于下，一见腰疼脚弱，二见肾不纳气、呼多吸少、喘逆短气，三见水不化气而致水泛为痰、外溢为肿等
recveFKWJuV48q,"<div style=""text-align: center; font-size: 24px;""><b>定喘汤</b></div>",理气剂::降气剂,"方歌::[[定喘白果与麻黄]],[[款冬半夏白皮桑]]。<br>[[苏杏黄芩兼甘草]],[[风寒痰热喘哮尝]]<br>###组成::[[白果、麻黄、紫苏子、生甘草、款冬花、杏仁、桑白皮、黄芩、法半夏]]<br>###主治::[[风寒外束，痰热内蕴之哮喘]]。哮喘咳嗽，痰多气急，痰稠色黄，或微恶风寒，舌苔黄腻，脉滑数<br>###功用::[[宜降肺气，清热化痰]]",用法::水三盅，煎二盅，作二服，每服一盅，不用姜，不拘时，徐徐服<br>###加减::①无表证者:麻黄用量可减，或用炙麻黄；<br>②痰稠难出:加全瓜蒌、胆南星；<br>③胸闷较甚:加枳壳、厚朴；<br>④肺热较甚:宜入石膏、金荞麦、鱼腥草等<br>###方解::<b>「君」：</b>麻黄:宣肺平喘，疏散风寒；白果:敛肺定喘，祛痰止咳二药合用:①增强平喘之功；②防宣肺耗气；③防敛肺留邪<br><b>「臣」：</b>桑白皮:泻肺平喘；黄芩:清肺泻热。二药合用:消内蕴之痰热<br><b>「佐」：</b>苏子、杏仁、半夏、款冬花:降气化痰，平喘止咳，共助君、臣药祛痰平喘<br><b>「佐使」：</b>生甘草:①调和诸药；②止咳<br>###注意::本方主要用于素体痰多，复感风寒，致肺气壅闭，而见哮喘咳嗽，痰多气急之证。若新感风寒，虽恶寒发热，无汗而喘，但内无痰热，或肺肾不足之虚喘，本方不宜使用
recveFKWJutIt5,"<div style=""text-align: center; font-size: 24px;""><b>旋覆代赭汤</b></div>",理气剂::降气剂,"方歌::[[旋覆代赭用人参]],[[半夏姜甘大枣临]]。<br>[[化痰降逆兼益气]],[[和胃痞硬噫能禁]]<br>###组成::[[旋覆花、人参、生姜、代赭石、炙甘草、半夏、大枣]]<br>###主治::[[胃虚痰阻气逆]]证。心下痞硬，噫气不除，或纳差、反胃、呕逆、恶心，甚或呕吐，或吐涎沫，舌淡苔白滑，脉弦而虚(缓或滑)。原书用于“伤寒发汗，若吐若下，解后，心下痞硬，噫气不除者”。后世用治胃气虚寒之反胃，呕吐涎沫，以及中焦虑痞而善嗳气<br>###功用::[[降逆化痰，益气和胃]]",用法::以水一斗，煮取六升，去滓，再煮取三升，温服一升，日三服<br>###加减::①胃气不虚，可去人参、大枣，加重代赭石用量；<br>②痰多苔腻:加茯苓、陈皮；<br>③腹胀较甚:加枳实、厚朴；<br>④脾寒，腹痛喜温:加干姜、吴茱萸；<br>⑤内有蕴热:加黄连、竹茹<br>###方解::<b>「君」：</b>旋覆花:下气化痰，降逆止噫<br><b>「臣」：</b>代赭石:质重而沉降，善镇冲逆，降逆止呃止呕，下气消痰，但味苦气寒，故用量小而为臣；半夏:祛痰散结，降逆和胃生姜(五两):①温中散寒，降逆和胃止呕止噫；②宣散水气以助消痰祛浊；③制约代赭石之沉寒，使其镇逆而不伐胃<br><b>「佐」：</b>人参、大枣、炙甘草:甘温益气，健脾养胃(人参:益气补虚；灸草:温益中气，扶助已伤中气；大枣:养胃补脾)<br><b>「佐使」：</b>炙甘草:①益气健胃；②调和药性<br>###注意::中焦虚寒或胃虚甚者，代赭石用量不宜大<br>###特点::胃虚痰阻气逆之常用方；生姜:旋覆花:代赭石=<br>⑤:<br>③:1
recveFKWJuf8Cx,"<div style=""text-align: center; font-size: 24px;""><b>橘皮竹茹汤</b></div>",理气剂::降气剂,"方歌::[[橘皮竹茹治呕逆]],[[人参甘草枣姜益]]。<br>[[胃虚有热失和降]],[[久病之后更相宜]]<br>###组成::[[橘皮、竹茹、生姜、甘草、人参、大枣、]]<br>###主治::[[胃虚有热，气逆不降]]。呃逆或干呕，虚烦少气，口干，舌红嫩，脉虚数<br>###功用::[[降逆止呃，益气清热]]",用法::上六味，以水一斗，煮取三升，温服一升，日三服<br>###方解::<b>「君」：</b>橘皮:行气和胃止呃；竹茹:清热安胃止呕。二药相伍:降逆止呃，清热安胃<br><b>「臣」：</b>生姜:和胃止呕，助君药降胃逆；人参:益气补中，与橘皮相合则行中有补<br><b>「佐」：</b>甘草、大枣:益气健脾养胃，合人参补中以复胃气之虚<br><b>「佐使」：</b>甘草:①益气补脾和胃；②调和药性<br>###注意::本方为《金匮》橘皮竹茹汤。《金匮》橘皮竹茹汤、《济生》橘皮竹茹汤和新制橘皮竹茹汤均配伍橘皮、竹茹和生姜以降逆止呕、和胃清热，治疗胃热呃逆。但《金匮》橘皮竹茹汤配伍人参、大枣、甘草以补脾和胃，治疗胃虚有热之呃逆。《济生》橘皮竹茹汤则配伍半夏、茯苓、枇杷叶降逆止呕、祛痰，人参、甘草益气和胃，治疗胃虚有热、痰浊阻滞之呃逆。此方组成:赤茯苓、橘皮、枇杷叶、麦门冬、青竹茹、半夏各一两，人参、炙甘草各半两。功用:降逆止呕，和胃清热。主治:胃热多渴，呕哕不食。新制橘皮竹茹汤则配伍柿蒂专于降逆止呕，治疗胃热呕吐或呃逆等病证。此方组成:橘皮三钱，竹茹三钱，柿蒂七枚，姜汁三茶匙。功用:清化痰热，和胃降逆。主治:阳明湿温，气壅发哕者
recveFKWJuJyK2,"<div style=""text-align: center; font-size: 24px;""><b>四磨汤</b></div>",理气剂::降气剂,"方歌::[[四磨汤治七情侵]],[[人参乌药及槟沉]]。<br>[[浓磨煎服调滞气]],[[实者枳壳易人参]]<br>###组成::[[人参、槟榔、沉香、「天台乌药」]]<br>###主治::[[肝郁气逆证]]。胸膈胀闷，上气喘急，心下痞满，不思饮食，苔白脉弦<br>###功用::[[行气降逆，宽胸散结]]",用法::上各浓磨水，和作七分盏，煎三五沸，放温服，或下养正丹尤佳<br>###加减::体壮气实而气结较甚，大怒暴厥，心腹胀痛，可去人参，加枳壳行气破结。四磨汤与五磨饮子、六磨饮子均为行气降逆之剂，故三方均以乌药行气解郁，配以沉香、槟榔下气降逆。但四磨饮子配伍人参培补正气，攻补兼施，五磨饮子则配以木香、枳实增强其行气之功。功用:行气降逆，宽胸散结。主治:七情郁结，脘腹胀满，或走注攻冲，以及暴怒暴死之气厥证。而六磨饮子则在五磨饮子基础上，伍用大黄兼以泄热通便。功用:行气降逆，通便导滞。主治:气滞腹胀，胁腹痞满或腹中胀痛，大便秘结，纳食减少，舌苔薄腻，脉弦
recveFKWJugzWL,"<div style=""text-align: center; font-size: 24px;""><b>桃核承气汤</b></div>",理血剂::活血祛瘀剂,"方歌::[[桃核承气五般奇]],[[甘草硝黄并桂枝]]。<br>[[瘀热互结小腹胀]],[[蓄血如狂最相宜]]<br>###组成::[[桃仁、大黄、桂枝、芒硝、炙甘草]]<br>###主治::[[下焦蓄血]]证。少腹急结，小便自利，神志如狂，甚则烦躁谵语，至夜发热；以及血瘀经闭，痛经，脉沉实而涩者<br>###功用::[[逐瘀泻热(破血下瘀)]]",用法::上四味，以水七升，煮取二升半，去滓，内芒硝，更上火，微沸，下火，先食，温服五合，日三服，当微利<br>###加减::①若用于月经不调瘀滞较甚，兼痛经者:加延胡索、五灵脂；<br>②闭经:加牛膝、当归、川芎；<br>③恶露不下:加五灵脂、蒲黄；<br>④上部瘀热之头痛头胀，面红目赤，吐衄者:加牛膝、生地、牡丹皮、白茅根<br>###方解::<b>「君」：</b>桃仁:破血祛瘀；大黄:下瘀泻热。二者合用，直达病所，瘀热并治<br><b>「臣」：</b>桂枝:①通行血脉；②助桃破血祛瘀；③防寒药遏邪凝淤之弊芒硝:①咸寒泻热软坚；②助大黄攻逐瘀热<br><b>「佐使」：</b>炙甘草:①益气护胃和中；②缓诸药峻烈，使祛瘀不伤正<br>###注意::①先食，温服:使药力下行；<br>②服后当微利，使蓄血除，瘀热清，邪有出路；<br>③表证未解先解表，再用本方；<br>④孕妇忌用，体虚者慎用<br>###特点::逐瘀泻热代表方。调胃承气汤减芒硝量，加桃仁、桂枝而成
recveFKWJuZDSO,"<div style=""text-align: center; font-size: 24px;""><b>血府逐瘀汤</b></div>",理血剂::活血祛瘀剂,"方歌::[[血府当归生地桃]],[[红花甘草壳赤芍]]。<br>[[柴胡芎桔牛膝等]],[[血化下行不作痨]]<br>###组成::[[桃仁、红花、当归、生地、川芎、半赤芍、牛膝、桔梗、半柴胡、枳壳、甘草]]<br>###主治::[[胸中血瘀]]证。胸痛，头痛，日久不愈，痛如针刺而有定处，或呃逆日久不止，或饮水即呛，干呕，或内热瞀闷，或心悸怔忡，失眠多梦，急躁易怒，入暮潮热，唇暗或两目暗黑，舌质暗红或有瘀斑、瘀点，脉涩或弦紧<br>###功用::[[活血祛瘀，行气止痛]]",用法::水煎服<br>###加减::1.血府逐瘀汤、通窍活血汤、会厌逐瘀汤、膈下逐瘀汤、少腹逐瘀汤、身痛逐瘀汤等各方皆为王清任创制的活血化瘀名方，六方或配以桃仁、红花，或伍以赤芍、当归为基础加减组成，都有活血祛瘀止痛作用，主治瘀血所致的病证。<br>②.会厌逐瘀汤组成:桃仁、红花、甘草、桔梗、生地、当归、玄参、柴胡、枳壳、赤芍。功用:活血化瘀，散结利咽。主治:会厌瘀血证。症见呃逆，慢喉喑，喉痹等属气滞血瘀者<br>###方解::<b>「君」：</b>桃仁:破血行滞润燥；红花:活血祛瘀止痛<br><b>「臣」：</b>赤芍、川芎:助君活血祛瘀；牛膝:性善下行，通血脉，引瘀血下行<br><b>「佐」：</b>生地黄:①清热凉血，滋阴养血；②合归滋养阴血，祛瘀不伤正；③合赤芍清热凉血，除瘀热(生地、当归养血益阴，清热活血)桔梗、枳壳:①桔梗开宣肺气，载药上行；②桔梗合枳壳一升一降，宽胸行气柴胡:疏肝理气，升达清阳。合桔梗、枳壳理气行滞助血行<br><b>「使」：</b>甘草:调和诸药<br>###特点::桃红四物汤加四逆散(枳实易为枳壳，白芍易为赤芍，熟地黄易为生地黄)+牛膝、桔梗
recveFKWJuY5GM,"<div style=""text-align: center; font-size: 24px;""><b>通窍活血汤</b></div>",理血剂::活血祛瘀剂,"方歌::[[通窍全凭好麝香]],[[桃红大枣老葱姜]]。<br>[[川芎黄酒赤芍药]],[[表里通经第一方]]<br>###组成::[[赤芍川芎、桃仁红花、老葱三根鲜姜、红枣、麝香黄酒]]<br>###主治::[[头面瘀阻]]证。瘀阻头面之头痛昏晕，或耳聋年久，或头发脱落，面色青紫，或酒渣鼻，或白癜风，以及妇女干血痨、小儿疳积见肌肉消瘦、腹大青筋、皮毛憔悴、潮热，舌暗红，或有瘀斑、瘀点<br>###功用::[[活血通窍]]",用法::前七味煎一盅，去滓，将麝香入酒内，再煎二沸，临卧服
recveFKWJuCRp7,"<div style=""text-align: center; font-size: 24px;""><b>膈下逐瘀汤</b></div>",理血剂::活血祛瘀剂,"方歌::[[膈下逐瘀桃牡丹]],[[赤芍乌药元胡甘]]。<br>[[归芎灵脂红花壳]],[[香附开郁血亦安]]<br>###组成::[[炒五灵脂、当归、川芎、桃仁、丹皮赤芍乌药、元胡、甘草、香附钱半红花、枳壳]]<br>###主治::[[膈下瘀血]]证。症见隔下瘀血，形成结块，或小儿痞块，肚大青筋，或肚腹疼痛，痛处不移，或卧则腹坠似有物者，舌黯红或有瘀斑，脉弦<br>###功用::[[活血祛瘀，行气止痛]]",用法::水煎服
recveFKWJutS6z,"<div style=""text-align: center; font-size: 24px;""><b>少腹逐瘀汤</b></div>",理血剂::活血祛瘀剂,"方歌::[[少腹逐瘀芎炒姜]],[[元胡灵脂芍茴香]]。<br>[[蒲黄肉桂当没药]],[[调经止痛是良方]]<br>###组成::[[小茴香、炒干姜、元胡、没药、当归、川芎、官桂、赤芍、生蒲黄、炒灵脂]]<br>###主治::[[少腹寒凝血瘀]]证。症见少腹瘀血积块疼痛或不痛，或痛而无积块，或少腹胀满，或经期腰酸，少腹作胀，或月经一月见三五次，接连不断，断而又来，其色或紫或黑，或有瘀块，或崩漏兼少腹疼痛，或瘀血阻滞，久不受孕，舌暗苔白，脉沉弦而涩<br>###功用::[[活血祛瘀，温经止痛]]",用法::水煎服
recveFKWJutfAz,"<div style=""text-align: center; font-size: 24px;""><b>身痛逐瘀汤</b></div>",理血剂::活血祛瘀剂,"方歌::[[身痛逐瘀膝地龙]],[[香附羌秦草归芎]]。<br>[[黄芪苍柏量加减]],[[要紧五灵桃没红]]<br>###组成::[[秦艽、川芎、桃仁红花、甘草、羌活、没药、当归、炒灵脂、香附、牛膝、地龙=]]<br>###主治::[[瘀血痹阻经络]]证。肩痛、臂痛、腰痛、腿痛，或周身疼痛，痛如针刺，经久不愈<br>###功用::[[活血行气，祛瘀通络，通痹止痛]]",用法::水煎服
recveFKWJuuRwH,"<div style=""text-align: center; font-size: 24px;""><b>复元活血汤</b></div>",理血剂::活血祛瘀剂,"方歌::[[复元活血用柴胡]],[[花粉当归山甲入]]。<br>[[桃仁红花大黄草]],[[跌打损伤瘀痛除]]<br>###组成::[[酒制大黄、柴胡、桃仁、当归瓜蒌根(即天花粉)、红花甘草炮山甲]]<br>###主治::[[跌打损伤，胁下瘀血]]证。胁肋瘀肿，痛不可忍<br>###功用::[[活血祛瘀，疏肝通络]]",用法::除桃仁外，锉如麻豆大，每服一两，水一盏半，酒半盏，同煎至七分，去滓，大温服之，食前。以利为度，得利痛减，不尽服<br>###方解::<b>「君」：</b>重用酒制大黄:①活血祛瘀；②引瘀血下行，荡涤凝瘀败血(推陈出新)柴胡:①疏肝行气；②引诸药入肝经两药配合，一升一降，攻散胁下瘀滞<br><b>「臣」：</b>桃仁、红花:活血祛瘀，消肿止痛；穿山甲:破瘀通络，散结消肿<br><b>「佐」：</b>当归:养血和血。瓜蒌根:①助消瘀散结续伤；②清热消肿润燥；③续绝伤，消仆损瘀血<br><b>「使」：</b>甘草:①调和诸药；②缓急止痛加酒煎服，乃增强活血通络之意<br>###注意::①服药以得利为度，得利痛减，不必尽剂，因瘀血已下免伤正气；<br>②虽得利痛减，而病未痊愈，需继续服药者，据证易方或调整原方剂量；<br>③孕妇忌用<br>###特点::跌打损伤，瘀血阻滞常用方。病位在胁下
recveFKWJufOed,"<div style=""text-align: center; font-size: 24px;""><b>温经汤</b></div>",理血剂::活血祛瘀剂,"方歌::[[温经汤用桂黄芎]],[[归芍丹皮姜夏冬]]。<br>[[参草阿胶调气血]],[[暖宫祛瘀在温通]]<br>###组成::[[吴茱萸、桂枝、当归、芍药、阿胶、麦冬、川芎、牡丹皮、人参、半夏、生姜、甘草]]<br>###主治::[[冲任虚寒，瘀血阻滞]]证。漏下日久不止，经血淋漓不畅，血色暗有块，(月经不调)月经或前或后，或一月数行，或逾期不止，或经停不至，或痛经，少腹里急，腹满，或小腹冷痛，唇口干燥，傍晚发热，手心烦热。亦治女子宫冷，久不受孕。舌暗红脉细涩<br>###功用::[[温经散寒，养血祛瘀]]",用法::上十二味，以水一斗，煮取三升，分温三服<br>###加减::《金匮要略》温经汤，《妇人大全良方》温经汤组成中均含有当归、川芎、丹皮、人参、甘草，皆有温经散寒，祛瘀养血之功，可治血海虚寒，瘀血阻滞之证。然《金匮》温经汤配伍吴茱萸、生姜、阿胶、麦冬、白芍等，以温经散寒，养血之功见长；而《良方》温经汤则配以莪术、牛膝，故活血祛瘀止痛之效为强。《妇人大全良方》温经汤:组成有当归、川芎、芍药、肉桂、莪术、牡丹皮、人参、牛膝、甘草，功能温经补虚，化瘀止痛，主治血海虚寒，月经不调，血气凝滞，脐腹作痛，其脉沉紧<br>###方解::<b>「君」：</b>吴茱萸:散寒行气止痛；桂枝:温通血脉。二药配伍，温经散寒，通利血脉<br><b>「臣」：</b>当归、川芎、白芍:活血祛瘀，养血调经；白芍兼能缓急止痛当归配川芎:①助君药温经散寒；②增强活血祛瘀之功牡丹皮:活血祛瘀，清透虚热，善退瘀热；阿胶:养血止血，滋阴润燥麦冬滋阴润燥，兼清虚热，合阿胶滋阴养血，配丹皮清虚热，并制桂萸之温燥<br><b>「佐」：</b>半夏:①通降胃气以散结；②助通冲任，祛瘀下行生姜:温胃助生化，助吴茱萸温经散寒；人参、甘草:益气健脾<br><b>「使」：</b>甘草:①益气健脾；②调和诸药<br>###特点::妇科调经常用方。本方重在温散寒邪，温中寓通，温中寓补，温中寓清
recveFKWJu3LBG,"<div style=""text-align: center; font-size: 24px;""><b>艾附暖宫丸</b></div>",理血剂::活血祛瘀剂,"方歌::[[艾附暖宫艾香附]],[[生地白芍芎吴萸]]。<br>[[川椒官桂芪续断]],[[温经暖宫活血虚]]<br>###组成::[[艾叶、香附、吴茱萸、川芎、炒白芍、黄芪、川椒、续断、生地黄、官桂]]<br>###主治::[[理气补血，暖宫调经]]。用于子宫虚寒，月经不调，经来腹痛，腰酸带下。<br>###功用::[[温经暖宫，养血活血]]",用法::上为细末，上好米醋打糊为丸，如梧桐子大。每服五七十丸，食前淡醋汤送下
recveFKWJukBTE,"<div style=""text-align: center; font-size: 24px;""><b>生化汤</b></div>",理血剂::活血祛瘀剂,"方歌::[[生化汤宜产后尝]],[[归芎桃草酒炮姜]]。<br>[[恶露不行少腹痛]],[[温养活血最见长]]<br>###组成::[[全当归、川芎、桃仁、炮黑干姜、炙甘草、(酒童便)]]<br>###主治::[[血虚寒凝，瘀血阻滞]]。产后恶露不行，小腹冷痛，脉迟细或涩<br>###功用::[[养血活血，温经止痛(化瘀生新)]]",用法::黄酒、童便各半煎服<br>###方解::<b>「君」：</b>重用当归:补血活血，化瘀生新，散寒<br><b>「臣」：</b>川芎:活血行气；桃仁:活血祛瘀<br><b>「佐」：</b>炮姜:入血散寒，温经止痛止血；黄酒:温通血脉而活血助药力童便:①益阴化瘀；②引败血下行<br><b>「佐使」：</b>炙甘草:调和药性，缓急止痛<br>###注意::产后血热有瘀者，或恶露过多，出血不止，甚则汗出气短神疲，本方不宜<br>###特点::女子产后常用方
recveFKWJuMNC6,"<div style=""text-align: center; font-size: 24px;""><b>补阳还五汤</b></div>",理血剂::活血祛瘀剂,"方歌::[[补阳还五赤芍芎]],[[归尾通经佐地龙]]。<br>[[黄芪四两桃红用]],[[补气活血经络通]]<br>###组成::[[生黄芪、归尾、赤芍、半川芎、红花、桃仁、地龙]]<br>###主治::[[气虚血瘀之中风]]。半身不遂，口眼喎斜，语言謇涩，口角流涎，小便频数或遗尿不禁，舌暗淡，苔白，脉缓无力<br>###功用::[[补气活血通络]]",用法::水煎服<br>###加减::生黄芪用量独重，宜先从小量用起，逐渐增量；可适当加活血祛瘀药用量<br>###方解::<b>「君」：</b>黄芪:大补元气，益气助活血通淤<br><b>「臣」：</b>当归尾:①活血通络和血；②化瘀不伤血<br><b>「佐」：</b>川芎、赤芍、桃仁、红花:助当归尾活血祛瘀。地龙:①通经活络；②引药力直达络中<br>###注意::①阴虚血热者忌用；<br>②需久服，方可显效，取效后多需继服，巩固疗效，防止复发<br>###特点::益气活血法代表方。重用生黄芪四两
recveFKWJuoJlF,"<div style=""text-align: center; font-size: 24px;""><b>七厘散</b></div>",理血剂::活血祛瘀剂,"方歌::[[七厘散治跌打伤]],[[血竭红花冰麝香]]。<br>[[乳没儿茶朱砂末]],[[活血散淤止痛良]]<br>###组成::[[朱砂、麝香、冰片、红花、乳香、没药、「血竭」、儿茶]]<br>###主治::[[化瘀消肿，止痛止血]]。用于跌扑损伤，血瘀疼痛，外伤出血。<br>###功用::[[活血散淤，定痛止血。或散淤消肿，定痛止血]]",用法::上为极细末，瓷瓶收贮，黄蜡封口，贮久更妙。治外伤，先以药七厘，烧酒冲服，复用药以烧酒调敷伤处。如金刃伤重，急用此药干掺
recveFKWJutHne,"<div style=""text-align: center; font-size: 24px;""><b>失笑散</b></div>",理血剂::活血祛瘀剂,"方歌::[[失笑灵脂蒲黄同]],[[等量为散酽醋冲]]。<br>[[瘀血停滞心腹痛]],[[祛瘀止痛建奇功]]<br>###组成::[[五灵脂、蒲黄]]<br>###主治::[[瘀血疼痛]]证。心胸或脱腹刺痛，或产后恶露不行，或月经不调，少腹急痛等<br>###功用::[[活血祛瘀，散结止痛]]",用法::先用酽醋调二钱，熬成膏，入水一盏，煎七分，食前热服
recveFKWJu5f4d,"<div style=""text-align: center; font-size: 24px;""><b>桂枝茯苓丸</b></div>",理血剂::活血祛瘀剂,"方歌::[[金匮桂枝茯苓丸]],[[芍药桃仁与牡丹]]。<br>[[等份为末蜜丸服]],[[活血化瘀癥块散]]<br>###组成::[[桂枝、茯苓、牡丹皮、芍药、桃仁、蜂蜜]]<br>###主治::[[瘀血留阻胞宫]]证。妇人素有癥块，妊娠漏下不止，或胎动不安，血色紫黑晦暗，腹痛拒按，或经闭腹痛，或产后恶露不尽而腹痛拒按者，舌质紫暗或有淤点，脉沉涩<br>###功用::[[活血化瘀，缓消癥块]]",用法::上五味，末之，炼蜜为丸，如兔屎大，每日食前服一丸；不知，加至三丸<br>###加减::①本方出自《金匮要略》。<br>②《妇人良方》称本方为夺命丸，用治妇人小产，子死腹中，而见“胎上抢心，闷绝致死，冷汗自出，气促喘满者。”但剂量增大，每次服如弹丸大一丸，而且用醋汤送服，并连进两丸。醋既能收敛，又可化瘀。<br>③《济阴纲目》将本方改汤剂，易名催生汤，改用于妇人临产，见腹痛、腰痛而胞浆已下时服，有催生之力。但本方原为消癥祛瘀之剂，须壮实之人为宜<br>###方解::<b>「君」：</b>桂枝辛甘而温，温通血脉，以行瘀滞<br><b>「臣」：</b>桃仁、丹皮活血破瘀，散结消癥，且漏下之症用行血之品，亦含通因通用之意；丹皮又能凉血以清瘀久所化之热<br><b>「佐」：</b>芍药养血和血，使破瘀而不伤正，并能缓急止痛。丹皮、芍药相配，既可活血以散瘀，又能凉血以清退瘀久所化之热；癥块的形成，与气滞、血瘀、痰结、湿阻密切相关，尤其以瘀血痰湿互结最为多见，配伍茯苓甘淡渗利，渗湿健脾，以消痰利水，配合祛瘀药以助消癥，并健脾益胃，以扶正气<br><b>「使」：</b>以白蜜为丸，取蜜糖之甘缓，并用丸药，“丸者缓也”，以缓和诸破泄药之力。诸药合用，共奏活血化瘀、缓消癥块之功，使瘀化癥消，诸症皆愈<br>###注意::妇女妊娠而有瘀血癥块，只能渐消缓散，不可峻攻猛破，若攻之过急，则易伤胎元。原方对其用量、用法规定甚严，临床使用切当注意。原著十分强调其服法:“如兔屎大，每日食前服一丸，不知，加至三丸。”即应从小剂量开始，不知渐加，使消癥而不伤胎；中病即止，不可久服；正常妊娠下血者慎用；若阴道下血较多，腰酸腹痛较甚者，则非本方所宜
recveFKWJuBgxT,"<div style=""text-align: center; font-size: 24px;""><b>活络效灵丹</b></div>",理血剂::活血祛瘀剂,"方歌::[[活络效灵用丹参]],[[当归乳香没药存]]。<br>[[癥瘕积聚腹中痛]],[[活血祛瘀通络真]]<br>###组成::[[当归、丹参、生明乳香、生明没药、酒]]<br>###主治::[[气血凝滞]]证。心腹疼痛，或腿臂疼痛，或跌打瘀肿，或内外疮疡，以及癥瘕积聚等<br>###功用::[[活血祛瘀，通络止痛]]",用法::上药四味作汤服，若为散，一剂分四次服，温酒送下
recveFKWJumftw,"<div style=""text-align: center; font-size: 24px;""><b>丹参饮</b></div>",理血剂::活血祛瘀剂,"方歌::[[心腹诸痛有妙方]],[[丹参十分做提纲]]。<br>[[檀砂一分聊为佐]],[[活血祛瘀行气彰]]<br>###组成::[[丹参、檀香砂仁]]<br>###主治::[[血瘀气滞之心胃诸痛]]。心胸刺痛，胃脘疼痛，痛有定处，拒按(尤宜于心胃痛偏瘀偏热者)<br>###功用::[[活血祛瘀，行气止痛]]",用法::以水一杯半，煎七分服
recveFKWJur2OG,"<div style=""text-align: center; font-size: 24px;""><b>大黄廑虫丸</b></div>",理血剂::活血祛瘀剂,"方歌::[[大黄廑虫芩芍桃]],[[地黄杏草漆蛴螬]]。<br>[[水蛭虻虫和丸服]],[[祛瘀生新干血疗]]<br>###组成::[[「大黄」、「廑虫」、水蛭、虻虫、蛴螬、干漆、桃仁、黄芩、杏仁、干地黄、芍药、甘草、白蜜]]<br>###主治::[[五劳虚极]]。形体羸瘦，腹满不能饮食，肌肤甲错，两目黯黑，或潮热，妇人经闭不行，舌质紫黯，或边有瘀斑，脉象迟涩<br>###功用::[[活血消癥，祛瘀生新]]",用法::上十二味，末之，炼蜜和丸小豆大，酒饮服五丸，日三服
recveFKWJu5kO2,"<div style=""text-align: center; font-size: 24px;""><b>小蓟饮子</b></div>",理血剂::止血剂,"方歌::[[小蓟饮子藕蒲黄]],[[木通滑石生地襄]]。<br>[[归草栀子淡竹叶]],[[热结血淋服之良]]<br>###组成::[[小蓟、生地黄、蒲黄、藕节、滑石、木通、淡竹叶、山栀子、当归、炙甘草]]<br>###主治::[[热结下焦]]之血淋、尿血。尿中带血，小便频数，赤涩热痛，舌红苔黄，脉数<br>###功用::[[凉血止血，利尿通淋]]",用法::上㕮咀，每服四钱，水一盏半，煎至八分，去滓温服，空心食前服<br>###加减::①灸甘草可改为生甘草，清热泻火；<br>②兼尿道涩痛，加琥珀末；<br>③本方出自《济生方》，录自《玉机微义》。《重订严氏济生方》亦载一“小蓟饮子”，其组成药物与本方相同，唯方中生地黄用量独重为四两，余药皆为半两，故是方当以生地黄为君，则凉血养阴之功较本方为胜<br>###方解::<b>「君」：</b>小蓟:清热凉血止血，利水通淋<br><b>「臣」：</b>生地黄:凉血止血，滋阴清热；藕节、蒲黄:凉血止血，活血化瘀<br><b>「佐」：</b>滑石、木通、竹叶:清热利尿通淋；栀子:清泄三焦火，导湿热下行当归:①养血和血；②与生地相伍:滋阴养血；③引血归经；④防诸药寒凉太过<br><b>「使」：</b>甘草:①缓急止痛；②调药和中<br>###注意::①不宜久服，孕妇忌用；<br>②多属寒凉通利之品，只可用于实热证；<br>③日久兼寒或阴虚火动，或气虚不摄，均不宜用<br>###特点::治疗下焦瘀热所致血淋，尿血。本方为导赤散加小蓟、藕节、蒲黄、滑石、栀子、当归而成
recveFKWJuIoLo,"<div style=""text-align: center; font-size: 24px;""><b>槐花散</b></div>",理血剂::止血剂,"方歌::[[槐花散用治肠风]],[[侧柏荆芥枳壳藏]]。<br>[[清肠止血疏风气]],[[肠风脏毒悉能康]]<br>###组成::[[槐花、柏叶、荆芥、穗枳壳]]<br>###主治::[[风热湿毒塞遏大肠，损伤血络之便血]]。肠风，脏毒，便前出血，或便后出血，或粪中带血，以及痔疮出血，血色鲜红或晦暗，舌红苔黄或腻，脉数或滑<br>###功用::[[清肠止血，疏风理气]]",用法::清米饮调下二钱，空心食前服<br>###加减::①大肠热甚肚门灼热:加黄连、黄柏；<br>②便血量多:荆芥改为荆芥炭，加地榆炭、黄芩炭，棕榈炭<br>###方解::<b>「君」：</b>槐花:①凉血清热止血；②清大肠湿热<br><b>「臣」：</b>侧柏叶:①清热凉血；②燥湿收涩止血<br><b>「佐」：</b>荆芥穗:①止血:止下部出血；②疏风:祛肠中之风；③防凉遏之偏；④疏风理血枳壳:①宽肠行气，气调则血调；②合芥穗消散湿热邪毒<br>###注意::不宜久服；便血属于气虚或阴虚者不宜使用<br>###特点::肠风，脏毒下血常用方
recveFKWJuFeuB,"<div style=""text-align: center; font-size: 24px;""><b>咳血方</b></div>",理血剂::止血剂,"方歌::[[咳血方中诃子收]],[[瓜蒌海粉山栀投]]。<br>[[青黛蜜丸口噙化]],[[肝火犯肺咳血疗]]<br>###组成::[[青黛、山栀子、瓜蒌仁、海粉、诃子、蜜姜汁]]<br>###主治::[[肝火犯肺之咳血]]证。咳嗽有痰，色黄黏稠，痰中带血，咯吐不爽，胸胁作痛，心烦易怒，咽干口苦，面赤便结，舌红苔黄，脉弦数<br>###功用::[[清肝宁肺，凉血止血]]",用法::上为末，以蜜同姜汁为丸，噙化<br>###加减::①原著注曰:“咳甚者，加杏仁去皮尖，后以八珍汤加减调理。”<br>②黛蛤散。组成:青黛、蚌粉。功用:清肝化痰。主治:肝火犯肺，灼津为痰。症见咳嗽，痰多黄稠，或黄白相间，胸胁作痛等<br>###方解::<b>「君」：</b>青黛:清泄肝火，凉血止血；栀子:泻火除烦，清热凉血，炒黑止血<br><b>「臣」：</b>瓜蒌仁:清热化痰，润肺止咳；海粉(现多用海浮石):清肺降火，软坚化痰<br><b>「佐」：</b>诃子:清降敛肺，化痰止咳，收涩止血<br>###注意::肺肾阴虚及脾虚便溏者，本方不宜
recveFKWJuSGDe,"<div style=""text-align: center; font-size: 24px;""><b>黄土汤</b></div>",理血剂::止血剂,"方歌::[[黄土汤中芩地黄]],[[术附阿胶甘草尝]]。<br>[[温阳健脾能摄血]],[[吐衄便崩服之康]]<br>###组成::[[灶心黄土、炮附子、白术、甘草、阿胶、干地黄、黄芩]]<br>###主治::[[脾阳不足，脾不统血]]证。大便下血，或吐血，衄血，妇人崩漏，血色暗淡，四肢不温，面色萎黄，舌淡苔白，脉沉细无力<br>###功用::[[温阳健脾，养血止血]]",用法::上七味，以水八升，煮服三升，分温二服<br>###加减::①气虚甚:加人参、黄芪；<br>②出血量多:加三七、白及、艾叶<br>###方解::<b>「君」：</b>灶心土(伏龙肝):温脾阳且收涩止血<br><b>「臣」：</b>附子:补火助阳；白术:健脾益气；白术、附子:温阳健脾，已复脾土统血之权<br><b>「佐」：</b>阿胶、生地黄:滋养阴血而止血；黄芩:①“治诸失血”；②制诸热药过于温热以防动血<br><b>「佐使」：</b>甘草:益气和中，调和诸药<br>###特点::脾阳不足所致便血或崩漏之常用方。甘苦合用，刚柔互济法
recveFKWJui9yb,"<div style=""text-align: center; font-size: 24px;""><b>十灰散</b></div>",理血剂::止血剂,"方歌::[[十灰散用十般灰]],[[柏荷茅茜棕丹皮]]。<br>[[二蓟栀黄各炒黑]],[[上部出血势能摧]]<br>###组成::[[「大蓟」、「小蓟」、荷叶、柏叶、茅根、茜根、山栀、大黄、牡丹皮、棕榈皮]]<br>###主治::[[血热妄行之上部出血]]证。呕血、吐血、咯血、嗽血、衄血等，血色鲜红，来势急暴，舌红，脉数<br>###功用::[[凉血止血]]",用法::上药各烧灰存性，研极细末，用纸包，碗盖于地一宿，出火毒。用时先将白藕捣汁，或萝卜汁磨京墨半碗，调服五钱，食后服下
recveFKWJuReDQ,"<div style=""text-align: center; font-size: 24px;""><b>胶艾汤</b></div>",理血剂::止血剂,"方歌::[[胶艾汤中四物先]],[[更加炙草一同煎]]。<br>[[调经安胎补止血]],[[冲任虚损崩漏痊]]<br>###组成::[[川芎、「阿胶」、甘草、「艾叶」、当归、芍药、干地黄、清酒]]<br>###主治::[[冲任虚损之出血]]。<br>1.妇人冲任虚损，崩漏下血，月经过多，淋漓不止；<br>2.产后或流产损伤冲任，下血不绝；<br>3.妊娠胞阻，胎漏下血，腹中疼痛(血虚崩漏以及安胎常用方)<br>###功用::[[养血止血，调经安胎]]",用法::以水五升，清酒三升，合煮，取三升，去滓，内胶令消尽，温服一升，日三服。不瘥更作
recveFKWJuPHI7,"<div style=""text-align: center; font-size: 24px;""><b>大秦艽汤</b></div>",治风剂::疏散外风剂,"方歌::[[大秦艽汤羌独防]],[[芎芷辛芩二地黄]]。<br>[[石膏归芍苓甘术]],[[风中经络可煎尝]]<br>###组成::[[秦艽、甘草、川芎、当归、白芍、细辛、石膏、白芷、白术、生地、熟地、独活、羌活、防风、黄芩、白茯苓]]<br>###主治::[[风邪初中经络]]证。口眼咽斜，舌强不能言语，手足不能运动，风邪散见，不拘一经者，或兼恶寒发热，肢节疼痛，苔白或黄，脉浮数或弦细<br>###功用::[[祛风清热，养血活血]]",用法::上十六味，锉。每服一两，水煎，去渣温服，不拘时候，遇阴天，加姜三片<br>###加减::无内热，可去黄芩、石膏，专以祛风养血通络。原著曾载:“如遇天阴，加生姜煎七八片；如心下痞，每两加枳实一钱同煎。”可资参佐<br>###方解::<b>「君」：</b>重用秦艽:祛风散邪清热，通经活络。治风无问久新，通身挛急<br><b>「臣」：</b>羌活、独活、防风、白芷、细辛:祛风散邪，搜风通络<br><b>「佐」：</b>归弯芍熟地:①养血活血(疏风必养血，治风先治血，血行风自灭)；②制诸风药温燥白术、茯苓:益气健脾，化生气血，寓有扶正御风之意生地黄、石膏、黄芩:清郁热，监制风药温散，用以凉血、清热<br><b>「佐使」：</b>甘草:健脾益气，调和诸药<br>###注意::①阴血亏虚者慎用；<br>②口眼喝斜属风中脏腑及内风证忌用本方<br>###特点::六经中风轻者之通剂。生地熟地同用
recveFKWJu2Kju,"<div style=""text-align: center; font-size: 24px;""><b>川芎茶调散</b></div>",治风剂::疏散外风剂,"方歌::[[川芎茶调散荆防]],[[辛芷薄荷甘草羌]]。<br>[[目昏鼻塞风攻上]],[[偏正头痛悉能康]]<br>###组成::[[川芎、荆芥、白芷、羌活、甘草、细辛、防风薄荷叶、清茶]]<br>###主治::[[外感风邪头痛]]。偏头痛或巅顶作痛，或见目眩鼻塞，恶寒发热，舌苔薄白，脉浮<br>###功用::[[疏风止痛]]",用法::上为细末。每服二钱，食后茶清调下。常服清头目<br>###加减::川芎茶调散、菊花茶调散、苍耳子散均可治疗外感风邪头痛。川芎茶调散总体药性偏温，对于外风头痛偏于风寒者较为适宜。菊花茶调散在川芎茶调散基础上加菊花、僵蚕、蝉蜕以疏散风热，清头明目，故对头痛及眩晕而偏于风热者较为适宜。菊花茶调散功用:疏风止痛，清利头目。主治:风热上犯头目之偏正头痛，或颠顶痛，头晕目眩。苍耳子散用辛夷、苍耳子宣通鼻窍，配白芷、薄荷辛散祛风、清利头目，故适用于鼻渊头痛伴有鼻塞、流浊涕者。苍耳子散功用:疏风止痛，通利鼻窍。主治:风邪上攻之鼻渊。症见鼻塞、流浊涕，不辨香臭，前额头痛等<br>###方解::<b>「君」：</b>川芎:辛温香窜，为血中气药，上行头目，为治诸经头痛要药，善于祛风活血止痛，善治少阳、厥阴头痛。<br><b>「臣」：</b>荆芥、薄荷:①辛散上行，以助君药疏风止痛之功；②并能清利头目。薄荷用量独重，以其之凉，可制诸风药之温燥，又能兼顾风为阳邪，易于化热化燥的特点<br><b>「佐」：</b>羌活白芷:疏风止痛；羌活:太阳头痛(后头痛连项部)；白芷:阳明头痛(前额、眉棱骨)细辛:散寒止痛，少阴头痛，宣通鼻窍；防风:疏散上部风邪<br><b>「佐使」：</b>炙甘草:益气和中，调和诸药服时以清茶调下:取其苦寒清上降下之性，合薄荷上清头目，制约诸风药过于温燥与升散<br>###注意::①用量轻，煎煮时间不宜过长，微煎即可；<br>②体虚及阳亢头痛者，均不宜使用本方<br>###特点::治疗风邪头痛常用方。“伤于风者，上先受之”，外风宜散；以巅顶之上，惟风药可到也；疏风要防过于温燥辛散
recveFKWJuEOWu,"<div style=""text-align: center; font-size: 24px;""><b>消风散</b></div>",治风剂::疏散外风剂,"方歌::[[消风散内用荆防]],[[蝉蜕胡麻苦参苍]]。<br>[[石知蒡通归地草]],[[风疹湿疹服之康]]<br>###组成::[[「荆芥」、「防风」、「牛蒡子」、「蝉蜕」、苍术、苦参、石膏、知母、生地、当归、胡麻、木通、甘草]]<br>###主治::[[风疹，湿疹]]。皮肤疹出色红，或遍身云片斑点，瘙痒，抓破后渗出津水，苔白或黄，脉浮数有力<br>###功用::[[疏风养血，清热除湿]]",用法::水二盅，煎至八分，食远服<br>###加减::①如属风热甚者，加银花、连翘以疏风清热解毒；湿热盛者加地肤子、车前子以清热利湿；血分热甚者，加赤芍、紫草以清热凉血。<br>②本方出自《外科正宗》。另《太平惠民和剂局方》也有一消风散。当归饮子和《外科正宗》消风散、《太平惠民和剂局方》消风散均有祛风走表之荆芥、防风，皆有祛风止痒之功，用治风疹、湿疹，皮肤瘙痒等。但《外科正宗》消风散中又伍石膏、知母及苦参、苍术、木通等，清热祛湿之功著，宜于湿热较重者；《太平惠民和剂局方》消风散伍以陈皮、霍香、厚朴等，行气祛湿之力彰，宜于风湿兼有气滞者。组成:荆芥穗，甘草，芎蒡，羌活，白僵蚕，防风，茯苓，蝉壳，藿香，人参，厚朴，陈皮。功用:祛风止痒，健脾除湿。主治:诸风上攻，头目昏痛，项背拘急，肢体烦疼，肌肉蠕动，目眩眩晕，耳啸蝉鸣，眼涩好睡，鼻塞多嚏，皮肤顽麻，瘙痒瘾疹；又治妇人血风，头皮肿痒，眉棱骨痛，眩晕欲倒，痰逆恶心。而当归饮子配以白芍、首乌及黄芪之属，重在养血益气而祛风，故宜于风疹瘙痒日久，气血不足者。功用:养血活血，祛风止痒。主治:血虚有热，风邪外袭。症见皮肤疮疗，或肿或痒，或发赤疹瘙痒<br>###方解::<b>「君」：</b>荆芥、防风、蝉蜕、牛蒡子辛散以达邪，疏风散邪以止痒<br><b>「臣」：</b>苍术祛风除湿，苦参清热燥湿，木通渗利湿热(风湿相搏可导致水液流溢)<br><b>「佐」：</b>石膏、知母清热泻火(风邪易于化热)；当归、生地、胡麻仁以养血活血，滋阴润燥，既补已伤之阴血，且达“治风先治血，血行风自灭”之意，又制约诸药之温燥(风热或风湿浸淫血脉则伤阴血，苦寒渗利之品亦可伤及阴血)<br><b>「使」：</b>生甘草清热解毒，调和诸药。合而用之，共奏疏风养血、清热除湿之功<br>###注意::若风疹属虚寒者，则不宜用。服药期间，应忌食辛辣、鱼腥、烟酒、浓茶等，以免影响疗效
recveFKWJu0S9F,"<div style=""text-align: center; font-size: 24px;""><b>牵正散</b></div>",治风剂::疏散外风剂,"方歌::[[牵正散是杨家方]],[[全蝎僵蛋白附襄]]。<br>[[服用少量热酒下]],[[口眼喎斜疗效彰]]<br>###组成::[[「白附子」、白僵蚕、全蝎、热酒]]<br>###主治::[[风痰阻络]]之口眼喎斜。猝然口眼喎斜，或面肌抽动，舌淡红，苔白<br>###功用::[[祛风化痰，通络止痉]]",用法::上为细末，每服一钱，热酒调下，不拘时候
recveFKWJu12Uu,"<div style=""text-align: center; font-size: 24px;""><b>小活络丹</b></div>",治风剂::疏散外风剂,"方歌::[[小活络丹天南功]],[[二乌乳没加地龙]]。<br>[[寒湿瘀血成痹痛]],[[搜风活血络脉通]]<br>###组成::[[炮「川乌、」炮「草乌、」地龙、炮天南星、乳香没药]]<br>###主治::[[风寒湿痹]]。<br>1.肢体筋脉疼痛，麻木拘挛，关节屈伸不利，疼痛游走不定；<br>2.中风，手足不仁，日久不愈，经络中湿痰瘀血，而见腰腿沉重，或腿臂间作痛。舌淡紫，苔白<br>###功用::[[祛风除湿，化痰通络，活血止痛]]",用法::上为细末，入研药和匀，酒面糊为丸，如梧桐子大，每服二十丸，空心，日午冷酒或荆芥茶下<br>###注意::①本方药性温燥，药力峻猛，以体实气壮者为宜。阴虚有热者及孕妇忌服。且川乌、草乌为有毒之品，不宜过量。<br>②本方体现“留者攻之”“逸者行之”的原则。<br>③本方剂型为丸剂，取“丸者，缓也”。因风寒湿痰瘀血阻于经络，为时日久，虽需峻利之品以搜剔，但亦不宜过于峻猛，否则有形之邪非但不易消散，反而伤正，只宜缓消，是“治之以峻，行之以缓”之理
recveFKWJuwPvr,"<div style=""text-align: center; font-size: 24px;""><b>玉真散</b></div>",治风剂::疏散外风剂,"方歌::[[玉真散治破伤风]],[[牙关紧急角反弓]]。<br>[[星麻白附羌防芷]],[[外敷内服一方通]]<br>###组成::[[「天南星」、防风、白芷、天麻、羌活、「白附子」、酒]]<br>###主治::[[风毒痰阻之破伤风]]。牙关紧急，口撮唇紧，身体强直，角弓反张，甚则咬牙缩舌，脉弦紧<br>###功用::[[祛风化痰，定搐止痉]]",用法::上为细末，每服二钱，用热酒一盅调服。外用适量，敷伤处。若牙关紧急，腰背反张者，每服三钱，用热童便调服<br>###注意::①本方是由《普济本事方》玉真散衍化而来，原方仅南星、防风两味，主治破伤风。《外科正宗》又加入白附子、羌活、白芷、天麻，其祛风化痰解痉之效优于前者。<br>②方中药性偏于温燥，易耗气伤津，破伤风而见津气两虚者，不宜使用；肝经热盛动风者忌用。另外，白附子、天南星均有毒性，用量宜慎，孕妇忌服
recveFKWJuSGbp,"<div style=""text-align: center; font-size: 24px;""><b>羚角钩藤汤</b></div>",治风剂::平息内风剂,"方歌::[[俞氏羚角钩藤汤]],[[桑菊茯神鲜地黄]]。<br>[[贝草竹茹同芍药]],[[肝热生风急煎尝]]<br>###组成::[[羚羊角片、钩藤、桑叶、菊花、生地、白芍、川贝母、竹茹、茯神木、生甘草]]<br>###主治::[[肝热生风证]]。高热不退，烦闷躁扰，手足抽搐，发为痉厥，甚则神昏，舌绛而干，或舌焦起刺，脉弦而数<br>###功用::[[凉肝息风，增液舒筋]]",用法::水煎服<br>###方解::<b>「君」：</b>羚羊角:清肝息风；钩藤:清热平肝，息风解痉。合用增强凉肝息风之力<br><b>「臣」：</b>桑叶、菊花:清热平肝，助君凉肝息风<br><b>「佐」：</b>生地黄:凉血滋阴；白芍:滋阴柔肝；合甘草养阴增液，柔肝舒筋；配君息风止痉川贝、竹茹:清热化痰；茯神木:宁心安神，兼平肝通络<br><b>「佐使」：</b>生甘草和白芍:酸甘化阴，缓急止痉，调和诸药<br>###注意::阴虚及血虚动风者，本方不宜
recveFKWJuXfCP,"<div style=""text-align: center; font-size: 24px;""><b>镇肝熄风汤</b></div>",治风剂::平息内风剂,"方歌::[[镇肝熄风芍天冬]],[[玄牡茵陈赭膝龙]]。<br>[[龟甲麦芽甘草楝]],[[肝风内动有奇功]]<br>###组成::[[怀牛膝、生赭石、生龙骨、生牡蛎、生龟板、生杭芍、玄参、天冬、茵陈、川楝子、生麦芽、甘草]]<br>###主治::[[肝阳上亢，气血上逆之类中风]]。头目眩晕，目胀耳鸣，脑部热痛，心中烦热，面色如醉，或时常噫气，或肢体渐觉不利，口角渐形喎斜；甚或眩晕颠仆，昏不知人，移时始醒；或醒后不能复原，脉弦长有力<br>###功用::[[镇肝息风，滋阴潜阳]]",用法::水煎服<br>###加减::心中热者，加生石膏；痰多者，加胆南星；尺脉重按虚者，加熟地黄、山萸肉；大便不实者，去龟板、代赭石，加赤石脂<br>###方解::<b>「君」：</b>怀牛膝:①引血下行，折其阳亢；②补肝肾<br><b>「臣」：</b>代赭石:①镇肝潜阳降逆；②合牛膝引血下行龟板:滋阴潜阳息风；白芍:养血柔肝缓急；龙骨、牡蛎、龟板、白芍:益阴潜阳镇逆<br><b>「佐」：</b>天冬、玄参:滋阴养液，滋水涵木；天冬:滋肾清热；玄参:滋阴降火，清心凉肝<br><b>「佐使」：</b>茵陈、川楝子、生麦芽:①清泄肝热；②疏肝理气甘草:①合麦芽能养胃和中；②防金石药伤胃；③调和诸药<br>###注意::热极动风者不宜使用；脾胃虚弱者慎用；若属气虚血瘀之中风，则不宜使用本方
recveFKWJuv6N0,"<div style=""text-align: center; font-size: 24px;""><b>天麻钩藤饮</b></div>",治风剂::平息内风剂,"方歌::[[天麻息风钩益桑]],[[栀芩清热决潜阳]]。<br>[[杜膝活血益肝肾]],[[茯神夜交肝风藏]]<br>###组成::[[天麻、钩藤、石决明、栀子、黄芩、川牛膝、杜仲、益母草、桑寄生、夜交藤、朱茯神]]<br>###主治::[[肝阳偏亢，风火上]]扰。头痛，眩晕，失眠，舌红苔黄，脉弦<br>###功用::[[平肝息风，清热活血，补益肝肾]]",用法::水煎服<br>###加减::如病重者，加羚羊角(重症可易生决明为羚羊角，则药力益著)<br>###方解::<b>「君」：</b>天麻、钩藤平肝息风<br><b>「臣」：</b>石决明咸寒质重，平肝潜阳，除热明目，助君平肝息风之力；川牛膝引血下行，兼益肝肾，并能活血利水<br><b>「佐」：</b>杜仲、寄生补益肝肾以治本；栀子、黄芩清肝降火，以折其亢阳；益母草合川牛膝活血利水，以利平降肝阳；亦寓“血行风自灭”之理；夜交藤、朱茯神宁心安神，均为佐药。共奏平肝潜阳，清热息风，补益肝肾，活血宁神之功
recveFKWJufnjV,"<div style=""text-align: center; font-size: 24px;""><b>大定风珠</b></div>",治风剂::平息内风剂,"方歌::[[大定风珠鸡子黄]],[[胶芍三甲五味襄]]。<br>[[麦冬生地麻仁草]],[[滋阴息风是妙方]]<br>###组成::[[生白芍、「阿胶」、生龟板、干地黄、麻仁、五味子、生牡蛎、麦冬、炙甘草、生鸡子黄、生鳖甲]]<br>###主治::[[阴虚风动]]证。温病后期，神倦瘦疯，舌绛苔少，脉气虚弱，有时时欲脱之势<br>###功用::[[滋阴息风]]",用法::上以水八杯，煮取三杯，去滓，入阿胶烊化，再入鸡子黄，搅令相得，分三次服<br>###加减::喘，加人参；自汗者，加龙骨、人参、小麦；悸者，加茯神、人参、小麦。盖喘、悸、自汗，是气虚之证，故加入参以补气生津；龙骨、小麦以止汗；茯神以治悸<br>###方解::<b>「君」：</b>鸡子黄:镇定中焦，滋阴潜阳，交通心肾；阿胶:滋阴补血，治一切风。合用:滋阴息风<br><b>「臣」：</b>白芍:养血柔肝；生地黄:滋阴养液；麦冬:养阴生津白芍、生地、麦冬:滋水涵木，柔肝濡筋<br><b>「佐」：</b>龟板、鳖甲、牡蛎:育阴潜阳，重镇息风；火麻仁:养阴润燥；五味子:敛阴生阴宁神<br><b>「佐使」：</b>甘草:益气安中，合白芍五味子酸甘化阴，兼调和诸药<br>###注意::若阴液亏虚见热盛风动者，本方不宜。“壮火尚盛，不得用定风珠、复脉”<br>###特点::治疗温病后期，真阴大亏，虚风内动之常用方。加减复脉汤加味
recveFKWJuYwi3,"<div style=""text-align: center; font-size: 24px;""><b>阿胶鸡子黄汤</b></div>",治风剂::平息内风剂,"方歌::[[阿胶鸡子黄汤好]],[[地芍钩藤牡蛎草]]。<br>[[决明茯神络石藤]],[[阴虚风动此方保]]<br>###组成::[[「阿胶」、生白芍、石决明、钩藤、生地、炙甘草、生牡蛎、络石藤、茯神、「鸡子黄」]]<br>###主治::[[邪热久羁，阴血不足，虚风内动]]证。筋脉拘急，手足瘦疯，或头目眩晕，舌绛苔少，脉细数<br>###功用::[[滋阴养血，柔肝息风]]",用法::水煎服
recveFKWJuX0Xx,"<div style=""text-align: center; font-size: 24px;""><b>杏苏散</b></div>",治燥剂::轻宣外燥剂,"方歌::[[杏苏散内夏陈前]],[[枳桔苓甘姜枣研]]。<br>[[轻宣温润治凉燥]],[[理肺化痰咳自痊]]<br>###组成::[[苏叶、杏仁、前胡、苦桔梗、枳壳、半夏、橘皮、茯苓、生姜、大枣、甘草]]<br>###主治::[[外感凉燥]]证。头微痛，恶寒无汗，咳嗽痰稀，鼻塞咽干，苔白，脉弦<br>###功用::[[轻宣凉燥，理肺化痰]]",用法::水煎温服<br>###加减::原著曾载:“无汗，脉弦甚或紧者，加羌活，微透汗。汗后咳不止，去苏叶、羌活，加苏梗。兼泄泻腹满者，加苍术、厚朴。头痛兼眉棱骨痛者，加白芷。热甚加黄芩，泄泻腹满者不用。”<br>###方解::<b>「君」：</b>苏叶:发表散邪，开宣肺气；杏仁:降利肺气，润燥止咳化痰<br><b>「臣」：</b>前胡:①疏风透邪，降气化痰；②助苏叶轻宣凉燥，疏风解表；③助杏仁化痰止咳桔梗、枳壳:宣降肺气，理气宽胸，宣利肺气，化痰止咳祛邪<br><b>「佐」：</b>半夏:燥湿化痰；橘皮:理气化痰；茯苓:利湿健脾<br><b>「佐使」：</b>生姜、大枣:调和营卫，滋脾行津液润燥。甘草:①调和诸药；②合桔梗宣肺祛痰利咽<br>###注意::外感温燥证，本方不宜<br>###特点::治疗凉燥代表方。本方虽为治疗外感凉燥而设，但因凉燥乃秋令“小寒”为患，与外感风寒是同一属性的病邪，故临床也常用本方治疗外感风寒咳嗽
recveFKWJuQEx9,"<div style=""text-align: center; font-size: 24px;""><b>清燥救肺汤</b></div>",治燥剂::轻宣外燥剂,"方歌::[[清燥救肺参草杷]],[[石膏胶杏麦胡麻]]。<br>[[经霜收下冬桑叶]],[[清燥润肺效可夸]]<br>###组成::[[桑叶、煅石膏、甘草、人参、胡麻仁、阿胶、麦门、冬杏仁、枇杷叶]]<br>###主治::[[温燥伤肺]]证。头痛身热，干咳无痰，气逆而喘，胸满胁痛，心烦口渴，咽干鼻燥，舌干无苔，脉虚大而数<br>###功用::[[清肺润燥，益气养阴]]",用法::水一碗，煎六分，频频二三次，滚热服<br>###加减::原著曾载:“痰多加贝母、瓜蒌；血枯加生地黄；热甚加犀角、羚羊角，或加牛黄。”本方证治虽属外燥，但温燥伤肺较重，故临证可依肺热及阴伤之程度，调整桑叶、石膏、麦冬等君臣药之用量，不可拘泥，当圆机活法<br>###方解::<b>「君」：</b>桑叶:①轻宣燥热；②清肺止咳；③宣散温燥且不伤阴耗气<br><b>「臣」：</b>石膏:①清泻肺热；②生津止渴除烦。肺为娇脏，清肺不可过于寒凉，故石膏煅用麦冬:养阴润肺。石膏、麦冬:助桑清燥养阴<br><b>「佐」：</b>杏仁、枇杷叶:降泄肺气，止咳平喘；阿胶、胡麻仁:助麦冬润肺养阴人参、甘草:益气养胃，培土生金<br><b>「佐使」：</b>甘草:健脾和药<br>###注意::脾虚或痰湿者，本方不宜
recveFKWJu7scg,"<div style=""text-align: center; font-size: 24px;""><b>桑杏汤</b></div>",治燥剂::轻宣外燥剂,"方歌::[[桑杏汤中象贝宜]],[[沙参栀鼓与梨皮]]。<br>[[身热咽干咳痰少]],[[辛凉甘润燥能医]]<br>###组成::[[「桑叶」、「杏仁」、沙参、象贝、香豉、梨皮、栀皮]]<br>###主治::[[外感温燥轻]]证。头痛，身热不甚，微恶风寒，干咳无痰，或痰少而黏，口渴，咽干鼻燥，舌红，苔薄白而干，脉浮数而右脉大者<br>###功用::[[清宣温燥，润肺止咳(轻宣凉润，清肺止咳)]]",用法::水二杯，煎取一杯，顿服之，重者再作服<br>###方解::<b>「君」：</b>桑叶轻清宣散，长于疏散风热，宣肺清热(清宣燥热，透邪外出)；杏仁苦温润降，功善肃降肺气而止咳(宣利肺气，润燥止咳)<br><b>「臣」：</b>淡豆豉辛凉透散，以助桑叶轻宣发表(轻宣透热)；象贝清化痰热，助杏仁止咳化痰<br><b>「佐」：</b>沙参养阴生津，润肺止咳；梨皮益阴降火，生津润肺(清热润燥，止咳化痰)；栀子皮质轻而寒，入上焦清泄肺热诸药合用，体现辛凉甘润法，共奏清宣温燥、润肺止咳之功<br>###注意::因本方证邪气轻浅，故诸药用量较轻，且煎煮时间也不宜过长，正如原书方后注云:“轻药不得重用，重用必过病所。”本方意在清宣，故药量不宜过重，煎煮时间不宜过长，以体现“治上焦如羽，非轻不举”之法
recveFKWJultyr,"<div style=""text-align: center; font-size: 24px;""><b>沙参麦冬汤</b></div>",治燥剂::轻宣外燥剂,"方歌::[[沙参麦冬玉竹汤]],[[扁豆花粉甘草桑]]。<br>[[清养肺胃生津燥]],[[干咳身热口咽干]]<br>###组成::[[沙参、玉竹、生甘草、冬桑叶、麦冬、生扁豆花粉]]<br>###主治::[[燥伤肺胃阴分]]证。症见咽干口燥，或身热，或干咳，舌红少苔，脉细数<br>###功用::[[清养肺胃，生津润燥]]",用法::水五杯，煮取二杯，日再服。久热久咳者，加地骨皮三钱<br>###注意::吴鞠通称为“甘寒救其津液”之法。重在滋养肺胃之阴，生津以润燥
recveFKWJuTLev,"<div style=""text-align: center; font-size: 24px;""><b>养阴清肺汤</b></div>",治燥剂::滋润内燥剂,"方歌::[[养阴清肺是妙方]],[[玄参草芍冬地黄]]。<br>[[薄荷贝母丹皮人]],[[阴虚白喉急煎尝]]<br>###组成::[[大生地、麦冬、玄参、炒白芍、丹皮、贝母、生甘草、薄荷]]<br>###主治::[[阴虚肺燥之白喉]]。喉间起白如腐，不易拭去，拭则血出，咽喉肿痛，初起或发热或不发热，或咳或不咳，呼吸有声，似喘非喘，鼻干唇燥，舌红，脉数无力或细数<br>###功用::[[养阴清肺，解毒利咽]]",用法::水煎服<br>###加减::①体虚:加大熟地黄，或生熟地黄并用；<br>②热甚:加连翘去白芍；<br>③燥甚:加天冬、茯苓；<br>④表证明显，加桑叶、金银花；<br>⑤热毒重者，加连翘、黄芩<br>###方解::<b>「君」：</b>生地:①滋肾水；②救肺燥；③清热凉血解疫毒<br><b>「臣」：</b>玄参:①清热解毒散结；②助生地黄滋肾阴，启肾水上潮于咽喉麦冬:养阴润肺清热，益胃生津润喉<br><b>「佐」：</b>白芍:①敛阴柔肝，和营泻热；②防木火刑金。牡丹皮:清热凉血，活血消肿贝母:润肺化痰，散结去腐；薄荷:辛凉宣散利咽<br><b>「佐使」：</b>生甘草:解毒利咽，调和诸药<br>###注意::1.白喉忌解表，尤忌辛温发汗。如有内热及发热，不必投表药，照方服去，其热自除<br>②.本方获效后，仍连用数剂，以巩固疗效<br>###特点::治疗阴虚白喉代表方
recveFKWJuFe3d,"<div style=""text-align: center; font-size: 24px;""><b>麦门冬汤</b></div>",治燥剂::滋润内燥剂,"方歌::[[麦门冬汤用人参]],[[枣草梗米半夏存]]。<br>[[肺痿咳逆因虚火]],[[滋养肺胃降逆珍]]<br>###组成::[[麦门冬、半夏、人参、甘草、粳米、大枣]]<br>###主治::1.[[虚热肺痰]]。咳唾涎沫，短气喘促，咽喉干燥不利，舌干红少苔，脉虚数<br>2.[[胃阴不足证]]。还可治疗胃阴虚呕逆证。呕吐，或呃逆，口渴咽干，舌红少苔，脉虚数<br>###功用::[[滋养肺胃，降逆下气]]",用法::上六味，以水一斗二升，煮取六升，温服一升，日三夜一服<br>###加减::①肺痿阴伤甚者:加北沙参、玉竹；<br>②阴虚而见潮热:加桑白皮、地骨皮；<br>③胃阴不足，胃脘灼热而痛:加白芍、川楝子<br>###方解::<b>「君」：</b>重用麦门冬:①养阴生津；②滋肺胃阴润燥；③清肺胃虚热<br><b>「臣」：</b>半夏:降逆下气，化痰和胃。①降逆止咳止呕；②开胃行津润肺；③防麦冬滋腻壅滞人参:健脾补肺(阳生阴长)。人参与麦冬相伍:益气生津半夏、麦冬:半夏降逆下气，化其痰涎，虽属温燥之品，但用量很轻，与大剂麦门冬配伍，则其燥性减而降逆之用存，且能开胃行津以润肺，又使麦门冬滋而不腻，相反相成<br><b>「佐」：</b>粳米、大枣、甘草:补脾养胃，和中滋液，培土生金<br><b>「使」：</b>甘草:①益气和中；②调和诸药<br>###注意::虚寒肺痰者，本方不宜<br>###特点::治疗肺胃阴伤，火逆上气证常用方。体现培土生金、虚则补母之法。寓“去性存用”之意
recveFKWJuKnnY,"<div style=""text-align: center; font-size: 24px;""><b>百合固金汤</b></div>",治燥剂::滋润内燥剂,"方歌::[[百合固金二地黄]],[[玄参贝母甘桔藏]]。<br>[[麦冬芍药当归配]],[[喘咳痰血肺家伤]]<br>###组成::[[熟地、生地、当归身、白芍、玄参、麦冬、百合、贝母、生甘草、桔梗]]<br>###主治::[[肺肾阴虚，虚火上炎]]证。咳嗽气喘，或痰中带血，咽喉燥痛，头晕目眩，午后潮热，舌红少苔，脉细数<br>###功用::[[滋润肺肾，化痰止咳]]",用法::水煎服<br>###方解::<b>「君」：</b>百合:润肺清热止咳。<br><b>「臣」：</b>生地黄:滋阴补肾，清热凉血；熟地黄:益阴养血。生熟地:滋阴清热凉血麦冬:清热养阴，润肺止咳；玄参:滋肾阴，清降虚火，利咽<br><b>「佐」：</b>当归、白芍:养血益阴柔肝，制木之亢；当归兼治“咳逆上气”。贝母:清热润肺，化痰止咳桔梗:宣肺化痰，止咳利咽<br><b>「佐使」：</b>生甘草:①清热泻火；②与桔梗相伍清利咽喉，化痰止咳；③调和诸药<br>###注意::脾虚便溏者，本方不宜<br>###特点::肺肾同治，金水相生，生地熟地同用
recveFKWJugHeL,"<div style=""text-align: center; font-size: 24px;""><b>增液汤</b></div>",治燥剂::滋润内燥剂,"方歌::[[增液汤用玄地冬]],[[无水舟停便不通]]。<br>[[或合硝黄作泻剂]],[[补泄兼施妙不同]]<br>###组成::[[「玄参」、麦冬、细生地]]<br>###主治::[[阳明温病，津亏肠燥]]证。大便秘结，口渴，舌干红，脉细稍数，或沉而无力(津液不足，大便秘结，或下后二三日，下证复现脉沉无力者)<br>###功用::[[增液润燥(滋阴清热，润燥通便)]]",用法::水八杯，煮取三杯，口干令与饮令尽，不便，再作服
recveFKWJuUbU1,"<div style=""text-align: center; font-size: 24px;""><b>益胃汤</b></div>",治燥剂::滋润内燥剂,"方歌::[[益胃汤能养胃阴]],[[冰糖玉竹与沙参]]。<br>[[麦冬生地同煎服]],[[养阴益胃此方珍]]<br>###组成::[[沙参、「麦冬」、冰糖、「细生地」、玉竹、]]<br>###主治::[[胃阴不足]]证。胃肮灼热隐痛，饥不欲食，口干咽燥，大便干结，或干呕、呃逆，舌红少津，脉细数<br>###功用::[[养阴益胃]]",用法::水五杯，煮取二杯，分二次服，渣再煮一杯服
recveFKWJusnkV,"<div style=""text-align: center; font-size: 24px;""><b>玉液汤</b></div>",治燥剂::滋润内燥剂,"方歌::[[玉液山药芪葛根]],[[花粉知味鸡内金]]。<br>[[消渴口干溲多数]],[[补脾固肾益气阴]]<br>###组成::[[「生山药」、「生黄芪」、知母、葛根、五味子、天花粉、生鸡内金]]<br>###主治::[[气阴亏虚之消渴]]。口渴引饮，饮水不解，小便频数量多，或小便浑浊，困倦气短，舌嫩红而干，脉虚细无力<br>###功用::[[益气滋阴，固肾生津，润燥止渴]]",用法::水煎服
recveFKWJuXyhu,"<div style=""text-align: center; font-size: 24px;""><b>琼玉膏</b></div>",治燥剂::滋润内燥剂,"方歌::[[琼玉膏用生地黄]],[[参苓白蜜炼膏尝]]。<br>[[干咳咯血肺痨证]],[[滋阴润肺脾气长]]<br>###组成::[[「生地黄」、新罗、人参、白茯苓、白沙蜜]]<br>###主治::[[肺肾阴亏之肺痨]]。干咳少痰，咽燥咯血，肌肉消瘦，气短乏力，舌红少苔，脉细数(治肺痨纯虚无邪证常用方)<br>###功用::[[滋阴润肺，益气补脾]]",用法::炼膏，每晨服二匙，以温酒化服，不饮者，白汤化之
recveFKWJuF4qA,"<div style=""text-align: center; font-size: 24px;""><b>平胃散</b></div>",祛湿剂::化湿和胃剂,"方歌::[[平胃散用苍术朴]],[[陈皮甘草四般煮]]。<br>[[燥湿运脾和胃宜]],[[调胃诸方从此扩]]。<br>[[又不换金正气散]],[[即是此方加夏藿]]<br>###组成::[[苍术、厚朴、陈皮、炙甘草、生姜、大枣]]<br>###主治::[[湿滞脾胃]]证。脘腹胀满，不思饮食，口淡无味，呕吐恶心，嗳气吞酸，肢体沉重，怠惰嗜卧常多自利，舌苔白腻而厚，脉缓<br>###功用::[[燥湿运脾，行气和胃]]",用法::上为散。每服二钱，水一中盏，加生姜二片，大枣二枚，同煎至六分，去滓，食前温服<br>###加减::①湿浊内停兼表寒，加藿香、半夏(不换金正气散)；<br>②湿疟，加小柴胡汤(柴平汤)；<br>③湿热，加黄芩、黄连；<br>④寒湿，加干姜、肉桂<br>###方解::<b>「君」：</b>苍术:燥湿运脾<br><b>「臣」：</b>厚朴:行气化湿除满<br><b>「佐」：</b>陈皮:行气化滞，醒脾和胃，协厚朴加强下气降逆，散满消胀之效炙甘草、生姜、大枣:补脾和胃，调和脾胃助运<br><b>「佐使」：</b>炙甘草:①益气补中实脾；②合诸药泄中有补，使祛邪不伤正；③调和诸药<br>###注意::①阴津不足、老弱、脾胃虚弱者忌用；<br>②孕妇不宜使用<br>###特点::湿滞脾胃基础方，体现培土制水
recveFKWJu5wlN,"<div style=""text-align: center; font-size: 24px;""><b>藿香正气散</b></div>",祛湿剂::化湿和胃剂,"方歌::[[藿香正气大腹苏]],[[甘桔陈苓术朴俱]]。<br>[[夏曲白芷加姜枣]],[[风寒暑湿岚瘴驱]]<br>###组成::[[大腹皮、白芷、紫苏、茯苓、半夏曲、白术、陈皮、厚朴、苦桔梗、藿香、炙甘草、生姜、大枣]]<br>###主治::[[外感风寒，内伤湿滞]]证。霍乱吐泻，发热恶寒头痛，胸膈满闷，脘腹疼痛，舌苔白腻，脉浮或濡缓。或山岚瘴疟；水土不服<br>###功用::[[解表化湿，理气和中]]",用法::上为细末，每服二钱，水一盏，生姜三片，枣一枚，同煎至七分热服；如欲出汗，衣被盖，再煎并服<br>###加减::加减正气散五方，皆是由霍香正气散加减化裁。霍香正气散表里双解，可治外感风寒，内伤湿滞。加减正气散主治证中均有脘闷或脘胀的湿凝气阻的症状，皆以霍、朴、陈、苓为基础基础:霍香、厚朴、陈皮、茯苓1.脘连腹胀闷、大便不爽(湿郁三焦、气机升降失常)，配杏仁、神曲、麦芽、茵陈、大腹皮(一加减正气散)<br>②.脘闷便溏、身痛舌白(湿郁三焦，痹阻经络)，配防己、薏苡仁(二加减正气散)<br>③.舌苔黄腻、脘闷(秽湿气滞、日久化热)，配杏仁、滑石(三加减正气散)<br>④.脘腹胀满并见舌苔白滑(寒湿阻于气分)，配草果(四加减正气散)<br>⑤.脘闷、便泻(秽浊湿邪甚)，配苍术、大腹皮、谷芽(五加减正气散)<br>###方解::<b>「君」：</b>藿香:外散表之风寒，内化脾胃湿滞，辟秽和中，升清降浊，治霍乱吐泻<br><b>「臣」：</b>半夏曲、陈皮:理气燥湿，和胃降逆止呕白术、茯苓:健脾运湿，和中止泻，助藿香化湿止呕<br><b>「佐」：</b>苏叶、白芷:外解风寒，兼化湿浊；紫苏叶还可醒脾宽中，行气止呕；白芷兼能燥湿化浊桔梗:宣肺利膈，助解表化湿；大腹皮、厚朴:行气化湿，畅中行滞<br><b>「使」：</b>生姜、大枣:①内调脾胃；②外和营卫。炙甘草:健脾和胃，调和诸药<br>###注意::1.本方解表之力较弱，故“如欲出汗”，宜“热服”，且“衣被盖”。即服后温覆取汗以助解表<br>②.霍乱吐泻属湿热证者以及伤食吐泻者禁服本方<br>###特点::夏月感寒伤湿，脾胃失和常用方。山岚瘴疟，水土不服者，亦可用本方治之
recveFKWJuluYw,"<div style=""text-align: center; font-size: 24px;""><b>一加减正气散</b></div>",祛湿剂::化湿和胃剂,"方歌::[[一加减正霍梗陈]],[[茯皮厚朴与杏仁]]。<br>[[腹皮茵陈曲麦芽]],[[三焦湿郁升降匀]]<br>###组成::[[霍香梗、厚朴、杏仁、茯苓皮、广皮、神曲、麦芽、绵茵陈、大腹皮]]<br>###主治::[[三焦湿郁]]，升降失司，脘连腹胀，大便不爽<br>###功用::[[芳香化浊，行气导滞(化浊利湿，理气和中)]]",用法::水五杯，煮二杯，再服
recveFKWJut6yX,"<div style=""text-align: center; font-size: 24px;""><b>二加减正气散</b></div>",祛湿剂::化湿和胃剂,"方歌::[[二加减正霍梗陈]],[[茯皮厚朴薏苡仁]]。<br>[[防已通草豆黄卷]],[[湿郁三焦痛便溏]]<br>###组成::[[霍香梗、广皮、厚朴、茯苓皮、木防已、大豆黄卷、川通草、薏苡仁]]<br>###主治::[[湿郁三焦]]，脘闷，便溏，身痛，舌白，脉象模糊<br>###功用::[[化浊利湿，行气通络(芳香化浊，利湿通络)]]",用法::水八杯，煮三杯，三次服
recveFKWJuUfBg,"<div style=""text-align: center; font-size: 24px;""><b>三加减正气散</b></div>",祛湿剂::化湿和胃剂,"方歌::[[三加减正霍香陈]],[[茯皮厚朴滑杏仁]]。<br>[[化湿理气兼清热]],[[湿郁化热湿重真]]<br>###组成::[[藿香连梗叶、茯苓皮、厚朴、广皮、杏仁、滑石]]<br>###主治::秽湿着里，舌黄脘闷，气机不宜，久则酿热<br>###功用::[[化湿理气，兼以清热(清热利湿，宣畅气机)]]",用法::水五杯，煮二杯，再服
recveFKWJuYA5e,"<div style=""text-align: center; font-size: 24px;""><b>四加减正气散</b></div>",祛湿剂::化湿和胃剂,"方歌::[[四加减正霍梗陈]],[[茯苓厚朴草果仁]]。<br>[[楂肉神曲可消食]],[[寒湿中阻脘痞能]]<br>###组成::[[藿香梗、厚朴、茯苓、广皮、草果、楂肉、神曲]]<br>###主治::秽湿着里，邪阻气分，舌白滑，脉右缓<br>###功用::[[化湿理气，和胃消食(祛湿运脾，消食和胃)]]",用法::水五杯，煮二杯，渣再煮一杯，三次服
recveFKWJun9zW,"<div style=""text-align: center; font-size: 24px;""><b>五加减正气散</b></div>",祛湿剂::化湿和胃剂,"方歌::[[五加减正霍梗陈]],[[茯苓厚朴腹皮真]]。<br>[[谷芽苍术燥湿脾]],[[行气和胃湿浊甚]]<br>###组成::[[藿香梗、广皮、茯苓块、厚朴、大腹皮、谷芽、苍术]]<br>###主治::秽湿着里，脘闷便泄<br>###功用::[[燥湿运脾，行气和胃(燥湿健脾，行气化浊)]]",用法::水五杯，煮二杯，日再服
recveFKWJuw8n5,"<div style=""text-align: center; font-size: 24px;""><b>三仁汤</b></div>",祛湿剂::清热祛湿剂,"方歌::[[三仁杏蔻薏苡仁]],[[朴夏白通滑竹伦]]。<br>[[水用甘澜扬百遍]],[[湿温初起法堪遵]]<br>###组成::[[杏仁、飞滑石、白通草、竹叶、白蔻仁、厚朴、生薏仁、半夏]]<br>###主治::[[湿温初起及暑温夹湿之湿重于热证]]。头痛恶寒，身重疼痛，肢体倦怠，面色淡黄，胸闷不饥，午后身热，苔白不渴，脉弦细而濡。<br>###功用::[[宣畅气机，清利湿热]]",用法::甘澜水八碗，煮取三碗，每服一碗，日三服<br>###方解::<b>「君」：</b>滑石:清热利湿解暑<br><b>「臣」：</b>薏苡仁、杏仁、蔻仁之三仁薏苡仁:渗湿健脾，疏导下焦湿热；杏仁:通宣上焦肺气，使气化则湿化白蔻仁:行气芳香化湿，利气宽胸，宣畅中焦<br><b>「佐」：</b>通草、竹叶:淡渗利湿，助君清利湿热；半夏、厚朴:行气除满，化湿和胃甘澜水(劳水):取其下走之性助利湿<br>###注意::①本方是治疗湿温初起，邪在气分，湿重于热的常用方剂，舌苔黄腻，热重于湿者则不宜使用。<br>②湿温初起，证多疑似，每易误治，需防汗下润之误治。故吴鞠通于《温病条辨》中明示“三戒”:一者，不可见其头痛恶寒，身重疼痛，以为伤寒而汗之，汗伤心阳，则神昏耳聋，甚则目暝不欲言；二者，不可见其中满不饥，以为停滞而下之，下伤脾胃，湿邪乘势下注，则为洞泄；三者，不可见其午后身热，以为阴虚而用柔药润之，否则易使湿热锢结而病深不解
recveFKWJueatr,"<div style=""text-align: center; font-size: 24px;""><b>藿朴夏苓汤</b></div>",祛湿剂::清热祛湿剂,"方歌::[[霍朴夏苓杏蔻仁]],[[通草苡仁泽藿梗]]。<br>[[猪苓茯苓夏厚朴]],[[化湿解表湿温分]]<br>###组成::[[杏仁、蔑仁、半夏、厚朴、霍梗、半至、苡仁、通草、茯苓、猪苓泽泻]]<br>###主治::[[湿温初起夹表]]证。症见身热恶寒，肢体倦怠，胸闷口腻，舌苔薄白，脉濡缓<br>###功用::[[化湿解表]]",用法::先用通草煎汤代水，煎上药服
recveFKWJuLNzD,"<div style=""text-align: center; font-size: 24px;""><b>茵陈蒿汤</b></div>",祛湿剂::清热祛湿剂,"方歌::[[茵陈蒿汤治阳黄]],[[栀子大黄组成方]]。<br>[[湿热蕴结在肝胆]],[[清热利湿退黄良]]<br>###组成::[[茵陈、栀子、大黄]]<br>###主治::[[湿热黄疸]]。一身面目俱黄，黄色鲜明如橘子色，发热，无汗或但头汗出，口渴欲饮，恶心呕吐，腹微满，小便短赤，大便秘结或不爽，舌苔黄腻，脉滑数或沉数有力<br>###功用::[[清热利湿退黄]]",用法::上三味，以水一斗二升，先煎茵陈，减六升，内二味，煮取三升，去滓，分三服。小便当利，尿如皂荚汁状，色正赤，一宿腹减，黄从小便去也<br>###加减::1.栀子柏皮汤。组成:栀子十五枚，炙甘草一两，黄柏二两。上三味，以水四升，煮取一升半，去滓，分温再服。功用:清热利湿。主治:黄疸，热重于湿证。症见身热，发黄，心烦懊，口渴，苔黄。<br>②.茵陈四逆汤。组成:甘草、茵陈各二两，干姜一两半，附子一个。水煎服。功用:温里助阳，利湿退黄。主治:阴黄。症见黄色晦暗，皮肤冷，背恶寒，手足不温，身体沉重，神倦食少，口不渴或渴喜热饮，大便稀溏，舌淡苔白，脉紧细或沉细无力。<br>③.鉴别:茵陈蒿汤、栀子柏皮汤均主治湿热内蕴所致之阳黄。其中茵陈蒿汤以茵陈配栀子、大黄，清热利湿并重，宜于湿热俱盛之黄疸；栀子柏皮汤以栀子配伍黄柏，以清热为主，宜于湿热黄疸属热重于湿者。茵陈四逆汤以茵陈与干姜、附子配伍，故有温阳利湿退黄之功，宜于寒湿内阻之阴黄<br>###方解::<b>「君」：</b>茵陈:清利脾胃肝胆湿热，利胆退黄，芳香舒脾而透表畅气<br><b>「臣」：</b>栀子:清热泻火燥湿，通利三焦，引湿热下行大黄:泻热逐瘀，通利大便，以开湿热下行之道<br>###注意::阴黄证不宜。服本方后，以小便增多，且尿色黄赤为效，即仲景所谓“小便当利，尿如皂荚汁状，色正赤，一宿腹减，其从小便去也”(《伤寒论》)之意
recveFKWJuAINR,"<div style=""text-align: center; font-size: 24px;""><b>二妙散</b></div>",祛湿剂::清热祛湿剂,"方歌::[[二妙散中苍柏兼]],[[若云三妙牛膝添]]。<br>[[四妙苡仁再加入]],[[湿热清除痿痹痊]]<br>###组成::[[炒黄柏、炒苍术、姜汁]]<br>###主治::[[湿热下注]]证。筋骨疼痛，或两足痰软无力，或足膝红肿疼痛，或下部湿疮，小便短赤，或带下黄臭，舌苔黄腻。(痿痹、脚气、带下、湿疹)<br>###功用::[[清热燥湿]]",用法::上二味为末，沸汤，入姜汁调服<br>###加减::1.湿热下注痿痹，两脚麻木或肿痛，如火烙之热，痿软无力，加川牛膝(三妙丸)<br>②.湿热痿证，两脚麻木，痿软，足跟痛，加牛膝，薏苡仁(四妙丸)<br>###方解::<b>「君」：</b>黄柏:主人下焦，清热燥湿(妙在去热)<br><b>「臣」：</b>苍术:①健脾助运祛湿；②芳香苦燥除湿(妙在燥湿)两药合用，①长于清泄下焦湿热；②制用可减其苦寒或温燥之性；③防败胃伤津生姜汁:①辛散助祛湿；②防黄柏伤中<br>###注意::肝肾亏虚或肺热津伤的痿证，本方忌用
recveFKWJuZAHw,"<div style=""text-align: center; font-size: 24px;""><b>连朴饮</b></div>",祛湿剂::清热祛湿剂,"方歌::[[连朴饮内用香鼓]],[[菖蒲半夏焦山栀]]。<br>[[芦根厚朴黄连入]],[[湿热霍乱此方施]]<br>###组成::[[制厚朴、川连、石菖蒲、制半夏、香豉、焦栀芦根]]<br>###主治::[[湿热霍乱]]。上吐下泻，胸脘痞闷，恶心呕吐，口渴不欲多饮，心烦躁扰，小便短赤，泄泻，或霍乱吐泻，舌苔黄腻，脉滑(濡)数<br>###功用::[[清热化湿，理气和中]]",用法::水煎服<br>###加减::①腹泻偏重，加薏苡仁、茯苓、泽泻；<br>②湿热损伤肠道气血，下痢后重者，加木香、白芍<br>###方解::<b>「君」：</b>芦根:①清热除烦止呕；②利小便导湿热<br><b>「臣」：</b>黄连:①清热燥湿；②姜制和胃止呕。厚朴:宣畅气机，行气化湿，消痞除闷半夏:燥湿和胃，降逆止呕。石菖蒲:芳香化湿醒脾，辟秽化浊。栀子:清心泻热，导湿热从小溲而出<br><b>「佐」：</b>淡豆豉:宣郁止烦；合焦山栀:清宣胸脘郁热除烦<br>###注意::吐泻剧烈见津亡气脱者，本方不宜；寒湿霍乱者，本方忌用
recveFKWJuB3mf,"<div style=""text-align: center; font-size: 24px;""><b>八正散</b></div>",祛湿剂::清热祛湿剂,"方歌::[[八正木通与车前]],[[萹蓄大黄滑石研]]。<br>[[草梢瞿麦兼栀子]],[[煎加灯草热淋蠲]]<br>###组成::[[车前子、瞿麦、萹蓄、滑石、山栀子仁、炙甘草、木通、煨大黄、灯芯草]]<br>###主治::1.[[湿热淋证]]。小便浑赤，溺时涩痛，淋沥不畅，甚或癃闭不通，小腹急满，口燥咽干，舌苔黄腻，脉滑数<br>2.治【*大人、小儿::注:《太平惠民和剂局方》原用本方治“大人、小儿心经邪热，一切蕴毒”，乃取方中木通、山栀子仁、大黄、车前子、灯心等药，皆人心经以清热，并可泻火解毒；同时，还能通利小肠，导湿热下行，又合滑石、萹蓄、瞿麦诸清热利湿之品，增利水通淋之效，通利小肠以导心热下行。故又云:“治小便赤涩，或癃闭不通，及热淋、血淋”*】[[心经邪热]]，一切[[蕴毒]]。<br>###功用::[[清热泻火，利水通淋]]",用法::上为散，每服二钱，水一盏，入灯芯煎至七分，去滓温服，食后临卧。小儿量力与之<br>###加减::①大便秘结，腹胀，原方煨大黄改为生大黄，加枳实；<br>②伴寒热往来，口苦呕恶，加小柴胡汤；<br>③湿热伤阴，口渴舌红少苔，去大黄，加生地知母；<br>④属血淋，加生地、小蓟、白茅根；<br>⑤石淋，加金钱草、海金沙、石韦；<br>⑥膏淋，加草麻、石菖蒲<br>###方解::<b>「君」：</b>滑石:清利三焦湿热，利水通淋利窍；木通:上清心火，下利小肠湿热<br><b>「臣」：</b>瞿麦、萹蓄、车前子:清热利水通淋。合滑石、木通则利尿通淋力增。车前子:清肺利膀胱<br><b>「佐」：</b>栀子:清热泻火，清利三焦湿热。大黄:①荡涤邪热；②降火利湿；③通利肠腑；④治小便淋沥<br><b>「佐使」：</b>灯芯草:清心除烦，增利水通淋；甘草:和中调药，制苦寒太过缓急止茎痛<br>###注意::肾虚劳淋者本方不宜；孕妇慎用
recveFKWJuXAl4,"<div style=""text-align: center; font-size: 24px;""><b>甘露消毒丹</b></div>",祛湿剂::清热祛湿剂,"方歌::[[甘露消毒蔻藿香]],[[茵陈滑石木通菖]]。<br>[[芩翘贝母射干薄]],[[湿温时疫是主方]]<br>###组成::[[「飞滑石」、「绵茵陈」、「淡黄芩」、石菖蒲、川贝母、木通、藿香、射干、连翘、薄荷、白豆寇]]<br>###主治::[[湿温时疫之湿热并重证]]。发热口渴，胸闷腹胀，肢酸倦怠，颐咽肿痛，或身目发黄，小便短赤，或泄泻淋浊，舌苔白腻或黄腻或干黄，脉濡数或滑数(王世雄称本方为“治湿温时疫之主方”)<br>###功用::[[利湿化浊，清热解毒]]",用法::生晒研末，每服三钱，开水调下，或神曲糊丸，如弹子大，开水化服亦可<br>###方解::<b>「君」：</b>重用滑石、茵陈、黄芩为君，其中滑石利水渗湿，清热解暑，两擅其功；茵陈善清利湿热而退黄；黄芩清热燥湿，泻火解毒，三药相伍，正合湿热并重之病机<br><b>「臣」：</b>白豆寇、石菖蒲、霍香行气化湿，悦脾和中，令气畅湿行，助君药祛湿之力<br><b>「佐」：</b>连翘、薄荷、射干、贝母清热解毒，透邪散结，消肿利咽，助君药解毒之功；木通清热通淋，助君药导湿热从小便而去，以益其清热利湿之力。诸药共奏利湿化浊、清热解毒之功，故可令弥漫三焦之湿热毒邪俱除<br>###注意::若湿重于热，或湿已化热，热灼津伤者，或湿热入营、谵语舌绛者，本方不宜
recveFKWJuzcxB,"<div style=""text-align: center; font-size: 24px;""><b>当归拈痛汤</b></div>",祛湿剂::清热祛湿剂,"方歌::[[当归拈痛羌防升]],[[猪泽黄芩葛茵陈]]。<br>[[二术知苦人参草]],[[疮疡湿热服皆应]]<br>###组成::[[白术、人参、苦参、升麻、葛根、苍术、防风、知母、泽泻、黄芩、猪苓、当归身、炙甘草、「茵陈」、「羌活」]]<br>###主治::[[湿热相搏，外受风邪]]证。遍身肢节烦痛，或肩背沉重，或脚气肿痛，脚膝生疮，舌苔白腻微黄，脉弦数。<br>###功用::[[利湿清热，疏风止痛]]",用法::上锉，如麻豆大。每服一两，水二盏半，先以水拌湿，候少时，煎至一盏，去滓温服。待少时，美膳压之<br>###特点::表里同治，上下分消，升降并行，邪正兼顾。苍术白术同用。吴崑谓“湿热发黄者，此方主之”
recveFKWJuDaob,"<div style=""text-align: center; font-size: 24px;""><b>五苓散</b></div>",祛湿剂::利水渗湿剂,"方歌::[[五苓散治太阳腑]],[[白术泽泻猪苓茯]]。<br>[[桂枝化气兼解表]],[[小便通利水饮除]]<br>###组成::[[猪苓、泽泻、白术、茯苓、桂枝]]<br>###主治::1.[[伤寒太阳膀胱蓄水]]证。小便不利，头痛发热，烦渴欲饮，水入即吐，苔白，脉浮<br>2.[[水湿内停]]。水肿，泄泻，小便不利，以及霍乱吐泻<br>3.[[痰饮内停]]。脐下动悸，吐涎沫而头眩，或短气而咳者<br>###功用::[[利水渗湿，温阳化气]]",用法::捣为散，以白饮和服方寸匕，日三服，多饮暖水，汗出愈，如法将息<br>###加减::1.脾失健运，水湿内停，水泻，小便不利，去桂枝(四苓散)<br>②.夏秋之间，脾胃伤冷，水谷不分，泄泻如水，以及水肿，腹胀，小便不利，加平胃散(胃苓汤)<br>③.湿热黄疸，湿重于热，加茵陈(茵陈五苓散)<br>###方解::<b>「君」：</b>泽泻:利水渗湿<br><b>「臣」：</b>茯苓、猪苓:淡渗利水渗湿<br><b>「佐」：</b>白术:健脾助运化湿，合茯苓健脾制水，输津四布桂枝:温阳化气利水，发散解表。(广义来看，桂枝，蓄水证得之，可利水解表；痰饮病得之，可温阳平冲降逆；水湿内盛无表证得之，可化气利水。注意:②01⑧年真题“苓桂术甘汤与五苓散配伍桂枝用意相同点”官方答案选择了“温阳化气”，并未选“平冲降逆”)<br>###注意::作散剂服用时须多饮暖水，汗出愈:扶助胃阳，温行水气助发汗，使表邪随汗而解，水饮内外分消<br>###特点::利水化气代表方。治水入即吐(水逆证)。本方后嘱“多饮暖水，汗出愈”。多饮暖水，可温助阳气，以发汗解表，使表邪从汗而解；再则汗出而肺气开宣，若提壶揭盖，亦有利于利水渗湿
recveFKWJu2sHE,"<div style=""text-align: center; font-size: 24px;""><b>猪苓汤</b></div>",祛湿剂::利水渗湿剂,"方歌::[[猪苓汤用猪茯苓]],[[泽泻阿胶滑石并]]。<br>[[利水养阴兼泻热]],[[水热互结阴伤平]]<br>###组成::[[猪苓、茯苓、泽泻、阿胶、滑石]]<br>###主治::[[水热互结伤阴]]证。小便不利，发热，口渴欲饮，或心烦不寐，或兼有咳嗽，呕恶，下利，舌红苔白或微黄，脉细数。或热淋、血淋，小便涩痛或赤涩，小腹满痛<br>###功用::[[利水渗湿，清热养阴]]",用法::以水四升，先煮四味，取二升，去滓，内阿胶烊消，温服七合，日三服<br>###加减::①热伤血络见尿血，加小蓟、白茅根；<br>②小便涩痛加瞿麦、萹蓄<br>###方解::<b>「君」：</b>猪苓:利水渗湿，兼能清热<br><b>「臣」：</b>茯苓、泽泻:渗湿利水，泽泻兼能泻热，茯苓兼能健脾<br><b>「佐」：</b>滑石:清热利水通淋；阿胶:滋阴补血润燥，防利水伤阴，止血<br>###注意::阳虚尿少者忌用；阴亏热淋者不宜<br>###特点::水热互结兼阴虚证候
recveFKWJuj7k3,"<div style=""text-align: center; font-size: 24px;""><b>防己黄芪汤</b></div>",祛湿剂::利水渗湿剂,"方歌::[[防己黄芪金匮方]],[[术甘姜枣共煎尝]]。<br>[[此治气虚风水湿]],[[身重汗出服之良]]<br>###组成::[[防己、黄芪、炒甘草、白术、生姜、大枣]]<br>###主治::[[表虚之风水或风湿]]证。汗出恶风，身重或肿，肢节烦疼，小便不利，舌淡苔白，脉浮<br>###功用::[[益气祛风，健脾利水]]",用法::上锉麻豆大，每抄五钱匕，生姜四片，大枣一枚，水盏半，煎八分，去滓温服，良久再服，服后当如虫行皮中，从腰下如冰，后坐被上，又以一被绕腰以下，温令微汗，瘥<br>###加减::原著曾载:“腹痛加芍药。”<br>###方解::<b>「君」：</b>防己:祛风除湿止痛，利水消肿。黄芪:补气健脾补肺，固表行水二药相合:祛风除湿不伤正，益气固表不恋邪<br><b>「臣」：</b>白术:补气健脾燥湿，助黄芪补气固表，又助防已祛湿利水<br><b>「佐」：</b>生姜、大枣:调脾胃和营卫。加生姜助防己祛风湿；加大枣助芪术补脾气<br><b>「佐使」：</b>甘草:益气健脾和中，调和诸药<br>###注意::①如虫行皮中，从腰下如冰:卫阳振奋，风湿欲解，湿邪下行；<br>②以被绕腰:保暖助汗出；<br>③营卫不和之汗出恶风者，本方忌用<br>###特点::原本治疗风湿或风水
recveFKWJutIha,"<div style=""text-align: center; font-size: 24px;""><b>五皮散</b></div>",祛湿剂::利水渗湿剂,"方歌::[[五皮散用五般皮]],[[陈茯姜桑大腹奇]]。<br>[[利水消肿行气湿]],[[水停气滞皮水宜]]<br>###组成::[[生姜皮、桑白皮、陈橘皮、大腹皮、「茯苓皮」]]<br>###主治::[[水停气滞之皮水]]证。头面四肢悉肿，肢体沉重，心腹胀满，上气喘急，小便不利，或妊娠水肿，苔白腻，脉沉缓<br>###功用::[[利水消肿，理气健脾(行气祛湿)]]",用法::上为粗末，每服三钱，水一盏半，煎至八分，去滓，不拘时候温服<br>###注意::《麻科活人全书》所载比本方多五加皮，少桑白皮《太平惠民和剂局方》所载比本方多五加皮，地骨皮，少桑白皮、橘皮本方药简力薄，水湿壅盛虽兼见皮水者，但药力不及
recveFKWJuoWAF,"<div style=""text-align: center; font-size: 24px;""><b>防已茯苓汤</b></div>",祛湿剂::利水渗湿剂,"方歌::[[防己茯苓芪桂甘]],[[利水消肿气通阳]]。<br>[[卫阳不足皮水证]],[[肢肿聂聂莫彷徨]]<br>###组成::[[防己、黄芪、桂枝、茯苓、甘草]]<br>###主治::[[卫阳不足之皮水]]。症见四肢肿，水气在皮肤中，四肢聂聂动者<br>###功用::[[利水消肿，益气通阳]]",用法::上五味，以水六升，煮取二升，分温三服
recveFKWJu4tFj,"<div style=""text-align: center; font-size: 24px;""><b>真武汤</b></div>",祛湿剂::温化寒湿剂,"方歌::[[真武汤壮肾中阳]],[[茯苓术芍附生姜]]。<br>[[阳虚水饮停为患]],[[悸眩喟惕保安康]]<br>###组成::[[茯苓、芍药、白术、生姜、炮附子]]<br>###主治::1.[[【*阳虚水泛::脾肾阳虚，水饮内停证*】]]。小便不利，四肢沉重疼痛，甚则肢体浮肿，腰以下为甚，畏寒肢冷，腹痛下利，或咳，或呕，舌淡胖苔白滑不渴，脉沉细<br>2.太阳病发汗太过，[[阳虚水泛]]。汗出不解，其人仍发热，心下悸，头眩，身瞤动，振振欲擗地<br>###功用::[[温阳利水]]",用法::以水八升，煮取三升，去滓，温服七合，日三服<br>###加减::①若咳者，加五味子、细辛、干姜；<br>②若呕者，去附子，加重生姜；<br>③若小便利者，去茯苓；<br>④若下利者，去芍药，加干姜<br>###方解::<b>「君」：</b>附子:温肾阳以化气行水，散寒止痛兼暖脾以温运水湿<br><b>「臣」：</b>茯苓:淡渗利水；白术:健脾燥湿<br><b>「佐」：</b>生姜:温散。①助附子温阳散寒；②合苓、术宣散水湿；③并可和胃止呕白芍:①利小便行水气(去水气，利膀胱)；②柔肝缓急止腹痛；③敛阴舒筋解肌肉润动；④防止附子燥热伤阴<br>###注意::湿热内停之尿少身肿者忌用
recveFKWJu9q3C,"<div style=""text-align: center; font-size: 24px;""><b>苓桂术甘汤</b></div>",祛湿剂::温化寒湿剂,"方歌::[[苓桂术甘是经方]],[[中阳不足痰饮猖]]。<br>[[悸眩咳逆胸胁满]],[[温阳化饮功效彰]]<br>###组成::[[茯苓、桂枝、白术、炙甘草]]<br>###主治::[[中阳不足之痰饮病]]。胸胁支满，目眩心悸，或短气而咳，舌苔白滑，脉弦滑<br>###功用::[[温阳化饮，健脾利水(化湿)]]",用法::上四味，以水六升，煮取三升，去滓，分温三服，小便则利<br>###加减::①痰饮犯肺见咳逆咳痰较甚，加半夏、陈皮；<br>②脾虚见神疲乏力，加党参、黄芪<br>###方解::<b>「君」：</b>茯苓:健脾利湿，化饮消痰之源<br><b>「臣」：</b>桂枝:温阳化气(温阳化饮，化气利水)，平冲降逆。一利一温<br><b>「佐」：</b>白术:健脾燥湿<br><b>「佐使」：</b>炙甘草:①补脾益气；②合桂辛甘化阳；③合白术益气健脾；④佐制茯苓渗利太过而伤津；⑤调和诸药<br>###注意::①小便则利之意:服用本方，小便增多，则饮从小便而去；<br>②痰饮夹热者，本方不宜
recveFKWJuy5Kr,"<div style=""text-align: center; font-size: 24px;""><b>实脾散</b></div>",祛湿剂::温化寒湿剂,"方歌::[[实脾苓术与木瓜]],[[甘草木香大腹加]]。<br>[[草果附姜兼厚朴]],[[虚寒阴水效堪夸]]<br>###组成::[[厚朴、白术、木瓜、木香、草果仁、大腹子（即槟榔)、炮附子、白茯苓、炮干姜、炙甘草、生姜、大枣]]<br>###主治::[[脾肾阳虚，水停气滞之阴水]]。身半以下肿甚，胸腹胀满，手足不温，口中不渴，大便溏薄，舌淡苔白腻，脉沉弦而迟<br>###功用::[[温阳健脾，行气利水]]",用法::上㕮咀，每服四钱，水一盏半，生姜五片，枣子一枚，煎至七分，去滓温服，不拘时候<br>###加减::①水湿内盛见尿少肿甚，加猪苓、泽泻、桂枝；<br>②水停气滞见肿满较甚，加五皮饮；<br>③脾肺气虚见食少便溏，去槟榔，加入参、黄芪<br>###方解::<b>「君」：</b>附子:温肾阳助气化以行水；干姜:温脾阳助运化以制水。二者温补脾肾，助阳抑阴<br><b>「臣」：</b>茯苓:渗湿利水；白术:补脾燥湿。合用健脾和中，渗湿利水<br><b>「佐」：</b>木瓜:醒脾化湿和中，并涩津敛液而护阴厚朴、木香、大腹子、草果；行气导滞，化湿利水，消胀除满；草果:温中燥湿<br><b>「佐使」：</b>炙甘草:①健脾和中；②调和诸药。生姜、大枣和中，生姜还可温散水气<br>###注意::阳水证忌用<br>###特点::治疗脾肾阳虚水肿
recveFKWJudJA6,"<div style=""text-align: center; font-size: 24px;""><b>附子汤</b></div>",祛湿剂::温化寒湿剂,"方歌::[[附子参术芍药苓]],[[温经助阳寒湿停]]。<br>[[寒湿内侵身骨痛]],[[恶寒肢冷滑沉清]]<br>###组成::[[炮附子、茯苓、人参、白术、芍药]]<br>###主治::[[少阴阳虚，寒湿内侵]]，背恶寒，身体骨节疼痛，口中和，手足寒，脉沉者。<br>###功用::[[温经助阳，祛寒化湿]]",用法::上五味，以水八升，煮取三升，去滓，温服一升，日三服
recveFKWJuGgPT,"<div style=""text-align: center; font-size: 24px;""><b>萆薢分清饮</b></div>",祛湿剂::祛湿化浊剂,"方歌::[[草藓分清石菖蒲]],[[萆薢乌药益智俱]]。<br>[[或益茯苓盐水服]],[[通心固肾浊精驱]]<br>###组成::[[益智仁、「川草藓」、石菖蒲、乌药]]<br>###主治::[[下焦虚寒之膏淋、白浊]]。小便频数，混浊不清，白如米泔，凝如膏糊，舌淡苔白，脉沉<br>###功用::[[温肾利湿，分清化浊]]",用法::上为细末，每服三钱，水一盏半，入盐一捻，同煎至七分，食前温服<br>###注意::本方出自南宋医家杨俊的《杨氏家藏方》，原名“草藓分清散”，及至元代《丹溪心法》收载此方，改名为“草藓分清饮”。草薛分清饮(《医学心悟》)组成:川草藓二钱，黄柏、石菖蒲各五分，茯苓、白术各一钱，莲子心七分，丹参、车前子各一钱五分。水煎服。功用:清热利湿，分清化浊。主治:湿热白浊。症见小便混浊，尿有余沥，舌苔黄腻。草藓分清饮两方皆用草藓、石菖蒲利湿分清，均可治疗白浊。但《杨氏家藏方》萆薢分清饮配以益智、乌药，功可温暖下元，主治下焦虚寒之白浊；《医学心悟》萆薢分清饮则伍黄柏、车前子以清热祛湿，功可清热利湿，主治下焦湿热之白浊
recveFKWJuVpUP,"<div style=""text-align: center; font-size: 24px;""><b>羌活胜湿汤</b></div>",祛湿剂::祛风胜湿剂,"方歌::[[羌活胜湿羌独芎]],[[甘蔓藁本与防风]]。<br>[[湿气在表头腰重]],[[祛风胜湿来止痛]]<br>###组成::[[「羌活」、「独活」、藁本、防风、炙甘草、川芎、蔓荆子]]<br>###主治::[[风湿犯表之痹]]证。头痛身重，肩背疼痛不可回顾，或腰脊重痛，难以转侧，苔白，脉浮<br>###功用::[[祛风胜湿止痛]]",用法::上㕮咀，都作一服，水二盏，煎至一盏，去滓，食后温服
recveFKWJudRCa,"<div style=""text-align: center; font-size: 24px;""><b>独活寄生汤</b></div>",祛湿剂::祛风胜湿剂,"方歌::[[独活寄生艽防辛]],[[芎归地芍桂苓均]]。<br>[[杜仲牛膝人参草]],[[风湿顽痹屈能伸]]<br>###组成::[[「独活」、桑寄生、杜仲、牛膝、细辛、秦艽、茯苓、肉桂心、防风、川芎、人参、甘草、当归、芍药、干地黄]]<br>###主治::[[痹证日久,肝肾两虚,气血不足证]].腰膝疼痛,痿软,枝节曲伸不利,或麻木不仁,畏寒喜温,心悸气短,舌淡苔白,脉细弱.<br>###功用::[[祛风湿，止痹痛，益肝肾，补气血]]",用法::上㕮咀，以水一斗，煮取三升，分三服，温身勿冷<br>###加减::若疼痛较甚者，可酌加制川乌、白花蛇、地龙、红花以助搜风通络，活血止痛之效；寒邪偏重者，可加附子；湿邪偏重者，可加防已；若正虚不甚者，可减地黄、人参等<br>###方解::<b>「君」：</b>重用独活，辛苦微温，善治伏风，除久痹，且性善下行，长于祛下焦与筋骨风寒湿邪而除痹痛<br><b>「臣」：</b>细辛发散阴经风寒，搜剔筋骨风湿，又除经络留湿；防风、秦艽祛风胜湿，活络舒筋(秦艽祛风湿，舒筋络而利关节；防风祛一身之风而胜湿)；桂心温里祛寒，通行血脉(温经散寒，通利血脉)。四药助君祛风胜湿，宣痹止痛<br><b>「佐」：</b>桑寄生、牛膝、杜仲补益肝肾而强壮筋骨；桑寄生兼可祛风湿；牛膝尚能活血以通利肢节筋脉(寄生、杜仲、牛膝祛风湿兼补肝肾)；当归、芍药、地黄、川芎养血活血，寓“治风先治血，血行风自灭”之意；人参、茯苓、甘草补气健脾。<br><b>「使」：</b>甘草调和诸药，又为使药诸药合用，风寒湿邪俱除，肝肾强健，气血充盛，诸症自缓<br>###注意::痹证之属湿热实证者忌用
recveFKWJuNcAU,"<div style=""text-align: center; font-size: 24px;""><b>二陈汤</b></div>",祛痰剂::燥湿化痰剂,"方歌::[[二陈汤用半夏陈]],[[苓草姜梅一并存]]。<br>[[燥湿化痰兼理气]],[[湿痰为患此方珍]]<br>###组成::[[半夏、橘红、白茯苓、炙甘草、生姜、乌梅]]<br>###主治::[[湿痰]]证。咳嗽痰多，色白易咯，胸膈痞闷，恶心呕吐，肢体困重，不欲饮食，或头眩心悸，舌苔白滑或腻，脉滑<br>###功用::[[燥湿化痰，理气和中]]",用法::为末，每服四钱，用水一盏，生姜七片，乌梅一个，同煎至六分，去滓热服，不拘时候<br>###加减::《医方集解》曾说:“治痰通用二陈。风痰加南星、白附、皂角、竹沥；寒痰加半夏、姜汁；火痰加石膏、青黛；湿痰加苍术、白术；燥痰加瓜蒌、杏仁；食痰加山楂、麦芽、神曲；老痰加枳实、海石、芒硝；气痰加香附、枳壳；胁痰在皮里膜外加白芥子；四肢痰加竹沥”。附方:1.导痰汤(二陈汤去乌梅、甘草，加天南星、枳实)。功用:燥湿祛痰，行气开郁。主治:痰厥证头目眩晕，或痰饮壅盛，胸膈痞塞，胁肋胀满，头痛呕逆，喘急痰嗽，涕唾稠粘，舌苔厚腻，脉滑<br>②.涤痰汤(在导痰汤基础上加石菖蒲、竹茹、人参、甘草)。功用:涤痰开窍。主治:中风痰迷心窍证。舌强不能言，喉中痰鸣，辘辘有声，舌苔白腻，脉沉滑或沉缓<br>③.金水六君煎(二陈汤去乌梅，加熟地、当归)。功用:滋养肺肾，祛湿化痰。主治:肺肾阴虚，湿疹内盛证。咳嗽呕恶，喘急痰多，痰带咸味，或咽干燥，自觉口咸，舌质红，苔白滑或薄腻<br>###方解::<b>「君」：</b>半夏:燥湿化痰，降逆和胃，消痞除满<br><b>「臣」：</b>橘红:理气行滞，燥湿化痰。体现:治痰先治气，气顺则痰消<br><b>「佐」：</b>茯苓:渗湿健脾，以杜生痰之源半夏、茯苓配:燥湿化痰+渗利水湿=湿化痰消。体现:燥湿渗湿则不生痰<br><b>「使」：</b>生姜:①降逆和胃；②温化痰饮；③助半夏化痰；④制半夏之毒乌梅:①收敛肺气止咳；②防温燥辛散而伤阴。体现:欲劫之而先聚之炙甘草:①健脾和中；②调和诸药<br>###注意::燥痰者慎用；阴虚血弱者忌用(若阴虚燥咳，痰中带血者，不宜应用本方)
recveFKWJun64U,"<div style=""text-align: center; font-size: 24px;""><b>温胆汤</b></div>",祛痰剂::燥湿化痰剂,"方歌::[[温胆夏茹枳陈助]],[[佐以茯草姜枣煮]]。<br>[[理气化痰利胆胃]],[[胆郁痰扰诸症除]]<br>###组成::[[半夏、竹茹、枳实、陈皮、茯苓、炙甘草、生姜、大枣]]<br>###主治::[[胆胃不和，痰热内扰]]证。胆怯易惊，虚烦不眠，惊悸不宁，或呕吐呃逆，或眩晕，及癫痫等，苔腻微黄，脉弦滑<br>###功用::[[理气化痰，清胆和胃]]",用法::對散，每服四大钱，水一盏半，姜五片，枣一枚，煎七分，去滓，食前服<br>###加减::痰热重，加黄连；癫痫，加胆南星。十味温胆汤即温胆汤去清热化痰之竹茹，加益气养血、补心安神之人参、熟地黄、五味子、酸枣仁、远志而成。适用于痰浊内扰，气血不足之心胆虚怯、神志不宁证。功用:化痰宁心，益气养血。主治:痰浊内扰，心胆虚怯证。症见触事易惊，心悸不宁，不眠多梦，心胸烦闷，坐卧不安，短气乏力，或癫狂，舌淡苔腻，脉弦而虚<br>###方解::<b>「君」：</b>半夏:燥湿化痰，和胃止呕<br><b>「臣」：</b>竹茹:清胆和胃，清热化痰，除烦止呕君臣相配，化痰和胃，清胆止呕除烦<br><b>「佐」：</b>陈皮:理气和胃，燥湿化痰；枳实:降气导滞，化痰消痞(治痰先治气，气顺痰自消)茯苓:健脾利湿，以杜生痰之源；生姜、大枣:调和脾胃，培土<br><b>「佐使」：</b>甘草:①益气和中；②调和诸药<br>###注意::心肝血虚之烦悸者不宜用<br>###特点::1.最早见于《外台秘要》引《集验方》，方中生姜四两，半夏二两，橘皮三两，竹茹二两，枳实二枚，炙甘草一两；主治:“大病后，虚烦不得眠，此胆寒故也”，初以温为主<br>②.三因极病证方论，减生姜四两为五片，另入茯苓一两半，大枣一枚，温性减，凉性增
recveFKWJuC5E9,"<div style=""text-align: center; font-size: 24px;""><b>小半夏汤</b></div>",祛痰剂::燥湿化痰剂,"方歌::[[小半夏汤有生姜]],[[化痰降逆基础方]]。<br>[[主治痰饮呕吐证]],[[若加茯苓效力彰]]<br>###组成::[[半夏、生姜]]<br>###主治::[[痰饮呕吐]]。呕吐痰涎，[[口不渴]]，或干呕呃逆，谷不得下，小便自利，舌苔白滑<br>###功用::[[化痰散饮，和胃降逆]]",用法::以水七升，煮取一升半，分温再服。
recveFKWJu3uUY,"<div style=""text-align: center; font-size: 24px;""><b>茯苓丸</b></div>",祛痰剂::燥湿化痰剂,"方歌::[[指迷茯苓丸最精]],[[风化芒硝枳半并]]。<br>[[臂痛难移脾气阻]],[[停痰伏饮有嘉名]]<br>###组成::[[茯苓、枳壳、「半夏」、风化朴硝]]<br>###主治::[[痰伏中脘，流注经络]]证。两臂酸痛或抽掣，手不得上举，或左右时复转移，或两手麻木，或四肢浮肿，舌苔白腻，脉沉细或弦滑。亦可治咳痰稠黏不爽、胸肮满闷，以及眩晕、梅核气等由顽痰所致者<br>###功用::[[燥湿行气，软坚化痰]]",用法::上四味为末，生姜自然汁煮糊为丸，如梧桐子大，每服三十丸，生姜汤下<br>###注意::风湿臂痛者不宜使用本方
recveFKWJuV9b9,"<div style=""text-align: center; font-size: 24px;""><b>涤痰汤</b></div>",祛痰剂::燥湿化痰剂,"方歌::[[涤痰南星夏橘红]],[[枳实苓茹菖蒲同]]。<br>[[人参甘草生姜服]],[[涤痰开窍痰中风]]<br>###组成::[[南星、姜制半夏、枳实、茯苓、橘红、石菖蒲、人参、竹茹、甘草、生姜]]<br>###主治::[[中风痰迷心窍]]证。症见舌强不能言，喉中痰鸣，辘辘有声，舌苔白腻，脉沉滑或沉缓<br>###功用::[[涤痰开窍]]",用法::上作一服。水二盅，生姜五片，煎至一盅，食后服
recveFKWJu1Ozq,"<div style=""text-align: center; font-size: 24px;""><b>导痰汤</b></div>",祛痰剂::燥湿化痰剂,"方歌::[[导痰南星夏橘红]],[[枳实赤苓生姜用]]。<br>[[燥湿祛痰行气郁]],[[痰厥晕痞胀头痛]]<br>###组成::[[半夏天、南星、枳实、橘红、赤茯苓、生姜]]<br>###主治::[[痰厥]]证。症见头目眩晕，或痰饮壅盛，胸膈痞塞，胁肋胀满，头痛呕逆，喘急痰嗽，涕唾稠黏，舌苔厚腻，脉滑<br>###功用::[[燥湿祛痰，行气开郁]]",用法::上为粗末。每服三大钱，水二盏，生姜十片，煎至一盏，去滓，食后温服<br>###注意::本方出自《传信适用方》引皇甫坦方。《重订严氏济生方》另有导痰汤，组成为半夏、天南星、橘红、枳实、赤茯苓、炙甘草、生姜。功用:燥湿化痰，行气开郁。主治:痰阻气滞证(痰厥)。痰涎壅盛，胸膈痞塞，胁肋胀痛，头痛吐逆，喘急痰嗽，涕唾稠黏，坐卧不安，饮食不思
recveFKWJu2v7m,"<div style=""text-align: center; font-size: 24px;""><b>清气化痰丸</b></div>",祛痰剂::清热化痰剂,"方歌::[[清气化痰胆星萎]],[[夏芩杏陈枳实投]]。<br>[[茯苓姜汁糊丸服]],[[痰热咳气皆能疗]]<br>###组成::[[瓜蒌仁、陈皮、黄芩、杏仁、枳实、茯苓、胆南星、制半夏、姜汁]]<br>###主治::[[热痰(咳嗽)证]]。咳嗽，咳痰黄稠，咯之不爽，胸膈痞满，甚则气急呕恶，舌质红，苔黄腻，脉滑数<br>###功用::[[清热化痰，理气止咳]]",用法::姜汁为丸。每服二至三钱，温开水送下<br>###方解::<b>「君」：</b>胆南星:清热豁痰<br><b>「臣」：</b>瓜蒌:清热化痰；黄芩:清热降火。合用助君清肺热，化痰结半夏:化痰散结，降逆止呕，受苓制温热之性<br><b>「佐」：</b>杏仁:降利肺气；枳实:破气化痰宽胸，散结除痞；陈皮:理气化痰；茯苓:渗湿健脾<br><b>「佐使」：</b>姜汁:①化痰和胃；②解半夏、南星之毒；③增祛痰降逆<br>###特点::本方是二陈汤去甘草、乌梅，加胆南星，瓜蒌仁，黄芩，杏仁，枳实而成去乌梅:避酸收敛痰热之邪；去甘草:甘缓壅滞，不利痰气体现“治痰当须降其火，治火必须顺其气”
recveFKWJuRXCn,"<div style=""text-align: center; font-size: 24px;""><b>小陷胸汤</b></div>",祛痰剂::清热化痰剂,"方歌::[[小陷胸汤连夏萎]],[[宽胸散结涤痰优]]。<br>[[清热涤痰胸散结]],[[痰热互结此能休]]<br>###组成::[[黄连、半夏、瓜蒌实]]<br>###主治::[[痰热互结之小结胸]]证。心下痞满，按之疼痛，或心胸闷痛，或咳吐黄痰质稠，胸脘烦热，舌苔黄腻，脉滑数<br>###功用::[[清热化痰，宽胸散结]]",用法::上三味，以水六升，先煮瓜蒌，取三升，去滓，内诸药，煮取二升，去滓，分温三服<br>###加减::(柴胡陷胸汤)加柴胡、黄芩、桔梗、枳实、生姜汁，功能和解清热，涤痰宽胸，主治邪陷少阳，痰热结胸证，寒热往来，胸胁痞满，按之疼痛，呕恶不食，口苦而黏，目眩，或咳嗽痰稠，脉弦滑数<br>###方解::<b>「君」：</b>瓜蒌:清热涤痰，宽胸利气散结<br><b>「臣」：</b>黄连:泻热降火，清心除烦，合瓜蒌清热化痰力增；半夏:化痰降逆，开结消痞连夏并用，辛开苦降，通畅气机，清热化痰，开郁除痞<br>###注意::湿痰或寒痰及中虚痞满者，本方均不宜
recveFKWJu3Fsf,"<div style=""text-align: center; font-size: 24px;""><b>滚痰丸</b></div>",祛痰剂::清热化痰剂,"方歌::[[滚痰丸是逐痰方]],[[礞石黄芩及大黄]]。<br>[[少佐沉香为引导]],[[实热顽痰一扫光]]<br>###组成::[[大黄片、黄芩、「礞石」、沉香]]<br>###主治::[[实热老痰]]证。癫狂惊悸，或怔忡昏迷，或咳喘痰稠，或胸脘痞闷，或眩晕耳鸣，或绕项结核，或口眼蠕动，或不寐，或梦寐奇怪之状，或骨节猝痛，难以名状，或噎息烦闷，大便秘结，舌苔老黄而厚，脉滑数有力<br>###功用::[[泻火逐痰]]",用法::上为细末，水丸如梧桐子大。每服四五十丸，量虚实加减服，清茶、温水送下，临卧食后服<br>###加减::可根据病情之轻重、病势之缓急，以及药后反应而增减药量:急重病，每服<br>⑨∼1<br>②g；慢性病，每服<br>⑥∼<br>⑨g，均临卧服。服药后多见腹泻，此乃顽痰浊垢自肠道而下之象<br>###方解::<b>「君」：</b>礞石味甘咸而性平质重，咸能软坚，质重沉坠，下气坠痰以攻逐陈积伏匿之顽痰，并平肝镇惊而治痰火上攻之惊痫，且制以火硝，煅后攻逐下行之力尤强，为治顽痰之要药(礞石在服法上要求临睡用温开水送过咽，令药在咽膈间徐徐而下，使药力缓缓而发，是峻药缓用之义。)<br><b>「臣」：</b>大黄苦寒降泄，荡涤实热，开痰火下行之路。大黄与礞石相伍，攻下与重坠并用，攻坚涤痰泻热之力尤胜<br><b>「佐」：</b>黄芩苦寒，清肺及上焦之实热；沉香行气开郁，降逆平喘，令气顺痰消；降逆下气，亦即治痰必先顺气之法方中大黄、黄芩用量独重，一清上热之火，一开下行之路，有正本清源之意，“得礞石、沉香，则能迅扫直攻老痰巢穴，浊腻之垢而不少留，滚痰之所由名也”。<br>###注意::因本方药力峻猛，非实热老痰；体虚之人及孕妇均不可轻用，以免损伤正气。正如虞抟云:“滚痰丸止可投之于形气壮实，痰积胶固为者，若气体虚弱之人，决不可轻用也。”
recveFKWJuynn1,"<div style=""text-align: center; font-size: 24px;""><b>贝母瓜蒌散</b></div>",祛痰剂::润燥化痰剂,"方歌::[[贝母瓜菱臣花粉]],[[橘红茯苓加桔梗]]。<br>[[肺燥有痰痰难略]],[[润肺化痰此方珍]]<br>###组成::[[贝母、瓜蒌花粉、茯苓、橘红、桔梗]]<br>###主治::[[燥痰]]证。咳嗽痰少，黏稠难咯，涩而难出，或咽喉干痛，或口鼻干燥，舌红苔白而干<br>###功用::[[润肺清热，理气化痰]]",用法::为末，水煎服<br>###加减::《医学心悟》有一贝母瓜萎散，少天花粉、茯苓、桔梗，多胆南星、黄芩、黄连、黑山栀、甘草，主治痰火壅肺之类中风，虽猝然昏倒，喉中痰鸣，但无歪斜偏废之候<br>###方解::<b>「君」：</b>贝母:清热润肺，化痰止咳，下气开痰<br><b>「臣」：</b>瓜蒌:清肺润燥，利气开结涤痰；合贝母增强清热化痰止咳<br><b>「佐」：</b>天花粉:清肺生津，润燥化痰；茯苓:健脾渗湿，以杜生痰之源橘红:理气化痰，使气顺则痰消<br><b>「佐使」：</b>桔梗:宣利肺气，止咳化痰，引诸药入肺经<br>###注意::内有湿痰、寒痰者不宜用<br>###特点::瓜蒌与天花粉同用
recveFKWJudRyx,"<div style=""text-align: center; font-size: 24px;""><b>三子养亲汤</b></div>",祛痰剂::温化寒晓剂,"方歌::[[三子养亲祛痰方]],[[芥苏莱菔共煎汤]]。<br>[[大便实硬加蜂蜜]],[[冬寒更可加生姜]]<br>###组成::[[白芥子、紫苏子、莱菔子]]<br>###主治::[[【*痰壅气逆食滞::寒痰夹食，痰壅气滞*】]]证。咳嗽喘逆，痰多胸痞，食少难消，舌苔白腻，脉滑<br>###功用::[[温肺化痰，降气消食(降气快膈，化痰消食)]]",用法::每剂不过三钱，用生绢小袋盛之，煮汤代茶(使药力缓行)，不宜煎熬太过<br>###注意::原方用法“每剂不过三钱，用生绢小袋盛之”，煮汤代茶，以使药力缓行。本方为治标之剂，不宜久服，待症状缓解，则当标本兼顾。原著载其加减:“若大便素实者，临服加熟蜜少许，若冬寒，加生姜三片。”
recveFKWJuTVZH,"<div style=""text-align: center; font-size: 24px;""><b>苓甘五味姜辛汤</b></div>",祛痰剂::温化寒晓剂,"方歌::[[苓甘五味姜辛汤]],[[温肺化饮常用方]]。<br>[[半夏杏仁均可加]],[[寒痰水饮咳嗽康]]<br>###组成::[[茯苓、甘草、「干姜」、细辛、五味子]]<br>###主治::[[寒饮咳嗽]]。咳嗽痰多，清稀色白，或喜唾清涎，胸闷喘逆，舌胖淡，苔白滑，脉弦滑<br>###功用::[[温肺化饮]]",用法::上五味，以水八升，煮取三升，去滓，温服半升，日三服
recveFKWJu1xnI,"<div style=""text-align: center; font-size: 24px;""><b>半夏白术天麻汤</b></div>",祛痰剂::治风化痰剂,"方歌::[[半夏白术天麻汤]],[[苓草橘红枣生姜]]。<br>[[眩晕头痛风痰盛]],[[化痰息风复正常]]<br>###组成::[[半夏、天麻、茯苓、橘红、白术、甘草、生姜、大枣]]<br>###主治::[[风痰上扰]]证。眩晕头痛，胸闷呕恶，舌苔白腻，脉弦滑<br>###功用::[[化痰息风，健脾祛湿(燥湿化痰，平肝息风)]]",用法::生姜三片，大枣二枚，水煎服<br>###加减::1.本方出自《医学心悟》。《医学心悟》另有一半夏白术天麻汤，较本方白术减为一钱，且加蔓荆子三钱，虽健脾之力不及本方，但有清利头目之功，主治“痰厥头痛，胸膈多痰，动则眩晕”<br>②.《脾胃论》也载有半夏白术天麻汤。组成:黄柏、干姜、天麻、苍术、白茯苓、黄芪、泽泻、人参、白术、炒曲、半夏汤、大麦蘖、橘皮。用法:上件咀，每服半两，水二盏，煎至一盏，去渣。食前带热服。功用:燥湿化痰，益气和胃。主治:吐逆食不能停，痰唾稠黏，涌吐不止，眼黑头眩，恶心烦闷，气短促上喘，无力，不欲言，心神颠倒，兀兀不止，目不敢开，如在风云中，头苦痛如裂，身重如山，四肢厥冷，不得安卧<br>③.《医学心悟》半夏白术天麻汤与《脾胃论》半夏白术天麻汤均可健脾祛痰。但前者以化痰息风为重，兼健脾祛湿，为治风痰上扰之眩晕、头痛之剂；后者以补气健脾燥湿为主，兼化痰息风，为治气虚痰厥头痛之专方<br>###方解::<b>「君」：</b>半夏:燥湿化痰，降逆止呕(治痰)；天麻:平肝息风止眩(治风)。合用化痰息风<br><b>「臣」：</b>白术:健脾燥湿；茯苓:健脾渗湿。合用治生痰之本。君臣配:加强化痰息风<br><b>「佐」：</b>橘红:理气化痰，使气顺痰消<br><b>「佐使」：</b>甘草:和中健脾，调和诸药；姜、枣:调和脾胃<br>###特点::本方为二陈汤去乌梅，加天麻，白术，大枣而成
recveFKWJurJ5o,"<div style=""text-align: center; font-size: 24px;""><b>定痫丸</b></div>",祛痰剂::治风化痰剂,"方歌::[[定痫二茯贝天麻]],[[丹麦陈远菖蒲夏]]。<br>[[胆星蚕蝎草竹沥]],[[姜汁琥珀与朱砂]]。<br>[[涤痰息风热定痫]],[[风热痰蕴痫证查]]<br>###组成::[[天麻、川贝母、姜半夏、茯苓、茯神、胆南星、石菖蒲、全蝎、僵蚕、琥珀、陈皮、远志、丹参、麦冬、朱砂、竹沥、姜汁、甘草]]<br>###主治::[[【*痰热痫::风痰蕴热之痫证*】]]证。忽然发作，眩仆倒地，不省高下，目斜口喝，甚则抽搐，痰涎直流，或叫喊作畜声，舌苔白腻微黄，脉弦滑。亦可用于癫狂<br>###功用::[[涤痰息风，清热定痫]]",用法::用竹沥一小碗，姜汁一杯，再用甘草四两熬膏，和药为丸，如弹子大，辰砂为衣，每服一丸<br>###加减::①犬痫，加杏仁；<br>②羊痫，加薄荷；<br>③马痫，加麦冬；<br>④牛痫，加大枣；<br>⑤猪痛，加黑料豆；<br>⑥久病频发，加人参三钱；<br>⑦既愈后，用河车丸断根<br>###注意::本方重在涤痰息风，以治其标，待病情缓解，则须化痰与培本兼顾，并调摄精神，合理饮食，避免过劳，以收全功
recveFKWJuDM8Y,"<div style=""text-align: center; font-size: 24px;""><b>止嗽散</b></div>",祛痰剂::治风化痰剂,"方歌::[[止嗽散桔草白前]],[[紫菀荆陈百部研]]。<br>[[止咳化痰兼透表]],[[姜汤调服不用煎]]<br>###组成::[[桔梗、荆芥、「紫菀」、「百部」、白前、炒甘草、陈皮]]<br>###主治::[[风痰咳嗽]]或[[风邪犯肺之咳嗽]]。咳嗽咽痒，咯痰不爽，或微有恶风发热，舌苔薄白，脉浮缓<br>###功用::[[止咳化痰，疏风宣肺]]",用法::上为末。每服三钱，食后，临卧开水调下；初感风寒，生姜汤调下<br>###加减::①若为“外感风寒”表证著者，当“生姜汤调下”以助解表之功。<br>②《医学心悟·咳嗽》条下云:“风寒初起，头痛鼻塞，发热恶寒，而咳嗽者，用止散加荆芥、防风、苏叶生姜以散邪⋯⋯若暑气伤肺，口渴烦心溺赤者，其症最重，用止嗽散加黄连、黄芩、花粉以直折其火。若湿气生痰，痰涎稠粘者，用止嗽散加半夏、茯苓、桑白皮、生姜、大枣以祛其湿，若燥气焚金，干咳无痰者，用止嗽散加瓜蒌、贝母、知母、柏子仁以润燥。”<br>③《医学心悟·伤寒兼证》条下，另有一止嗽散，较本方少荆芥，治寒邪伤肺咳嗽。方后云:“风寒初起加防风、荆芥、紫苏子。”<br>###方解::<b>「君」：</b>紫菀、百部甘苦而微温，专人肺经，为止咳化痰要药，对于新久咳嗽皆宜<br><b>「臣」：</b>桔梗苦辛而性平，善于宣肺止咳；白前辛苦微温，长于降气化痰。两者协同，一宜一降，以复肺气之宣降(宣降肺气)，合君药则止咳化痰之力尤佳<br><b>「佐」：</b>荆芥辛而微温，疏风解表，以祛在表之余邪；陈皮行气化痰<br><b>「佐使」：</b>甘草合桔梗以利咽止咳，兼能调和诸药诸药配伍，肺气得宣，外邪得散，则咳痰咽痒得瘥程钟龄制方原意，是以苦辛温润平和之剂，“治诸般咳嗽”，程氏认为，肺为娇脏，用药过散、过温、过寒均非所宜，故制此方。诚如《医学心悟》所谓:“本方温润和平，不寒不热，既无攻击过当之虞，大有启门驱贼之势。是以客邪易散，肺气安宁。”故对于新久咳嗽，咯痰不爽者，加减运用得宜，均可获效<br>###注意::阴虚劳嗽或肺热咳嗽者，不宜使用
recveFKWJuAgZR,"<div style=""text-align: center; font-size: 24px;""><b>保和丸</b></div>",消导化积剂::消食化滞剂,"方歌::[[保和神曲与山楂]],[[陈夏苓翘菔子加]]。<br>[[曲糊为丸麦汤下]],[[消食和胃食积拿]]<br>###组成::[[山楂、神曲、半夏、茯苓、陈皮、连翘、莱菔子]]<br>###主治::[[食积]]证。脘腹痞满胀痛，嗳腐吞酸，恶食呕吐，或大便泄泻，舌苔厚腻，脉滑<br>###功用::[[消食化滞，理气和胃]]",用法::上为末，炊饼丸如梧桐子大，每服七、八十九，食远白汤下<br>###加减::食积兼脾虚，小儿食积，加白术，余药用量减轻(大安丸)。若食积较重者，可加枳实、槟榔；苔黄脉数者，可加黄连、黄芩；大便秘结者，可加大黄<br>###方解::<b>「君」：</b>山楂:消一切饮食积滞，善消肉食油腻之积<br><b>「臣」：</b>神曲:消食健脾和胃，善消酒食陈腐之积；莱菔子:下气消食，善消谷面之积<br><b>「佐」：</b>半夏、陈皮:理气化滞，和胃止呕；茯苓:渗湿健脾，和中止泻连翘:①散结以助消积；②清解食积所生之热<br>###注意::①治标之剂，不宜久服；<br>②脾虚食滞者不宜<br>###特点::一切食积轻证常用方
recveFKWJu3KUX,"<div style=""text-align: center; font-size: 24px;""><b>枳实导滞丸</b></div>",消导化积剂::消食化滞剂,"方歌::[[枳实导滞用大黄]],[[芩连曲术茯苓囊]]。<br>[[泽泻蒸饼糊丸服]],[[湿热积滞力能攘]]<br>###组成::[[「大黄」、枳实、神曲、茯苓、黄苓、黄连、白术、泽泻]]<br>###主治::[[湿热食积]]证。脘腹胀痛，下痢泄泻，或大便秘结，小便短赤，舌苔黄腻，脉沉有力<br>###功用::[[消食导滞，清热祛湿]]",用法::上为细末，汤浸蒸饼为丸，如梧桐子大，每服五十丸至七十丸，温水送下，食远，量虚实加减之<br>###特点::体现通因通用之法，本证系由饮食积滞内停，生湿蕴热，或素有湿热，复与食积互结胃肠所致。(即湿热食积，内阻肠胃)
recveFKWJueYjA,"<div style=""text-align: center; font-size: 24px;""><b>木香槟榔丸</b></div>",消导化积剂::消食化滞剂,"方歌::[[木香槟榔青陈皮]],[[黄连黄柏莪术齐]]。<br>[[大黄牵牛加香附]],[[热滞泻痢皆相宜]]<br>###组成::[[「木香」、「槟榔」、青皮、陈皮、莪术、黄连、黄柏、大黄、香附子、牵牛]]<br>###主治::[[湿热积滞]]证。痢疾，食积。脘腹痞满胀痛，大便秘结，或赤白痢疾，里急后重，舌苔黄腻，脉沉实有力<br>###功用::[[行气导滞，攻积泄热]]",用法::上为细末，水丸，如小豆大，每服三十丸，食后生姜汤送下<br>###注意::本方行气破滞之力较强，体虚者慎用，孕妇忌用<br>###特点::体现通因通用之法。本证为饮食积滞内停，气机壅塞，生湿蕴热所致。《医方集解》所载之木香槟榔丸，更加三棱，并以芒硝水为丸，其攻积导滞之力更强
recveFKWJuz83Q,"<div style=""text-align: center; font-size: 24px;""><b>枳术丸</b></div>",消导化积剂::健脾消食剂(消补兼施),"方歌::[[枳术丸是消补方]],[[荷叶烧饭作丸尝]]。<br>[[若加麦芽与神曲]],[[消食化滞力更强]]<br>###组成::[[白术、枳实、荷叶烧饭]]<br>###主治::[[脾虚气滞，饮食停聚]]。胸脘痞满，不思饮食<br>###功用::[[健脾理气，化食消痞(健脾消痞)]]",用法::极细末，荷叶裹烧饭为丸，如梧桐子大，每服五十九，白汤送下，不拘时候<br>###加减::本方是张元素从《金匮要略》积术汤变化而来，枳术汤枳实用量倍于白术，且用汤剂，治“心下坚，大如盘，边加旋盘，水饮所作”之证。其证属于气滞水停，治当行气消痞，重用枳实，以消为主。枳术丸证为脾虚重于积滞，治宜健脾化积，以补为主。二方皆用枳、术，但由于用量与剂型不同，功效则缓急有异，补消有偏<br>###方解::<b>「君」：</b>白术:补脾益气燥湿<br><b>「臣」：</b>枳实:行气化滞，消痞除满<br><b>「佐」：</b>荷叶:升清，与枳实配一升一降，升清降浊；烧饭:养脾胃，助白术健脾益胃
recveFKWJuntof,"<div style=""text-align: center; font-size: 24px;""><b>枳术汤</b></div>",消导化积剂::健脾消食剂(消补兼施),"方歌::[[枳术汤煮不需荷]],[[行气消痞此方合]]。<br>[[证治气滞水停证]],[[心下坚大如盘呵]]<br>###组成::[[枳实、白术]]<br>###主治::[[气滞水停]]。症见心下坚，大如盘，边如旋盘<br>###功用::[[行气消痞]]",用法::上二味，以水五升，煮取三升，分温三服
recveFKWJujFbl,"<div style=""text-align: center; font-size: 24px;""><b>健脾丸</b></div>",消导化积剂::健脾消食剂(消补兼施),"方歌::[[健脾参术苓草陈]],[[肉蔻香连合砂仁]]。<br>[[楂肉山药曲麦炒]],[[消补兼施此方寻]]<br>###组成::[[白术、木香、黄连、甘草、白茯苓、人参、神曲、陈皮、砂仁、麦芽、山楂、山药、肉豆蔻、米汤]]<br>###主治::[[脾胃虚弱，食积内停]]证。食少难消，脘腹痞闷，大便溏薄，苔腻微黄，脉象虚弱<br>###功用::[[健脾和胃，消食止泻]]",用法::共为细末，蒸饼为丸，如绿豆大，每服五十丸，空心服，一日两次，陈米汤下<br>###加减::脾胃虚寒兼食滞:去黄连，加干姜、附子<br>###方解::<b>「君」：</b>白术、茯苓:健脾渗湿止泻<br><b>「臣」：</b>人参:益气健脾；山药:健脾止泻。人参、山药:益气健脾山楂、神曲、麦芽:消食化滞<br><b>「佐」：</b>木香、砂仁、陈皮:理气和胃，畅中除满，醒脾化湿；肉豆寇:涩肠止泻黄连:清热燥湿，厚肠止利，清解食积所化之热<br><b>「佐使」：</b>甘草:①健脾；②调和诸药<br>###注意::暴食停积，脾胃不虚者，非本方所宜
recveFKWJudnge,"<div style=""text-align: center; font-size: 24px;""><b>葛花解醒汤</b></div>",消导化积剂::健脾消食剂(消补兼施),"方歌::[[葛花解醒泽二苓]],[[砂蔻青陈木香并]]。<br>[[姜曲参术温健脾]],[[分消寒化酒湿灵]]<br>###组成::[[木香、人参、猪苓、白茯苓、橘皮、白术、干生姜、神曲、泽泻、青皮、缩砂仁、白豆蔻仁、「葛花」]]<br>###主治::[[酒积伤脾]]证。(头痛)眩晕呕吐，胸膈痞闷，食少体倦，小便不利，大便泄泻，舌苔腻，脉滑<br>###功用::[[分消酒湿，理气健脾]]",用法::上为极细末，秤和匀。每服三钱匕，白汤调下，但得微汗，酒病去矣
recveFKWJu3Y99,"<div style=""text-align: center; font-size: 24px;""><b>鳖甲煎丸</b></div>",消导化积剂::消腐化积剂,"方歌::[[鳖甲煎丸疟母方]],[[虚虫鼠妇及蜣螂]]。<br>[[蜂房石韦人参射]],[[桂朴紫葳丹芍姜]]。<br>[[瞿麦柴芩胶半夏]],[[桃仁葶苈和硝黄]]。<br>[[疟缠日久胁下硬]],[[癥消积化保安康]]<br>###组成::[[「鳖甲」、乌扇、黄芩、柴胡、鼠妇、干姜、大黄、芍药、桂枝、葶苈、石韦、厚朴、牡丹、瞿麦、紫葳、半夏、人参、廑虫、阿胶、蜂窠、赤硝、蜣螂、桃仁]]<br>###主治::[[疟母，以及各种癥积]]。症疾日久不愈，胁下痞硬成块；或脘腹癥积，腹中疼痛，肌肉消瘦，饮食减少，时有寒热；或女子月经闭止等，舌黯无华，脉弦细<br>###功用::[[软坚消癥，行气活血，祛湿化痰]]",用法::上二十三味为末，取煅灶下灰一块，清酒一斗五升，浸灰，候酒尽一半，着鳖甲于中，煮令泛烂如胶漆，绞取汁，内诸药，煎为丸，如梧桐子大。空心服七丸，日三服
recveFKWJuaKU0,"<div style=""text-align: center; font-size: 24px;""><b>海藻玉壶汤</b></div>",消导化积剂::消腐化积剂,"方歌::[[海藻玉壶带昆布]],[[青陈归芎夏贝母]]。<br>[[连翘独活甘草入]],[[化痰散结瘿瘤除]]<br>###组成::[[海「藻」、贝母、陈皮、「昆布」、青皮、川芎、当归、半夏、连翘、甘草节、独活、「海带」]]<br>###主治::1.[[气滞痰凝之瘿瘤初起]]。瘿瘤初起，漫肿或结块，皮色不变，不痛，不溃，或肿或硬，或赤或不赤，但未破者<br>2.[[亦治石瘿]]。坚硬如石，推之不移，皮色不变<br>###功用::[[化痰软坚，消瘦散结]]",用法::水二盅，煎八分，量病上下，食前后服之<br>###注意::方中海藻配伍甘草，属中药配伍禁忌“十八反”之列，然亦有谓二者相反而用，有“相反相成，以激发药力”之效。但临证应用，理当慎重。此外，原著注曰:“凡服此门药饵，先断厚味大荤，次宜绝欲虚心者为妙。”
recveFKWJufsyP,"<div style=""text-align: center; font-size: 24px;""><b>消瘰丸</b></div>",消导化积剂::消腐化积剂,"方歌::[[消瘰牡蛎贝玄参]],[[消痰散结并软坚]]。<br>[[肝肾阴虚痰火结]],[[临时加减细斟酌]]<br>###组成::[[玄参、牡蛎、「贝母」]]<br>###主治::[[瘰疬、痰核、瘿瘤]]。颈项结块，或如串珠，咽干，舌红，脉弦滑略数<br>###功用::[[清热化痰，软坚散结]]",用法::炼蜜为丸，每服三钱，一日两次
recveFKWJuBj6o,"<div style=""text-align: center; font-size: 24px;""><b>乌梅丸</b></div>",驱虫剂,"方歌::[[乌梅丸用细辛桂]],[[黄连黄柏及当归]]。<br>[[人参椒姜加附子]],[[温中寓清在安蛔]]<br>###组成::[[乌梅、炮附子、细辛、干姜、黄连、当归、蜀椒、桂枝、人参、黄柏、醋、蜂蜜]]<br>###主治::1.[[寒热错杂，蛔虫上扰之蛔厥]]证。腹痛阵作，手足厥冷，烦闷呕吐，时发时止，得食即吐，甚吐蛔<br>2.[[【*久痢，久泻::是以寒热错杂，正气虚弱之证(多呈脾胃虚寒，肠滑失禁，气血不足而湿热积滞未去之寒热错杂证候)为适宜，暴泻与湿热痢均非本方所宜*】]]。<br>###功用::[[温脏安蛔(止痛)(本方也具酸收涩肠、清热燥湿、温中补虚之功)]]",用法::上十味，异捣筛，合治之，以苦酒(即酸醋)渍乌梅一宿，去核，蒸之五斗米下，饭熟，捣成泥，和药令相得，内臼中，与蜜杵二千下，丸如梧桐子大，先食饮服十丸，日三服，稍加至二十丸。禁生冷滑物臭食等<br>###加减::①腹痛甚:加白芍、甘草；<br>②呕吐严重:加半夏，生姜；<br>③增杀虫驱虫之力:加使君子，苦楝皮，槟榔。亦可加少量泻下药如大黄，芒硝等<br>###方解::<b>「君」：</b>乌梅:味酸以安蛔，另可涩肠止泻，可治久痢滑脱<br><b>「臣」：</b>细辛、蜀椒:温脏驱蛔散寒；黄连、黄柏:清热下蛔<br><b>「佐」：</b>附子、干姜、桂枝:温阳散寒伏蛔；人参、当归:补气养血扶正<br><b>「佐使」：</b>蜜:甘缓和中<br>###注意::1.蛔虫病发作时，先用本方安蛔，再行驱虫<br>②.服用期间，忌生冷油腻
recveFKWJuvNA9,"<div style=""text-align: center; font-size: 24px;""><b>肥儿丸</b></div>",驱虫剂,"方歌::[[肥儿丸内用使君]],[[豆蔻香连曲麦槟]]。<br>[[猪胆为丸热水下]],[[虫疳食积一扫清]]<br>###组成::[[神曲、黄连、肉豆寇、麦芽、使君子、槟榔、木香、猪胆汁]]<br>###主治::[[【*小儿虫疳::虫积脾虚内热证*】]]。面黄体瘦，肚腹胀满而痛，发热口臭，大便稀溏，舌苔黄腻<br>###功用::[[杀虫消积，健脾清热]]",用法::上为细末，猪胆汁为丸，如粟米大。每服三十丸，量岁数加减，热水下，空心服
recveFKWJuN0xr,"<div style=""text-align: center; font-size: 24px;""><b>化虫丸</b></div>",驱虫剂,"方歌::[[化虫丸可治诸虫]],[[鹤虱白矾铅粉从]]。<br>[[苦楝皮与槟榔子]],[[每服五丸即见功]]<br>###组成::[[胡粉(即铅粉)、鹤虱、槟榔、苦楝根、白枯矾]]<br>###主治::[[肠道虫积]]证。腹中疼痛，时发时止，往来上下，其痛甚剧，呕吐清水，或吐蛔虫，多食而瘦，面色青黄<br>###功用::[[驱杀肠中诸虫]]",用法::上为末，以面糊为丸，如麻子大，一岁儿服五丸，温浆水人生麻油一二点，调匀，下之，温米汤饮下亦得，不拘时候
recveFKWJu6FUv,"<div style=""text-align: center; font-size: 24px;""><b>布袋丸</b></div>",驱虫剂,"方歌::[[布袋丸内有四君]],[[芜黄芦荟共调匀]]。<br>[[夜明砂与使君子]],[[消疳去虫法可循]]<br>###组成::[[夜明砂、芜黄、使君子、白术、白茯苓、人参、甘草、芦荟]]<br>###主治::[[脾虚虫疳]]。体热面黄，肢细胞大，发焦目黯，舌淡脉弱等<br>###功用::[[杀虫消疳，健脾益气]]",用法::上为细末，汤浸蒸饼为丸，如弹子大。每服一丸，以生绢袋盛之；次用精猪肉二两，同药一处煮，候肉熟烂，提取药于当风处悬挂，将所煮肉并汁令小儿食之，所悬之药，第二日仍依前法煮食，药尽为度
recveFKWJupAPa,"<div style=""text-align: center; font-size: 24px;""><b>伐木丸</b></div>",驱虫剂,"方歌::[[伐木丸中有绿矾]],[[苍术酒曲醋糊丸]]。<br>[[泻肝益脾消黄肿]],[[钩虫为患效可观]]<br>###组成::[[「苍术」(米泔水浸，同黄酒面曲炒)、黄酒、面曲、皂矾(即绿矾)、醋、酒、米汤]]<br>###主治::[[【*黄肿病::多见于钩虫病*】]]。面色萎黄，浮肿，心悸，气促，肢倦无力<br>###功用::[[消积燥湿，泻肝驱虫]]",用法::上为末，醋糊为丸，如梧桐子大。每服三四十丸，好酒、米汤送下，一日二三次
recveFKWJu9hP3,"<div style=""text-align: center; font-size: 24px;""><b>犀黄丸</b></div>",其他,"方歌::[[犀黄丸内用麝香]],[[乳香没药共牛黄]]。<br>[[乳岩流注肠痈等]],[[正气未虚皆可尝]]<br>###组成::[[「犀黄」、麝香、半乳香没药、黄米饭、陈酒]]<br>###主治::[[火郁痰凝，血瘀气滞]]之乳岩、瘰疬、横痃、痰核、流注、肿痛、小肠痈等，见舌红、脉滑数者<br>###功用::[[活血行瘀，解毒消痈，化痰散结]]",用法::上药用黄米饭捣烂为丸，忌火烘，晒干，陈酒送下三钱。患生上部，临卧服，下部，空心服
recveFKWJuKGU6,"<div style=""text-align: center; font-size: 24px;""><b>透脓散</b></div>",其他,"方歌::[[透脓散治毒成脓]],[[芪归山甲皂刺芎]]。<br>[[程氏又加银蒡芷]],[[更能速奏溃破功]]<br>###组成::[[「生黄芪」、穿山甲、川芎、当归、皂角刺]]<br>###主治::[[气血两虚，疮痈脓成难溃]]证。疮痈内已成脓，不易外溃，漫肿无头，或痰胀热痛<br>###功用::[[补气养血，托毒溃脓]]",用法::水二盅，煎一半服，随病前后服，临卧服入酒一杯亦可<br>###注意::1.脓已成而不溃者，本方服之即破；本方用之不宜过早，疮疡初起未成脓者禁用<br>②.本方出自《外科正宗》，《医学心悟》也有透脓散。组成:黄芪四钱，皂角刺、白芷、川芎、牛蒡子、穿山甲各一钱，金银花、当归各五分。用法:酒水各半煎服。功用:益气活血，溃痈解毒。主治:痛毒内已成脓，不穿破者。《外科正宗》透脓散与《医学心悟》透脓散均能补益气血，托毒溃疡，可用治疮痈脓成难溃之证。前者功专补气养血，托毒溃痛；后者系前方加白芷、牛蒡子、金银花而成，故其在扶正托毒透脓之中，兼能透散解毒，用治疮痈脓成难溃，且有热毒者
recveFKWJuQIwS,"<div style=""text-align: center; font-size: 24px;""><b>小金丹</b></div>",其他,"方歌::[[小金丹内麝草乌]],[[灵脂胶香与乳没]]。<br>[[木鳖地龙归墨炭]],[[诸疮肿痛最宜服]]<br>###组成::[[白胶、香草乌、五灵脂、地龙、「木鳖」、乳香、没药、归身、麝香、墨炭、糯米粉]]<br>###主治::[[寒湿痰瘀，阻滞凝结]]。如流注、痰核、瘰疬、乳岩、横痃、贴骨疽、鳝拱头等病。初起皮色不变，硬肿作痛者<br>###功用::[[化痰祛湿，祛瘀通络]]",用法::上药各研细末，用糯米粉一两二钱，同上药末糊厚，千捶打融为丸，如芡实大，每料约二百五十粒，临卧陈酒送下一丸，醉盖取汗<br>###注意::原著注曰:“如流注初起，及一应痰核、瘰疬、乳岩、横炫初起，服消乃止。幼孩不能服煎剂及丸子者，服之甚妙。如流注等证，成功将溃，溃久者，当以十丸作五日早晚服，服则以杜流走，患不增出。但内有五灵脂，与人参相反，不可与有参之药同日而服。”
recveFKWJukmY2,"<div style=""text-align: center; font-size: 24px;""><b>薏苡附子败酱散</b></div>",其他,"方歌::[[薏苡附子败酱散]],[[排脓消痛结温阳]]。<br>[[肠痈成脓身无热]],[[甲错腹急按濡软]]<br>###组成::[[薏苡仁、附子、败酱草]]<br>###主治::[[肠痛]]内已成脓，身无热，肌肤甲错，腹皮急，如肿状(如肿胀)，按之濡/软，脉数<br>###功用::[[排脓消肿/排脓消痛，温阳散结]]",用法::三味杵为末，取方寸匕，以水二升，煎减半，顿服，小便当下<br>###注意::本方主治的肠痛，多由寒湿瘀血互结，腐败成脓所致。脉数本为有热之候，身无热而脉数，是为内有痈脓之证。肌肤甲错，乃荣滞于中，血燥于外。气血郁滞，肠无燥屎，故按之濡软
